-- MySQL dump 10.13  Distrib 8.0.37, for Linux (x86_64)
--
-- Host: 127.0.0.1    Database: model_test
-- ------------------------------------------------------
-- Server version	8.0.37-0ubuntu0.24.04.1

/*!40101 SET @OLD_CHARACTER_SET_CLIENT=@@CHARACTER_SET_CLIENT */;
/*!40101 SET @OLD_CHARACTER_SET_RESULTS=@@CHARACTER_SET_RESULTS */;
/*!40101 SET @OLD_COLLATION_CONNECTION=@@COLLATION_CONNECTION */;
/*!50503 SET NAMES utf8mb4 */;
/*!40103 SET @OLD_TIME_ZONE=@@TIME_ZONE */;
/*!40103 SET TIME_ZONE='+00:00' */;
/*!40014 SET @OLD_UNIQUE_CHECKS=@@UNIQUE_CHECKS, UNIQUE_CHECKS=0 */;
/*!40014 SET @OLD_FOREIGN_KEY_CHECKS=@@FOREIGN_KEY_CHECKS, FOREIGN_KEY_CHECKS=0 */;
/*!40101 SET @OLD_SQL_MODE=@@SQL_MODE, SQL_MODE='NO_AUTO_VALUE_ON_ZERO' */;
/*!40111 SET @OLD_SQL_NOTES=@@SQL_NOTES, SQL_NOTES=0 */;


CREATE DATABASE IF NOT EXISTS openstack_db;

--
-- Table structure for table `ATCMember`
--

DROP TABLE IF EXISTS `ATCMember`;
/*!40101 SET @saved_cs_client     = @@character_set_client */;
/*!50503 SET character_set_client = utf8mb4 */;
CREATE TABLE `ATCMember` (
  `ID` int NOT NULL AUTO_INCREMENT,
  `ClassName` enum('ATCMember') CHARACTER SET utf8mb3 COLLATE utf8mb3_general_ci DEFAULT 'ATCMember',
  `LastEdited` datetime DEFAULT NULL,
  `Created` datetime DEFAULT NULL,
  `Username` mediumtext CHARACTER SET utf8mb3 COLLATE utf8mb3_general_ci,
  `Name` mediumtext CHARACTER SET utf8mb3 COLLATE utf8mb3_general_ci,
  `Email` mediumtext CHARACTER SET utf8mb3 COLLATE utf8mb3_general_ci,
  `AltEmail` mediumtext CHARACTER SET utf8mb3 COLLATE utf8mb3_general_ci,
  `City` mediumtext CHARACTER SET utf8mb3 COLLATE utf8mb3_general_ci,
  `Country` mediumtext CHARACTER SET utf8mb3 COLLATE utf8mb3_general_ci,
  PRIMARY KEY (`ID`),
  KEY `ClassName` (`ClassName`)
) ENGINE=InnoDB DEFAULT CHARSET=latin1;
/*!40101 SET character_set_client = @saved_cs_client */;

--
-- Dumping data for table `ATCMember`
--

LOCK TABLES `ATCMember` WRITE;
/*!40000 ALTER TABLE `ATCMember` DISABLE KEYS */;
/*!40000 ALTER TABLE `ATCMember` ENABLE KEYS */;
UNLOCK TABLES;

--
-- Table structure for table `AUCMetric`
--

DROP TABLE IF EXISTS `AUCMetric`;
/*!40101 SET @saved_cs_client     = @@character_set_client */;
/*!50503 SET character_set_client = utf8mb4 */;
CREATE TABLE `AUCMetric` (
  `ID` int NOT NULL AUTO_INCREMENT,
  `ClassName` enum('AUCMetric') CHARACTER SET utf8mb3 COLLATE utf8mb3_general_ci DEFAULT 'AUCMetric',
  `LastEdited` datetime DEFAULT NULL,
  `Created` datetime DEFAULT NULL,
  `Identifier` varchar(50) CHARACTER SET utf8mb3 COLLATE utf8mb3_general_ci DEFAULT NULL,
  `Value` varchar(50) CHARACTER SET utf8mb3 COLLATE utf8mb3_general_ci DEFAULT NULL,
  `ValueDescription` varchar(50) CHARACTER SET utf8mb3 COLLATE utf8mb3_general_ci DEFAULT NULL,
  `Expires` datetime DEFAULT NULL,
  `FoundationMemberID` int DEFAULT NULL,
  PRIMARY KEY (`ID`),
  KEY `ClassName` (`ClassName`),
  KEY `FoundationMemberID` (`FoundationMemberID`),
  KEY `Identifier` (`Identifier`)
) ENGINE=InnoDB DEFAULT CHARSET=latin1;
/*!40101 SET character_set_client = @saved_cs_client */;

--
-- Dumping data for table `AUCMetric`
--

LOCK TABLES `AUCMetric` WRITE;
/*!40000 ALTER TABLE `AUCMetric` DISABLE KEYS */;
/*!40000 ALTER TABLE `AUCMetric` ENABLE KEYS */;
UNLOCK TABLES;

--
-- Table structure for table `AUCMetricMissMatchError`
--

DROP TABLE IF EXISTS `AUCMetricMissMatchError`;
/*!40101 SET @saved_cs_client     = @@character_set_client */;
/*!50503 SET character_set_client = utf8mb4 */;
CREATE TABLE `AUCMetricMissMatchError` (
  `ID` int NOT NULL AUTO_INCREMENT,
  `ClassName` enum('AUCMetricMissMatchError') CHARACTER SET utf8mb3 COLLATE utf8mb3_general_ci DEFAULT 'AUCMetricMissMatchError',
  `LastEdited` datetime DEFAULT NULL,
  `Created` datetime DEFAULT NULL,
  `ServiceIdentifier` varchar(50) CHARACTER SET utf8mb3 COLLATE utf8mb3_general_ci DEFAULT NULL,
  `UserIdentifier` mediumtext CHARACTER SET utf8mb3 COLLATE utf8mb3_general_ci,
  `Solved` tinyint unsigned NOT NULL DEFAULT '0',
  `SolvedDate` datetime DEFAULT NULL,
  `SolvedByID` int DEFAULT NULL,
  PRIMARY KEY (`ID`),
  KEY `ClassName` (`ClassName`),
  KEY `SolvedByID` (`SolvedByID`)
) ENGINE=InnoDB DEFAULT CHARSET=latin1;
/*!40101 SET character_set_client = @saved_cs_client */;

--
-- Dumping data for table `AUCMetricMissMatchError`
--

LOCK TABLES `AUCMetricMissMatchError` WRITE;
/*!40000 ALTER TABLE `AUCMetricMissMatchError` DISABLE KEYS */;
/*!40000 ALTER TABLE `AUCMetricMissMatchError` ENABLE KEYS */;
UNLOCK TABLES;

--
-- Table structure for table `AUCMetricTranslation`
--

DROP TABLE IF EXISTS `AUCMetricTranslation`;
/*!40101 SET @saved_cs_client     = @@character_set_client */;
/*!50503 SET character_set_client = utf8mb4 */;
CREATE TABLE `AUCMetricTranslation` (
  `ID` int NOT NULL AUTO_INCREMENT,
  `ClassName` enum('AUCMetricTranslation') CHARACTER SET utf8mb3 COLLATE utf8mb3_general_ci DEFAULT 'AUCMetricTranslation',
  `LastEdited` datetime DEFAULT NULL,
  `Created` datetime DEFAULT NULL,
  `UserIdentifier` mediumtext CHARACTER SET utf8mb3 COLLATE utf8mb3_general_ci,
  `MappedFoundationMemberID` int DEFAULT NULL,
  `CreatorID` int DEFAULT NULL,
  PRIMARY KEY (`ID`),
  KEY `ClassName` (`ClassName`),
  KEY `CreatorID` (`CreatorID`),
  KEY `MappedFoundationMemberID` (`MappedFoundationMemberID`)
) ENGINE=InnoDB DEFAULT CHARSET=latin1;
/*!40101 SET character_set_client = @saved_cs_client */;

--
-- Dumping data for table `AUCMetricTranslation`
--

LOCK TABLES `AUCMetricTranslation` WRITE;
/*!40000 ALTER TABLE `AUCMetricTranslation` DISABLE KEYS */;
/*!40000 ALTER TABLE `AUCMetricTranslation` ENABLE KEYS */;
UNLOCK TABLES;

--
-- Table structure for table `AbstractCalendarSyncWorkRequest`
--

DROP TABLE IF EXISTS `AbstractCalendarSyncWorkRequest`;
/*!40101 SET @saved_cs_client     = @@character_set_client */;
/*!50503 SET character_set_client = utf8mb4 */;
CREATE TABLE `AbstractCalendarSyncWorkRequest` (
  `ID` int NOT NULL AUTO_INCREMENT,
  `ClassName` enum('AbstractCalendarSyncWorkRequest','AdminScheduleSummitActionSyncWorkRequest','AdminSummitEventActionSyncWorkRequest','AdminSummitLocationActionSyncWorkRequest','MemberScheduleSummitActionSyncWorkRequest','MemberCalendarScheduleSummitActionSyncWorkRequest','MemberEventScheduleSummitActionSyncWorkRequest') CHARACTER SET utf8mb3 COLLATE utf8mb3_general_ci DEFAULT 'AbstractCalendarSyncWorkRequest',
  `LastEdited` datetime DEFAULT NULL,
  `Created` datetime DEFAULT NULL,
  `Type` enum('ADD','REMOVE','UPDATE') CHARACTER SET utf8mb3 COLLATE utf8mb3_general_ci DEFAULT 'ADD',
  `IsProcessed` tinyint unsigned NOT NULL DEFAULT '0',
  `ProcessedDate` datetime DEFAULT NULL,
  PRIMARY KEY (`ID`),
  KEY `ClassName` (`ClassName`)
) ENGINE=InnoDB DEFAULT CHARSET=latin1;
/*!40101 SET character_set_client = @saved_cs_client */;

--
-- Dumping data for table `AbstractCalendarSyncWorkRequest`
--

LOCK TABLES `AbstractCalendarSyncWorkRequest` WRITE;
/*!40000 ALTER TABLE `AbstractCalendarSyncWorkRequest` DISABLE KEYS */;
/*!40000 ALTER TABLE `AbstractCalendarSyncWorkRequest` ENABLE KEYS */;
UNLOCK TABLES;

--
-- Table structure for table `AbstractSurveyMigrationMapping`
--

DROP TABLE IF EXISTS `AbstractSurveyMigrationMapping`;
/*!40101 SET @saved_cs_client     = @@character_set_client */;
/*!50503 SET character_set_client = utf8mb4 */;
CREATE TABLE `AbstractSurveyMigrationMapping` (
  `ID` int NOT NULL AUTO_INCREMENT,
  `ClassName` enum('AbstractSurveyMigrationMapping','NewDataModelSurveyMigrationMapping','OldDataModelSurveyMigrationMapping') CHARACTER SET utf8mb3 COLLATE utf8mb3_general_ci DEFAULT 'AbstractSurveyMigrationMapping',
  `LastEdited` datetime DEFAULT NULL,
  `Created` datetime DEFAULT NULL,
  `TargetFieldID` int DEFAULT NULL,
  `TargetSurveyID` int DEFAULT NULL,
  PRIMARY KEY (`ID`),
  KEY `ClassName` (`ClassName`),
  KEY `TargetFieldID` (`TargetFieldID`),
  KEY `TargetSurveyID` (`TargetSurveyID`)
) ENGINE=InnoDB DEFAULT CHARSET=latin1;
/*!40101 SET character_set_client = @saved_cs_client */;

--
-- Dumping data for table `AbstractSurveyMigrationMapping`
--

LOCK TABLES `AbstractSurveyMigrationMapping` WRITE;
/*!40000 ALTER TABLE `AbstractSurveyMigrationMapping` DISABLE KEYS */;
/*!40000 ALTER TABLE `AbstractSurveyMigrationMapping` ENABLE KEYS */;
UNLOCK TABLES;

--
-- Table structure for table `AdminScheduleSummitActionSyncWorkRequest`
--

DROP TABLE IF EXISTS `AdminScheduleSummitActionSyncWorkRequest`;
/*!40101 SET @saved_cs_client     = @@character_set_client */;
/*!50503 SET character_set_client = utf8mb4 */;
CREATE TABLE `AdminScheduleSummitActionSyncWorkRequest` (
  `ID` int NOT NULL AUTO_INCREMENT,
  `CreatedByID` int DEFAULT NULL,
  PRIMARY KEY (`ID`),
  KEY `CreatedByID` (`CreatedByID`)
) ENGINE=InnoDB DEFAULT CHARSET=latin1;
/*!40101 SET character_set_client = @saved_cs_client */;

--
-- Dumping data for table `AdminScheduleSummitActionSyncWorkRequest`
--

LOCK TABLES `AdminScheduleSummitActionSyncWorkRequest` WRITE;
/*!40000 ALTER TABLE `AdminScheduleSummitActionSyncWorkRequest` DISABLE KEYS */;
/*!40000 ALTER TABLE `AdminScheduleSummitActionSyncWorkRequest` ENABLE KEYS */;
UNLOCK TABLES;

--
-- Table structure for table `AdminSummitEventActionSyncWorkRequest`
--

DROP TABLE IF EXISTS `AdminSummitEventActionSyncWorkRequest`;
/*!40101 SET @saved_cs_client     = @@character_set_client */;
/*!50503 SET character_set_client = utf8mb4 */;
CREATE TABLE `AdminSummitEventActionSyncWorkRequest` (
  `ID` int NOT NULL AUTO_INCREMENT,
  `SummitEventID` int DEFAULT NULL,
  PRIMARY KEY (`ID`),
  KEY `SummitEventID` (`SummitEventID`)
) ENGINE=InnoDB DEFAULT CHARSET=latin1;
/*!40101 SET character_set_client = @saved_cs_client */;

--
-- Dumping data for table `AdminSummitEventActionSyncWorkRequest`
--

LOCK TABLES `AdminSummitEventActionSyncWorkRequest` WRITE;
/*!40000 ALTER TABLE `AdminSummitEventActionSyncWorkRequest` DISABLE KEYS */;
/*!40000 ALTER TABLE `AdminSummitEventActionSyncWorkRequest` ENABLE KEYS */;
UNLOCK TABLES;

--
-- Table structure for table `AdminSummitLocationActionSyncWorkRequest`
--

DROP TABLE IF EXISTS `AdminSummitLocationActionSyncWorkRequest`;
/*!40101 SET @saved_cs_client     = @@character_set_client */;
/*!50503 SET character_set_client = utf8mb4 */;
CREATE TABLE `AdminSummitLocationActionSyncWorkRequest` (
  `ID` int NOT NULL AUTO_INCREMENT,
  `LocationID` int DEFAULT NULL,
  PRIMARY KEY (`ID`),
  KEY `LocationID` (`LocationID`)
) ENGINE=InnoDB DEFAULT CHARSET=latin1;
/*!40101 SET character_set_client = @saved_cs_client */;

--
-- Dumping data for table `AdminSummitLocationActionSyncWorkRequest`
--

LOCK TABLES `AdminSummitLocationActionSyncWorkRequest` WRITE;
/*!40000 ALTER TABLE `AdminSummitLocationActionSyncWorkRequest` DISABLE KEYS */;
/*!40000 ALTER TABLE `AdminSummitLocationActionSyncWorkRequest` ENABLE KEYS */;
UNLOCK TABLES;

--
-- Table structure for table `Affiliation`
--

DROP TABLE IF EXISTS `Affiliation`;
/*!40101 SET @saved_cs_client     = @@character_set_client */;
/*!50503 SET character_set_client = utf8mb4 */;
CREATE TABLE `Affiliation` (
  `ID` int NOT NULL AUTO_INCREMENT,
  `ClassName` enum('Affiliation') CHARACTER SET utf8mb3 COLLATE utf8mb3_general_ci DEFAULT 'Affiliation',
  `LastEdited` datetime DEFAULT NULL,
  `Created` datetime DEFAULT NULL,
  `StartDate` date DEFAULT NULL,
  `EndDate` date DEFAULT NULL,
  `JobTitle` mediumtext CHARACTER SET utf8mb3 COLLATE utf8mb3_general_ci,
  `Role` mediumtext CHARACTER SET utf8mb3 COLLATE utf8mb3_general_ci,
  `Current` tinyint unsigned NOT NULL DEFAULT '0',
  `MemberID` int DEFAULT NULL,
  `OrganizationID` int DEFAULT NULL,
  PRIMARY KEY (`ID`),
  KEY `ClassName` (`ClassName`),
  KEY `MemberID` (`MemberID`),
  KEY `OrganizationID` (`OrganizationID`)
) ENGINE=InnoDB DEFAULT CHARSET=latin1;
/*!40101 SET character_set_client = @saved_cs_client */;

--
-- Dumping data for table `Affiliation`
--

LOCK TABLES `Affiliation` WRITE;
/*!40000 ALTER TABLE `Affiliation` DISABLE KEYS */;
/*!40000 ALTER TABLE `Affiliation` ENABLE KEYS */;
UNLOCK TABLES;

--
-- Table structure for table `AffiliationUpdate`
--

DROP TABLE IF EXISTS `AffiliationUpdate`;
/*!40101 SET @saved_cs_client     = @@character_set_client */;
/*!50503 SET character_set_client = utf8mb4 */;
CREATE TABLE `AffiliationUpdate` (
  `ID` int NOT NULL AUTO_INCREMENT,
  `ClassName` enum('AffiliationUpdate') CHARACTER SET utf8mb3 COLLATE utf8mb3_general_ci DEFAULT 'AffiliationUpdate',
  `LastEdited` datetime DEFAULT NULL,
  `Created` datetime DEFAULT NULL,
  `NewAffiliation` mediumtext CHARACTER SET utf8mb3 COLLATE utf8mb3_general_ci,
  `OldAffiliation` mediumtext CHARACTER SET utf8mb3 COLLATE utf8mb3_general_ci,
  `MemberID` int DEFAULT NULL,
  PRIMARY KEY (`ID`),
  KEY `ClassName` (`ClassName`),
  KEY `MemberID` (`MemberID`)
) ENGINE=InnoDB DEFAULT CHARSET=latin1;
/*!40101 SET character_set_client = @saved_cs_client */;

--
-- Dumping data for table `AffiliationUpdate`
--

LOCK TABLES `AffiliationUpdate` WRITE;
/*!40000 ALTER TABLE `AffiliationUpdate` DISABLE KEYS */;
/*!40000 ALTER TABLE `AffiliationUpdate` ENABLE KEYS */;
UNLOCK TABLES;

--
-- Table structure for table `AppDevSurvey`
--

DROP TABLE IF EXISTS `AppDevSurvey`;
/*!40101 SET @saved_cs_client     = @@character_set_client */;
/*!50503 SET character_set_client = utf8mb4 */;
CREATE TABLE `AppDevSurvey` (
  `ID` int NOT NULL AUTO_INCREMENT,
  `ClassName` enum('AppDevSurvey') CHARACTER SET utf8mb3 COLLATE utf8mb3_general_ci DEFAULT 'AppDevSurvey',
  `LastEdited` datetime DEFAULT NULL,
  `Created` datetime DEFAULT NULL,
  `Toolkits` mediumtext CHARACTER SET utf8mb3 COLLATE utf8mb3_general_ci,
  `OtherToolkits` mediumtext CHARACTER SET utf8mb3 COLLATE utf8mb3_general_ci,
  `ProgrammingLanguages` mediumtext CHARACTER SET utf8mb3 COLLATE utf8mb3_general_ci,
  `OtherProgrammingLanguages` mediumtext CHARACTER SET utf8mb3 COLLATE utf8mb3_general_ci,
  `APIFormats` mediumtext CHARACTER SET utf8mb3 COLLATE utf8mb3_general_ci,
  `DevelopmentEnvironments` mediumtext CHARACTER SET utf8mb3 COLLATE utf8mb3_general_ci,
  `OtherDevelopmentEnvironments` mediumtext CHARACTER SET utf8mb3 COLLATE utf8mb3_general_ci,
  `OperatingSystems` mediumtext CHARACTER SET utf8mb3 COLLATE utf8mb3_general_ci,
  `OtherOperatingSystems` mediumtext CHARACTER SET utf8mb3 COLLATE utf8mb3_general_ci,
  `ConfigTools` mediumtext CHARACTER SET utf8mb3 COLLATE utf8mb3_general_ci,
  `OtherConfigTools` mediumtext CHARACTER SET utf8mb3 COLLATE utf8mb3_general_ci,
  `StateOfOpenStack` mediumtext CHARACTER SET utf8mb3 COLLATE utf8mb3_general_ci,
  `DocsPriority` mediumtext CHARACTER SET utf8mb3 COLLATE utf8mb3_general_ci,
  `InteractionWithOtherClouds` mediumtext CHARACTER SET utf8mb3 COLLATE utf8mb3_general_ci,
  `OtherAPIFormats` mediumtext CHARACTER SET utf8mb3 COLLATE utf8mb3_general_ci,
  `GuestOperatingSystems` mediumtext CHARACTER SET utf8mb3 COLLATE utf8mb3_general_ci,
  `OtherGuestOperatingSystems` mediumtext CHARACTER SET utf8mb3 COLLATE utf8mb3_general_ci,
  `StruggleDevelopmentDeploying` mediumtext CHARACTER SET utf8mb3 COLLATE utf8mb3_general_ci,
  `OtherDocsPriority` mediumtext CHARACTER SET utf8mb3 COLLATE utf8mb3_general_ci,
  `DeploymentSurveyID` int DEFAULT NULL,
  `MemberID` int DEFAULT NULL,
  PRIMARY KEY (`ID`),
  KEY `ClassName` (`ClassName`),
  KEY `DeploymentSurveyID` (`DeploymentSurveyID`),
  KEY `MemberID` (`MemberID`)
) ENGINE=InnoDB DEFAULT CHARSET=latin1;
/*!40101 SET character_set_client = @saved_cs_client */;

--
-- Dumping data for table `AppDevSurvey`
--

LOCK TABLES `AppDevSurvey` WRITE;
/*!40000 ALTER TABLE `AppDevSurvey` DISABLE KEYS */;
/*!40000 ALTER TABLE `AppDevSurvey` ENABLE KEYS */;
UNLOCK TABLES;

--
-- Table structure for table `Appliance`
--

DROP TABLE IF EXISTS `Appliance`;
/*!40101 SET @saved_cs_client     = @@character_set_client */;
/*!50503 SET character_set_client = utf8mb4 */;
CREATE TABLE `Appliance` (
  `ID` int NOT NULL AUTO_INCREMENT,
  `Priority` varchar(5) CHARACTER SET utf8mb3 COLLATE utf8mb3_general_ci DEFAULT NULL,
  PRIMARY KEY (`ID`)
) ENGINE=InnoDB DEFAULT CHARSET=latin1;
/*!40101 SET character_set_client = @saved_cs_client */;

--
-- Dumping data for table `Appliance`
--

LOCK TABLES `Appliance` WRITE;
/*!40000 ALTER TABLE `Appliance` DISABLE KEYS */;
/*!40000 ALTER TABLE `Appliance` ENABLE KEYS */;
UNLOCK TABLES;

--
-- Table structure for table `ArticlePage`
--

DROP TABLE IF EXISTS `ArticlePage`;
/*!40101 SET @saved_cs_client     = @@character_set_client */;
/*!50503 SET character_set_client = utf8mb4 */;
CREATE TABLE `ArticlePage` (
  `ID` int NOT NULL AUTO_INCREMENT,
  `Date` date DEFAULT NULL,
  `Author` mediumtext CHARACTER SET utf8mb3 COLLATE utf8mb3_general_ci,
  PRIMARY KEY (`ID`)
) ENGINE=InnoDB DEFAULT CHARSET=latin1;
/*!40101 SET character_set_client = @saved_cs_client */;

--
-- Dumping data for table `ArticlePage`
--

LOCK TABLES `ArticlePage` WRITE;
/*!40000 ALTER TABLE `ArticlePage` DISABLE KEYS */;
/*!40000 ALTER TABLE `ArticlePage` ENABLE KEYS */;
UNLOCK TABLES;

--
-- Table structure for table `ArticlePage_Live`
--

DROP TABLE IF EXISTS `ArticlePage_Live`;
/*!40101 SET @saved_cs_client     = @@character_set_client */;
/*!50503 SET character_set_client = utf8mb4 */;
CREATE TABLE `ArticlePage_Live` (
  `ID` int NOT NULL AUTO_INCREMENT,
  `Date` date DEFAULT NULL,
  `Author` mediumtext CHARACTER SET utf8mb3 COLLATE utf8mb3_general_ci,
  PRIMARY KEY (`ID`)
) ENGINE=InnoDB DEFAULT CHARSET=latin1;
/*!40101 SET character_set_client = @saved_cs_client */;

--
-- Dumping data for table `ArticlePage_Live`
--

LOCK TABLES `ArticlePage_Live` WRITE;
/*!40000 ALTER TABLE `ArticlePage_Live` DISABLE KEYS */;
/*!40000 ALTER TABLE `ArticlePage_Live` ENABLE KEYS */;
UNLOCK TABLES;

--
-- Table structure for table `ArticlePage_versions`
--

DROP TABLE IF EXISTS `ArticlePage_versions`;
/*!40101 SET @saved_cs_client     = @@character_set_client */;
/*!50503 SET character_set_client = utf8mb4 */;
CREATE TABLE `ArticlePage_versions` (
  `ID` int NOT NULL AUTO_INCREMENT,
  `RecordID` int NOT NULL DEFAULT '0',
  `Version` int NOT NULL DEFAULT '0',
  `Date` date DEFAULT NULL,
  `Author` mediumtext CHARACTER SET utf8mb3 COLLATE utf8mb3_general_ci,
  PRIMARY KEY (`ID`),
  UNIQUE KEY `RecordID_Version` (`RecordID`,`Version`),
  KEY `RecordID` (`RecordID`),
  KEY `Version` (`Version`)
) ENGINE=InnoDB DEFAULT CHARSET=latin1;
/*!40101 SET character_set_client = @saved_cs_client */;

--
-- Dumping data for table `ArticlePage_versions`
--

LOCK TABLES `ArticlePage_versions` WRITE;
/*!40000 ALTER TABLE `ArticlePage_versions` DISABLE KEYS */;
/*!40000 ALTER TABLE `ArticlePage_versions` ENABLE KEYS */;
UNLOCK TABLES;

--
-- Table structure for table `AssignedPromoCodeSpeaker`
--

DROP TABLE IF EXISTS `AssignedPromoCodeSpeaker`;
/*!40101 SET @saved_cs_client     = @@character_set_client */;
/*!50503 SET character_set_client = utf8mb4 */;
CREATE TABLE `AssignedPromoCodeSpeaker` (
  `ID` int NOT NULL AUTO_INCREMENT,
  `RedeemedAt` datetime DEFAULT NULL,
  `SentAt` datetime DEFAULT NULL,
  `RegistrationPromoCodeID` int NOT NULL,
  `SpeakerID` int NOT NULL,
  PRIMARY KEY (`ID`),
  KEY `IDX_3DF7FAC530264BB3` (`RegistrationPromoCodeID`),
  KEY `SpeakerID` (`SpeakerID`),
  CONSTRAINT `FK_AssignedPromoCodeSpeaker_PresentationSpeaker` FOREIGN KEY (`SpeakerID`) REFERENCES `PresentationSpeaker` (`ID`) ON DELETE CASCADE,
  CONSTRAINT `FK_AssignedPromoCodeSpeaker_RegistrationPromoCode` FOREIGN KEY (`RegistrationPromoCodeID`) REFERENCES `SummitRegistrationPromoCode` (`ID`) ON DELETE CASCADE
) ENGINE=InnoDB DEFAULT CHARSET=utf8mb3 COLLATE=utf8mb3_unicode_ci;
/*!40101 SET character_set_client = @saved_cs_client */;

--
-- Dumping data for table `AssignedPromoCodeSpeaker`
--

LOCK TABLES `AssignedPromoCodeSpeaker` WRITE;
/*!40000 ALTER TABLE `AssignedPromoCodeSpeaker` DISABLE KEYS */;
/*!40000 ALTER TABLE `AssignedPromoCodeSpeaker` ENABLE KEYS */;
UNLOCK TABLES;

--
-- Table structure for table `AttachmentFile`
--

DROP TABLE IF EXISTS `AttachmentFile`;
/*!40101 SET @saved_cs_client     = @@character_set_client */;
/*!50503 SET character_set_client = utf8mb4 */;
CREATE TABLE `AttachmentFile` (
  `ID` int NOT NULL AUTO_INCREMENT,
  `PageID` int DEFAULT NULL,
  PRIMARY KEY (`ID`),
  KEY `PageID` (`PageID`)
) ENGINE=InnoDB DEFAULT CHARSET=latin1;
/*!40101 SET character_set_client = @saved_cs_client */;

--
-- Dumping data for table `AttachmentFile`
--

LOCK TABLES `AttachmentFile` WRITE;
/*!40000 ALTER TABLE `AttachmentFile` DISABLE KEYS */;
/*!40000 ALTER TABLE `AttachmentFile` ENABLE KEYS */;
UNLOCK TABLES;

--
-- Table structure for table `AttachmentImage`
--

DROP TABLE IF EXISTS `AttachmentImage`;
/*!40101 SET @saved_cs_client     = @@character_set_client */;
/*!50503 SET character_set_client = utf8mb4 */;
CREATE TABLE `AttachmentImage` (
  `ID` int NOT NULL AUTO_INCREMENT,
  `PageID` int DEFAULT NULL,
  PRIMARY KEY (`ID`),
  KEY `PageID` (`PageID`)
) ENGINE=InnoDB DEFAULT CHARSET=latin1;
/*!40101 SET character_set_client = @saved_cs_client */;

--
-- Dumping data for table `AttachmentImage`
--

LOCK TABLES `AttachmentImage` WRITE;
/*!40000 ALTER TABLE `AttachmentImage` DISABLE KEYS */;
/*!40000 ALTER TABLE `AttachmentImage` ENABLE KEYS */;
UNLOCK TABLES;

--
-- Table structure for table `AuditLog`
--

DROP TABLE IF EXISTS `AuditLog`;
/*!40101 SET @saved_cs_client     = @@character_set_client */;
/*!50503 SET character_set_client = utf8mb4 */;
CREATE TABLE `AuditLog` (
  `ID` int NOT NULL AUTO_INCREMENT,
  `ClassName` enum('SummitAuditLog','SummitEventAuditLog','SummitAttendeeBadgeAuditLog') COLLATE utf8mb3_unicode_ci DEFAULT 'SummitAuditLog',
  `Created` datetime NOT NULL,
  `LastEdited` datetime NOT NULL,
  `Action` longtext COLLATE utf8mb3_unicode_ci NOT NULL,
  `UserID` int DEFAULT NULL,
  PRIMARY KEY (`ID`),
  KEY `ClassName` (`ClassName`),
  KEY `UserID` (`UserID`),
  CONSTRAINT `FK_AuditLog_Member` FOREIGN KEY (`UserID`) REFERENCES `Member` (`ID`) ON DELETE CASCADE
) ENGINE=InnoDB AUTO_INCREMENT=1441 DEFAULT CHARSET=utf8mb3 COLLATE=utf8mb3_unicode_ci;
/*!40101 SET character_set_client = @saved_cs_client */;

--
-- Dumping data for table `AuditLog`
--

LOCK TABLES `AuditLog` WRITE;
/*!40000 ALTER TABLE `AuditLog` DISABLE KEYS */;
INSERT INTO `AuditLog` VALUES (1,'SummitEventAuditLog','2024-06-21 04:33:45','2024-06-21 04:33:45','Presentation created',NULL),(2,'SummitEventAuditLog','2024-06-21 04:33:45','2024-06-21 04:33:45','Presentation created',NULL),(3,'SummitEventAuditLog','2024-06-21 04:33:45','2024-06-21 04:33:45','Presentation created',NULL),(4,'SummitEventAuditLog','2024-06-21 04:33:45','2024-06-21 04:33:45','Presentation created',NULL),(5,'SummitEventAuditLog','2024-06-21 04:33:45','2024-06-21 04:33:45','Presentation created',NULL),(6,'SummitEventAuditLog','2024-06-21 04:33:45','2024-06-21 04:33:45','Presentation created',NULL),(7,'SummitEventAuditLog','2024-06-21 04:33:45','2024-06-21 04:33:45','Presentation created',NULL),(8,'SummitEventAuditLog','2024-06-21 04:33:45','2024-06-21 04:33:45','Presentation created',NULL),(9,'SummitEventAuditLog','2024-06-21 04:33:45','2024-06-21 04:33:45','Presentation created',NULL),(10,'SummitEventAuditLog','2024-06-21 04:33:45','2024-06-21 04:33:45','Presentation created',NULL),(11,'SummitEventAuditLog','2024-06-21 04:33:45','2024-06-21 04:33:45','Presentation created',NULL),(12,'SummitEventAuditLog','2024-06-21 04:33:45','2024-06-21 04:33:45','Presentation created',NULL),(13,'SummitEventAuditLog','2024-06-21 04:33:45','2024-06-21 04:33:45','Presentation created',NULL),(14,'SummitEventAuditLog','2024-06-21 04:33:45','2024-06-21 04:33:45','Presentation created',NULL),(15,'SummitEventAuditLog','2024-06-21 04:33:45','2024-06-21 04:33:45','Presentation created',NULL),(16,'SummitEventAuditLog','2024-06-21 04:33:45','2024-06-21 04:33:45','Presentation created',NULL),(17,'SummitEventAuditLog','2024-06-21 04:33:45','2024-06-21 04:33:45','Presentation created',NULL),(18,'SummitEventAuditLog','2024-06-21 04:33:45','2024-06-21 04:33:45','Presentation created',NULL),(19,'SummitEventAuditLog','2024-06-21 04:33:45','2024-06-21 04:33:45','Presentation created',NULL),(20,'SummitEventAuditLog','2024-06-21 04:33:45','2024-06-21 04:33:45','Presentation created',NULL),(21,'SummitEventAuditLog','2024-06-21 04:33:45','2024-06-21 04:33:45','Presentation created',NULL),(22,'SummitEventAuditLog','2024-06-21 04:33:45','2024-06-21 04:33:45','Presentation created',NULL),(23,'SummitEventAuditLog','2024-06-21 04:33:45','2024-06-21 04:33:45','Presentation created',NULL),(24,'SummitEventAuditLog','2024-06-21 04:33:45','2024-06-21 04:33:45','Presentation created',NULL),(25,'SummitEventAuditLog','2024-06-21 04:33:45','2024-06-21 04:33:45','Presentation created',NULL),(26,'SummitEventAuditLog','2024-06-21 04:33:45','2024-06-21 04:33:45','Presentation created',NULL),(27,'SummitEventAuditLog','2024-06-21 04:33:45','2024-06-21 04:33:45','Presentation created',NULL),(28,'SummitEventAuditLog','2024-06-21 04:33:45','2024-06-21 04:33:45','Presentation created',NULL),(29,'SummitEventAuditLog','2024-06-21 04:33:45','2024-06-21 04:33:45','Presentation created',NULL),(30,'SummitEventAuditLog','2024-06-21 04:33:45','2024-06-21 04:33:45','Presentation created',NULL),(31,'SummitEventAuditLog','2024-06-21 04:33:45','2024-06-21 04:33:45','Presentation created',NULL),(32,'SummitEventAuditLog','2024-06-21 04:33:45','2024-06-21 04:33:45','Presentation created',NULL),(33,'SummitEventAuditLog','2024-06-21 04:33:45','2024-06-21 04:33:45','Presentation created',NULL),(34,'SummitEventAuditLog','2024-06-21 04:33:45','2024-06-21 04:33:45','Presentation created',NULL),(35,'SummitEventAuditLog','2024-06-21 04:33:45','2024-06-21 04:33:45','Presentation created',NULL),(36,'SummitEventAuditLog','2024-06-21 04:33:45','2024-06-21 04:33:45','Presentation created',NULL),(37,'SummitEventAuditLog','2024-06-21 04:33:45','2024-06-21 04:33:45','Presentation created',NULL),(38,'SummitEventAuditLog','2024-06-21 04:33:45','2024-06-21 04:33:45','Presentation created',NULL),(39,'SummitEventAuditLog','2024-06-21 04:33:45','2024-06-21 04:33:45','Presentation created',NULL),(40,'SummitEventAuditLog','2024-06-21 04:33:45','2024-06-21 04:33:45','Presentation created',NULL),(41,'SummitEventAuditLog','2024-06-21 04:33:45','2024-06-21 04:33:45','Presentation created',NULL),(42,'SummitEventAuditLog','2024-06-21 04:33:45','2024-06-21 04:33:45','Presentation created',NULL),(43,'SummitEventAuditLog','2024-06-21 04:33:45','2024-06-21 04:33:45','Presentation created',NULL),(44,'SummitEventAuditLog','2024-06-21 04:33:45','2024-06-21 04:33:45','Presentation created',NULL),(45,'SummitEventAuditLog','2024-06-21 04:33:45','2024-06-21 04:33:45','Presentation created',NULL),(46,'SummitEventAuditLog','2024-06-21 04:33:45','2024-06-21 04:33:45','Presentation created',NULL),(47,'SummitEventAuditLog','2024-06-21 04:33:45','2024-06-21 04:33:45','Presentation created',NULL),(48,'SummitEventAuditLog','2024-06-21 04:33:45','2024-06-21 04:33:45','Presentation created',NULL),(49,'SummitEventAuditLog','2024-06-21 04:33:45','2024-06-21 04:33:45','Presentation created',NULL),(50,'SummitEventAuditLog','2024-06-21 04:33:45','2024-06-21 04:33:45','Presentation created',NULL),(51,'SummitEventAuditLog','2024-06-21 04:33:45','2024-06-21 04:33:45','Presentation created',NULL),(52,'SummitEventAuditLog','2024-06-21 04:33:45','2024-06-21 04:33:45','Presentation created',NULL),(53,'SummitEventAuditLog','2024-06-21 04:33:45','2024-06-21 04:33:45','Presentation created',NULL),(54,'SummitEventAuditLog','2024-06-21 04:33:45','2024-06-21 04:33:45','Presentation created',NULL),(55,'SummitEventAuditLog','2024-06-21 04:33:45','2024-06-21 04:33:45','Presentation created',NULL),(56,'SummitEventAuditLog','2024-06-21 04:33:45','2024-06-21 04:33:45','Presentation created',NULL),(57,'SummitEventAuditLog','2024-06-21 04:33:45','2024-06-21 04:33:45','Presentation created',NULL),(58,'SummitEventAuditLog','2024-06-21 04:33:45','2024-06-21 04:33:45','Presentation created',NULL),(59,'SummitEventAuditLog','2024-06-21 04:33:45','2024-06-21 04:33:45','Presentation created',NULL),(60,'SummitEventAuditLog','2024-06-21 04:33:45','2024-06-21 04:33:45','Presentation created',NULL),(61,'SummitEventAuditLog','2024-06-21 04:33:45','2024-06-21 04:33:45','SummitEvent created',NULL),(62,'SummitEventAuditLog','2024-06-21 04:33:45','2024-06-21 04:33:45','SummitEvent created',NULL),(63,'SummitEventAuditLog','2024-06-21 04:33:45','2024-06-21 04:33:45','SummitEvent created',NULL),(64,'SummitEventAuditLog','2024-06-21 04:33:45','2024-06-21 04:33:45','SummitEvent created',NULL),(65,'SummitEventAuditLog','2024-06-21 04:33:45','2024-06-21 04:33:45','SummitEvent created',NULL),(66,'SummitEventAuditLog','2024-06-21 04:33:45','2024-06-21 04:33:45','SummitEvent created',NULL),(67,'SummitEventAuditLog','2024-06-21 04:33:45','2024-06-21 04:33:45','SummitEvent created',NULL),(68,'SummitEventAuditLog','2024-06-21 04:33:45','2024-06-21 04:33:45','SummitEvent created',NULL),(69,'SummitEventAuditLog','2024-06-21 04:33:45','2024-06-21 04:33:45','SummitEvent created',NULL),(70,'SummitEventAuditLog','2024-06-21 04:33:45','2024-06-21 04:33:45','SummitEvent created',NULL),(71,'SummitEventAuditLog','2024-06-21 04:33:45','2024-06-21 04:33:45','SummitEvent created',NULL),(72,'SummitEventAuditLog','2024-06-21 04:33:45','2024-06-21 04:33:45','SummitEvent created',NULL),(73,'SummitEventAuditLog','2024-06-21 04:33:45','2024-06-21 04:33:45','SummitEvent created',NULL),(74,'SummitEventAuditLog','2024-06-21 04:33:45','2024-06-21 04:33:45','SummitEvent created',NULL),(75,'SummitEventAuditLog','2024-06-21 04:33:45','2024-06-21 04:33:45','SummitEvent created',NULL),(76,'SummitEventAuditLog','2024-06-21 04:33:45','2024-06-21 04:33:45','SummitEvent created',NULL),(77,'SummitEventAuditLog','2024-06-21 04:33:45','2024-06-21 04:33:45','SummitEvent created',NULL),(78,'SummitEventAuditLog','2024-06-21 04:33:45','2024-06-21 04:33:45','SummitEvent created',NULL),(79,'SummitEventAuditLog','2024-06-21 04:33:45','2024-06-21 04:33:45','SummitEvent created',NULL),(80,'SummitEventAuditLog','2024-06-21 04:33:45','2024-06-21 04:33:45','SummitEvent created',NULL),(81,'SummitEventAuditLog','2024-06-21 04:33:45','2024-06-21 04:33:45','Speaker  was added to the collection',NULL),(82,'SummitEventAuditLog','2024-06-21 04:33:45','2024-06-21 04:33:45','Speaker  was added to the collection',NULL),(83,'SummitEventAuditLog','2024-06-21 04:33:45','2024-06-21 04:33:45','Speaker  was added to the collection',NULL),(84,'SummitEventAuditLog','2024-06-21 04:33:45','2024-06-21 04:33:45','Speaker  was added to the collection',NULL),(85,'SummitEventAuditLog','2024-06-21 04:33:45','2024-06-21 04:33:45','Speaker  was added to the collection',NULL),(86,'SummitEventAuditLog','2024-06-21 04:33:45','2024-06-21 04:33:45','Speaker  was added to the collection',NULL),(87,'SummitEventAuditLog','2024-06-21 04:33:45','2024-06-21 04:33:45','Speaker  was added to the collection',NULL),(88,'SummitEventAuditLog','2024-06-21 04:33:45','2024-06-21 04:33:45','Speaker  was added to the collection',NULL),(89,'SummitEventAuditLog','2024-06-21 04:33:45','2024-06-21 04:33:45','Speaker  was added to the collection',NULL),(90,'SummitEventAuditLog','2024-06-21 04:33:45','2024-06-21 04:33:45','Speaker  was added to the collection',NULL),(91,'SummitEventAuditLog','2024-06-21 04:33:45','2024-06-21 04:33:45','Speaker  was added to the collection',NULL),(92,'SummitEventAuditLog','2024-06-21 04:33:45','2024-06-21 04:33:45','Speaker  was added to the collection',NULL),(93,'SummitEventAuditLog','2024-06-21 04:33:45','2024-06-21 04:33:45','Speaker  was added to the collection',NULL),(94,'SummitEventAuditLog','2024-06-21 04:33:45','2024-06-21 04:33:45','Speaker  was added to the collection',NULL),(95,'SummitEventAuditLog','2024-06-21 04:33:45','2024-06-21 04:33:45','Speaker  was added to the collection',NULL),(96,'SummitEventAuditLog','2024-06-21 04:33:45','2024-06-21 04:33:45','Speaker  was added to the collection',NULL),(97,'SummitEventAuditLog','2024-06-21 04:33:45','2024-06-21 04:33:45','Speaker  was added to the collection',NULL),(98,'SummitEventAuditLog','2024-06-21 04:33:45','2024-06-21 04:33:45','Speaker  was added to the collection',NULL),(99,'SummitEventAuditLog','2024-06-21 04:33:45','2024-06-21 04:33:45','Speaker  was added to the collection',NULL),(100,'SummitEventAuditLog','2024-06-21 04:33:45','2024-06-21 04:33:45','Speaker  was added to the collection',NULL),(101,'SummitEventAuditLog','2024-06-21 04:33:45','2024-06-21 04:33:45','Speaker  was added to the collection',NULL),(102,'SummitEventAuditLog','2024-06-21 04:33:45','2024-06-21 04:33:45','Speaker  was added to the collection',NULL),(103,'SummitEventAuditLog','2024-06-21 04:33:45','2024-06-21 04:33:45','Speaker  was added to the collection',NULL),(104,'SummitEventAuditLog','2024-06-21 04:33:45','2024-06-21 04:33:45','Speaker  was added to the collection',NULL),(105,'SummitEventAuditLog','2024-06-21 04:33:45','2024-06-21 04:33:45','Speaker  was added to the collection',NULL),(106,'SummitEventAuditLog','2024-06-21 04:33:45','2024-06-21 04:33:45','Speaker  was added to the collection',NULL),(107,'SummitEventAuditLog','2024-06-21 04:33:45','2024-06-21 04:33:45','Speaker  was added to the collection',NULL),(108,'SummitEventAuditLog','2024-06-21 04:33:45','2024-06-21 04:33:45','Speaker  was added to the collection',NULL),(109,'SummitEventAuditLog','2024-06-21 04:33:45','2024-06-21 04:33:45','Speaker  was added to the collection',NULL),(110,'SummitEventAuditLog','2024-06-21 04:33:45','2024-06-21 04:33:45','Speaker  was added to the collection',NULL),(111,'SummitEventAuditLog','2024-06-21 04:33:45','2024-06-21 04:33:45','Speaker  was added to the collection',NULL),(112,'SummitEventAuditLog','2024-06-21 04:33:45','2024-06-21 04:33:45','Speaker  was added to the collection',NULL),(113,'SummitEventAuditLog','2024-06-21 04:33:45','2024-06-21 04:33:45','Speaker  was added to the collection',NULL),(114,'SummitEventAuditLog','2024-06-21 04:33:45','2024-06-21 04:33:45','Speaker  was added to the collection',NULL),(115,'SummitEventAuditLog','2024-06-21 04:33:45','2024-06-21 04:33:45','Speaker  was added to the collection',NULL),(116,'SummitEventAuditLog','2024-06-21 04:33:45','2024-06-21 04:33:45','Speaker  was added to the collection',NULL),(117,'SummitEventAuditLog','2024-06-21 04:33:45','2024-06-21 04:33:45','Speaker  was added to the collection',NULL),(118,'SummitEventAuditLog','2024-06-21 04:33:45','2024-06-21 04:33:45','Speaker  was added to the collection',NULL),(119,'SummitEventAuditLog','2024-06-21 04:33:45','2024-06-21 04:33:45','Speaker  was added to the collection',NULL),(120,'SummitEventAuditLog','2024-06-21 04:33:45','2024-06-21 04:33:45','Speaker  was added to the collection',NULL),(121,'SummitEventAuditLog','2024-06-21 04:38:05','2024-06-21 04:38:05','Presentation created',NULL),(122,'SummitEventAuditLog','2024-06-21 04:38:05','2024-06-21 04:38:05','Presentation created',NULL),(123,'SummitEventAuditLog','2024-06-21 04:38:05','2024-06-21 04:38:05','Presentation created',NULL),(124,'SummitEventAuditLog','2024-06-21 04:38:05','2024-06-21 04:38:05','Presentation created',NULL),(125,'SummitEventAuditLog','2024-06-21 04:38:05','2024-06-21 04:38:05','Presentation created',NULL),(126,'SummitEventAuditLog','2024-06-21 04:38:05','2024-06-21 04:38:05','Presentation created',NULL),(127,'SummitEventAuditLog','2024-06-21 04:38:05','2024-06-21 04:38:05','Presentation created',NULL),(128,'SummitEventAuditLog','2024-06-21 04:38:05','2024-06-21 04:38:05','Presentation created',NULL),(129,'SummitEventAuditLog','2024-06-21 04:38:05','2024-06-21 04:38:05','Presentation created',NULL),(130,'SummitEventAuditLog','2024-06-21 04:38:05','2024-06-21 04:38:05','Presentation created',NULL),(131,'SummitEventAuditLog','2024-06-21 04:38:05','2024-06-21 04:38:05','Presentation created',NULL),(132,'SummitEventAuditLog','2024-06-21 04:38:05','2024-06-21 04:38:05','Presentation created',NULL),(133,'SummitEventAuditLog','2024-06-21 04:38:05','2024-06-21 04:38:05','Presentation created',NULL),(134,'SummitEventAuditLog','2024-06-21 04:38:05','2024-06-21 04:38:05','Presentation created',NULL),(135,'SummitEventAuditLog','2024-06-21 04:38:05','2024-06-21 04:38:05','Presentation created',NULL),(136,'SummitEventAuditLog','2024-06-21 04:38:05','2024-06-21 04:38:05','Presentation created',NULL),(137,'SummitEventAuditLog','2024-06-21 04:38:05','2024-06-21 04:38:05','Presentation created',NULL),(138,'SummitEventAuditLog','2024-06-21 04:38:05','2024-06-21 04:38:05','Presentation created',NULL),(139,'SummitEventAuditLog','2024-06-21 04:38:05','2024-06-21 04:38:05','Presentation created',NULL),(140,'SummitEventAuditLog','2024-06-21 04:38:05','2024-06-21 04:38:05','Presentation created',NULL),(141,'SummitEventAuditLog','2024-06-21 04:38:05','2024-06-21 04:38:05','Presentation created',NULL),(142,'SummitEventAuditLog','2024-06-21 04:38:05','2024-06-21 04:38:05','Presentation created',NULL),(143,'SummitEventAuditLog','2024-06-21 04:38:05','2024-06-21 04:38:05','Presentation created',NULL),(144,'SummitEventAuditLog','2024-06-21 04:38:05','2024-06-21 04:38:05','Presentation created',NULL),(145,'SummitEventAuditLog','2024-06-21 04:38:05','2024-06-21 04:38:05','Presentation created',NULL),(146,'SummitEventAuditLog','2024-06-21 04:38:05','2024-06-21 04:38:05','Presentation created',NULL),(147,'SummitEventAuditLog','2024-06-21 04:38:05','2024-06-21 04:38:05','Presentation created',NULL),(148,'SummitEventAuditLog','2024-06-21 04:38:05','2024-06-21 04:38:05','Presentation created',NULL),(149,'SummitEventAuditLog','2024-06-21 04:38:05','2024-06-21 04:38:05','Presentation created',NULL),(150,'SummitEventAuditLog','2024-06-21 04:38:05','2024-06-21 04:38:05','Presentation created',NULL),(151,'SummitEventAuditLog','2024-06-21 04:38:05','2024-06-21 04:38:05','Presentation created',NULL),(152,'SummitEventAuditLog','2024-06-21 04:38:05','2024-06-21 04:38:05','Presentation created',NULL),(153,'SummitEventAuditLog','2024-06-21 04:38:05','2024-06-21 04:38:05','Presentation created',NULL),(154,'SummitEventAuditLog','2024-06-21 04:38:05','2024-06-21 04:38:05','Presentation created',NULL),(155,'SummitEventAuditLog','2024-06-21 04:38:05','2024-06-21 04:38:05','Presentation created',NULL),(156,'SummitEventAuditLog','2024-06-21 04:38:05','2024-06-21 04:38:05','Presentation created',NULL),(157,'SummitEventAuditLog','2024-06-21 04:38:05','2024-06-21 04:38:05','Presentation created',NULL),(158,'SummitEventAuditLog','2024-06-21 04:38:05','2024-06-21 04:38:05','Presentation created',NULL),(159,'SummitEventAuditLog','2024-06-21 04:38:05','2024-06-21 04:38:05','Presentation created',NULL),(160,'SummitEventAuditLog','2024-06-21 04:38:05','2024-06-21 04:38:05','Presentation created',NULL),(161,'SummitEventAuditLog','2024-06-21 04:38:05','2024-06-21 04:38:05','Presentation created',NULL),(162,'SummitEventAuditLog','2024-06-21 04:38:05','2024-06-21 04:38:05','Presentation created',NULL),(163,'SummitEventAuditLog','2024-06-21 04:38:05','2024-06-21 04:38:05','Presentation created',NULL),(164,'SummitEventAuditLog','2024-06-21 04:38:05','2024-06-21 04:38:05','Presentation created',NULL),(165,'SummitEventAuditLog','2024-06-21 04:38:05','2024-06-21 04:38:05','Presentation created',NULL),(166,'SummitEventAuditLog','2024-06-21 04:38:05','2024-06-21 04:38:05','Presentation created',NULL),(167,'SummitEventAuditLog','2024-06-21 04:38:05','2024-06-21 04:38:05','Presentation created',NULL),(168,'SummitEventAuditLog','2024-06-21 04:38:05','2024-06-21 04:38:05','Presentation created',NULL),(169,'SummitEventAuditLog','2024-06-21 04:38:05','2024-06-21 04:38:05','Presentation created',NULL),(170,'SummitEventAuditLog','2024-06-21 04:38:05','2024-06-21 04:38:05','Presentation created',NULL),(171,'SummitEventAuditLog','2024-06-21 04:38:05','2024-06-21 04:38:05','Presentation created',NULL),(172,'SummitEventAuditLog','2024-06-21 04:38:05','2024-06-21 04:38:05','Presentation created',NULL),(173,'SummitEventAuditLog','2024-06-21 04:38:05','2024-06-21 04:38:05','Presentation created',NULL),(174,'SummitEventAuditLog','2024-06-21 04:38:05','2024-06-21 04:38:05','Presentation created',NULL),(175,'SummitEventAuditLog','2024-06-21 04:38:05','2024-06-21 04:38:05','Presentation created',NULL),(176,'SummitEventAuditLog','2024-06-21 04:38:05','2024-06-21 04:38:05','Presentation created',NULL),(177,'SummitEventAuditLog','2024-06-21 04:38:05','2024-06-21 04:38:05','Presentation created',NULL),(178,'SummitEventAuditLog','2024-06-21 04:38:05','2024-06-21 04:38:05','Presentation created',NULL),(179,'SummitEventAuditLog','2024-06-21 04:38:05','2024-06-21 04:38:05','Presentation created',NULL),(180,'SummitEventAuditLog','2024-06-21 04:38:05','2024-06-21 04:38:05','Presentation created',NULL),(181,'SummitEventAuditLog','2024-06-21 04:38:05','2024-06-21 04:38:05','SummitEvent created',NULL),(182,'SummitEventAuditLog','2024-06-21 04:38:05','2024-06-21 04:38:05','SummitEvent created',NULL),(183,'SummitEventAuditLog','2024-06-21 04:38:05','2024-06-21 04:38:05','SummitEvent created',NULL),(184,'SummitEventAuditLog','2024-06-21 04:38:05','2024-06-21 04:38:05','SummitEvent created',NULL),(185,'SummitEventAuditLog','2024-06-21 04:38:05','2024-06-21 04:38:05','SummitEvent created',NULL),(186,'SummitEventAuditLog','2024-06-21 04:38:05','2024-06-21 04:38:05','SummitEvent created',NULL),(187,'SummitEventAuditLog','2024-06-21 04:38:05','2024-06-21 04:38:05','SummitEvent created',NULL),(188,'SummitEventAuditLog','2024-06-21 04:38:05','2024-06-21 04:38:05','SummitEvent created',NULL),(189,'SummitEventAuditLog','2024-06-21 04:38:05','2024-06-21 04:38:05','SummitEvent created',NULL),(190,'SummitEventAuditLog','2024-06-21 04:38:05','2024-06-21 04:38:05','SummitEvent created',NULL),(191,'SummitEventAuditLog','2024-06-21 04:38:05','2024-06-21 04:38:05','SummitEvent created',NULL),(192,'SummitEventAuditLog','2024-06-21 04:38:05','2024-06-21 04:38:05','SummitEvent created',NULL),(193,'SummitEventAuditLog','2024-06-21 04:38:05','2024-06-21 04:38:05','SummitEvent created',NULL),(194,'SummitEventAuditLog','2024-06-21 04:38:05','2024-06-21 04:38:05','SummitEvent created',NULL),(195,'SummitEventAuditLog','2024-06-21 04:38:05','2024-06-21 04:38:05','SummitEvent created',NULL),(196,'SummitEventAuditLog','2024-06-21 04:38:05','2024-06-21 04:38:05','SummitEvent created',NULL),(197,'SummitEventAuditLog','2024-06-21 04:38:05','2024-06-21 04:38:05','SummitEvent created',NULL),(198,'SummitEventAuditLog','2024-06-21 04:38:05','2024-06-21 04:38:05','SummitEvent created',NULL),(199,'SummitEventAuditLog','2024-06-21 04:38:05','2024-06-21 04:38:05','SummitEvent created',NULL),(200,'SummitEventAuditLog','2024-06-21 04:38:05','2024-06-21 04:38:05','SummitEvent created',NULL),(201,'SummitEventAuditLog','2024-06-21 04:38:05','2024-06-21 04:38:05','Speaker  was added to the collection',NULL),(202,'SummitEventAuditLog','2024-06-21 04:38:05','2024-06-21 04:38:05','Speaker  was added to the collection',NULL),(203,'SummitEventAuditLog','2024-06-21 04:38:05','2024-06-21 04:38:05','Speaker  was added to the collection',NULL),(204,'SummitEventAuditLog','2024-06-21 04:38:05','2024-06-21 04:38:05','Speaker  was added to the collection',NULL),(205,'SummitEventAuditLog','2024-06-21 04:38:05','2024-06-21 04:38:05','Speaker  was added to the collection',NULL),(206,'SummitEventAuditLog','2024-06-21 04:38:05','2024-06-21 04:38:05','Speaker  was added to the collection',NULL),(207,'SummitEventAuditLog','2024-06-21 04:38:05','2024-06-21 04:38:05','Speaker  was added to the collection',NULL),(208,'SummitEventAuditLog','2024-06-21 04:38:05','2024-06-21 04:38:05','Speaker  was added to the collection',NULL),(209,'SummitEventAuditLog','2024-06-21 04:38:05','2024-06-21 04:38:05','Speaker  was added to the collection',NULL),(210,'SummitEventAuditLog','2024-06-21 04:38:05','2024-06-21 04:38:05','Speaker  was added to the collection',NULL),(211,'SummitEventAuditLog','2024-06-21 04:38:05','2024-06-21 04:38:05','Speaker  was added to the collection',NULL),(212,'SummitEventAuditLog','2024-06-21 04:38:05','2024-06-21 04:38:05','Speaker  was added to the collection',NULL),(213,'SummitEventAuditLog','2024-06-21 04:38:05','2024-06-21 04:38:05','Speaker  was added to the collection',NULL),(214,'SummitEventAuditLog','2024-06-21 04:38:05','2024-06-21 04:38:05','Speaker  was added to the collection',NULL),(215,'SummitEventAuditLog','2024-06-21 04:38:05','2024-06-21 04:38:05','Speaker  was added to the collection',NULL),(216,'SummitEventAuditLog','2024-06-21 04:38:05','2024-06-21 04:38:05','Speaker  was added to the collection',NULL),(217,'SummitEventAuditLog','2024-06-21 04:38:05','2024-06-21 04:38:05','Speaker  was added to the collection',NULL),(218,'SummitEventAuditLog','2024-06-21 04:38:05','2024-06-21 04:38:05','Speaker  was added to the collection',NULL),(219,'SummitEventAuditLog','2024-06-21 04:38:05','2024-06-21 04:38:05','Speaker  was added to the collection',NULL),(220,'SummitEventAuditLog','2024-06-21 04:38:05','2024-06-21 04:38:05','Speaker  was added to the collection',NULL),(221,'SummitEventAuditLog','2024-06-21 04:38:05','2024-06-21 04:38:05','Speaker  was added to the collection',NULL),(222,'SummitEventAuditLog','2024-06-21 04:38:05','2024-06-21 04:38:05','Speaker  was added to the collection',NULL),(223,'SummitEventAuditLog','2024-06-21 04:38:05','2024-06-21 04:38:05','Speaker  was added to the collection',NULL),(224,'SummitEventAuditLog','2024-06-21 04:38:05','2024-06-21 04:38:05','Speaker  was added to the collection',NULL),(225,'SummitEventAuditLog','2024-06-21 04:38:05','2024-06-21 04:38:05','Speaker  was added to the collection',NULL),(226,'SummitEventAuditLog','2024-06-21 04:38:05','2024-06-21 04:38:05','Speaker  was added to the collection',NULL),(227,'SummitEventAuditLog','2024-06-21 04:38:05','2024-06-21 04:38:05','Speaker  was added to the collection',NULL),(228,'SummitEventAuditLog','2024-06-21 04:38:05','2024-06-21 04:38:05','Speaker  was added to the collection',NULL),(229,'SummitEventAuditLog','2024-06-21 04:38:05','2024-06-21 04:38:05','Speaker  was added to the collection',NULL),(230,'SummitEventAuditLog','2024-06-21 04:38:05','2024-06-21 04:38:05','Speaker  was added to the collection',NULL),(231,'SummitEventAuditLog','2024-06-21 04:38:05','2024-06-21 04:38:05','Speaker  was added to the collection',NULL),(232,'SummitEventAuditLog','2024-06-21 04:38:05','2024-06-21 04:38:05','Speaker  was added to the collection',NULL),(233,'SummitEventAuditLog','2024-06-21 04:38:05','2024-06-21 04:38:05','Speaker  was added to the collection',NULL),(234,'SummitEventAuditLog','2024-06-21 04:38:05','2024-06-21 04:38:05','Speaker  was added to the collection',NULL),(235,'SummitEventAuditLog','2024-06-21 04:38:05','2024-06-21 04:38:05','Speaker  was added to the collection',NULL),(236,'SummitEventAuditLog','2024-06-21 04:38:05','2024-06-21 04:38:05','Speaker  was added to the collection',NULL),(237,'SummitEventAuditLog','2024-06-21 04:38:05','2024-06-21 04:38:05','Speaker  was added to the collection',NULL),(238,'SummitEventAuditLog','2024-06-21 04:38:05','2024-06-21 04:38:05','Speaker  was added to the collection',NULL),(239,'SummitEventAuditLog','2024-06-21 04:38:05','2024-06-21 04:38:05','Speaker  was added to the collection',NULL),(240,'SummitEventAuditLog','2024-06-21 04:38:05','2024-06-21 04:38:05','Speaker  was added to the collection',NULL),(241,'SummitEventAuditLog','2024-06-21 04:38:33','2024-06-21 04:38:33','Presentation created',NULL),(242,'SummitEventAuditLog','2024-06-21 04:38:33','2024-06-21 04:38:33','Presentation created',NULL),(243,'SummitEventAuditLog','2024-06-21 04:38:33','2024-06-21 04:38:33','Presentation created',NULL),(244,'SummitEventAuditLog','2024-06-21 04:38:33','2024-06-21 04:38:33','Presentation created',NULL),(245,'SummitEventAuditLog','2024-06-21 04:38:33','2024-06-21 04:38:33','Presentation created',NULL),(246,'SummitEventAuditLog','2024-06-21 04:38:33','2024-06-21 04:38:33','Presentation created',NULL),(247,'SummitEventAuditLog','2024-06-21 04:38:33','2024-06-21 04:38:33','Presentation created',NULL),(248,'SummitEventAuditLog','2024-06-21 04:38:33','2024-06-21 04:38:33','Presentation created',NULL),(249,'SummitEventAuditLog','2024-06-21 04:38:33','2024-06-21 04:38:33','Presentation created',NULL),(250,'SummitEventAuditLog','2024-06-21 04:38:33','2024-06-21 04:38:33','Presentation created',NULL),(251,'SummitEventAuditLog','2024-06-21 04:38:33','2024-06-21 04:38:33','Presentation created',NULL),(252,'SummitEventAuditLog','2024-06-21 04:38:33','2024-06-21 04:38:33','Presentation created',NULL),(253,'SummitEventAuditLog','2024-06-21 04:38:33','2024-06-21 04:38:33','Presentation created',NULL),(254,'SummitEventAuditLog','2024-06-21 04:38:33','2024-06-21 04:38:33','Presentation created',NULL),(255,'SummitEventAuditLog','2024-06-21 04:38:33','2024-06-21 04:38:33','Presentation created',NULL),(256,'SummitEventAuditLog','2024-06-21 04:38:33','2024-06-21 04:38:33','Presentation created',NULL),(257,'SummitEventAuditLog','2024-06-21 04:38:33','2024-06-21 04:38:33','Presentation created',NULL),(258,'SummitEventAuditLog','2024-06-21 04:38:33','2024-06-21 04:38:33','Presentation created',NULL),(259,'SummitEventAuditLog','2024-06-21 04:38:33','2024-06-21 04:38:33','Presentation created',NULL),(260,'SummitEventAuditLog','2024-06-21 04:38:33','2024-06-21 04:38:33','Presentation created',NULL),(261,'SummitEventAuditLog','2024-06-21 04:38:33','2024-06-21 04:38:33','Presentation created',NULL),(262,'SummitEventAuditLog','2024-06-21 04:38:33','2024-06-21 04:38:33','Presentation created',NULL),(263,'SummitEventAuditLog','2024-06-21 04:38:33','2024-06-21 04:38:33','Presentation created',NULL),(264,'SummitEventAuditLog','2024-06-21 04:38:33','2024-06-21 04:38:33','Presentation created',NULL),(265,'SummitEventAuditLog','2024-06-21 04:38:33','2024-06-21 04:38:33','Presentation created',NULL),(266,'SummitEventAuditLog','2024-06-21 04:38:33','2024-06-21 04:38:33','Presentation created',NULL),(267,'SummitEventAuditLog','2024-06-21 04:38:33','2024-06-21 04:38:33','Presentation created',NULL),(268,'SummitEventAuditLog','2024-06-21 04:38:33','2024-06-21 04:38:33','Presentation created',NULL),(269,'SummitEventAuditLog','2024-06-21 04:38:33','2024-06-21 04:38:33','Presentation created',NULL),(270,'SummitEventAuditLog','2024-06-21 04:38:33','2024-06-21 04:38:33','Presentation created',NULL),(271,'SummitEventAuditLog','2024-06-21 04:38:33','2024-06-21 04:38:33','Presentation created',NULL),(272,'SummitEventAuditLog','2024-06-21 04:38:33','2024-06-21 04:38:33','Presentation created',NULL),(273,'SummitEventAuditLog','2024-06-21 04:38:33','2024-06-21 04:38:33','Presentation created',NULL),(274,'SummitEventAuditLog','2024-06-21 04:38:33','2024-06-21 04:38:33','Presentation created',NULL),(275,'SummitEventAuditLog','2024-06-21 04:38:33','2024-06-21 04:38:33','Presentation created',NULL),(276,'SummitEventAuditLog','2024-06-21 04:38:33','2024-06-21 04:38:33','Presentation created',NULL),(277,'SummitEventAuditLog','2024-06-21 04:38:33','2024-06-21 04:38:33','Presentation created',NULL),(278,'SummitEventAuditLog','2024-06-21 04:38:33','2024-06-21 04:38:33','Presentation created',NULL),(279,'SummitEventAuditLog','2024-06-21 04:38:33','2024-06-21 04:38:33','Presentation created',NULL),(280,'SummitEventAuditLog','2024-06-21 04:38:33','2024-06-21 04:38:33','Presentation created',NULL),(281,'SummitEventAuditLog','2024-06-21 04:38:33','2024-06-21 04:38:33','Presentation created',NULL),(282,'SummitEventAuditLog','2024-06-21 04:38:33','2024-06-21 04:38:33','Presentation created',NULL),(283,'SummitEventAuditLog','2024-06-21 04:38:33','2024-06-21 04:38:33','Presentation created',NULL),(284,'SummitEventAuditLog','2024-06-21 04:38:33','2024-06-21 04:38:33','Presentation created',NULL),(285,'SummitEventAuditLog','2024-06-21 04:38:33','2024-06-21 04:38:33','Presentation created',NULL),(286,'SummitEventAuditLog','2024-06-21 04:38:33','2024-06-21 04:38:33','Presentation created',NULL),(287,'SummitEventAuditLog','2024-06-21 04:38:33','2024-06-21 04:38:33','Presentation created',NULL),(288,'SummitEventAuditLog','2024-06-21 04:38:33','2024-06-21 04:38:33','Presentation created',NULL),(289,'SummitEventAuditLog','2024-06-21 04:38:33','2024-06-21 04:38:33','Presentation created',NULL),(290,'SummitEventAuditLog','2024-06-21 04:38:33','2024-06-21 04:38:33','Presentation created',NULL),(291,'SummitEventAuditLog','2024-06-21 04:38:33','2024-06-21 04:38:33','Presentation created',NULL),(292,'SummitEventAuditLog','2024-06-21 04:38:33','2024-06-21 04:38:33','Presentation created',NULL),(293,'SummitEventAuditLog','2024-06-21 04:38:33','2024-06-21 04:38:33','Presentation created',NULL),(294,'SummitEventAuditLog','2024-06-21 04:38:33','2024-06-21 04:38:33','Presentation created',NULL),(295,'SummitEventAuditLog','2024-06-21 04:38:33','2024-06-21 04:38:33','Presentation created',NULL),(296,'SummitEventAuditLog','2024-06-21 04:38:33','2024-06-21 04:38:33','Presentation created',NULL),(297,'SummitEventAuditLog','2024-06-21 04:38:33','2024-06-21 04:38:33','Presentation created',NULL),(298,'SummitEventAuditLog','2024-06-21 04:38:33','2024-06-21 04:38:33','Presentation created',NULL),(299,'SummitEventAuditLog','2024-06-21 04:38:33','2024-06-21 04:38:33','Presentation created',NULL),(300,'SummitEventAuditLog','2024-06-21 04:38:33','2024-06-21 04:38:33','Presentation created',NULL),(301,'SummitEventAuditLog','2024-06-21 04:38:33','2024-06-21 04:38:33','SummitEvent created',NULL),(302,'SummitEventAuditLog','2024-06-21 04:38:33','2024-06-21 04:38:33','SummitEvent created',NULL),(303,'SummitEventAuditLog','2024-06-21 04:38:33','2024-06-21 04:38:33','SummitEvent created',NULL),(304,'SummitEventAuditLog','2024-06-21 04:38:33','2024-06-21 04:38:33','SummitEvent created',NULL),(305,'SummitEventAuditLog','2024-06-21 04:38:33','2024-06-21 04:38:33','SummitEvent created',NULL),(306,'SummitEventAuditLog','2024-06-21 04:38:33','2024-06-21 04:38:33','SummitEvent created',NULL),(307,'SummitEventAuditLog','2024-06-21 04:38:33','2024-06-21 04:38:33','SummitEvent created',NULL),(308,'SummitEventAuditLog','2024-06-21 04:38:33','2024-06-21 04:38:33','SummitEvent created',NULL),(309,'SummitEventAuditLog','2024-06-21 04:38:33','2024-06-21 04:38:33','SummitEvent created',NULL),(310,'SummitEventAuditLog','2024-06-21 04:38:33','2024-06-21 04:38:33','SummitEvent created',NULL),(311,'SummitEventAuditLog','2024-06-21 04:38:33','2024-06-21 04:38:33','SummitEvent created',NULL),(312,'SummitEventAuditLog','2024-06-21 04:38:33','2024-06-21 04:38:33','SummitEvent created',NULL),(313,'SummitEventAuditLog','2024-06-21 04:38:33','2024-06-21 04:38:33','SummitEvent created',NULL),(314,'SummitEventAuditLog','2024-06-21 04:38:33','2024-06-21 04:38:33','SummitEvent created',NULL),(315,'SummitEventAuditLog','2024-06-21 04:38:33','2024-06-21 04:38:33','SummitEvent created',NULL),(316,'SummitEventAuditLog','2024-06-21 04:38:33','2024-06-21 04:38:33','SummitEvent created',NULL),(317,'SummitEventAuditLog','2024-06-21 04:38:33','2024-06-21 04:38:33','SummitEvent created',NULL),(318,'SummitEventAuditLog','2024-06-21 04:38:33','2024-06-21 04:38:33','SummitEvent created',NULL),(319,'SummitEventAuditLog','2024-06-21 04:38:33','2024-06-21 04:38:33','SummitEvent created',NULL),(320,'SummitEventAuditLog','2024-06-21 04:38:33','2024-06-21 04:38:33','SummitEvent created',NULL),(321,'SummitEventAuditLog','2024-06-21 04:38:33','2024-06-21 04:38:33','Speaker  was added to the collection',NULL),(322,'SummitEventAuditLog','2024-06-21 04:38:33','2024-06-21 04:38:33','Speaker  was added to the collection',NULL),(323,'SummitEventAuditLog','2024-06-21 04:38:33','2024-06-21 04:38:33','Speaker  was added to the collection',NULL),(324,'SummitEventAuditLog','2024-06-21 04:38:33','2024-06-21 04:38:33','Speaker  was added to the collection',NULL),(325,'SummitEventAuditLog','2024-06-21 04:38:33','2024-06-21 04:38:33','Speaker  was added to the collection',NULL),(326,'SummitEventAuditLog','2024-06-21 04:38:33','2024-06-21 04:38:33','Speaker  was added to the collection',NULL),(327,'SummitEventAuditLog','2024-06-21 04:38:33','2024-06-21 04:38:33','Speaker  was added to the collection',NULL),(328,'SummitEventAuditLog','2024-06-21 04:38:33','2024-06-21 04:38:33','Speaker  was added to the collection',NULL),(329,'SummitEventAuditLog','2024-06-21 04:38:33','2024-06-21 04:38:33','Speaker  was added to the collection',NULL),(330,'SummitEventAuditLog','2024-06-21 04:38:33','2024-06-21 04:38:33','Speaker  was added to the collection',NULL),(331,'SummitEventAuditLog','2024-06-21 04:38:33','2024-06-21 04:38:33','Speaker  was added to the collection',NULL),(332,'SummitEventAuditLog','2024-06-21 04:38:33','2024-06-21 04:38:33','Speaker  was added to the collection',NULL),(333,'SummitEventAuditLog','2024-06-21 04:38:33','2024-06-21 04:38:33','Speaker  was added to the collection',NULL),(334,'SummitEventAuditLog','2024-06-21 04:38:33','2024-06-21 04:38:33','Speaker  was added to the collection',NULL),(335,'SummitEventAuditLog','2024-06-21 04:38:33','2024-06-21 04:38:33','Speaker  was added to the collection',NULL),(336,'SummitEventAuditLog','2024-06-21 04:38:33','2024-06-21 04:38:33','Speaker  was added to the collection',NULL),(337,'SummitEventAuditLog','2024-06-21 04:38:33','2024-06-21 04:38:33','Speaker  was added to the collection',NULL),(338,'SummitEventAuditLog','2024-06-21 04:38:33','2024-06-21 04:38:33','Speaker  was added to the collection',NULL),(339,'SummitEventAuditLog','2024-06-21 04:38:33','2024-06-21 04:38:33','Speaker  was added to the collection',NULL),(340,'SummitEventAuditLog','2024-06-21 04:38:33','2024-06-21 04:38:33','Speaker  was added to the collection',NULL),(341,'SummitEventAuditLog','2024-06-21 04:38:33','2024-06-21 04:38:33','Speaker  was added to the collection',NULL),(342,'SummitEventAuditLog','2024-06-21 04:38:33','2024-06-21 04:38:33','Speaker  was added to the collection',NULL),(343,'SummitEventAuditLog','2024-06-21 04:38:33','2024-06-21 04:38:33','Speaker  was added to the collection',NULL),(344,'SummitEventAuditLog','2024-06-21 04:38:33','2024-06-21 04:38:33','Speaker  was added to the collection',NULL),(345,'SummitEventAuditLog','2024-06-21 04:38:33','2024-06-21 04:38:33','Speaker  was added to the collection',NULL),(346,'SummitEventAuditLog','2024-06-21 04:38:33','2024-06-21 04:38:33','Speaker  was added to the collection',NULL),(347,'SummitEventAuditLog','2024-06-21 04:38:33','2024-06-21 04:38:33','Speaker  was added to the collection',NULL),(348,'SummitEventAuditLog','2024-06-21 04:38:33','2024-06-21 04:38:33','Speaker  was added to the collection',NULL),(349,'SummitEventAuditLog','2024-06-21 04:38:33','2024-06-21 04:38:33','Speaker  was added to the collection',NULL),(350,'SummitEventAuditLog','2024-06-21 04:38:33','2024-06-21 04:38:33','Speaker  was added to the collection',NULL),(351,'SummitEventAuditLog','2024-06-21 04:38:33','2024-06-21 04:38:33','Speaker  was added to the collection',NULL),(352,'SummitEventAuditLog','2024-06-21 04:38:33','2024-06-21 04:38:33','Speaker  was added to the collection',NULL),(353,'SummitEventAuditLog','2024-06-21 04:38:33','2024-06-21 04:38:33','Speaker  was added to the collection',NULL),(354,'SummitEventAuditLog','2024-06-21 04:38:33','2024-06-21 04:38:33','Speaker  was added to the collection',NULL),(355,'SummitEventAuditLog','2024-06-21 04:38:33','2024-06-21 04:38:33','Speaker  was added to the collection',NULL),(356,'SummitEventAuditLog','2024-06-21 04:38:33','2024-06-21 04:38:33','Speaker  was added to the collection',NULL),(357,'SummitEventAuditLog','2024-06-21 04:38:33','2024-06-21 04:38:33','Speaker  was added to the collection',NULL),(358,'SummitEventAuditLog','2024-06-21 04:38:33','2024-06-21 04:38:33','Speaker  was added to the collection',NULL),(359,'SummitEventAuditLog','2024-06-21 04:38:33','2024-06-21 04:38:33','Speaker  was added to the collection',NULL),(360,'SummitEventAuditLog','2024-06-21 04:38:33','2024-06-21 04:38:33','Speaker  was added to the collection',NULL),(361,'SummitEventAuditLog','2024-06-21 04:39:40','2024-06-21 04:39:40','Presentation created',NULL),(362,'SummitEventAuditLog','2024-06-21 04:39:40','2024-06-21 04:39:40','Presentation created',NULL),(363,'SummitEventAuditLog','2024-06-21 04:39:40','2024-06-21 04:39:40','Presentation created',NULL),(364,'SummitEventAuditLog','2024-06-21 04:39:40','2024-06-21 04:39:40','Presentation created',NULL),(365,'SummitEventAuditLog','2024-06-21 04:39:40','2024-06-21 04:39:40','Presentation created',NULL),(366,'SummitEventAuditLog','2024-06-21 04:39:40','2024-06-21 04:39:40','Presentation created',NULL),(367,'SummitEventAuditLog','2024-06-21 04:39:40','2024-06-21 04:39:40','Presentation created',NULL),(368,'SummitEventAuditLog','2024-06-21 04:39:40','2024-06-21 04:39:40','Presentation created',NULL),(369,'SummitEventAuditLog','2024-06-21 04:39:40','2024-06-21 04:39:40','Presentation created',NULL),(370,'SummitEventAuditLog','2024-06-21 04:39:40','2024-06-21 04:39:40','Presentation created',NULL),(371,'SummitEventAuditLog','2024-06-21 04:39:40','2024-06-21 04:39:40','Presentation created',NULL),(372,'SummitEventAuditLog','2024-06-21 04:39:40','2024-06-21 04:39:40','Presentation created',NULL),(373,'SummitEventAuditLog','2024-06-21 04:39:40','2024-06-21 04:39:40','Presentation created',NULL),(374,'SummitEventAuditLog','2024-06-21 04:39:40','2024-06-21 04:39:40','Presentation created',NULL),(375,'SummitEventAuditLog','2024-06-21 04:39:40','2024-06-21 04:39:40','Presentation created',NULL),(376,'SummitEventAuditLog','2024-06-21 04:39:40','2024-06-21 04:39:40','Presentation created',NULL),(377,'SummitEventAuditLog','2024-06-21 04:39:40','2024-06-21 04:39:40','Presentation created',NULL),(378,'SummitEventAuditLog','2024-06-21 04:39:40','2024-06-21 04:39:40','Presentation created',NULL),(379,'SummitEventAuditLog','2024-06-21 04:39:40','2024-06-21 04:39:40','Presentation created',NULL),(380,'SummitEventAuditLog','2024-06-21 04:39:40','2024-06-21 04:39:40','Presentation created',NULL),(381,'SummitEventAuditLog','2024-06-21 04:39:40','2024-06-21 04:39:40','Presentation created',NULL),(382,'SummitEventAuditLog','2024-06-21 04:39:40','2024-06-21 04:39:40','Presentation created',NULL),(383,'SummitEventAuditLog','2024-06-21 04:39:40','2024-06-21 04:39:40','Presentation created',NULL),(384,'SummitEventAuditLog','2024-06-21 04:39:40','2024-06-21 04:39:40','Presentation created',NULL),(385,'SummitEventAuditLog','2024-06-21 04:39:40','2024-06-21 04:39:40','Presentation created',NULL),(386,'SummitEventAuditLog','2024-06-21 04:39:40','2024-06-21 04:39:40','Presentation created',NULL),(387,'SummitEventAuditLog','2024-06-21 04:39:40','2024-06-21 04:39:40','Presentation created',NULL),(388,'SummitEventAuditLog','2024-06-21 04:39:40','2024-06-21 04:39:40','Presentation created',NULL),(389,'SummitEventAuditLog','2024-06-21 04:39:40','2024-06-21 04:39:40','Presentation created',NULL),(390,'SummitEventAuditLog','2024-06-21 04:39:40','2024-06-21 04:39:40','Presentation created',NULL),(391,'SummitEventAuditLog','2024-06-21 04:39:40','2024-06-21 04:39:40','Presentation created',NULL),(392,'SummitEventAuditLog','2024-06-21 04:39:40','2024-06-21 04:39:40','Presentation created',NULL),(393,'SummitEventAuditLog','2024-06-21 04:39:40','2024-06-21 04:39:40','Presentation created',NULL),(394,'SummitEventAuditLog','2024-06-21 04:39:40','2024-06-21 04:39:40','Presentation created',NULL),(395,'SummitEventAuditLog','2024-06-21 04:39:40','2024-06-21 04:39:40','Presentation created',NULL),(396,'SummitEventAuditLog','2024-06-21 04:39:40','2024-06-21 04:39:40','Presentation created',NULL),(397,'SummitEventAuditLog','2024-06-21 04:39:40','2024-06-21 04:39:40','Presentation created',NULL),(398,'SummitEventAuditLog','2024-06-21 04:39:40','2024-06-21 04:39:40','Presentation created',NULL),(399,'SummitEventAuditLog','2024-06-21 04:39:40','2024-06-21 04:39:40','Presentation created',NULL),(400,'SummitEventAuditLog','2024-06-21 04:39:40','2024-06-21 04:39:40','Presentation created',NULL),(401,'SummitEventAuditLog','2024-06-21 04:39:40','2024-06-21 04:39:40','Presentation created',NULL),(402,'SummitEventAuditLog','2024-06-21 04:39:40','2024-06-21 04:39:40','Presentation created',NULL),(403,'SummitEventAuditLog','2024-06-21 04:39:40','2024-06-21 04:39:40','Presentation created',NULL),(404,'SummitEventAuditLog','2024-06-21 04:39:40','2024-06-21 04:39:40','Presentation created',NULL),(405,'SummitEventAuditLog','2024-06-21 04:39:40','2024-06-21 04:39:40','Presentation created',NULL),(406,'SummitEventAuditLog','2024-06-21 04:39:40','2024-06-21 04:39:40','Presentation created',NULL),(407,'SummitEventAuditLog','2024-06-21 04:39:40','2024-06-21 04:39:40','Presentation created',NULL),(408,'SummitEventAuditLog','2024-06-21 04:39:40','2024-06-21 04:39:40','Presentation created',NULL),(409,'SummitEventAuditLog','2024-06-21 04:39:40','2024-06-21 04:39:40','Presentation created',NULL),(410,'SummitEventAuditLog','2024-06-21 04:39:40','2024-06-21 04:39:40','Presentation created',NULL),(411,'SummitEventAuditLog','2024-06-21 04:39:40','2024-06-21 04:39:40','Presentation created',NULL),(412,'SummitEventAuditLog','2024-06-21 04:39:40','2024-06-21 04:39:40','Presentation created',NULL),(413,'SummitEventAuditLog','2024-06-21 04:39:40','2024-06-21 04:39:40','Presentation created',NULL),(414,'SummitEventAuditLog','2024-06-21 04:39:40','2024-06-21 04:39:40','Presentation created',NULL),(415,'SummitEventAuditLog','2024-06-21 04:39:40','2024-06-21 04:39:40','Presentation created',NULL),(416,'SummitEventAuditLog','2024-06-21 04:39:40','2024-06-21 04:39:40','Presentation created',NULL),(417,'SummitEventAuditLog','2024-06-21 04:39:40','2024-06-21 04:39:40','Presentation created',NULL),(418,'SummitEventAuditLog','2024-06-21 04:39:40','2024-06-21 04:39:40','Presentation created',NULL),(419,'SummitEventAuditLog','2024-06-21 04:39:40','2024-06-21 04:39:40','Presentation created',NULL),(420,'SummitEventAuditLog','2024-06-21 04:39:40','2024-06-21 04:39:40','Presentation created',NULL),(421,'SummitEventAuditLog','2024-06-21 04:39:40','2024-06-21 04:39:40','SummitEvent created',NULL),(422,'SummitEventAuditLog','2024-06-21 04:39:40','2024-06-21 04:39:40','SummitEvent created',NULL),(423,'SummitEventAuditLog','2024-06-21 04:39:40','2024-06-21 04:39:40','SummitEvent created',NULL),(424,'SummitEventAuditLog','2024-06-21 04:39:40','2024-06-21 04:39:40','SummitEvent created',NULL),(425,'SummitEventAuditLog','2024-06-21 04:39:40','2024-06-21 04:39:40','SummitEvent created',NULL),(426,'SummitEventAuditLog','2024-06-21 04:39:40','2024-06-21 04:39:40','SummitEvent created',NULL),(427,'SummitEventAuditLog','2024-06-21 04:39:40','2024-06-21 04:39:40','SummitEvent created',NULL),(428,'SummitEventAuditLog','2024-06-21 04:39:40','2024-06-21 04:39:40','SummitEvent created',NULL),(429,'SummitEventAuditLog','2024-06-21 04:39:40','2024-06-21 04:39:40','SummitEvent created',NULL),(430,'SummitEventAuditLog','2024-06-21 04:39:40','2024-06-21 04:39:40','SummitEvent created',NULL),(431,'SummitEventAuditLog','2024-06-21 04:39:40','2024-06-21 04:39:40','SummitEvent created',NULL),(432,'SummitEventAuditLog','2024-06-21 04:39:40','2024-06-21 04:39:40','SummitEvent created',NULL),(433,'SummitEventAuditLog','2024-06-21 04:39:40','2024-06-21 04:39:40','SummitEvent created',NULL),(434,'SummitEventAuditLog','2024-06-21 04:39:40','2024-06-21 04:39:40','SummitEvent created',NULL),(435,'SummitEventAuditLog','2024-06-21 04:39:40','2024-06-21 04:39:40','SummitEvent created',NULL),(436,'SummitEventAuditLog','2024-06-21 04:39:40','2024-06-21 04:39:40','SummitEvent created',NULL),(437,'SummitEventAuditLog','2024-06-21 04:39:40','2024-06-21 04:39:40','SummitEvent created',NULL),(438,'SummitEventAuditLog','2024-06-21 04:39:40','2024-06-21 04:39:40','SummitEvent created',NULL),(439,'SummitEventAuditLog','2024-06-21 04:39:40','2024-06-21 04:39:40','SummitEvent created',NULL),(440,'SummitEventAuditLog','2024-06-21 04:39:40','2024-06-21 04:39:40','SummitEvent created',NULL),(441,'SummitEventAuditLog','2024-06-21 04:39:40','2024-06-21 04:39:40','Speaker  was added to the collection',NULL),(442,'SummitEventAuditLog','2024-06-21 04:39:40','2024-06-21 04:39:40','Speaker  was added to the collection',NULL),(443,'SummitEventAuditLog','2024-06-21 04:39:40','2024-06-21 04:39:40','Speaker  was added to the collection',NULL),(444,'SummitEventAuditLog','2024-06-21 04:39:40','2024-06-21 04:39:40','Speaker  was added to the collection',NULL),(445,'SummitEventAuditLog','2024-06-21 04:39:40','2024-06-21 04:39:40','Speaker  was added to the collection',NULL),(446,'SummitEventAuditLog','2024-06-21 04:39:40','2024-06-21 04:39:40','Speaker  was added to the collection',NULL),(447,'SummitEventAuditLog','2024-06-21 04:39:40','2024-06-21 04:39:40','Speaker  was added to the collection',NULL),(448,'SummitEventAuditLog','2024-06-21 04:39:40','2024-06-21 04:39:40','Speaker  was added to the collection',NULL),(449,'SummitEventAuditLog','2024-06-21 04:39:40','2024-06-21 04:39:40','Speaker  was added to the collection',NULL),(450,'SummitEventAuditLog','2024-06-21 04:39:40','2024-06-21 04:39:40','Speaker  was added to the collection',NULL),(451,'SummitEventAuditLog','2024-06-21 04:39:40','2024-06-21 04:39:40','Speaker  was added to the collection',NULL),(452,'SummitEventAuditLog','2024-06-21 04:39:40','2024-06-21 04:39:40','Speaker  was added to the collection',NULL),(453,'SummitEventAuditLog','2024-06-21 04:39:40','2024-06-21 04:39:40','Speaker  was added to the collection',NULL),(454,'SummitEventAuditLog','2024-06-21 04:39:40','2024-06-21 04:39:40','Speaker  was added to the collection',NULL),(455,'SummitEventAuditLog','2024-06-21 04:39:40','2024-06-21 04:39:40','Speaker  was added to the collection',NULL),(456,'SummitEventAuditLog','2024-06-21 04:39:40','2024-06-21 04:39:40','Speaker  was added to the collection',NULL),(457,'SummitEventAuditLog','2024-06-21 04:39:40','2024-06-21 04:39:40','Speaker  was added to the collection',NULL),(458,'SummitEventAuditLog','2024-06-21 04:39:40','2024-06-21 04:39:40','Speaker  was added to the collection',NULL),(459,'SummitEventAuditLog','2024-06-21 04:39:40','2024-06-21 04:39:40','Speaker  was added to the collection',NULL),(460,'SummitEventAuditLog','2024-06-21 04:39:40','2024-06-21 04:39:40','Speaker  was added to the collection',NULL),(461,'SummitEventAuditLog','2024-06-21 04:39:40','2024-06-21 04:39:40','Speaker  was added to the collection',NULL),(462,'SummitEventAuditLog','2024-06-21 04:39:40','2024-06-21 04:39:40','Speaker  was added to the collection',NULL),(463,'SummitEventAuditLog','2024-06-21 04:39:40','2024-06-21 04:39:40','Speaker  was added to the collection',NULL),(464,'SummitEventAuditLog','2024-06-21 04:39:40','2024-06-21 04:39:40','Speaker  was added to the collection',NULL),(465,'SummitEventAuditLog','2024-06-21 04:39:40','2024-06-21 04:39:40','Speaker  was added to the collection',NULL),(466,'SummitEventAuditLog','2024-06-21 04:39:40','2024-06-21 04:39:40','Speaker  was added to the collection',NULL),(467,'SummitEventAuditLog','2024-06-21 04:39:40','2024-06-21 04:39:40','Speaker  was added to the collection',NULL),(468,'SummitEventAuditLog','2024-06-21 04:39:40','2024-06-21 04:39:40','Speaker  was added to the collection',NULL),(469,'SummitEventAuditLog','2024-06-21 04:39:40','2024-06-21 04:39:40','Speaker  was added to the collection',NULL),(470,'SummitEventAuditLog','2024-06-21 04:39:40','2024-06-21 04:39:40','Speaker  was added to the collection',NULL),(471,'SummitEventAuditLog','2024-06-21 04:39:40','2024-06-21 04:39:40','Speaker  was added to the collection',NULL),(472,'SummitEventAuditLog','2024-06-21 04:39:40','2024-06-21 04:39:40','Speaker  was added to the collection',NULL),(473,'SummitEventAuditLog','2024-06-21 04:39:40','2024-06-21 04:39:40','Speaker  was added to the collection',NULL),(474,'SummitEventAuditLog','2024-06-21 04:39:40','2024-06-21 04:39:40','Speaker  was added to the collection',NULL),(475,'SummitEventAuditLog','2024-06-21 04:39:40','2024-06-21 04:39:40','Speaker  was added to the collection',NULL),(476,'SummitEventAuditLog','2024-06-21 04:39:40','2024-06-21 04:39:40','Speaker  was added to the collection',NULL),(477,'SummitEventAuditLog','2024-06-21 04:39:40','2024-06-21 04:39:40','Speaker  was added to the collection',NULL),(478,'SummitEventAuditLog','2024-06-21 04:39:40','2024-06-21 04:39:40','Speaker  was added to the collection',NULL),(479,'SummitEventAuditLog','2024-06-21 04:39:40','2024-06-21 04:39:40','Speaker  was added to the collection',NULL),(480,'SummitEventAuditLog','2024-06-21 04:39:40','2024-06-21 04:39:40','Speaker  was added to the collection',NULL),(481,'SummitEventAuditLog','2024-06-21 04:40:06','2024-06-21 04:40:06','Presentation created',NULL),(482,'SummitEventAuditLog','2024-06-21 04:40:06','2024-06-21 04:40:06','Presentation created',NULL),(483,'SummitEventAuditLog','2024-06-21 04:40:06','2024-06-21 04:40:06','Presentation created',NULL),(484,'SummitEventAuditLog','2024-06-21 04:40:06','2024-06-21 04:40:06','Presentation created',NULL),(485,'SummitEventAuditLog','2024-06-21 04:40:06','2024-06-21 04:40:06','Presentation created',NULL),(486,'SummitEventAuditLog','2024-06-21 04:40:06','2024-06-21 04:40:06','Presentation created',NULL),(487,'SummitEventAuditLog','2024-06-21 04:40:06','2024-06-21 04:40:06','Presentation created',NULL),(488,'SummitEventAuditLog','2024-06-21 04:40:06','2024-06-21 04:40:06','Presentation created',NULL),(489,'SummitEventAuditLog','2024-06-21 04:40:06','2024-06-21 04:40:06','Presentation created',NULL),(490,'SummitEventAuditLog','2024-06-21 04:40:06','2024-06-21 04:40:06','Presentation created',NULL),(491,'SummitEventAuditLog','2024-06-21 04:40:06','2024-06-21 04:40:06','Presentation created',NULL),(492,'SummitEventAuditLog','2024-06-21 04:40:06','2024-06-21 04:40:06','Presentation created',NULL),(493,'SummitEventAuditLog','2024-06-21 04:40:06','2024-06-21 04:40:06','Presentation created',NULL),(494,'SummitEventAuditLog','2024-06-21 04:40:06','2024-06-21 04:40:06','Presentation created',NULL),(495,'SummitEventAuditLog','2024-06-21 04:40:06','2024-06-21 04:40:06','Presentation created',NULL),(496,'SummitEventAuditLog','2024-06-21 04:40:06','2024-06-21 04:40:06','Presentation created',NULL),(497,'SummitEventAuditLog','2024-06-21 04:40:06','2024-06-21 04:40:06','Presentation created',NULL),(498,'SummitEventAuditLog','2024-06-21 04:40:06','2024-06-21 04:40:06','Presentation created',NULL),(499,'SummitEventAuditLog','2024-06-21 04:40:06','2024-06-21 04:40:06','Presentation created',NULL),(500,'SummitEventAuditLog','2024-06-21 04:40:06','2024-06-21 04:40:06','Presentation created',NULL),(501,'SummitEventAuditLog','2024-06-21 04:40:06','2024-06-21 04:40:06','Presentation created',NULL),(502,'SummitEventAuditLog','2024-06-21 04:40:06','2024-06-21 04:40:06','Presentation created',NULL),(503,'SummitEventAuditLog','2024-06-21 04:40:06','2024-06-21 04:40:06','Presentation created',NULL),(504,'SummitEventAuditLog','2024-06-21 04:40:06','2024-06-21 04:40:06','Presentation created',NULL),(505,'SummitEventAuditLog','2024-06-21 04:40:06','2024-06-21 04:40:06','Presentation created',NULL),(506,'SummitEventAuditLog','2024-06-21 04:40:06','2024-06-21 04:40:06','Presentation created',NULL),(507,'SummitEventAuditLog','2024-06-21 04:40:06','2024-06-21 04:40:06','Presentation created',NULL),(508,'SummitEventAuditLog','2024-06-21 04:40:06','2024-06-21 04:40:06','Presentation created',NULL),(509,'SummitEventAuditLog','2024-06-21 04:40:06','2024-06-21 04:40:06','Presentation created',NULL),(510,'SummitEventAuditLog','2024-06-21 04:40:06','2024-06-21 04:40:06','Presentation created',NULL),(511,'SummitEventAuditLog','2024-06-21 04:40:06','2024-06-21 04:40:06','Presentation created',NULL),(512,'SummitEventAuditLog','2024-06-21 04:40:06','2024-06-21 04:40:06','Presentation created',NULL),(513,'SummitEventAuditLog','2024-06-21 04:40:06','2024-06-21 04:40:06','Presentation created',NULL),(514,'SummitEventAuditLog','2024-06-21 04:40:06','2024-06-21 04:40:06','Presentation created',NULL),(515,'SummitEventAuditLog','2024-06-21 04:40:06','2024-06-21 04:40:06','Presentation created',NULL),(516,'SummitEventAuditLog','2024-06-21 04:40:06','2024-06-21 04:40:06','Presentation created',NULL),(517,'SummitEventAuditLog','2024-06-21 04:40:06','2024-06-21 04:40:06','Presentation created',NULL),(518,'SummitEventAuditLog','2024-06-21 04:40:06','2024-06-21 04:40:06','Presentation created',NULL),(519,'SummitEventAuditLog','2024-06-21 04:40:06','2024-06-21 04:40:06','Presentation created',NULL),(520,'SummitEventAuditLog','2024-06-21 04:40:06','2024-06-21 04:40:06','Presentation created',NULL),(521,'SummitEventAuditLog','2024-06-21 04:40:06','2024-06-21 04:40:06','Presentation created',NULL),(522,'SummitEventAuditLog','2024-06-21 04:40:06','2024-06-21 04:40:06','Presentation created',NULL),(523,'SummitEventAuditLog','2024-06-21 04:40:06','2024-06-21 04:40:06','Presentation created',NULL),(524,'SummitEventAuditLog','2024-06-21 04:40:06','2024-06-21 04:40:06','Presentation created',NULL),(525,'SummitEventAuditLog','2024-06-21 04:40:06','2024-06-21 04:40:06','Presentation created',NULL),(526,'SummitEventAuditLog','2024-06-21 04:40:06','2024-06-21 04:40:06','Presentation created',NULL),(527,'SummitEventAuditLog','2024-06-21 04:40:06','2024-06-21 04:40:06','Presentation created',NULL),(528,'SummitEventAuditLog','2024-06-21 04:40:06','2024-06-21 04:40:06','Presentation created',NULL),(529,'SummitEventAuditLog','2024-06-21 04:40:06','2024-06-21 04:40:06','Presentation created',NULL),(530,'SummitEventAuditLog','2024-06-21 04:40:06','2024-06-21 04:40:06','Presentation created',NULL),(531,'SummitEventAuditLog','2024-06-21 04:40:06','2024-06-21 04:40:06','Presentation created',NULL),(532,'SummitEventAuditLog','2024-06-21 04:40:06','2024-06-21 04:40:06','Presentation created',NULL),(533,'SummitEventAuditLog','2024-06-21 04:40:06','2024-06-21 04:40:06','Presentation created',NULL),(534,'SummitEventAuditLog','2024-06-21 04:40:06','2024-06-21 04:40:06','Presentation created',NULL),(535,'SummitEventAuditLog','2024-06-21 04:40:06','2024-06-21 04:40:06','Presentation created',NULL),(536,'SummitEventAuditLog','2024-06-21 04:40:06','2024-06-21 04:40:06','Presentation created',NULL),(537,'SummitEventAuditLog','2024-06-21 04:40:06','2024-06-21 04:40:06','Presentation created',NULL),(538,'SummitEventAuditLog','2024-06-21 04:40:06','2024-06-21 04:40:06','Presentation created',NULL),(539,'SummitEventAuditLog','2024-06-21 04:40:06','2024-06-21 04:40:06','Presentation created',NULL),(540,'SummitEventAuditLog','2024-06-21 04:40:06','2024-06-21 04:40:06','Presentation created',NULL),(541,'SummitEventAuditLog','2024-06-21 04:40:06','2024-06-21 04:40:06','SummitEvent created',NULL),(542,'SummitEventAuditLog','2024-06-21 04:40:06','2024-06-21 04:40:06','SummitEvent created',NULL),(543,'SummitEventAuditLog','2024-06-21 04:40:06','2024-06-21 04:40:06','SummitEvent created',NULL),(544,'SummitEventAuditLog','2024-06-21 04:40:06','2024-06-21 04:40:06','SummitEvent created',NULL),(545,'SummitEventAuditLog','2024-06-21 04:40:06','2024-06-21 04:40:06','SummitEvent created',NULL),(546,'SummitEventAuditLog','2024-06-21 04:40:06','2024-06-21 04:40:06','SummitEvent created',NULL),(547,'SummitEventAuditLog','2024-06-21 04:40:06','2024-06-21 04:40:06','SummitEvent created',NULL),(548,'SummitEventAuditLog','2024-06-21 04:40:06','2024-06-21 04:40:06','SummitEvent created',NULL),(549,'SummitEventAuditLog','2024-06-21 04:40:06','2024-06-21 04:40:06','SummitEvent created',NULL),(550,'SummitEventAuditLog','2024-06-21 04:40:06','2024-06-21 04:40:06','SummitEvent created',NULL),(551,'SummitEventAuditLog','2024-06-21 04:40:06','2024-06-21 04:40:06','SummitEvent created',NULL),(552,'SummitEventAuditLog','2024-06-21 04:40:06','2024-06-21 04:40:06','SummitEvent created',NULL),(553,'SummitEventAuditLog','2024-06-21 04:40:06','2024-06-21 04:40:06','SummitEvent created',NULL),(554,'SummitEventAuditLog','2024-06-21 04:40:06','2024-06-21 04:40:06','SummitEvent created',NULL),(555,'SummitEventAuditLog','2024-06-21 04:40:06','2024-06-21 04:40:06','SummitEvent created',NULL),(556,'SummitEventAuditLog','2024-06-21 04:40:06','2024-06-21 04:40:06','SummitEvent created',NULL),(557,'SummitEventAuditLog','2024-06-21 04:40:06','2024-06-21 04:40:06','SummitEvent created',NULL),(558,'SummitEventAuditLog','2024-06-21 04:40:06','2024-06-21 04:40:06','SummitEvent created',NULL),(559,'SummitEventAuditLog','2024-06-21 04:40:06','2024-06-21 04:40:06','SummitEvent created',NULL),(560,'SummitEventAuditLog','2024-06-21 04:40:06','2024-06-21 04:40:06','SummitEvent created',NULL),(561,'SummitEventAuditLog','2024-06-21 04:40:06','2024-06-21 04:40:06','Speaker  was added to the collection',NULL),(562,'SummitEventAuditLog','2024-06-21 04:40:06','2024-06-21 04:40:06','Speaker  was added to the collection',NULL),(563,'SummitEventAuditLog','2024-06-21 04:40:06','2024-06-21 04:40:06','Speaker  was added to the collection',NULL),(564,'SummitEventAuditLog','2024-06-21 04:40:06','2024-06-21 04:40:06','Speaker  was added to the collection',NULL),(565,'SummitEventAuditLog','2024-06-21 04:40:06','2024-06-21 04:40:06','Speaker  was added to the collection',NULL),(566,'SummitEventAuditLog','2024-06-21 04:40:06','2024-06-21 04:40:06','Speaker  was added to the collection',NULL),(567,'SummitEventAuditLog','2024-06-21 04:40:06','2024-06-21 04:40:06','Speaker  was added to the collection',NULL),(568,'SummitEventAuditLog','2024-06-21 04:40:06','2024-06-21 04:40:06','Speaker  was added to the collection',NULL),(569,'SummitEventAuditLog','2024-06-21 04:40:06','2024-06-21 04:40:06','Speaker  was added to the collection',NULL),(570,'SummitEventAuditLog','2024-06-21 04:40:06','2024-06-21 04:40:06','Speaker  was added to the collection',NULL),(571,'SummitEventAuditLog','2024-06-21 04:40:06','2024-06-21 04:40:06','Speaker  was added to the collection',NULL),(572,'SummitEventAuditLog','2024-06-21 04:40:06','2024-06-21 04:40:06','Speaker  was added to the collection',NULL),(573,'SummitEventAuditLog','2024-06-21 04:40:06','2024-06-21 04:40:06','Speaker  was added to the collection',NULL),(574,'SummitEventAuditLog','2024-06-21 04:40:06','2024-06-21 04:40:06','Speaker  was added to the collection',NULL),(575,'SummitEventAuditLog','2024-06-21 04:40:06','2024-06-21 04:40:06','Speaker  was added to the collection',NULL),(576,'SummitEventAuditLog','2024-06-21 04:40:06','2024-06-21 04:40:06','Speaker  was added to the collection',NULL),(577,'SummitEventAuditLog','2024-06-21 04:40:06','2024-06-21 04:40:06','Speaker  was added to the collection',NULL),(578,'SummitEventAuditLog','2024-06-21 04:40:06','2024-06-21 04:40:06','Speaker  was added to the collection',NULL),(579,'SummitEventAuditLog','2024-06-21 04:40:06','2024-06-21 04:40:06','Speaker  was added to the collection',NULL),(580,'SummitEventAuditLog','2024-06-21 04:40:06','2024-06-21 04:40:06','Speaker  was added to the collection',NULL),(581,'SummitEventAuditLog','2024-06-21 04:40:06','2024-06-21 04:40:06','Speaker  was added to the collection',NULL),(582,'SummitEventAuditLog','2024-06-21 04:40:06','2024-06-21 04:40:06','Speaker  was added to the collection',NULL),(583,'SummitEventAuditLog','2024-06-21 04:40:06','2024-06-21 04:40:06','Speaker  was added to the collection',NULL),(584,'SummitEventAuditLog','2024-06-21 04:40:06','2024-06-21 04:40:06','Speaker  was added to the collection',NULL),(585,'SummitEventAuditLog','2024-06-21 04:40:06','2024-06-21 04:40:06','Speaker  was added to the collection',NULL),(586,'SummitEventAuditLog','2024-06-21 04:40:06','2024-06-21 04:40:06','Speaker  was added to the collection',NULL),(587,'SummitEventAuditLog','2024-06-21 04:40:06','2024-06-21 04:40:06','Speaker  was added to the collection',NULL),(588,'SummitEventAuditLog','2024-06-21 04:40:06','2024-06-21 04:40:06','Speaker  was added to the collection',NULL),(589,'SummitEventAuditLog','2024-06-21 04:40:06','2024-06-21 04:40:06','Speaker  was added to the collection',NULL),(590,'SummitEventAuditLog','2024-06-21 04:40:06','2024-06-21 04:40:06','Speaker  was added to the collection',NULL),(591,'SummitEventAuditLog','2024-06-21 04:40:06','2024-06-21 04:40:06','Speaker  was added to the collection',NULL),(592,'SummitEventAuditLog','2024-06-21 04:40:06','2024-06-21 04:40:06','Speaker  was added to the collection',NULL),(593,'SummitEventAuditLog','2024-06-21 04:40:06','2024-06-21 04:40:06','Speaker  was added to the collection',NULL),(594,'SummitEventAuditLog','2024-06-21 04:40:06','2024-06-21 04:40:06','Speaker  was added to the collection',NULL),(595,'SummitEventAuditLog','2024-06-21 04:40:06','2024-06-21 04:40:06','Speaker  was added to the collection',NULL),(596,'SummitEventAuditLog','2024-06-21 04:40:06','2024-06-21 04:40:06','Speaker  was added to the collection',NULL),(597,'SummitEventAuditLog','2024-06-21 04:40:06','2024-06-21 04:40:06','Speaker  was added to the collection',NULL),(598,'SummitEventAuditLog','2024-06-21 04:40:06','2024-06-21 04:40:06','Speaker  was added to the collection',NULL),(599,'SummitEventAuditLog','2024-06-21 04:40:06','2024-06-21 04:40:06','Speaker  was added to the collection',NULL),(600,'SummitEventAuditLog','2024-06-21 04:40:06','2024-06-21 04:40:06','Speaker  was added to the collection',NULL),(601,'SummitEventAuditLog','2024-06-21 11:13:56','2024-06-21 11:13:56','Presentation created',NULL),(602,'SummitEventAuditLog','2024-06-21 11:13:56','2024-06-21 11:13:56','Presentation created',NULL),(603,'SummitEventAuditLog','2024-06-21 11:13:56','2024-06-21 11:13:56','Presentation created',NULL),(604,'SummitEventAuditLog','2024-06-21 11:13:56','2024-06-21 11:13:56','Presentation created',NULL),(605,'SummitEventAuditLog','2024-06-21 11:13:56','2024-06-21 11:13:56','Presentation created',NULL),(606,'SummitEventAuditLog','2024-06-21 11:13:56','2024-06-21 11:13:56','Presentation created',NULL),(607,'SummitEventAuditLog','2024-06-21 11:13:56','2024-06-21 11:13:56','Presentation created',NULL),(608,'SummitEventAuditLog','2024-06-21 11:13:56','2024-06-21 11:13:56','Presentation created',NULL),(609,'SummitEventAuditLog','2024-06-21 11:13:56','2024-06-21 11:13:56','Presentation created',NULL),(610,'SummitEventAuditLog','2024-06-21 11:13:56','2024-06-21 11:13:56','Presentation created',NULL),(611,'SummitEventAuditLog','2024-06-21 11:13:56','2024-06-21 11:13:56','Presentation created',NULL),(612,'SummitEventAuditLog','2024-06-21 11:13:56','2024-06-21 11:13:56','Presentation created',NULL),(613,'SummitEventAuditLog','2024-06-21 11:13:56','2024-06-21 11:13:56','Presentation created',NULL),(614,'SummitEventAuditLog','2024-06-21 11:13:56','2024-06-21 11:13:56','Presentation created',NULL),(615,'SummitEventAuditLog','2024-06-21 11:13:56','2024-06-21 11:13:56','Presentation created',NULL),(616,'SummitEventAuditLog','2024-06-21 11:13:56','2024-06-21 11:13:56','Presentation created',NULL),(617,'SummitEventAuditLog','2024-06-21 11:13:56','2024-06-21 11:13:56','Presentation created',NULL),(618,'SummitEventAuditLog','2024-06-21 11:13:56','2024-06-21 11:13:56','Presentation created',NULL),(619,'SummitEventAuditLog','2024-06-21 11:13:56','2024-06-21 11:13:56','Presentation created',NULL),(620,'SummitEventAuditLog','2024-06-21 11:13:56','2024-06-21 11:13:56','Presentation created',NULL),(621,'SummitEventAuditLog','2024-06-21 11:13:56','2024-06-21 11:13:56','Presentation created',NULL),(622,'SummitEventAuditLog','2024-06-21 11:13:56','2024-06-21 11:13:56','Presentation created',NULL),(623,'SummitEventAuditLog','2024-06-21 11:13:56','2024-06-21 11:13:56','Presentation created',NULL),(624,'SummitEventAuditLog','2024-06-21 11:13:56','2024-06-21 11:13:56','Presentation created',NULL),(625,'SummitEventAuditLog','2024-06-21 11:13:56','2024-06-21 11:13:56','Presentation created',NULL),(626,'SummitEventAuditLog','2024-06-21 11:13:56','2024-06-21 11:13:56','Presentation created',NULL),(627,'SummitEventAuditLog','2024-06-21 11:13:56','2024-06-21 11:13:56','Presentation created',NULL),(628,'SummitEventAuditLog','2024-06-21 11:13:56','2024-06-21 11:13:56','Presentation created',NULL),(629,'SummitEventAuditLog','2024-06-21 11:13:56','2024-06-21 11:13:56','Presentation created',NULL),(630,'SummitEventAuditLog','2024-06-21 11:13:56','2024-06-21 11:13:56','Presentation created',NULL),(631,'SummitEventAuditLog','2024-06-21 11:13:56','2024-06-21 11:13:56','Presentation created',NULL),(632,'SummitEventAuditLog','2024-06-21 11:13:56','2024-06-21 11:13:56','Presentation created',NULL),(633,'SummitEventAuditLog','2024-06-21 11:13:56','2024-06-21 11:13:56','Presentation created',NULL),(634,'SummitEventAuditLog','2024-06-21 11:13:56','2024-06-21 11:13:56','Presentation created',NULL),(635,'SummitEventAuditLog','2024-06-21 11:13:56','2024-06-21 11:13:56','Presentation created',NULL),(636,'SummitEventAuditLog','2024-06-21 11:13:56','2024-06-21 11:13:56','Presentation created',NULL),(637,'SummitEventAuditLog','2024-06-21 11:13:56','2024-06-21 11:13:56','Presentation created',NULL),(638,'SummitEventAuditLog','2024-06-21 11:13:56','2024-06-21 11:13:56','Presentation created',NULL),(639,'SummitEventAuditLog','2024-06-21 11:13:56','2024-06-21 11:13:56','Presentation created',NULL),(640,'SummitEventAuditLog','2024-06-21 11:13:56','2024-06-21 11:13:56','Presentation created',NULL),(641,'SummitEventAuditLog','2024-06-21 11:13:56','2024-06-21 11:13:56','Presentation created',NULL),(642,'SummitEventAuditLog','2024-06-21 11:13:56','2024-06-21 11:13:56','Presentation created',NULL),(643,'SummitEventAuditLog','2024-06-21 11:13:56','2024-06-21 11:13:56','Presentation created',NULL),(644,'SummitEventAuditLog','2024-06-21 11:13:56','2024-06-21 11:13:56','Presentation created',NULL),(645,'SummitEventAuditLog','2024-06-21 11:13:56','2024-06-21 11:13:56','Presentation created',NULL),(646,'SummitEventAuditLog','2024-06-21 11:13:56','2024-06-21 11:13:56','Presentation created',NULL),(647,'SummitEventAuditLog','2024-06-21 11:13:56','2024-06-21 11:13:56','Presentation created',NULL),(648,'SummitEventAuditLog','2024-06-21 11:13:56','2024-06-21 11:13:56','Presentation created',NULL),(649,'SummitEventAuditLog','2024-06-21 11:13:56','2024-06-21 11:13:56','Presentation created',NULL),(650,'SummitEventAuditLog','2024-06-21 11:13:56','2024-06-21 11:13:56','Presentation created',NULL),(651,'SummitEventAuditLog','2024-06-21 11:13:56','2024-06-21 11:13:56','Presentation created',NULL),(652,'SummitEventAuditLog','2024-06-21 11:13:56','2024-06-21 11:13:56','Presentation created',NULL),(653,'SummitEventAuditLog','2024-06-21 11:13:56','2024-06-21 11:13:56','Presentation created',NULL),(654,'SummitEventAuditLog','2024-06-21 11:13:56','2024-06-21 11:13:56','Presentation created',NULL),(655,'SummitEventAuditLog','2024-06-21 11:13:56','2024-06-21 11:13:56','Presentation created',NULL),(656,'SummitEventAuditLog','2024-06-21 11:13:56','2024-06-21 11:13:56','Presentation created',NULL),(657,'SummitEventAuditLog','2024-06-21 11:13:56','2024-06-21 11:13:56','Presentation created',NULL),(658,'SummitEventAuditLog','2024-06-21 11:13:56','2024-06-21 11:13:56','Presentation created',NULL),(659,'SummitEventAuditLog','2024-06-21 11:13:56','2024-06-21 11:13:56','Presentation created',NULL),(660,'SummitEventAuditLog','2024-06-21 11:13:56','2024-06-21 11:13:56','Presentation created',NULL),(661,'SummitEventAuditLog','2024-06-21 11:13:56','2024-06-21 11:13:56','SummitEvent created',NULL),(662,'SummitEventAuditLog','2024-06-21 11:13:56','2024-06-21 11:13:56','SummitEvent created',NULL),(663,'SummitEventAuditLog','2024-06-21 11:13:56','2024-06-21 11:13:56','SummitEvent created',NULL),(664,'SummitEventAuditLog','2024-06-21 11:13:56','2024-06-21 11:13:56','SummitEvent created',NULL),(665,'SummitEventAuditLog','2024-06-21 11:13:56','2024-06-21 11:13:56','SummitEvent created',NULL),(666,'SummitEventAuditLog','2024-06-21 11:13:56','2024-06-21 11:13:56','SummitEvent created',NULL),(667,'SummitEventAuditLog','2024-06-21 11:13:56','2024-06-21 11:13:56','SummitEvent created',NULL),(668,'SummitEventAuditLog','2024-06-21 11:13:56','2024-06-21 11:13:56','SummitEvent created',NULL),(669,'SummitEventAuditLog','2024-06-21 11:13:56','2024-06-21 11:13:56','SummitEvent created',NULL),(670,'SummitEventAuditLog','2024-06-21 11:13:56','2024-06-21 11:13:56','SummitEvent created',NULL),(671,'SummitEventAuditLog','2024-06-21 11:13:56','2024-06-21 11:13:56','SummitEvent created',NULL),(672,'SummitEventAuditLog','2024-06-21 11:13:56','2024-06-21 11:13:56','SummitEvent created',NULL),(673,'SummitEventAuditLog','2024-06-21 11:13:56','2024-06-21 11:13:56','SummitEvent created',NULL),(674,'SummitEventAuditLog','2024-06-21 11:13:56','2024-06-21 11:13:56','SummitEvent created',NULL),(675,'SummitEventAuditLog','2024-06-21 11:13:56','2024-06-21 11:13:56','SummitEvent created',NULL),(676,'SummitEventAuditLog','2024-06-21 11:13:56','2024-06-21 11:13:56','SummitEvent created',NULL),(677,'SummitEventAuditLog','2024-06-21 11:13:56','2024-06-21 11:13:56','SummitEvent created',NULL),(678,'SummitEventAuditLog','2024-06-21 11:13:56','2024-06-21 11:13:56','SummitEvent created',NULL),(679,'SummitEventAuditLog','2024-06-21 11:13:56','2024-06-21 11:13:56','SummitEvent created',NULL),(680,'SummitEventAuditLog','2024-06-21 11:13:56','2024-06-21 11:13:56','SummitEvent created',NULL),(681,'SummitEventAuditLog','2024-06-21 11:13:56','2024-06-21 11:13:56','Speaker  was added to the collection',NULL),(682,'SummitEventAuditLog','2024-06-21 11:13:56','2024-06-21 11:13:56','Speaker  was added to the collection',NULL),(683,'SummitEventAuditLog','2024-06-21 11:13:56','2024-06-21 11:13:56','Speaker  was added to the collection',NULL),(684,'SummitEventAuditLog','2024-06-21 11:13:56','2024-06-21 11:13:56','Speaker  was added to the collection',NULL),(685,'SummitEventAuditLog','2024-06-21 11:13:56','2024-06-21 11:13:56','Speaker  was added to the collection',NULL),(686,'SummitEventAuditLog','2024-06-21 11:13:56','2024-06-21 11:13:56','Speaker  was added to the collection',NULL),(687,'SummitEventAuditLog','2024-06-21 11:13:56','2024-06-21 11:13:56','Speaker  was added to the collection',NULL),(688,'SummitEventAuditLog','2024-06-21 11:13:56','2024-06-21 11:13:56','Speaker  was added to the collection',NULL),(689,'SummitEventAuditLog','2024-06-21 11:13:56','2024-06-21 11:13:56','Speaker  was added to the collection',NULL),(690,'SummitEventAuditLog','2024-06-21 11:13:56','2024-06-21 11:13:56','Speaker  was added to the collection',NULL),(691,'SummitEventAuditLog','2024-06-21 11:13:56','2024-06-21 11:13:56','Speaker  was added to the collection',NULL),(692,'SummitEventAuditLog','2024-06-21 11:13:56','2024-06-21 11:13:56','Speaker  was added to the collection',NULL),(693,'SummitEventAuditLog','2024-06-21 11:13:56','2024-06-21 11:13:56','Speaker  was added to the collection',NULL),(694,'SummitEventAuditLog','2024-06-21 11:13:56','2024-06-21 11:13:56','Speaker  was added to the collection',NULL),(695,'SummitEventAuditLog','2024-06-21 11:13:56','2024-06-21 11:13:56','Speaker  was added to the collection',NULL),(696,'SummitEventAuditLog','2024-06-21 11:13:56','2024-06-21 11:13:56','Speaker  was added to the collection',NULL),(697,'SummitEventAuditLog','2024-06-21 11:13:56','2024-06-21 11:13:56','Speaker  was added to the collection',NULL),(698,'SummitEventAuditLog','2024-06-21 11:13:56','2024-06-21 11:13:56','Speaker  was added to the collection',NULL),(699,'SummitEventAuditLog','2024-06-21 11:13:56','2024-06-21 11:13:56','Speaker  was added to the collection',NULL),(700,'SummitEventAuditLog','2024-06-21 11:13:56','2024-06-21 11:13:56','Speaker  was added to the collection',NULL),(701,'SummitEventAuditLog','2024-06-21 11:13:56','2024-06-21 11:13:56','Speaker  was added to the collection',NULL),(702,'SummitEventAuditLog','2024-06-21 11:13:56','2024-06-21 11:13:56','Speaker  was added to the collection',NULL),(703,'SummitEventAuditLog','2024-06-21 11:13:56','2024-06-21 11:13:56','Speaker  was added to the collection',NULL),(704,'SummitEventAuditLog','2024-06-21 11:13:56','2024-06-21 11:13:56','Speaker  was added to the collection',NULL),(705,'SummitEventAuditLog','2024-06-21 11:13:56','2024-06-21 11:13:56','Speaker  was added to the collection',NULL),(706,'SummitEventAuditLog','2024-06-21 11:13:56','2024-06-21 11:13:56','Speaker  was added to the collection',NULL),(707,'SummitEventAuditLog','2024-06-21 11:13:56','2024-06-21 11:13:56','Speaker  was added to the collection',NULL),(708,'SummitEventAuditLog','2024-06-21 11:13:56','2024-06-21 11:13:56','Speaker  was added to the collection',NULL),(709,'SummitEventAuditLog','2024-06-21 11:13:56','2024-06-21 11:13:56','Speaker  was added to the collection',NULL),(710,'SummitEventAuditLog','2024-06-21 11:13:56','2024-06-21 11:13:56','Speaker  was added to the collection',NULL),(711,'SummitEventAuditLog','2024-06-21 11:13:56','2024-06-21 11:13:56','Speaker  was added to the collection',NULL),(712,'SummitEventAuditLog','2024-06-21 11:13:56','2024-06-21 11:13:56','Speaker  was added to the collection',NULL),(713,'SummitEventAuditLog','2024-06-21 11:13:56','2024-06-21 11:13:56','Speaker  was added to the collection',NULL),(714,'SummitEventAuditLog','2024-06-21 11:13:56','2024-06-21 11:13:56','Speaker  was added to the collection',NULL),(715,'SummitEventAuditLog','2024-06-21 11:13:56','2024-06-21 11:13:56','Speaker  was added to the collection',NULL),(716,'SummitEventAuditLog','2024-06-21 11:13:56','2024-06-21 11:13:56','Speaker  was added to the collection',NULL),(717,'SummitEventAuditLog','2024-06-21 11:13:56','2024-06-21 11:13:56','Speaker  was added to the collection',NULL),(718,'SummitEventAuditLog','2024-06-21 11:13:56','2024-06-21 11:13:56','Speaker  was added to the collection',NULL),(719,'SummitEventAuditLog','2024-06-21 11:13:56','2024-06-21 11:13:56','Speaker  was added to the collection',NULL),(720,'SummitEventAuditLog','2024-06-21 11:13:56','2024-06-21 11:13:56','Speaker  was added to the collection',NULL),(721,'SummitEventAuditLog','2024-06-21 11:15:03','2024-06-21 11:15:03','Presentation created',NULL),(722,'SummitEventAuditLog','2024-06-21 11:15:03','2024-06-21 11:15:03','Presentation created',NULL),(723,'SummitEventAuditLog','2024-06-21 11:15:03','2024-06-21 11:15:03','Presentation created',NULL),(724,'SummitEventAuditLog','2024-06-21 11:15:03','2024-06-21 11:15:03','Presentation created',NULL),(725,'SummitEventAuditLog','2024-06-21 11:15:03','2024-06-21 11:15:03','Presentation created',NULL),(726,'SummitEventAuditLog','2024-06-21 11:15:03','2024-06-21 11:15:03','Presentation created',NULL),(727,'SummitEventAuditLog','2024-06-21 11:15:03','2024-06-21 11:15:03','Presentation created',NULL),(728,'SummitEventAuditLog','2024-06-21 11:15:03','2024-06-21 11:15:03','Presentation created',NULL),(729,'SummitEventAuditLog','2024-06-21 11:15:03','2024-06-21 11:15:03','Presentation created',NULL),(730,'SummitEventAuditLog','2024-06-21 11:15:03','2024-06-21 11:15:03','Presentation created',NULL),(731,'SummitEventAuditLog','2024-06-21 11:15:03','2024-06-21 11:15:03','Presentation created',NULL),(732,'SummitEventAuditLog','2024-06-21 11:15:03','2024-06-21 11:15:03','Presentation created',NULL),(733,'SummitEventAuditLog','2024-06-21 11:15:03','2024-06-21 11:15:03','Presentation created',NULL),(734,'SummitEventAuditLog','2024-06-21 11:15:03','2024-06-21 11:15:03','Presentation created',NULL),(735,'SummitEventAuditLog','2024-06-21 11:15:03','2024-06-21 11:15:03','Presentation created',NULL),(736,'SummitEventAuditLog','2024-06-21 11:15:03','2024-06-21 11:15:03','Presentation created',NULL),(737,'SummitEventAuditLog','2024-06-21 11:15:03','2024-06-21 11:15:03','Presentation created',NULL),(738,'SummitEventAuditLog','2024-06-21 11:15:03','2024-06-21 11:15:03','Presentation created',NULL),(739,'SummitEventAuditLog','2024-06-21 11:15:03','2024-06-21 11:15:03','Presentation created',NULL),(740,'SummitEventAuditLog','2024-06-21 11:15:03','2024-06-21 11:15:03','Presentation created',NULL),(741,'SummitEventAuditLog','2024-06-21 11:15:03','2024-06-21 11:15:03','Presentation created',NULL),(742,'SummitEventAuditLog','2024-06-21 11:15:03','2024-06-21 11:15:03','Presentation created',NULL),(743,'SummitEventAuditLog','2024-06-21 11:15:03','2024-06-21 11:15:03','Presentation created',NULL),(744,'SummitEventAuditLog','2024-06-21 11:15:03','2024-06-21 11:15:03','Presentation created',NULL),(745,'SummitEventAuditLog','2024-06-21 11:15:03','2024-06-21 11:15:03','Presentation created',NULL),(746,'SummitEventAuditLog','2024-06-21 11:15:03','2024-06-21 11:15:03','Presentation created',NULL),(747,'SummitEventAuditLog','2024-06-21 11:15:03','2024-06-21 11:15:03','Presentation created',NULL),(748,'SummitEventAuditLog','2024-06-21 11:15:03','2024-06-21 11:15:03','Presentation created',NULL),(749,'SummitEventAuditLog','2024-06-21 11:15:03','2024-06-21 11:15:03','Presentation created',NULL),(750,'SummitEventAuditLog','2024-06-21 11:15:03','2024-06-21 11:15:03','Presentation created',NULL),(751,'SummitEventAuditLog','2024-06-21 11:15:03','2024-06-21 11:15:03','Presentation created',NULL),(752,'SummitEventAuditLog','2024-06-21 11:15:03','2024-06-21 11:15:03','Presentation created',NULL),(753,'SummitEventAuditLog','2024-06-21 11:15:03','2024-06-21 11:15:03','Presentation created',NULL),(754,'SummitEventAuditLog','2024-06-21 11:15:03','2024-06-21 11:15:03','Presentation created',NULL),(755,'SummitEventAuditLog','2024-06-21 11:15:03','2024-06-21 11:15:03','Presentation created',NULL),(756,'SummitEventAuditLog','2024-06-21 11:15:03','2024-06-21 11:15:03','Presentation created',NULL),(757,'SummitEventAuditLog','2024-06-21 11:15:03','2024-06-21 11:15:03','Presentation created',NULL),(758,'SummitEventAuditLog','2024-06-21 11:15:03','2024-06-21 11:15:03','Presentation created',NULL),(759,'SummitEventAuditLog','2024-06-21 11:15:03','2024-06-21 11:15:03','Presentation created',NULL),(760,'SummitEventAuditLog','2024-06-21 11:15:03','2024-06-21 11:15:03','Presentation created',NULL),(761,'SummitEventAuditLog','2024-06-21 11:15:03','2024-06-21 11:15:03','Presentation created',NULL),(762,'SummitEventAuditLog','2024-06-21 11:15:03','2024-06-21 11:15:03','Presentation created',NULL),(763,'SummitEventAuditLog','2024-06-21 11:15:03','2024-06-21 11:15:03','Presentation created',NULL),(764,'SummitEventAuditLog','2024-06-21 11:15:03','2024-06-21 11:15:03','Presentation created',NULL),(765,'SummitEventAuditLog','2024-06-21 11:15:03','2024-06-21 11:15:03','Presentation created',NULL),(766,'SummitEventAuditLog','2024-06-21 11:15:03','2024-06-21 11:15:03','Presentation created',NULL),(767,'SummitEventAuditLog','2024-06-21 11:15:03','2024-06-21 11:15:03','Presentation created',NULL),(768,'SummitEventAuditLog','2024-06-21 11:15:03','2024-06-21 11:15:03','Presentation created',NULL),(769,'SummitEventAuditLog','2024-06-21 11:15:03','2024-06-21 11:15:03','Presentation created',NULL),(770,'SummitEventAuditLog','2024-06-21 11:15:03','2024-06-21 11:15:03','Presentation created',NULL),(771,'SummitEventAuditLog','2024-06-21 11:15:03','2024-06-21 11:15:03','Presentation created',NULL),(772,'SummitEventAuditLog','2024-06-21 11:15:03','2024-06-21 11:15:03','Presentation created',NULL),(773,'SummitEventAuditLog','2024-06-21 11:15:03','2024-06-21 11:15:03','Presentation created',NULL),(774,'SummitEventAuditLog','2024-06-21 11:15:03','2024-06-21 11:15:03','Presentation created',NULL),(775,'SummitEventAuditLog','2024-06-21 11:15:03','2024-06-21 11:15:03','Presentation created',NULL),(776,'SummitEventAuditLog','2024-06-21 11:15:03','2024-06-21 11:15:03','Presentation created',NULL),(777,'SummitEventAuditLog','2024-06-21 11:15:03','2024-06-21 11:15:03','Presentation created',NULL),(778,'SummitEventAuditLog','2024-06-21 11:15:03','2024-06-21 11:15:03','Presentation created',NULL),(779,'SummitEventAuditLog','2024-06-21 11:15:03','2024-06-21 11:15:03','Presentation created',NULL),(780,'SummitEventAuditLog','2024-06-21 11:15:03','2024-06-21 11:15:03','Presentation created',NULL),(781,'SummitEventAuditLog','2024-06-21 11:15:03','2024-06-21 11:15:03','SummitEvent created',NULL),(782,'SummitEventAuditLog','2024-06-21 11:15:03','2024-06-21 11:15:03','SummitEvent created',NULL),(783,'SummitEventAuditLog','2024-06-21 11:15:03','2024-06-21 11:15:03','SummitEvent created',NULL),(784,'SummitEventAuditLog','2024-06-21 11:15:03','2024-06-21 11:15:03','SummitEvent created',NULL),(785,'SummitEventAuditLog','2024-06-21 11:15:03','2024-06-21 11:15:03','SummitEvent created',NULL),(786,'SummitEventAuditLog','2024-06-21 11:15:03','2024-06-21 11:15:03','SummitEvent created',NULL),(787,'SummitEventAuditLog','2024-06-21 11:15:03','2024-06-21 11:15:03','SummitEvent created',NULL),(788,'SummitEventAuditLog','2024-06-21 11:15:03','2024-06-21 11:15:03','SummitEvent created',NULL),(789,'SummitEventAuditLog','2024-06-21 11:15:03','2024-06-21 11:15:03','SummitEvent created',NULL),(790,'SummitEventAuditLog','2024-06-21 11:15:03','2024-06-21 11:15:03','SummitEvent created',NULL),(791,'SummitEventAuditLog','2024-06-21 11:15:03','2024-06-21 11:15:03','SummitEvent created',NULL),(792,'SummitEventAuditLog','2024-06-21 11:15:03','2024-06-21 11:15:03','SummitEvent created',NULL),(793,'SummitEventAuditLog','2024-06-21 11:15:03','2024-06-21 11:15:03','SummitEvent created',NULL),(794,'SummitEventAuditLog','2024-06-21 11:15:03','2024-06-21 11:15:03','SummitEvent created',NULL),(795,'SummitEventAuditLog','2024-06-21 11:15:03','2024-06-21 11:15:03','SummitEvent created',NULL),(796,'SummitEventAuditLog','2024-06-21 11:15:03','2024-06-21 11:15:03','SummitEvent created',NULL),(797,'SummitEventAuditLog','2024-06-21 11:15:03','2024-06-21 11:15:03','SummitEvent created',NULL),(798,'SummitEventAuditLog','2024-06-21 11:15:03','2024-06-21 11:15:03','SummitEvent created',NULL),(799,'SummitEventAuditLog','2024-06-21 11:15:03','2024-06-21 11:15:03','SummitEvent created',NULL),(800,'SummitEventAuditLog','2024-06-21 11:15:03','2024-06-21 11:15:03','SummitEvent created',NULL),(801,'SummitEventAuditLog','2024-06-21 11:15:03','2024-06-21 11:15:03','Speaker  was added to the collection',NULL),(802,'SummitEventAuditLog','2024-06-21 11:15:03','2024-06-21 11:15:03','Speaker  was added to the collection',NULL),(803,'SummitEventAuditLog','2024-06-21 11:15:03','2024-06-21 11:15:03','Speaker  was added to the collection',NULL),(804,'SummitEventAuditLog','2024-06-21 11:15:03','2024-06-21 11:15:03','Speaker  was added to the collection',NULL),(805,'SummitEventAuditLog','2024-06-21 11:15:03','2024-06-21 11:15:03','Speaker  was added to the collection',NULL),(806,'SummitEventAuditLog','2024-06-21 11:15:03','2024-06-21 11:15:03','Speaker  was added to the collection',NULL),(807,'SummitEventAuditLog','2024-06-21 11:15:03','2024-06-21 11:15:03','Speaker  was added to the collection',NULL),(808,'SummitEventAuditLog','2024-06-21 11:15:03','2024-06-21 11:15:03','Speaker  was added to the collection',NULL),(809,'SummitEventAuditLog','2024-06-21 11:15:03','2024-06-21 11:15:03','Speaker  was added to the collection',NULL),(810,'SummitEventAuditLog','2024-06-21 11:15:03','2024-06-21 11:15:03','Speaker  was added to the collection',NULL),(811,'SummitEventAuditLog','2024-06-21 11:15:03','2024-06-21 11:15:03','Speaker  was added to the collection',NULL),(812,'SummitEventAuditLog','2024-06-21 11:15:03','2024-06-21 11:15:03','Speaker  was added to the collection',NULL),(813,'SummitEventAuditLog','2024-06-21 11:15:03','2024-06-21 11:15:03','Speaker  was added to the collection',NULL),(814,'SummitEventAuditLog','2024-06-21 11:15:03','2024-06-21 11:15:03','Speaker  was added to the collection',NULL),(815,'SummitEventAuditLog','2024-06-21 11:15:03','2024-06-21 11:15:03','Speaker  was added to the collection',NULL),(816,'SummitEventAuditLog','2024-06-21 11:15:03','2024-06-21 11:15:03','Speaker  was added to the collection',NULL),(817,'SummitEventAuditLog','2024-06-21 11:15:03','2024-06-21 11:15:03','Speaker  was added to the collection',NULL),(818,'SummitEventAuditLog','2024-06-21 11:15:03','2024-06-21 11:15:03','Speaker  was added to the collection',NULL),(819,'SummitEventAuditLog','2024-06-21 11:15:03','2024-06-21 11:15:03','Speaker  was added to the collection',NULL),(820,'SummitEventAuditLog','2024-06-21 11:15:03','2024-06-21 11:15:03','Speaker  was added to the collection',NULL),(821,'SummitEventAuditLog','2024-06-21 11:15:03','2024-06-21 11:15:03','Speaker  was added to the collection',NULL),(822,'SummitEventAuditLog','2024-06-21 11:15:03','2024-06-21 11:15:03','Speaker  was added to the collection',NULL),(823,'SummitEventAuditLog','2024-06-21 11:15:03','2024-06-21 11:15:03','Speaker  was added to the collection',NULL),(824,'SummitEventAuditLog','2024-06-21 11:15:03','2024-06-21 11:15:03','Speaker  was added to the collection',NULL),(825,'SummitEventAuditLog','2024-06-21 11:15:03','2024-06-21 11:15:03','Speaker  was added to the collection',NULL),(826,'SummitEventAuditLog','2024-06-21 11:15:03','2024-06-21 11:15:03','Speaker  was added to the collection',NULL),(827,'SummitEventAuditLog','2024-06-21 11:15:03','2024-06-21 11:15:03','Speaker  was added to the collection',NULL),(828,'SummitEventAuditLog','2024-06-21 11:15:03','2024-06-21 11:15:03','Speaker  was added to the collection',NULL),(829,'SummitEventAuditLog','2024-06-21 11:15:03','2024-06-21 11:15:03','Speaker  was added to the collection',NULL),(830,'SummitEventAuditLog','2024-06-21 11:15:03','2024-06-21 11:15:03','Speaker  was added to the collection',NULL),(831,'SummitEventAuditLog','2024-06-21 11:15:03','2024-06-21 11:15:03','Speaker  was added to the collection',NULL),(832,'SummitEventAuditLog','2024-06-21 11:15:03','2024-06-21 11:15:03','Speaker  was added to the collection',NULL),(833,'SummitEventAuditLog','2024-06-21 11:15:03','2024-06-21 11:15:03','Speaker  was added to the collection',NULL),(834,'SummitEventAuditLog','2024-06-21 11:15:03','2024-06-21 11:15:03','Speaker  was added to the collection',NULL),(835,'SummitEventAuditLog','2024-06-21 11:15:03','2024-06-21 11:15:03','Speaker  was added to the collection',NULL),(836,'SummitEventAuditLog','2024-06-21 11:15:03','2024-06-21 11:15:03','Speaker  was added to the collection',NULL),(837,'SummitEventAuditLog','2024-06-21 11:15:03','2024-06-21 11:15:03','Speaker  was added to the collection',NULL),(838,'SummitEventAuditLog','2024-06-21 11:15:03','2024-06-21 11:15:03','Speaker  was added to the collection',NULL),(839,'SummitEventAuditLog','2024-06-21 11:15:03','2024-06-21 11:15:03','Speaker  was added to the collection',NULL),(840,'SummitEventAuditLog','2024-06-21 11:15:03','2024-06-21 11:15:03','Speaker  was added to the collection',NULL),(841,'SummitEventAuditLog','2024-06-21 11:15:17','2024-06-21 11:15:17','Presentation created',NULL),(842,'SummitEventAuditLog','2024-06-21 11:15:17','2024-06-21 11:15:17','Presentation created',NULL),(843,'SummitEventAuditLog','2024-06-21 11:15:17','2024-06-21 11:15:17','Presentation created',NULL),(844,'SummitEventAuditLog','2024-06-21 11:15:17','2024-06-21 11:15:17','Presentation created',NULL),(845,'SummitEventAuditLog','2024-06-21 11:15:17','2024-06-21 11:15:17','Presentation created',NULL),(846,'SummitEventAuditLog','2024-06-21 11:15:17','2024-06-21 11:15:17','Presentation created',NULL),(847,'SummitEventAuditLog','2024-06-21 11:15:17','2024-06-21 11:15:17','Presentation created',NULL),(848,'SummitEventAuditLog','2024-06-21 11:15:17','2024-06-21 11:15:17','Presentation created',NULL),(849,'SummitEventAuditLog','2024-06-21 11:15:17','2024-06-21 11:15:17','Presentation created',NULL),(850,'SummitEventAuditLog','2024-06-21 11:15:17','2024-06-21 11:15:17','Presentation created',NULL),(851,'SummitEventAuditLog','2024-06-21 11:15:17','2024-06-21 11:15:17','Presentation created',NULL),(852,'SummitEventAuditLog','2024-06-21 11:15:17','2024-06-21 11:15:17','Presentation created',NULL),(853,'SummitEventAuditLog','2024-06-21 11:15:17','2024-06-21 11:15:17','Presentation created',NULL),(854,'SummitEventAuditLog','2024-06-21 11:15:17','2024-06-21 11:15:17','Presentation created',NULL),(855,'SummitEventAuditLog','2024-06-21 11:15:17','2024-06-21 11:15:17','Presentation created',NULL),(856,'SummitEventAuditLog','2024-06-21 11:15:17','2024-06-21 11:15:17','Presentation created',NULL),(857,'SummitEventAuditLog','2024-06-21 11:15:17','2024-06-21 11:15:17','Presentation created',NULL),(858,'SummitEventAuditLog','2024-06-21 11:15:17','2024-06-21 11:15:17','Presentation created',NULL),(859,'SummitEventAuditLog','2024-06-21 11:15:17','2024-06-21 11:15:17','Presentation created',NULL),(860,'SummitEventAuditLog','2024-06-21 11:15:17','2024-06-21 11:15:17','Presentation created',NULL),(861,'SummitEventAuditLog','2024-06-21 11:15:17','2024-06-21 11:15:17','Presentation created',NULL),(862,'SummitEventAuditLog','2024-06-21 11:15:17','2024-06-21 11:15:17','Presentation created',NULL),(863,'SummitEventAuditLog','2024-06-21 11:15:17','2024-06-21 11:15:17','Presentation created',NULL),(864,'SummitEventAuditLog','2024-06-21 11:15:17','2024-06-21 11:15:17','Presentation created',NULL),(865,'SummitEventAuditLog','2024-06-21 11:15:17','2024-06-21 11:15:17','Presentation created',NULL),(866,'SummitEventAuditLog','2024-06-21 11:15:17','2024-06-21 11:15:17','Presentation created',NULL),(867,'SummitEventAuditLog','2024-06-21 11:15:17','2024-06-21 11:15:17','Presentation created',NULL),(868,'SummitEventAuditLog','2024-06-21 11:15:17','2024-06-21 11:15:17','Presentation created',NULL),(869,'SummitEventAuditLog','2024-06-21 11:15:17','2024-06-21 11:15:17','Presentation created',NULL),(870,'SummitEventAuditLog','2024-06-21 11:15:17','2024-06-21 11:15:17','Presentation created',NULL),(871,'SummitEventAuditLog','2024-06-21 11:15:17','2024-06-21 11:15:17','Presentation created',NULL),(872,'SummitEventAuditLog','2024-06-21 11:15:17','2024-06-21 11:15:17','Presentation created',NULL),(873,'SummitEventAuditLog','2024-06-21 11:15:17','2024-06-21 11:15:17','Presentation created',NULL),(874,'SummitEventAuditLog','2024-06-21 11:15:17','2024-06-21 11:15:17','Presentation created',NULL),(875,'SummitEventAuditLog','2024-06-21 11:15:17','2024-06-21 11:15:17','Presentation created',NULL),(876,'SummitEventAuditLog','2024-06-21 11:15:17','2024-06-21 11:15:17','Presentation created',NULL),(877,'SummitEventAuditLog','2024-06-21 11:15:17','2024-06-21 11:15:17','Presentation created',NULL),(878,'SummitEventAuditLog','2024-06-21 11:15:17','2024-06-21 11:15:17','Presentation created',NULL),(879,'SummitEventAuditLog','2024-06-21 11:15:17','2024-06-21 11:15:17','Presentation created',NULL),(880,'SummitEventAuditLog','2024-06-21 11:15:17','2024-06-21 11:15:17','Presentation created',NULL),(881,'SummitEventAuditLog','2024-06-21 11:15:17','2024-06-21 11:15:17','Presentation created',NULL),(882,'SummitEventAuditLog','2024-06-21 11:15:17','2024-06-21 11:15:17','Presentation created',NULL),(883,'SummitEventAuditLog','2024-06-21 11:15:17','2024-06-21 11:15:17','Presentation created',NULL),(884,'SummitEventAuditLog','2024-06-21 11:15:17','2024-06-21 11:15:17','Presentation created',NULL),(885,'SummitEventAuditLog','2024-06-21 11:15:17','2024-06-21 11:15:17','Presentation created',NULL),(886,'SummitEventAuditLog','2024-06-21 11:15:17','2024-06-21 11:15:17','Presentation created',NULL),(887,'SummitEventAuditLog','2024-06-21 11:15:17','2024-06-21 11:15:17','Presentation created',NULL),(888,'SummitEventAuditLog','2024-06-21 11:15:17','2024-06-21 11:15:17','Presentation created',NULL),(889,'SummitEventAuditLog','2024-06-21 11:15:17','2024-06-21 11:15:17','Presentation created',NULL),(890,'SummitEventAuditLog','2024-06-21 11:15:17','2024-06-21 11:15:17','Presentation created',NULL),(891,'SummitEventAuditLog','2024-06-21 11:15:17','2024-06-21 11:15:17','Presentation created',NULL),(892,'SummitEventAuditLog','2024-06-21 11:15:17','2024-06-21 11:15:17','Presentation created',NULL),(893,'SummitEventAuditLog','2024-06-21 11:15:17','2024-06-21 11:15:17','Presentation created',NULL),(894,'SummitEventAuditLog','2024-06-21 11:15:17','2024-06-21 11:15:17','Presentation created',NULL),(895,'SummitEventAuditLog','2024-06-21 11:15:17','2024-06-21 11:15:17','Presentation created',NULL),(896,'SummitEventAuditLog','2024-06-21 11:15:17','2024-06-21 11:15:17','Presentation created',NULL),(897,'SummitEventAuditLog','2024-06-21 11:15:17','2024-06-21 11:15:17','Presentation created',NULL),(898,'SummitEventAuditLog','2024-06-21 11:15:17','2024-06-21 11:15:17','Presentation created',NULL),(899,'SummitEventAuditLog','2024-06-21 11:15:17','2024-06-21 11:15:17','Presentation created',NULL),(900,'SummitEventAuditLog','2024-06-21 11:15:17','2024-06-21 11:15:17','Presentation created',NULL),(901,'SummitEventAuditLog','2024-06-21 11:15:17','2024-06-21 11:15:17','SummitEvent created',NULL),(902,'SummitEventAuditLog','2024-06-21 11:15:17','2024-06-21 11:15:17','SummitEvent created',NULL),(903,'SummitEventAuditLog','2024-06-21 11:15:17','2024-06-21 11:15:17','SummitEvent created',NULL),(904,'SummitEventAuditLog','2024-06-21 11:15:17','2024-06-21 11:15:17','SummitEvent created',NULL),(905,'SummitEventAuditLog','2024-06-21 11:15:17','2024-06-21 11:15:17','SummitEvent created',NULL),(906,'SummitEventAuditLog','2024-06-21 11:15:17','2024-06-21 11:15:17','SummitEvent created',NULL),(907,'SummitEventAuditLog','2024-06-21 11:15:17','2024-06-21 11:15:17','SummitEvent created',NULL),(908,'SummitEventAuditLog','2024-06-21 11:15:17','2024-06-21 11:15:17','SummitEvent created',NULL),(909,'SummitEventAuditLog','2024-06-21 11:15:17','2024-06-21 11:15:17','SummitEvent created',NULL),(910,'SummitEventAuditLog','2024-06-21 11:15:17','2024-06-21 11:15:17','SummitEvent created',NULL),(911,'SummitEventAuditLog','2024-06-21 11:15:17','2024-06-21 11:15:17','SummitEvent created',NULL),(912,'SummitEventAuditLog','2024-06-21 11:15:17','2024-06-21 11:15:17','SummitEvent created',NULL),(913,'SummitEventAuditLog','2024-06-21 11:15:17','2024-06-21 11:15:17','SummitEvent created',NULL),(914,'SummitEventAuditLog','2024-06-21 11:15:17','2024-06-21 11:15:17','SummitEvent created',NULL),(915,'SummitEventAuditLog','2024-06-21 11:15:17','2024-06-21 11:15:17','SummitEvent created',NULL),(916,'SummitEventAuditLog','2024-06-21 11:15:17','2024-06-21 11:15:17','SummitEvent created',NULL),(917,'SummitEventAuditLog','2024-06-21 11:15:17','2024-06-21 11:15:17','SummitEvent created',NULL),(918,'SummitEventAuditLog','2024-06-21 11:15:17','2024-06-21 11:15:17','SummitEvent created',NULL),(919,'SummitEventAuditLog','2024-06-21 11:15:17','2024-06-21 11:15:17','SummitEvent created',NULL),(920,'SummitEventAuditLog','2024-06-21 11:15:17','2024-06-21 11:15:17','SummitEvent created',NULL),(921,'SummitEventAuditLog','2024-06-21 11:15:17','2024-06-21 11:15:17','Speaker  was added to the collection',NULL),(922,'SummitEventAuditLog','2024-06-21 11:15:17','2024-06-21 11:15:17','Speaker  was added to the collection',NULL),(923,'SummitEventAuditLog','2024-06-21 11:15:17','2024-06-21 11:15:17','Speaker  was added to the collection',NULL),(924,'SummitEventAuditLog','2024-06-21 11:15:17','2024-06-21 11:15:17','Speaker  was added to the collection',NULL),(925,'SummitEventAuditLog','2024-06-21 11:15:17','2024-06-21 11:15:17','Speaker  was added to the collection',NULL),(926,'SummitEventAuditLog','2024-06-21 11:15:17','2024-06-21 11:15:17','Speaker  was added to the collection',NULL),(927,'SummitEventAuditLog','2024-06-21 11:15:17','2024-06-21 11:15:17','Speaker  was added to the collection',NULL),(928,'SummitEventAuditLog','2024-06-21 11:15:17','2024-06-21 11:15:17','Speaker  was added to the collection',NULL),(929,'SummitEventAuditLog','2024-06-21 11:15:17','2024-06-21 11:15:17','Speaker  was added to the collection',NULL),(930,'SummitEventAuditLog','2024-06-21 11:15:17','2024-06-21 11:15:17','Speaker  was added to the collection',NULL),(931,'SummitEventAuditLog','2024-06-21 11:15:17','2024-06-21 11:15:17','Speaker  was added to the collection',NULL),(932,'SummitEventAuditLog','2024-06-21 11:15:17','2024-06-21 11:15:17','Speaker  was added to the collection',NULL),(933,'SummitEventAuditLog','2024-06-21 11:15:17','2024-06-21 11:15:17','Speaker  was added to the collection',NULL),(934,'SummitEventAuditLog','2024-06-21 11:15:17','2024-06-21 11:15:17','Speaker  was added to the collection',NULL),(935,'SummitEventAuditLog','2024-06-21 11:15:17','2024-06-21 11:15:17','Speaker  was added to the collection',NULL),(936,'SummitEventAuditLog','2024-06-21 11:15:17','2024-06-21 11:15:17','Speaker  was added to the collection',NULL),(937,'SummitEventAuditLog','2024-06-21 11:15:17','2024-06-21 11:15:17','Speaker  was added to the collection',NULL),(938,'SummitEventAuditLog','2024-06-21 11:15:17','2024-06-21 11:15:17','Speaker  was added to the collection',NULL),(939,'SummitEventAuditLog','2024-06-21 11:15:17','2024-06-21 11:15:17','Speaker  was added to the collection',NULL),(940,'SummitEventAuditLog','2024-06-21 11:15:17','2024-06-21 11:15:17','Speaker  was added to the collection',NULL),(941,'SummitEventAuditLog','2024-06-21 11:15:17','2024-06-21 11:15:17','Speaker  was added to the collection',NULL),(942,'SummitEventAuditLog','2024-06-21 11:15:17','2024-06-21 11:15:17','Speaker  was added to the collection',NULL),(943,'SummitEventAuditLog','2024-06-21 11:15:17','2024-06-21 11:15:17','Speaker  was added to the collection',NULL),(944,'SummitEventAuditLog','2024-06-21 11:15:17','2024-06-21 11:15:17','Speaker  was added to the collection',NULL),(945,'SummitEventAuditLog','2024-06-21 11:15:17','2024-06-21 11:15:17','Speaker  was added to the collection',NULL),(946,'SummitEventAuditLog','2024-06-21 11:15:17','2024-06-21 11:15:17','Speaker  was added to the collection',NULL),(947,'SummitEventAuditLog','2024-06-21 11:15:17','2024-06-21 11:15:17','Speaker  was added to the collection',NULL),(948,'SummitEventAuditLog','2024-06-21 11:15:17','2024-06-21 11:15:17','Speaker  was added to the collection',NULL),(949,'SummitEventAuditLog','2024-06-21 11:15:17','2024-06-21 11:15:17','Speaker  was added to the collection',NULL),(950,'SummitEventAuditLog','2024-06-21 11:15:17','2024-06-21 11:15:17','Speaker  was added to the collection',NULL),(951,'SummitEventAuditLog','2024-06-21 11:15:17','2024-06-21 11:15:17','Speaker  was added to the collection',NULL),(952,'SummitEventAuditLog','2024-06-21 11:15:17','2024-06-21 11:15:17','Speaker  was added to the collection',NULL),(953,'SummitEventAuditLog','2024-06-21 11:15:17','2024-06-21 11:15:17','Speaker  was added to the collection',NULL),(954,'SummitEventAuditLog','2024-06-21 11:15:17','2024-06-21 11:15:17','Speaker  was added to the collection',NULL),(955,'SummitEventAuditLog','2024-06-21 11:15:17','2024-06-21 11:15:17','Speaker  was added to the collection',NULL),(956,'SummitEventAuditLog','2024-06-21 11:15:17','2024-06-21 11:15:17','Speaker  was added to the collection',NULL),(957,'SummitEventAuditLog','2024-06-21 11:15:17','2024-06-21 11:15:17','Speaker  was added to the collection',NULL),(958,'SummitEventAuditLog','2024-06-21 11:15:17','2024-06-21 11:15:17','Speaker  was added to the collection',NULL),(959,'SummitEventAuditLog','2024-06-21 11:15:17','2024-06-21 11:15:17','Speaker  was added to the collection',NULL),(960,'SummitEventAuditLog','2024-06-21 11:15:17','2024-06-21 11:15:17','Speaker  was added to the collection',NULL),(961,'SummitEventAuditLog','2024-06-21 11:17:03','2024-06-21 11:17:03','Presentation created',NULL),(962,'SummitEventAuditLog','2024-06-21 11:17:03','2024-06-21 11:17:03','Presentation created',NULL),(963,'SummitEventAuditLog','2024-06-21 11:17:03','2024-06-21 11:17:03','Presentation created',NULL),(964,'SummitEventAuditLog','2024-06-21 11:17:03','2024-06-21 11:17:03','Presentation created',NULL),(965,'SummitEventAuditLog','2024-06-21 11:17:03','2024-06-21 11:17:03','Presentation created',NULL),(966,'SummitEventAuditLog','2024-06-21 11:17:03','2024-06-21 11:17:03','Presentation created',NULL),(967,'SummitEventAuditLog','2024-06-21 11:17:03','2024-06-21 11:17:03','Presentation created',NULL),(968,'SummitEventAuditLog','2024-06-21 11:17:03','2024-06-21 11:17:03','Presentation created',NULL),(969,'SummitEventAuditLog','2024-06-21 11:17:03','2024-06-21 11:17:03','Presentation created',NULL),(970,'SummitEventAuditLog','2024-06-21 11:17:03','2024-06-21 11:17:03','Presentation created',NULL),(971,'SummitEventAuditLog','2024-06-21 11:17:03','2024-06-21 11:17:03','Presentation created',NULL),(972,'SummitEventAuditLog','2024-06-21 11:17:03','2024-06-21 11:17:03','Presentation created',NULL),(973,'SummitEventAuditLog','2024-06-21 11:17:03','2024-06-21 11:17:03','Presentation created',NULL),(974,'SummitEventAuditLog','2024-06-21 11:17:03','2024-06-21 11:17:03','Presentation created',NULL),(975,'SummitEventAuditLog','2024-06-21 11:17:03','2024-06-21 11:17:03','Presentation created',NULL),(976,'SummitEventAuditLog','2024-06-21 11:17:03','2024-06-21 11:17:03','Presentation created',NULL),(977,'SummitEventAuditLog','2024-06-21 11:17:03','2024-06-21 11:17:03','Presentation created',NULL),(978,'SummitEventAuditLog','2024-06-21 11:17:03','2024-06-21 11:17:03','Presentation created',NULL),(979,'SummitEventAuditLog','2024-06-21 11:17:03','2024-06-21 11:17:03','Presentation created',NULL),(980,'SummitEventAuditLog','2024-06-21 11:17:03','2024-06-21 11:17:03','Presentation created',NULL),(981,'SummitEventAuditLog','2024-06-21 11:17:03','2024-06-21 11:17:03','Presentation created',NULL),(982,'SummitEventAuditLog','2024-06-21 11:17:03','2024-06-21 11:17:03','Presentation created',NULL),(983,'SummitEventAuditLog','2024-06-21 11:17:03','2024-06-21 11:17:03','Presentation created',NULL),(984,'SummitEventAuditLog','2024-06-21 11:17:03','2024-06-21 11:17:03','Presentation created',NULL),(985,'SummitEventAuditLog','2024-06-21 11:17:03','2024-06-21 11:17:03','Presentation created',NULL),(986,'SummitEventAuditLog','2024-06-21 11:17:03','2024-06-21 11:17:03','Presentation created',NULL),(987,'SummitEventAuditLog','2024-06-21 11:17:03','2024-06-21 11:17:03','Presentation created',NULL),(988,'SummitEventAuditLog','2024-06-21 11:17:03','2024-06-21 11:17:03','Presentation created',NULL),(989,'SummitEventAuditLog','2024-06-21 11:17:03','2024-06-21 11:17:03','Presentation created',NULL),(990,'SummitEventAuditLog','2024-06-21 11:17:03','2024-06-21 11:17:03','Presentation created',NULL),(991,'SummitEventAuditLog','2024-06-21 11:17:03','2024-06-21 11:17:03','Presentation created',NULL),(992,'SummitEventAuditLog','2024-06-21 11:17:03','2024-06-21 11:17:03','Presentation created',NULL),(993,'SummitEventAuditLog','2024-06-21 11:17:03','2024-06-21 11:17:03','Presentation created',NULL),(994,'SummitEventAuditLog','2024-06-21 11:17:03','2024-06-21 11:17:03','Presentation created',NULL),(995,'SummitEventAuditLog','2024-06-21 11:17:03','2024-06-21 11:17:03','Presentation created',NULL),(996,'SummitEventAuditLog','2024-06-21 11:17:03','2024-06-21 11:17:03','Presentation created',NULL),(997,'SummitEventAuditLog','2024-06-21 11:17:03','2024-06-21 11:17:03','Presentation created',NULL),(998,'SummitEventAuditLog','2024-06-21 11:17:03','2024-06-21 11:17:03','Presentation created',NULL),(999,'SummitEventAuditLog','2024-06-21 11:17:03','2024-06-21 11:17:03','Presentation created',NULL),(1000,'SummitEventAuditLog','2024-06-21 11:17:03','2024-06-21 11:17:03','Presentation created',NULL),(1001,'SummitEventAuditLog','2024-06-21 11:17:03','2024-06-21 11:17:03','Presentation created',NULL),(1002,'SummitEventAuditLog','2024-06-21 11:17:03','2024-06-21 11:17:03','Presentation created',NULL),(1003,'SummitEventAuditLog','2024-06-21 11:17:03','2024-06-21 11:17:03','Presentation created',NULL),(1004,'SummitEventAuditLog','2024-06-21 11:17:03','2024-06-21 11:17:03','Presentation created',NULL),(1005,'SummitEventAuditLog','2024-06-21 11:17:03','2024-06-21 11:17:03','Presentation created',NULL),(1006,'SummitEventAuditLog','2024-06-21 11:17:03','2024-06-21 11:17:03','Presentation created',NULL),(1007,'SummitEventAuditLog','2024-06-21 11:17:03','2024-06-21 11:17:03','Presentation created',NULL),(1008,'SummitEventAuditLog','2024-06-21 11:17:03','2024-06-21 11:17:03','Presentation created',NULL),(1009,'SummitEventAuditLog','2024-06-21 11:17:03','2024-06-21 11:17:03','Presentation created',NULL),(1010,'SummitEventAuditLog','2024-06-21 11:17:03','2024-06-21 11:17:03','Presentation created',NULL),(1011,'SummitEventAuditLog','2024-06-21 11:17:03','2024-06-21 11:17:03','Presentation created',NULL),(1012,'SummitEventAuditLog','2024-06-21 11:17:03','2024-06-21 11:17:03','Presentation created',NULL),(1013,'SummitEventAuditLog','2024-06-21 11:17:03','2024-06-21 11:17:03','Presentation created',NULL),(1014,'SummitEventAuditLog','2024-06-21 11:17:03','2024-06-21 11:17:03','Presentation created',NULL),(1015,'SummitEventAuditLog','2024-06-21 11:17:03','2024-06-21 11:17:03','Presentation created',NULL),(1016,'SummitEventAuditLog','2024-06-21 11:17:03','2024-06-21 11:17:03','Presentation created',NULL),(1017,'SummitEventAuditLog','2024-06-21 11:17:03','2024-06-21 11:17:03','Presentation created',NULL),(1018,'SummitEventAuditLog','2024-06-21 11:17:03','2024-06-21 11:17:03','Presentation created',NULL),(1019,'SummitEventAuditLog','2024-06-21 11:17:03','2024-06-21 11:17:03','Presentation created',NULL),(1020,'SummitEventAuditLog','2024-06-21 11:17:03','2024-06-21 11:17:03','Presentation created',NULL),(1021,'SummitEventAuditLog','2024-06-21 11:17:03','2024-06-21 11:17:03','SummitEvent created',NULL),(1022,'SummitEventAuditLog','2024-06-21 11:17:03','2024-06-21 11:17:03','SummitEvent created',NULL),(1023,'SummitEventAuditLog','2024-06-21 11:17:03','2024-06-21 11:17:03','SummitEvent created',NULL),(1024,'SummitEventAuditLog','2024-06-21 11:17:03','2024-06-21 11:17:03','SummitEvent created',NULL),(1025,'SummitEventAuditLog','2024-06-21 11:17:03','2024-06-21 11:17:03','SummitEvent created',NULL),(1026,'SummitEventAuditLog','2024-06-21 11:17:03','2024-06-21 11:17:03','SummitEvent created',NULL),(1027,'SummitEventAuditLog','2024-06-21 11:17:03','2024-06-21 11:17:03','SummitEvent created',NULL),(1028,'SummitEventAuditLog','2024-06-21 11:17:03','2024-06-21 11:17:03','SummitEvent created',NULL),(1029,'SummitEventAuditLog','2024-06-21 11:17:03','2024-06-21 11:17:03','SummitEvent created',NULL),(1030,'SummitEventAuditLog','2024-06-21 11:17:03','2024-06-21 11:17:03','SummitEvent created',NULL),(1031,'SummitEventAuditLog','2024-06-21 11:17:03','2024-06-21 11:17:03','SummitEvent created',NULL),(1032,'SummitEventAuditLog','2024-06-21 11:17:03','2024-06-21 11:17:03','SummitEvent created',NULL),(1033,'SummitEventAuditLog','2024-06-21 11:17:03','2024-06-21 11:17:03','SummitEvent created',NULL),(1034,'SummitEventAuditLog','2024-06-21 11:17:03','2024-06-21 11:17:03','SummitEvent created',NULL),(1035,'SummitEventAuditLog','2024-06-21 11:17:03','2024-06-21 11:17:03','SummitEvent created',NULL),(1036,'SummitEventAuditLog','2024-06-21 11:17:03','2024-06-21 11:17:03','SummitEvent created',NULL),(1037,'SummitEventAuditLog','2024-06-21 11:17:03','2024-06-21 11:17:03','SummitEvent created',NULL),(1038,'SummitEventAuditLog','2024-06-21 11:17:03','2024-06-21 11:17:03','SummitEvent created',NULL),(1039,'SummitEventAuditLog','2024-06-21 11:17:03','2024-06-21 11:17:03','SummitEvent created',NULL),(1040,'SummitEventAuditLog','2024-06-21 11:17:03','2024-06-21 11:17:03','SummitEvent created',NULL),(1041,'SummitEventAuditLog','2024-06-21 11:17:03','2024-06-21 11:17:03','Speaker  was added to the collection',NULL),(1042,'SummitEventAuditLog','2024-06-21 11:17:03','2024-06-21 11:17:03','Speaker  was added to the collection',NULL),(1043,'SummitEventAuditLog','2024-06-21 11:17:03','2024-06-21 11:17:03','Speaker  was added to the collection',NULL),(1044,'SummitEventAuditLog','2024-06-21 11:17:03','2024-06-21 11:17:03','Speaker  was added to the collection',NULL),(1045,'SummitEventAuditLog','2024-06-21 11:17:03','2024-06-21 11:17:03','Speaker  was added to the collection',NULL),(1046,'SummitEventAuditLog','2024-06-21 11:17:03','2024-06-21 11:17:03','Speaker  was added to the collection',NULL),(1047,'SummitEventAuditLog','2024-06-21 11:17:03','2024-06-21 11:17:03','Speaker  was added to the collection',NULL),(1048,'SummitEventAuditLog','2024-06-21 11:17:03','2024-06-21 11:17:03','Speaker  was added to the collection',NULL),(1049,'SummitEventAuditLog','2024-06-21 11:17:03','2024-06-21 11:17:03','Speaker  was added to the collection',NULL),(1050,'SummitEventAuditLog','2024-06-21 11:17:03','2024-06-21 11:17:03','Speaker  was added to the collection',NULL),(1051,'SummitEventAuditLog','2024-06-21 11:17:03','2024-06-21 11:17:03','Speaker  was added to the collection',NULL),(1052,'SummitEventAuditLog','2024-06-21 11:17:03','2024-06-21 11:17:03','Speaker  was added to the collection',NULL),(1053,'SummitEventAuditLog','2024-06-21 11:17:03','2024-06-21 11:17:03','Speaker  was added to the collection',NULL),(1054,'SummitEventAuditLog','2024-06-21 11:17:03','2024-06-21 11:17:03','Speaker  was added to the collection',NULL),(1055,'SummitEventAuditLog','2024-06-21 11:17:03','2024-06-21 11:17:03','Speaker  was added to the collection',NULL),(1056,'SummitEventAuditLog','2024-06-21 11:17:03','2024-06-21 11:17:03','Speaker  was added to the collection',NULL),(1057,'SummitEventAuditLog','2024-06-21 11:17:03','2024-06-21 11:17:03','Speaker  was added to the collection',NULL),(1058,'SummitEventAuditLog','2024-06-21 11:17:03','2024-06-21 11:17:03','Speaker  was added to the collection',NULL),(1059,'SummitEventAuditLog','2024-06-21 11:17:03','2024-06-21 11:17:03','Speaker  was added to the collection',NULL),(1060,'SummitEventAuditLog','2024-06-21 11:17:03','2024-06-21 11:17:03','Speaker  was added to the collection',NULL),(1061,'SummitEventAuditLog','2024-06-21 11:17:03','2024-06-21 11:17:03','Speaker  was added to the collection',NULL),(1062,'SummitEventAuditLog','2024-06-21 11:17:03','2024-06-21 11:17:03','Speaker  was added to the collection',NULL),(1063,'SummitEventAuditLog','2024-06-21 11:17:03','2024-06-21 11:17:03','Speaker  was added to the collection',NULL),(1064,'SummitEventAuditLog','2024-06-21 11:17:03','2024-06-21 11:17:03','Speaker  was added to the collection',NULL),(1065,'SummitEventAuditLog','2024-06-21 11:17:03','2024-06-21 11:17:03','Speaker  was added to the collection',NULL),(1066,'SummitEventAuditLog','2024-06-21 11:17:03','2024-06-21 11:17:03','Speaker  was added to the collection',NULL),(1067,'SummitEventAuditLog','2024-06-21 11:17:03','2024-06-21 11:17:03','Speaker  was added to the collection',NULL),(1068,'SummitEventAuditLog','2024-06-21 11:17:03','2024-06-21 11:17:03','Speaker  was added to the collection',NULL),(1069,'SummitEventAuditLog','2024-06-21 11:17:03','2024-06-21 11:17:03','Speaker  was added to the collection',NULL),(1070,'SummitEventAuditLog','2024-06-21 11:17:03','2024-06-21 11:17:03','Speaker  was added to the collection',NULL),(1071,'SummitEventAuditLog','2024-06-21 11:17:03','2024-06-21 11:17:03','Speaker  was added to the collection',NULL),(1072,'SummitEventAuditLog','2024-06-21 11:17:03','2024-06-21 11:17:03','Speaker  was added to the collection',NULL),(1073,'SummitEventAuditLog','2024-06-21 11:17:03','2024-06-21 11:17:03','Speaker  was added to the collection',NULL),(1074,'SummitEventAuditLog','2024-06-21 11:17:03','2024-06-21 11:17:03','Speaker  was added to the collection',NULL),(1075,'SummitEventAuditLog','2024-06-21 11:17:03','2024-06-21 11:17:03','Speaker  was added to the collection',NULL),(1076,'SummitEventAuditLog','2024-06-21 11:17:03','2024-06-21 11:17:03','Speaker  was added to the collection',NULL),(1077,'SummitEventAuditLog','2024-06-21 11:17:03','2024-06-21 11:17:03','Speaker  was added to the collection',NULL),(1078,'SummitEventAuditLog','2024-06-21 11:17:03','2024-06-21 11:17:03','Speaker  was added to the collection',NULL),(1079,'SummitEventAuditLog','2024-06-21 11:17:03','2024-06-21 11:17:03','Speaker  was added to the collection',NULL),(1080,'SummitEventAuditLog','2024-06-21 11:17:03','2024-06-21 11:17:03','Speaker  was added to the collection',NULL),(1081,'SummitEventAuditLog','2024-06-21 11:18:32','2024-06-21 11:18:32','Presentation created',NULL),(1082,'SummitEventAuditLog','2024-06-21 11:18:32','2024-06-21 11:18:32','Presentation created',NULL),(1083,'SummitEventAuditLog','2024-06-21 11:18:32','2024-06-21 11:18:32','Presentation created',NULL),(1084,'SummitEventAuditLog','2024-06-21 11:18:32','2024-06-21 11:18:32','Presentation created',NULL),(1085,'SummitEventAuditLog','2024-06-21 11:18:32','2024-06-21 11:18:32','Presentation created',NULL),(1086,'SummitEventAuditLog','2024-06-21 11:18:32','2024-06-21 11:18:32','Presentation created',NULL),(1087,'SummitEventAuditLog','2024-06-21 11:18:32','2024-06-21 11:18:32','Presentation created',NULL),(1088,'SummitEventAuditLog','2024-06-21 11:18:32','2024-06-21 11:18:32','Presentation created',NULL),(1089,'SummitEventAuditLog','2024-06-21 11:18:32','2024-06-21 11:18:32','Presentation created',NULL),(1090,'SummitEventAuditLog','2024-06-21 11:18:32','2024-06-21 11:18:32','Presentation created',NULL),(1091,'SummitEventAuditLog','2024-06-21 11:18:32','2024-06-21 11:18:32','Presentation created',NULL),(1092,'SummitEventAuditLog','2024-06-21 11:18:32','2024-06-21 11:18:32','Presentation created',NULL),(1093,'SummitEventAuditLog','2024-06-21 11:18:32','2024-06-21 11:18:32','Presentation created',NULL),(1094,'SummitEventAuditLog','2024-06-21 11:18:32','2024-06-21 11:18:32','Presentation created',NULL),(1095,'SummitEventAuditLog','2024-06-21 11:18:32','2024-06-21 11:18:32','Presentation created',NULL),(1096,'SummitEventAuditLog','2024-06-21 11:18:32','2024-06-21 11:18:32','Presentation created',NULL),(1097,'SummitEventAuditLog','2024-06-21 11:18:32','2024-06-21 11:18:32','Presentation created',NULL),(1098,'SummitEventAuditLog','2024-06-21 11:18:32','2024-06-21 11:18:32','Presentation created',NULL),(1099,'SummitEventAuditLog','2024-06-21 11:18:32','2024-06-21 11:18:32','Presentation created',NULL),(1100,'SummitEventAuditLog','2024-06-21 11:18:32','2024-06-21 11:18:32','Presentation created',NULL),(1101,'SummitEventAuditLog','2024-06-21 11:18:32','2024-06-21 11:18:32','Presentation created',NULL),(1102,'SummitEventAuditLog','2024-06-21 11:18:32','2024-06-21 11:18:32','Presentation created',NULL),(1103,'SummitEventAuditLog','2024-06-21 11:18:32','2024-06-21 11:18:32','Presentation created',NULL),(1104,'SummitEventAuditLog','2024-06-21 11:18:32','2024-06-21 11:18:32','Presentation created',NULL),(1105,'SummitEventAuditLog','2024-06-21 11:18:32','2024-06-21 11:18:32','Presentation created',NULL),(1106,'SummitEventAuditLog','2024-06-21 11:18:32','2024-06-21 11:18:32','Presentation created',NULL),(1107,'SummitEventAuditLog','2024-06-21 11:18:32','2024-06-21 11:18:32','Presentation created',NULL),(1108,'SummitEventAuditLog','2024-06-21 11:18:32','2024-06-21 11:18:32','Presentation created',NULL),(1109,'SummitEventAuditLog','2024-06-21 11:18:32','2024-06-21 11:18:32','Presentation created',NULL),(1110,'SummitEventAuditLog','2024-06-21 11:18:32','2024-06-21 11:18:32','Presentation created',NULL),(1111,'SummitEventAuditLog','2024-06-21 11:18:32','2024-06-21 11:18:32','Presentation created',NULL),(1112,'SummitEventAuditLog','2024-06-21 11:18:32','2024-06-21 11:18:32','Presentation created',NULL),(1113,'SummitEventAuditLog','2024-06-21 11:18:32','2024-06-21 11:18:32','Presentation created',NULL),(1114,'SummitEventAuditLog','2024-06-21 11:18:32','2024-06-21 11:18:32','Presentation created',NULL),(1115,'SummitEventAuditLog','2024-06-21 11:18:32','2024-06-21 11:18:32','Presentation created',NULL),(1116,'SummitEventAuditLog','2024-06-21 11:18:32','2024-06-21 11:18:32','Presentation created',NULL),(1117,'SummitEventAuditLog','2024-06-21 11:18:32','2024-06-21 11:18:32','Presentation created',NULL),(1118,'SummitEventAuditLog','2024-06-21 11:18:32','2024-06-21 11:18:32','Presentation created',NULL),(1119,'SummitEventAuditLog','2024-06-21 11:18:32','2024-06-21 11:18:32','Presentation created',NULL),(1120,'SummitEventAuditLog','2024-06-21 11:18:32','2024-06-21 11:18:32','Presentation created',NULL),(1121,'SummitEventAuditLog','2024-06-21 11:18:32','2024-06-21 11:18:32','Presentation created',NULL),(1122,'SummitEventAuditLog','2024-06-21 11:18:32','2024-06-21 11:18:32','Presentation created',NULL),(1123,'SummitEventAuditLog','2024-06-21 11:18:32','2024-06-21 11:18:32','Presentation created',NULL),(1124,'SummitEventAuditLog','2024-06-21 11:18:32','2024-06-21 11:18:32','Presentation created',NULL),(1125,'SummitEventAuditLog','2024-06-21 11:18:32','2024-06-21 11:18:32','Presentation created',NULL),(1126,'SummitEventAuditLog','2024-06-21 11:18:32','2024-06-21 11:18:32','Presentation created',NULL),(1127,'SummitEventAuditLog','2024-06-21 11:18:32','2024-06-21 11:18:32','Presentation created',NULL),(1128,'SummitEventAuditLog','2024-06-21 11:18:32','2024-06-21 11:18:32','Presentation created',NULL),(1129,'SummitEventAuditLog','2024-06-21 11:18:32','2024-06-21 11:18:32','Presentation created',NULL),(1130,'SummitEventAuditLog','2024-06-21 11:18:32','2024-06-21 11:18:32','Presentation created',NULL),(1131,'SummitEventAuditLog','2024-06-21 11:18:32','2024-06-21 11:18:32','Presentation created',NULL),(1132,'SummitEventAuditLog','2024-06-21 11:18:32','2024-06-21 11:18:32','Presentation created',NULL),(1133,'SummitEventAuditLog','2024-06-21 11:18:32','2024-06-21 11:18:32','Presentation created',NULL),(1134,'SummitEventAuditLog','2024-06-21 11:18:32','2024-06-21 11:18:32','Presentation created',NULL),(1135,'SummitEventAuditLog','2024-06-21 11:18:32','2024-06-21 11:18:32','Presentation created',NULL),(1136,'SummitEventAuditLog','2024-06-21 11:18:32','2024-06-21 11:18:32','Presentation created',NULL),(1137,'SummitEventAuditLog','2024-06-21 11:18:32','2024-06-21 11:18:32','Presentation created',NULL),(1138,'SummitEventAuditLog','2024-06-21 11:18:32','2024-06-21 11:18:32','Presentation created',NULL),(1139,'SummitEventAuditLog','2024-06-21 11:18:32','2024-06-21 11:18:32','Presentation created',NULL),(1140,'SummitEventAuditLog','2024-06-21 11:18:32','2024-06-21 11:18:32','Presentation created',NULL),(1141,'SummitEventAuditLog','2024-06-21 11:18:32','2024-06-21 11:18:32','SummitEvent created',NULL),(1142,'SummitEventAuditLog','2024-06-21 11:18:32','2024-06-21 11:18:32','SummitEvent created',NULL),(1143,'SummitEventAuditLog','2024-06-21 11:18:32','2024-06-21 11:18:32','SummitEvent created',NULL),(1144,'SummitEventAuditLog','2024-06-21 11:18:32','2024-06-21 11:18:32','SummitEvent created',NULL),(1145,'SummitEventAuditLog','2024-06-21 11:18:32','2024-06-21 11:18:32','SummitEvent created',NULL),(1146,'SummitEventAuditLog','2024-06-21 11:18:32','2024-06-21 11:18:32','SummitEvent created',NULL),(1147,'SummitEventAuditLog','2024-06-21 11:18:32','2024-06-21 11:18:32','SummitEvent created',NULL),(1148,'SummitEventAuditLog','2024-06-21 11:18:32','2024-06-21 11:18:32','SummitEvent created',NULL),(1149,'SummitEventAuditLog','2024-06-21 11:18:32','2024-06-21 11:18:32','SummitEvent created',NULL),(1150,'SummitEventAuditLog','2024-06-21 11:18:32','2024-06-21 11:18:32','SummitEvent created',NULL),(1151,'SummitEventAuditLog','2024-06-21 11:18:32','2024-06-21 11:18:32','SummitEvent created',NULL),(1152,'SummitEventAuditLog','2024-06-21 11:18:32','2024-06-21 11:18:32','SummitEvent created',NULL),(1153,'SummitEventAuditLog','2024-06-21 11:18:32','2024-06-21 11:18:32','SummitEvent created',NULL),(1154,'SummitEventAuditLog','2024-06-21 11:18:32','2024-06-21 11:18:32','SummitEvent created',NULL),(1155,'SummitEventAuditLog','2024-06-21 11:18:32','2024-06-21 11:18:32','SummitEvent created',NULL),(1156,'SummitEventAuditLog','2024-06-21 11:18:32','2024-06-21 11:18:32','SummitEvent created',NULL),(1157,'SummitEventAuditLog','2024-06-21 11:18:32','2024-06-21 11:18:32','SummitEvent created',NULL),(1158,'SummitEventAuditLog','2024-06-21 11:18:32','2024-06-21 11:18:32','SummitEvent created',NULL),(1159,'SummitEventAuditLog','2024-06-21 11:18:32','2024-06-21 11:18:32','SummitEvent created',NULL),(1160,'SummitEventAuditLog','2024-06-21 11:18:32','2024-06-21 11:18:32','SummitEvent created',NULL),(1161,'SummitEventAuditLog','2024-06-21 11:18:32','2024-06-21 11:18:32','Speaker  was added to the collection',NULL),(1162,'SummitEventAuditLog','2024-06-21 11:18:32','2024-06-21 11:18:32','Speaker  was added to the collection',NULL),(1163,'SummitEventAuditLog','2024-06-21 11:18:32','2024-06-21 11:18:32','Speaker  was added to the collection',NULL),(1164,'SummitEventAuditLog','2024-06-21 11:18:32','2024-06-21 11:18:32','Speaker  was added to the collection',NULL),(1165,'SummitEventAuditLog','2024-06-21 11:18:32','2024-06-21 11:18:32','Speaker  was added to the collection',NULL),(1166,'SummitEventAuditLog','2024-06-21 11:18:32','2024-06-21 11:18:32','Speaker  was added to the collection',NULL),(1167,'SummitEventAuditLog','2024-06-21 11:18:32','2024-06-21 11:18:32','Speaker  was added to the collection',NULL),(1168,'SummitEventAuditLog','2024-06-21 11:18:32','2024-06-21 11:18:32','Speaker  was added to the collection',NULL),(1169,'SummitEventAuditLog','2024-06-21 11:18:32','2024-06-21 11:18:32','Speaker  was added to the collection',NULL),(1170,'SummitEventAuditLog','2024-06-21 11:18:32','2024-06-21 11:18:32','Speaker  was added to the collection',NULL),(1171,'SummitEventAuditLog','2024-06-21 11:18:32','2024-06-21 11:18:32','Speaker  was added to the collection',NULL),(1172,'SummitEventAuditLog','2024-06-21 11:18:32','2024-06-21 11:18:32','Speaker  was added to the collection',NULL),(1173,'SummitEventAuditLog','2024-06-21 11:18:32','2024-06-21 11:18:32','Speaker  was added to the collection',NULL),(1174,'SummitEventAuditLog','2024-06-21 11:18:32','2024-06-21 11:18:32','Speaker  was added to the collection',NULL),(1175,'SummitEventAuditLog','2024-06-21 11:18:32','2024-06-21 11:18:32','Speaker  was added to the collection',NULL),(1176,'SummitEventAuditLog','2024-06-21 11:18:32','2024-06-21 11:18:32','Speaker  was added to the collection',NULL),(1177,'SummitEventAuditLog','2024-06-21 11:18:32','2024-06-21 11:18:32','Speaker  was added to the collection',NULL),(1178,'SummitEventAuditLog','2024-06-21 11:18:32','2024-06-21 11:18:32','Speaker  was added to the collection',NULL),(1179,'SummitEventAuditLog','2024-06-21 11:18:32','2024-06-21 11:18:32','Speaker  was added to the collection',NULL),(1180,'SummitEventAuditLog','2024-06-21 11:18:32','2024-06-21 11:18:32','Speaker  was added to the collection',NULL),(1181,'SummitEventAuditLog','2024-06-21 11:18:32','2024-06-21 11:18:32','Speaker  was added to the collection',NULL),(1182,'SummitEventAuditLog','2024-06-21 11:18:32','2024-06-21 11:18:32','Speaker  was added to the collection',NULL),(1183,'SummitEventAuditLog','2024-06-21 11:18:32','2024-06-21 11:18:32','Speaker  was added to the collection',NULL),(1184,'SummitEventAuditLog','2024-06-21 11:18:32','2024-06-21 11:18:32','Speaker  was added to the collection',NULL),(1185,'SummitEventAuditLog','2024-06-21 11:18:32','2024-06-21 11:18:32','Speaker  was added to the collection',NULL),(1186,'SummitEventAuditLog','2024-06-21 11:18:32','2024-06-21 11:18:32','Speaker  was added to the collection',NULL),(1187,'SummitEventAuditLog','2024-06-21 11:18:32','2024-06-21 11:18:32','Speaker  was added to the collection',NULL),(1188,'SummitEventAuditLog','2024-06-21 11:18:32','2024-06-21 11:18:32','Speaker  was added to the collection',NULL),(1189,'SummitEventAuditLog','2024-06-21 11:18:32','2024-06-21 11:18:32','Speaker  was added to the collection',NULL),(1190,'SummitEventAuditLog','2024-06-21 11:18:32','2024-06-21 11:18:32','Speaker  was added to the collection',NULL),(1191,'SummitEventAuditLog','2024-06-21 11:18:32','2024-06-21 11:18:32','Speaker  was added to the collection',NULL),(1192,'SummitEventAuditLog','2024-06-21 11:18:32','2024-06-21 11:18:32','Speaker  was added to the collection',NULL),(1193,'SummitEventAuditLog','2024-06-21 11:18:32','2024-06-21 11:18:32','Speaker  was added to the collection',NULL),(1194,'SummitEventAuditLog','2024-06-21 11:18:32','2024-06-21 11:18:32','Speaker  was added to the collection',NULL),(1195,'SummitEventAuditLog','2024-06-21 11:18:32','2024-06-21 11:18:32','Speaker  was added to the collection',NULL),(1196,'SummitEventAuditLog','2024-06-21 11:18:32','2024-06-21 11:18:32','Speaker  was added to the collection',NULL),(1197,'SummitEventAuditLog','2024-06-21 11:18:32','2024-06-21 11:18:32','Speaker  was added to the collection',NULL),(1198,'SummitEventAuditLog','2024-06-21 11:18:32','2024-06-21 11:18:32','Speaker  was added to the collection',NULL),(1199,'SummitEventAuditLog','2024-06-21 11:18:32','2024-06-21 11:18:32','Speaker  was added to the collection',NULL),(1200,'SummitEventAuditLog','2024-06-21 11:18:32','2024-06-21 11:18:32','Speaker  was added to the collection',NULL),(1201,'SummitEventAuditLog','2024-06-21 11:33:07','2024-06-21 11:33:07','Presentation created',NULL),(1202,'SummitEventAuditLog','2024-06-21 11:33:07','2024-06-21 11:33:07','Presentation created',NULL),(1203,'SummitEventAuditLog','2024-06-21 11:33:07','2024-06-21 11:33:07','Presentation created',NULL),(1204,'SummitEventAuditLog','2024-06-21 11:33:07','2024-06-21 11:33:07','Presentation created',NULL),(1205,'SummitEventAuditLog','2024-06-21 11:33:07','2024-06-21 11:33:07','Presentation created',NULL),(1206,'SummitEventAuditLog','2024-06-21 11:33:07','2024-06-21 11:33:07','Presentation created',NULL),(1207,'SummitEventAuditLog','2024-06-21 11:33:07','2024-06-21 11:33:07','Presentation created',NULL),(1208,'SummitEventAuditLog','2024-06-21 11:33:07','2024-06-21 11:33:07','Presentation created',NULL),(1209,'SummitEventAuditLog','2024-06-21 11:33:07','2024-06-21 11:33:07','Presentation created',NULL),(1210,'SummitEventAuditLog','2024-06-21 11:33:07','2024-06-21 11:33:07','Presentation created',NULL),(1211,'SummitEventAuditLog','2024-06-21 11:33:07','2024-06-21 11:33:07','Presentation created',NULL),(1212,'SummitEventAuditLog','2024-06-21 11:33:07','2024-06-21 11:33:07','Presentation created',NULL),(1213,'SummitEventAuditLog','2024-06-21 11:33:07','2024-06-21 11:33:07','Presentation created',NULL),(1214,'SummitEventAuditLog','2024-06-21 11:33:07','2024-06-21 11:33:07','Presentation created',NULL),(1215,'SummitEventAuditLog','2024-06-21 11:33:07','2024-06-21 11:33:07','Presentation created',NULL),(1216,'SummitEventAuditLog','2024-06-21 11:33:07','2024-06-21 11:33:07','Presentation created',NULL),(1217,'SummitEventAuditLog','2024-06-21 11:33:07','2024-06-21 11:33:07','Presentation created',NULL),(1218,'SummitEventAuditLog','2024-06-21 11:33:07','2024-06-21 11:33:07','Presentation created',NULL),(1219,'SummitEventAuditLog','2024-06-21 11:33:07','2024-06-21 11:33:07','Presentation created',NULL),(1220,'SummitEventAuditLog','2024-06-21 11:33:07','2024-06-21 11:33:07','Presentation created',NULL),(1221,'SummitEventAuditLog','2024-06-21 11:33:07','2024-06-21 11:33:07','Presentation created',NULL),(1222,'SummitEventAuditLog','2024-06-21 11:33:07','2024-06-21 11:33:07','Presentation created',NULL),(1223,'SummitEventAuditLog','2024-06-21 11:33:07','2024-06-21 11:33:07','Presentation created',NULL),(1224,'SummitEventAuditLog','2024-06-21 11:33:07','2024-06-21 11:33:07','Presentation created',NULL),(1225,'SummitEventAuditLog','2024-06-21 11:33:07','2024-06-21 11:33:07','Presentation created',NULL),(1226,'SummitEventAuditLog','2024-06-21 11:33:07','2024-06-21 11:33:07','Presentation created',NULL),(1227,'SummitEventAuditLog','2024-06-21 11:33:07','2024-06-21 11:33:07','Presentation created',NULL),(1228,'SummitEventAuditLog','2024-06-21 11:33:07','2024-06-21 11:33:07','Presentation created',NULL),(1229,'SummitEventAuditLog','2024-06-21 11:33:07','2024-06-21 11:33:07','Presentation created',NULL),(1230,'SummitEventAuditLog','2024-06-21 11:33:07','2024-06-21 11:33:07','Presentation created',NULL),(1231,'SummitEventAuditLog','2024-06-21 11:33:07','2024-06-21 11:33:07','Presentation created',NULL),(1232,'SummitEventAuditLog','2024-06-21 11:33:07','2024-06-21 11:33:07','Presentation created',NULL),(1233,'SummitEventAuditLog','2024-06-21 11:33:07','2024-06-21 11:33:07','Presentation created',NULL),(1234,'SummitEventAuditLog','2024-06-21 11:33:07','2024-06-21 11:33:07','Presentation created',NULL),(1235,'SummitEventAuditLog','2024-06-21 11:33:07','2024-06-21 11:33:07','Presentation created',NULL),(1236,'SummitEventAuditLog','2024-06-21 11:33:07','2024-06-21 11:33:07','Presentation created',NULL),(1237,'SummitEventAuditLog','2024-06-21 11:33:07','2024-06-21 11:33:07','Presentation created',NULL),(1238,'SummitEventAuditLog','2024-06-21 11:33:07','2024-06-21 11:33:07','Presentation created',NULL),(1239,'SummitEventAuditLog','2024-06-21 11:33:07','2024-06-21 11:33:07','Presentation created',NULL),(1240,'SummitEventAuditLog','2024-06-21 11:33:07','2024-06-21 11:33:07','Presentation created',NULL),(1241,'SummitEventAuditLog','2024-06-21 11:33:07','2024-06-21 11:33:07','Presentation created',NULL),(1242,'SummitEventAuditLog','2024-06-21 11:33:07','2024-06-21 11:33:07','Presentation created',NULL),(1243,'SummitEventAuditLog','2024-06-21 11:33:07','2024-06-21 11:33:07','Presentation created',NULL),(1244,'SummitEventAuditLog','2024-06-21 11:33:07','2024-06-21 11:33:07','Presentation created',NULL),(1245,'SummitEventAuditLog','2024-06-21 11:33:07','2024-06-21 11:33:07','Presentation created',NULL),(1246,'SummitEventAuditLog','2024-06-21 11:33:07','2024-06-21 11:33:07','Presentation created',NULL),(1247,'SummitEventAuditLog','2024-06-21 11:33:07','2024-06-21 11:33:07','Presentation created',NULL),(1248,'SummitEventAuditLog','2024-06-21 11:33:07','2024-06-21 11:33:07','Presentation created',NULL),(1249,'SummitEventAuditLog','2024-06-21 11:33:07','2024-06-21 11:33:07','Presentation created',NULL),(1250,'SummitEventAuditLog','2024-06-21 11:33:07','2024-06-21 11:33:07','Presentation created',NULL),(1251,'SummitEventAuditLog','2024-06-21 11:33:07','2024-06-21 11:33:07','Presentation created',NULL),(1252,'SummitEventAuditLog','2024-06-21 11:33:07','2024-06-21 11:33:07','Presentation created',NULL),(1253,'SummitEventAuditLog','2024-06-21 11:33:07','2024-06-21 11:33:07','Presentation created',NULL),(1254,'SummitEventAuditLog','2024-06-21 11:33:07','2024-06-21 11:33:07','Presentation created',NULL),(1255,'SummitEventAuditLog','2024-06-21 11:33:07','2024-06-21 11:33:07','Presentation created',NULL),(1256,'SummitEventAuditLog','2024-06-21 11:33:07','2024-06-21 11:33:07','Presentation created',NULL),(1257,'SummitEventAuditLog','2024-06-21 11:33:07','2024-06-21 11:33:07','Presentation created',NULL),(1258,'SummitEventAuditLog','2024-06-21 11:33:07','2024-06-21 11:33:07','Presentation created',NULL),(1259,'SummitEventAuditLog','2024-06-21 11:33:07','2024-06-21 11:33:07','Presentation created',NULL),(1260,'SummitEventAuditLog','2024-06-21 11:33:07','2024-06-21 11:33:07','Presentation created',NULL),(1261,'SummitEventAuditLog','2024-06-21 11:33:07','2024-06-21 11:33:07','SummitEvent created',NULL),(1262,'SummitEventAuditLog','2024-06-21 11:33:07','2024-06-21 11:33:07','SummitEvent created',NULL),(1263,'SummitEventAuditLog','2024-06-21 11:33:07','2024-06-21 11:33:07','SummitEvent created',NULL),(1264,'SummitEventAuditLog','2024-06-21 11:33:07','2024-06-21 11:33:07','SummitEvent created',NULL),(1265,'SummitEventAuditLog','2024-06-21 11:33:07','2024-06-21 11:33:07','SummitEvent created',NULL),(1266,'SummitEventAuditLog','2024-06-21 11:33:07','2024-06-21 11:33:07','SummitEvent created',NULL),(1267,'SummitEventAuditLog','2024-06-21 11:33:07','2024-06-21 11:33:07','SummitEvent created',NULL),(1268,'SummitEventAuditLog','2024-06-21 11:33:07','2024-06-21 11:33:07','SummitEvent created',NULL),(1269,'SummitEventAuditLog','2024-06-21 11:33:07','2024-06-21 11:33:07','SummitEvent created',NULL),(1270,'SummitEventAuditLog','2024-06-21 11:33:07','2024-06-21 11:33:07','SummitEvent created',NULL),(1271,'SummitEventAuditLog','2024-06-21 11:33:07','2024-06-21 11:33:07','SummitEvent created',NULL),(1272,'SummitEventAuditLog','2024-06-21 11:33:07','2024-06-21 11:33:07','SummitEvent created',NULL),(1273,'SummitEventAuditLog','2024-06-21 11:33:07','2024-06-21 11:33:07','SummitEvent created',NULL),(1274,'SummitEventAuditLog','2024-06-21 11:33:07','2024-06-21 11:33:07','SummitEvent created',NULL),(1275,'SummitEventAuditLog','2024-06-21 11:33:07','2024-06-21 11:33:07','SummitEvent created',NULL),(1276,'SummitEventAuditLog','2024-06-21 11:33:07','2024-06-21 11:33:07','SummitEvent created',NULL),(1277,'SummitEventAuditLog','2024-06-21 11:33:07','2024-06-21 11:33:07','SummitEvent created',NULL),(1278,'SummitEventAuditLog','2024-06-21 11:33:07','2024-06-21 11:33:07','SummitEvent created',NULL),(1279,'SummitEventAuditLog','2024-06-21 11:33:07','2024-06-21 11:33:07','SummitEvent created',NULL),(1280,'SummitEventAuditLog','2024-06-21 11:33:07','2024-06-21 11:33:07','SummitEvent created',NULL),(1281,'SummitEventAuditLog','2024-06-21 11:33:07','2024-06-21 11:33:07','Speaker  was added to the collection',NULL),(1282,'SummitEventAuditLog','2024-06-21 11:33:07','2024-06-21 11:33:07','Speaker  was added to the collection',NULL),(1283,'SummitEventAuditLog','2024-06-21 11:33:07','2024-06-21 11:33:07','Speaker  was added to the collection',NULL),(1284,'SummitEventAuditLog','2024-06-21 11:33:07','2024-06-21 11:33:07','Speaker  was added to the collection',NULL),(1285,'SummitEventAuditLog','2024-06-21 11:33:07','2024-06-21 11:33:07','Speaker  was added to the collection',NULL),(1286,'SummitEventAuditLog','2024-06-21 11:33:07','2024-06-21 11:33:07','Speaker  was added to the collection',NULL),(1287,'SummitEventAuditLog','2024-06-21 11:33:07','2024-06-21 11:33:07','Speaker  was added to the collection',NULL),(1288,'SummitEventAuditLog','2024-06-21 11:33:07','2024-06-21 11:33:07','Speaker  was added to the collection',NULL),(1289,'SummitEventAuditLog','2024-06-21 11:33:07','2024-06-21 11:33:07','Speaker  was added to the collection',NULL),(1290,'SummitEventAuditLog','2024-06-21 11:33:07','2024-06-21 11:33:07','Speaker  was added to the collection',NULL),(1291,'SummitEventAuditLog','2024-06-21 11:33:07','2024-06-21 11:33:07','Speaker  was added to the collection',NULL),(1292,'SummitEventAuditLog','2024-06-21 11:33:07','2024-06-21 11:33:07','Speaker  was added to the collection',NULL),(1293,'SummitEventAuditLog','2024-06-21 11:33:07','2024-06-21 11:33:07','Speaker  was added to the collection',NULL),(1294,'SummitEventAuditLog','2024-06-21 11:33:07','2024-06-21 11:33:07','Speaker  was added to the collection',NULL),(1295,'SummitEventAuditLog','2024-06-21 11:33:07','2024-06-21 11:33:07','Speaker  was added to the collection',NULL),(1296,'SummitEventAuditLog','2024-06-21 11:33:07','2024-06-21 11:33:07','Speaker  was added to the collection',NULL),(1297,'SummitEventAuditLog','2024-06-21 11:33:07','2024-06-21 11:33:07','Speaker  was added to the collection',NULL),(1298,'SummitEventAuditLog','2024-06-21 11:33:07','2024-06-21 11:33:07','Speaker  was added to the collection',NULL),(1299,'SummitEventAuditLog','2024-06-21 11:33:07','2024-06-21 11:33:07','Speaker  was added to the collection',NULL),(1300,'SummitEventAuditLog','2024-06-21 11:33:07','2024-06-21 11:33:07','Speaker  was added to the collection',NULL),(1301,'SummitEventAuditLog','2024-06-21 11:33:07','2024-06-21 11:33:07','Speaker  was added to the collection',NULL),(1302,'SummitEventAuditLog','2024-06-21 11:33:07','2024-06-21 11:33:07','Speaker  was added to the collection',NULL),(1303,'SummitEventAuditLog','2024-06-21 11:33:07','2024-06-21 11:33:07','Speaker  was added to the collection',NULL),(1304,'SummitEventAuditLog','2024-06-21 11:33:07','2024-06-21 11:33:07','Speaker  was added to the collection',NULL),(1305,'SummitEventAuditLog','2024-06-21 11:33:07','2024-06-21 11:33:07','Speaker  was added to the collection',NULL),(1306,'SummitEventAuditLog','2024-06-21 11:33:07','2024-06-21 11:33:07','Speaker  was added to the collection',NULL),(1307,'SummitEventAuditLog','2024-06-21 11:33:07','2024-06-21 11:33:07','Speaker  was added to the collection',NULL),(1308,'SummitEventAuditLog','2024-06-21 11:33:07','2024-06-21 11:33:07','Speaker  was added to the collection',NULL),(1309,'SummitEventAuditLog','2024-06-21 11:33:07','2024-06-21 11:33:07','Speaker  was added to the collection',NULL),(1310,'SummitEventAuditLog','2024-06-21 11:33:07','2024-06-21 11:33:07','Speaker  was added to the collection',NULL),(1311,'SummitEventAuditLog','2024-06-21 11:33:07','2024-06-21 11:33:07','Speaker  was added to the collection',NULL),(1312,'SummitEventAuditLog','2024-06-21 11:33:07','2024-06-21 11:33:07','Speaker  was added to the collection',NULL),(1313,'SummitEventAuditLog','2024-06-21 11:33:07','2024-06-21 11:33:07','Speaker  was added to the collection',NULL),(1314,'SummitEventAuditLog','2024-06-21 11:33:07','2024-06-21 11:33:07','Speaker  was added to the collection',NULL),(1315,'SummitEventAuditLog','2024-06-21 11:33:07','2024-06-21 11:33:07','Speaker  was added to the collection',NULL),(1316,'SummitEventAuditLog','2024-06-21 11:33:07','2024-06-21 11:33:07','Speaker  was added to the collection',NULL),(1317,'SummitEventAuditLog','2024-06-21 11:33:07','2024-06-21 11:33:07','Speaker  was added to the collection',NULL),(1318,'SummitEventAuditLog','2024-06-21 11:33:07','2024-06-21 11:33:07','Speaker  was added to the collection',NULL),(1319,'SummitEventAuditLog','2024-06-21 11:33:07','2024-06-21 11:33:07','Speaker  was added to the collection',NULL),(1320,'SummitEventAuditLog','2024-06-21 11:33:07','2024-06-21 11:33:07','Speaker  was added to the collection',NULL),(1321,'SummitEventAuditLog','2024-06-21 11:34:10','2024-06-21 11:34:10','Presentation created',NULL),(1322,'SummitEventAuditLog','2024-06-21 11:34:10','2024-06-21 11:34:10','Presentation created',NULL),(1323,'SummitEventAuditLog','2024-06-21 11:34:10','2024-06-21 11:34:10','Presentation created',NULL),(1324,'SummitEventAuditLog','2024-06-21 11:34:10','2024-06-21 11:34:10','Presentation created',NULL),(1325,'SummitEventAuditLog','2024-06-21 11:34:10','2024-06-21 11:34:10','Presentation created',NULL),(1326,'SummitEventAuditLog','2024-06-21 11:34:10','2024-06-21 11:34:10','Presentation created',NULL),(1327,'SummitEventAuditLog','2024-06-21 11:34:10','2024-06-21 11:34:10','Presentation created',NULL),(1328,'SummitEventAuditLog','2024-06-21 11:34:10','2024-06-21 11:34:10','Presentation created',NULL),(1329,'SummitEventAuditLog','2024-06-21 11:34:10','2024-06-21 11:34:10','Presentation created',NULL),(1330,'SummitEventAuditLog','2024-06-21 11:34:10','2024-06-21 11:34:10','Presentation created',NULL),(1331,'SummitEventAuditLog','2024-06-21 11:34:10','2024-06-21 11:34:10','Presentation created',NULL),(1332,'SummitEventAuditLog','2024-06-21 11:34:10','2024-06-21 11:34:10','Presentation created',NULL),(1333,'SummitEventAuditLog','2024-06-21 11:34:10','2024-06-21 11:34:10','Presentation created',NULL),(1334,'SummitEventAuditLog','2024-06-21 11:34:10','2024-06-21 11:34:10','Presentation created',NULL),(1335,'SummitEventAuditLog','2024-06-21 11:34:10','2024-06-21 11:34:10','Presentation created',NULL),(1336,'SummitEventAuditLog','2024-06-21 11:34:10','2024-06-21 11:34:10','Presentation created',NULL),(1337,'SummitEventAuditLog','2024-06-21 11:34:10','2024-06-21 11:34:10','Presentation created',NULL),(1338,'SummitEventAuditLog','2024-06-21 11:34:10','2024-06-21 11:34:10','Presentation created',NULL),(1339,'SummitEventAuditLog','2024-06-21 11:34:10','2024-06-21 11:34:10','Presentation created',NULL),(1340,'SummitEventAuditLog','2024-06-21 11:34:10','2024-06-21 11:34:10','Presentation created',NULL),(1341,'SummitEventAuditLog','2024-06-21 11:34:10','2024-06-21 11:34:10','Presentation created',NULL),(1342,'SummitEventAuditLog','2024-06-21 11:34:10','2024-06-21 11:34:10','Presentation created',NULL),(1343,'SummitEventAuditLog','2024-06-21 11:34:10','2024-06-21 11:34:10','Presentation created',NULL),(1344,'SummitEventAuditLog','2024-06-21 11:34:10','2024-06-21 11:34:10','Presentation created',NULL),(1345,'SummitEventAuditLog','2024-06-21 11:34:10','2024-06-21 11:34:10','Presentation created',NULL),(1346,'SummitEventAuditLog','2024-06-21 11:34:10','2024-06-21 11:34:10','Presentation created',NULL),(1347,'SummitEventAuditLog','2024-06-21 11:34:10','2024-06-21 11:34:10','Presentation created',NULL),(1348,'SummitEventAuditLog','2024-06-21 11:34:10','2024-06-21 11:34:10','Presentation created',NULL),(1349,'SummitEventAuditLog','2024-06-21 11:34:10','2024-06-21 11:34:10','Presentation created',NULL),(1350,'SummitEventAuditLog','2024-06-21 11:34:10','2024-06-21 11:34:10','Presentation created',NULL),(1351,'SummitEventAuditLog','2024-06-21 11:34:10','2024-06-21 11:34:10','Presentation created',NULL),(1352,'SummitEventAuditLog','2024-06-21 11:34:10','2024-06-21 11:34:10','Presentation created',NULL),(1353,'SummitEventAuditLog','2024-06-21 11:34:10','2024-06-21 11:34:10','Presentation created',NULL),(1354,'SummitEventAuditLog','2024-06-21 11:34:10','2024-06-21 11:34:10','Presentation created',NULL),(1355,'SummitEventAuditLog','2024-06-21 11:34:10','2024-06-21 11:34:10','Presentation created',NULL),(1356,'SummitEventAuditLog','2024-06-21 11:34:10','2024-06-21 11:34:10','Presentation created',NULL),(1357,'SummitEventAuditLog','2024-06-21 11:34:10','2024-06-21 11:34:10','Presentation created',NULL),(1358,'SummitEventAuditLog','2024-06-21 11:34:10','2024-06-21 11:34:10','Presentation created',NULL),(1359,'SummitEventAuditLog','2024-06-21 11:34:10','2024-06-21 11:34:10','Presentation created',NULL),(1360,'SummitEventAuditLog','2024-06-21 11:34:10','2024-06-21 11:34:10','Presentation created',NULL),(1361,'SummitEventAuditLog','2024-06-21 11:34:10','2024-06-21 11:34:10','Presentation created',NULL),(1362,'SummitEventAuditLog','2024-06-21 11:34:10','2024-06-21 11:34:10','Presentation created',NULL),(1363,'SummitEventAuditLog','2024-06-21 11:34:10','2024-06-21 11:34:10','Presentation created',NULL),(1364,'SummitEventAuditLog','2024-06-21 11:34:10','2024-06-21 11:34:10','Presentation created',NULL),(1365,'SummitEventAuditLog','2024-06-21 11:34:10','2024-06-21 11:34:10','Presentation created',NULL),(1366,'SummitEventAuditLog','2024-06-21 11:34:10','2024-06-21 11:34:10','Presentation created',NULL),(1367,'SummitEventAuditLog','2024-06-21 11:34:10','2024-06-21 11:34:10','Presentation created',NULL),(1368,'SummitEventAuditLog','2024-06-21 11:34:10','2024-06-21 11:34:10','Presentation created',NULL),(1369,'SummitEventAuditLog','2024-06-21 11:34:10','2024-06-21 11:34:10','Presentation created',NULL),(1370,'SummitEventAuditLog','2024-06-21 11:34:10','2024-06-21 11:34:10','Presentation created',NULL),(1371,'SummitEventAuditLog','2024-06-21 11:34:10','2024-06-21 11:34:10','Presentation created',NULL),(1372,'SummitEventAuditLog','2024-06-21 11:34:10','2024-06-21 11:34:10','Presentation created',NULL),(1373,'SummitEventAuditLog','2024-06-21 11:34:10','2024-06-21 11:34:10','Presentation created',NULL),(1374,'SummitEventAuditLog','2024-06-21 11:34:10','2024-06-21 11:34:10','Presentation created',NULL),(1375,'SummitEventAuditLog','2024-06-21 11:34:10','2024-06-21 11:34:10','Presentation created',NULL),(1376,'SummitEventAuditLog','2024-06-21 11:34:10','2024-06-21 11:34:10','Presentation created',NULL),(1377,'SummitEventAuditLog','2024-06-21 11:34:10','2024-06-21 11:34:10','Presentation created',NULL),(1378,'SummitEventAuditLog','2024-06-21 11:34:10','2024-06-21 11:34:10','Presentation created',NULL),(1379,'SummitEventAuditLog','2024-06-21 11:34:10','2024-06-21 11:34:10','Presentation created',NULL),(1380,'SummitEventAuditLog','2024-06-21 11:34:10','2024-06-21 11:34:10','Presentation created',NULL),(1381,'SummitEventAuditLog','2024-06-21 11:34:10','2024-06-21 11:34:10','SummitEvent created',NULL),(1382,'SummitEventAuditLog','2024-06-21 11:34:10','2024-06-21 11:34:10','SummitEvent created',NULL),(1383,'SummitEventAuditLog','2024-06-21 11:34:10','2024-06-21 11:34:10','SummitEvent created',NULL),(1384,'SummitEventAuditLog','2024-06-21 11:34:10','2024-06-21 11:34:10','SummitEvent created',NULL),(1385,'SummitEventAuditLog','2024-06-21 11:34:10','2024-06-21 11:34:10','SummitEvent created',NULL),(1386,'SummitEventAuditLog','2024-06-21 11:34:10','2024-06-21 11:34:10','SummitEvent created',NULL),(1387,'SummitEventAuditLog','2024-06-21 11:34:10','2024-06-21 11:34:10','SummitEvent created',NULL),(1388,'SummitEventAuditLog','2024-06-21 11:34:10','2024-06-21 11:34:10','SummitEvent created',NULL),(1389,'SummitEventAuditLog','2024-06-21 11:34:10','2024-06-21 11:34:10','SummitEvent created',NULL),(1390,'SummitEventAuditLog','2024-06-21 11:34:10','2024-06-21 11:34:10','SummitEvent created',NULL),(1391,'SummitEventAuditLog','2024-06-21 11:34:10','2024-06-21 11:34:10','SummitEvent created',NULL),(1392,'SummitEventAuditLog','2024-06-21 11:34:10','2024-06-21 11:34:10','SummitEvent created',NULL),(1393,'SummitEventAuditLog','2024-06-21 11:34:10','2024-06-21 11:34:10','SummitEvent created',NULL),(1394,'SummitEventAuditLog','2024-06-21 11:34:10','2024-06-21 11:34:10','SummitEvent created',NULL),(1395,'SummitEventAuditLog','2024-06-21 11:34:10','2024-06-21 11:34:10','SummitEvent created',NULL),(1396,'SummitEventAuditLog','2024-06-21 11:34:10','2024-06-21 11:34:10','SummitEvent created',NULL),(1397,'SummitEventAuditLog','2024-06-21 11:34:10','2024-06-21 11:34:10','SummitEvent created',NULL),(1398,'SummitEventAuditLog','2024-06-21 11:34:10','2024-06-21 11:34:10','SummitEvent created',NULL),(1399,'SummitEventAuditLog','2024-06-21 11:34:10','2024-06-21 11:34:10','SummitEvent created',NULL),(1400,'SummitEventAuditLog','2024-06-21 11:34:10','2024-06-21 11:34:10','SummitEvent created',NULL),(1401,'SummitEventAuditLog','2024-06-21 11:34:10','2024-06-21 11:34:10','Speaker  was added to the collection',NULL),(1402,'SummitEventAuditLog','2024-06-21 11:34:10','2024-06-21 11:34:10','Speaker  was added to the collection',NULL),(1403,'SummitEventAuditLog','2024-06-21 11:34:10','2024-06-21 11:34:10','Speaker  was added to the collection',NULL),(1404,'SummitEventAuditLog','2024-06-21 11:34:10','2024-06-21 11:34:10','Speaker  was added to the collection',NULL),(1405,'SummitEventAuditLog','2024-06-21 11:34:10','2024-06-21 11:34:10','Speaker  was added to the collection',NULL),(1406,'SummitEventAuditLog','2024-06-21 11:34:10','2024-06-21 11:34:10','Speaker  was added to the collection',NULL),(1407,'SummitEventAuditLog','2024-06-21 11:34:10','2024-06-21 11:34:10','Speaker  was added to the collection',NULL),(1408,'SummitEventAuditLog','2024-06-21 11:34:10','2024-06-21 11:34:10','Speaker  was added to the collection',NULL),(1409,'SummitEventAuditLog','2024-06-21 11:34:10','2024-06-21 11:34:10','Speaker  was added to the collection',NULL),(1410,'SummitEventAuditLog','2024-06-21 11:34:10','2024-06-21 11:34:10','Speaker  was added to the collection',NULL),(1411,'SummitEventAuditLog','2024-06-21 11:34:10','2024-06-21 11:34:10','Speaker  was added to the collection',NULL),(1412,'SummitEventAuditLog','2024-06-21 11:34:10','2024-06-21 11:34:10','Speaker  was added to the collection',NULL),(1413,'SummitEventAuditLog','2024-06-21 11:34:10','2024-06-21 11:34:10','Speaker  was added to the collection',NULL),(1414,'SummitEventAuditLog','2024-06-21 11:34:10','2024-06-21 11:34:10','Speaker  was added to the collection',NULL),(1415,'SummitEventAuditLog','2024-06-21 11:34:10','2024-06-21 11:34:10','Speaker  was added to the collection',NULL),(1416,'SummitEventAuditLog','2024-06-21 11:34:10','2024-06-21 11:34:10','Speaker  was added to the collection',NULL),(1417,'SummitEventAuditLog','2024-06-21 11:34:10','2024-06-21 11:34:10','Speaker  was added to the collection',NULL),(1418,'SummitEventAuditLog','2024-06-21 11:34:10','2024-06-21 11:34:10','Speaker  was added to the collection',NULL),(1419,'SummitEventAuditLog','2024-06-21 11:34:10','2024-06-21 11:34:10','Speaker  was added to the collection',NULL),(1420,'SummitEventAuditLog','2024-06-21 11:34:10','2024-06-21 11:34:10','Speaker  was added to the collection',NULL),(1421,'SummitEventAuditLog','2024-06-21 11:34:10','2024-06-21 11:34:10','Speaker  was added to the collection',NULL),(1422,'SummitEventAuditLog','2024-06-21 11:34:10','2024-06-21 11:34:10','Speaker  was added to the collection',NULL),(1423,'SummitEventAuditLog','2024-06-21 11:34:10','2024-06-21 11:34:10','Speaker  was added to the collection',NULL),(1424,'SummitEventAuditLog','2024-06-21 11:34:10','2024-06-21 11:34:10','Speaker  was added to the collection',NULL),(1425,'SummitEventAuditLog','2024-06-21 11:34:10','2024-06-21 11:34:10','Speaker  was added to the collection',NULL),(1426,'SummitEventAuditLog','2024-06-21 11:34:10','2024-06-21 11:34:10','Speaker  was added to the collection',NULL),(1427,'SummitEventAuditLog','2024-06-21 11:34:10','2024-06-21 11:34:10','Speaker  was added to the collection',NULL),(1428,'SummitEventAuditLog','2024-06-21 11:34:10','2024-06-21 11:34:10','Speaker  was added to the collection',NULL),(1429,'SummitEventAuditLog','2024-06-21 11:34:10','2024-06-21 11:34:10','Speaker  was added to the collection',NULL),(1430,'SummitEventAuditLog','2024-06-21 11:34:10','2024-06-21 11:34:10','Speaker  was added to the collection',NULL),(1431,'SummitEventAuditLog','2024-06-21 11:34:10','2024-06-21 11:34:10','Speaker  was added to the collection',NULL),(1432,'SummitEventAuditLog','2024-06-21 11:34:10','2024-06-21 11:34:10','Speaker  was added to the collection',NULL),(1433,'SummitEventAuditLog','2024-06-21 11:34:10','2024-06-21 11:34:10','Speaker  was added to the collection',NULL),(1434,'SummitEventAuditLog','2024-06-21 11:34:10','2024-06-21 11:34:10','Speaker  was added to the collection',NULL),(1435,'SummitEventAuditLog','2024-06-21 11:34:10','2024-06-21 11:34:10','Speaker  was added to the collection',NULL),(1436,'SummitEventAuditLog','2024-06-21 11:34:10','2024-06-21 11:34:10','Speaker  was added to the collection',NULL),(1437,'SummitEventAuditLog','2024-06-21 11:34:10','2024-06-21 11:34:10','Speaker  was added to the collection',NULL),(1438,'SummitEventAuditLog','2024-06-21 11:34:10','2024-06-21 11:34:10','Speaker  was added to the collection',NULL),(1439,'SummitEventAuditLog','2024-06-21 11:34:10','2024-06-21 11:34:10','Speaker  was added to the collection',NULL),(1440,'SummitEventAuditLog','2024-06-21 11:34:10','2024-06-21 11:34:10','Speaker  was added to the collection',NULL);
/*!40000 ALTER TABLE `AuditLog` ENABLE KEYS */;
UNLOCK TABLES;

--
-- Table structure for table `AvailabilityZone`
--

DROP TABLE IF EXISTS `AvailabilityZone`;
/*!40101 SET @saved_cs_client     = @@character_set_client */;
/*!50503 SET character_set_client = utf8mb4 */;
CREATE TABLE `AvailabilityZone` (
  `ID` int NOT NULL AUTO_INCREMENT,
  `ClassName` enum('AvailabilityZone') CHARACTER SET utf8mb3 COLLATE utf8mb3_general_ci DEFAULT 'AvailabilityZone',
  `LastEdited` datetime DEFAULT NULL,
  `Created` datetime DEFAULT NULL,
  `Name` varchar(50) CHARACTER SET utf8mb3 COLLATE utf8mb3_general_ci DEFAULT NULL,
  `LocationID` int DEFAULT NULL,
  PRIMARY KEY (`ID`),
  UNIQUE KEY `Location_Name` (`LocationID`,`Name`),
  KEY `ClassName` (`ClassName`),
  KEY `LocationID` (`LocationID`)
) ENGINE=InnoDB DEFAULT CHARSET=latin1;
/*!40101 SET character_set_client = @saved_cs_client */;

--
-- Dumping data for table `AvailabilityZone`
--

LOCK TABLES `AvailabilityZone` WRITE;
/*!40000 ALTER TABLE `AvailabilityZone` DISABLE KEYS */;
/*!40000 ALTER TABLE `AvailabilityZone` ENABLE KEYS */;
UNLOCK TABLES;

--
-- Table structure for table `AvailabilityZoneDraft`
--

DROP TABLE IF EXISTS `AvailabilityZoneDraft`;
/*!40101 SET @saved_cs_client     = @@character_set_client */;
/*!50503 SET character_set_client = utf8mb4 */;
CREATE TABLE `AvailabilityZoneDraft` (
  `ID` int NOT NULL AUTO_INCREMENT,
  `ClassName` enum('AvailabilityZoneDraft') CHARACTER SET utf8mb3 COLLATE utf8mb3_general_ci DEFAULT 'AvailabilityZoneDraft',
  `LastEdited` datetime DEFAULT NULL,
  `Created` datetime DEFAULT NULL,
  `Name` varchar(50) CHARACTER SET utf8mb3 COLLATE utf8mb3_general_ci DEFAULT NULL,
  `LocationID` int DEFAULT NULL,
  PRIMARY KEY (`ID`),
  UNIQUE KEY `Location_Name` (`LocationID`,`Name`),
  KEY `ClassName` (`ClassName`),
  KEY `LocationID` (`LocationID`)
) ENGINE=InnoDB DEFAULT CHARSET=latin1;
/*!40101 SET character_set_client = @saved_cs_client */;

--
-- Dumping data for table `AvailabilityZoneDraft`
--

LOCK TABLES `AvailabilityZoneDraft` WRITE;
/*!40000 ALTER TABLE `AvailabilityZoneDraft` DISABLE KEYS */;
/*!40000 ALTER TABLE `AvailabilityZoneDraft` ENABLE KEYS */;
UNLOCK TABLES;

--
-- Table structure for table `BatchTask`
--

DROP TABLE IF EXISTS `BatchTask`;
/*!40101 SET @saved_cs_client     = @@character_set_client */;
/*!50503 SET character_set_client = utf8mb4 */;
CREATE TABLE `BatchTask` (
  `ID` int NOT NULL AUTO_INCREMENT,
  `ClassName` enum('BatchTask') CHARACTER SET utf8mb3 COLLATE utf8mb3_general_ci DEFAULT 'BatchTask',
  `LastEdited` datetime DEFAULT NULL,
  `Created` datetime DEFAULT NULL,
  `Name` mediumtext CHARACTER SET utf8mb3 COLLATE utf8mb3_general_ci,
  `LastResponse` mediumtext CHARACTER SET utf8mb3 COLLATE utf8mb3_general_ci,
  `LastRecordIndex` int NOT NULL DEFAULT '0',
  `LastResponseDate` datetime DEFAULT NULL,
  `TotalRecords` int NOT NULL DEFAULT '0',
  `CurrentPage` int NOT NULL DEFAULT '0',
  PRIMARY KEY (`ID`),
  KEY `ClassName` (`ClassName`)
) ENGINE=InnoDB DEFAULT CHARSET=latin1;
/*!40101 SET character_set_client = @saved_cs_client */;

--
-- Dumping data for table `BatchTask`
--

LOCK TABLES `BatchTask` WRITE;
/*!40000 ALTER TABLE `BatchTask` DISABLE KEYS */;
/*!40000 ALTER TABLE `BatchTask` ENABLE KEYS */;
UNLOCK TABLES;

--
-- Table structure for table `Bio`
--

DROP TABLE IF EXISTS `Bio`;
/*!40101 SET @saved_cs_client     = @@character_set_client */;
/*!50503 SET character_set_client = utf8mb4 */;
CREATE TABLE `Bio` (
  `ID` int NOT NULL AUTO_INCREMENT,
  `ClassName` enum('Bio') CHARACTER SET utf8mb3 COLLATE utf8mb3_general_ci DEFAULT 'Bio',
  `LastEdited` datetime DEFAULT NULL,
  `Created` datetime DEFAULT NULL,
  `FirstName` mediumtext CHARACTER SET utf8mb3 COLLATE utf8mb3_general_ci,
  `LastName` mediumtext CHARACTER SET utf8mb3 COLLATE utf8mb3_general_ci,
  `Email` mediumtext CHARACTER SET utf8mb3 COLLATE utf8mb3_general_ci,
  `JobTitle` mediumtext CHARACTER SET utf8mb3 COLLATE utf8mb3_general_ci,
  `Company` mediumtext CHARACTER SET utf8mb3 COLLATE utf8mb3_general_ci,
  `Bio` mediumtext CHARACTER SET utf8mb3 COLLATE utf8mb3_general_ci,
  `DisplayOnSite` tinyint unsigned NOT NULL DEFAULT '0',
  `Role` mediumtext CHARACTER SET utf8mb3 COLLATE utf8mb3_general_ci,
  `PhotoID` int DEFAULT NULL,
  `BioPageID` int DEFAULT NULL,
  PRIMARY KEY (`ID`),
  KEY `BioPageID` (`BioPageID`),
  KEY `ClassName` (`ClassName`),
  KEY `PhotoID` (`PhotoID`)
) ENGINE=InnoDB DEFAULT CHARSET=latin1;
/*!40101 SET character_set_client = @saved_cs_client */;

--
-- Dumping data for table `Bio`
--

LOCK TABLES `Bio` WRITE;
/*!40000 ALTER TABLE `Bio` DISABLE KEYS */;
/*!40000 ALTER TABLE `Bio` ENABLE KEYS */;
UNLOCK TABLES;

--
-- Table structure for table `Book`
--

DROP TABLE IF EXISTS `Book`;
/*!40101 SET @saved_cs_client     = @@character_set_client */;
/*!50503 SET character_set_client = utf8mb4 */;
CREATE TABLE `Book` (
  `ID` int NOT NULL AUTO_INCREMENT,
  `ClassName` enum('Book') CHARACTER SET utf8mb3 COLLATE utf8mb3_general_ci DEFAULT 'Book',
  `LastEdited` datetime DEFAULT NULL,
  `Created` datetime DEFAULT NULL,
  `Title` varchar(255) CHARACTER SET utf8mb3 COLLATE utf8mb3_general_ci DEFAULT NULL,
  `Link` varchar(255) CHARACTER SET utf8mb3 COLLATE utf8mb3_general_ci DEFAULT NULL,
  `Description` mediumtext CHARACTER SET utf8mb3 COLLATE utf8mb3_general_ci,
  `Slug` varchar(255) CHARACTER SET utf8mb3 COLLATE utf8mb3_general_ci DEFAULT NULL,
  `CompanyID` int DEFAULT NULL,
  `ImageID` int DEFAULT NULL,
  PRIMARY KEY (`ID`),
  KEY `ClassName` (`ClassName`),
  KEY `CompanyID` (`CompanyID`),
  KEY `ImageID` (`ImageID`)
) ENGINE=InnoDB DEFAULT CHARSET=latin1;
/*!40101 SET character_set_client = @saved_cs_client */;

--
-- Dumping data for table `Book`
--

LOCK TABLES `Book` WRITE;
/*!40000 ALTER TABLE `Book` DISABLE KEYS */;
/*!40000 ALTER TABLE `Book` ENABLE KEYS */;
UNLOCK TABLES;

--
-- Table structure for table `BookAuthor`
--

DROP TABLE IF EXISTS `BookAuthor`;
/*!40101 SET @saved_cs_client     = @@character_set_client */;
/*!50503 SET character_set_client = utf8mb4 */;
CREATE TABLE `BookAuthor` (
  `ID` int NOT NULL AUTO_INCREMENT,
  `ClassName` enum('BookAuthor') CHARACTER SET utf8mb3 COLLATE utf8mb3_general_ci DEFAULT 'BookAuthor',
  `LastEdited` datetime DEFAULT NULL,
  `Created` datetime DEFAULT NULL,
  `FirstName` varchar(255) CHARACTER SET utf8mb3 COLLATE utf8mb3_general_ci DEFAULT NULL,
  `LastName` varchar(255) CHARACTER SET utf8mb3 COLLATE utf8mb3_general_ci DEFAULT NULL,
  PRIMARY KEY (`ID`),
  KEY `ClassName` (`ClassName`)
) ENGINE=InnoDB DEFAULT CHARSET=latin1;
/*!40101 SET character_set_client = @saved_cs_client */;

--
-- Dumping data for table `BookAuthor`
--

LOCK TABLES `BookAuthor` WRITE;
/*!40000 ALTER TABLE `BookAuthor` DISABLE KEYS */;
/*!40000 ALTER TABLE `BookAuthor` ENABLE KEYS */;
UNLOCK TABLES;

--
-- Table structure for table `Book_Authors`
--

DROP TABLE IF EXISTS `Book_Authors`;
/*!40101 SET @saved_cs_client     = @@character_set_client */;
/*!50503 SET character_set_client = utf8mb4 */;
CREATE TABLE `Book_Authors` (
  `ID` int NOT NULL AUTO_INCREMENT,
  `BookID` int NOT NULL DEFAULT '0',
  `BookAuthorID` int NOT NULL DEFAULT '0',
  PRIMARY KEY (`ID`),
  KEY `BookAuthorID` (`BookAuthorID`),
  KEY `BookID` (`BookID`)
) ENGINE=InnoDB DEFAULT CHARSET=latin1;
/*!40101 SET character_set_client = @saved_cs_client */;

--
-- Dumping data for table `Book_Authors`
--

LOCK TABLES `Book_Authors` WRITE;
/*!40000 ALTER TABLE `Book_Authors` DISABLE KEYS */;
/*!40000 ALTER TABLE `Book_Authors` ENABLE KEYS */;
UNLOCK TABLES;

--
-- Table structure for table `COALandingPage`
--

DROP TABLE IF EXISTS `COALandingPage`;
/*!40101 SET @saved_cs_client     = @@character_set_client */;
/*!50503 SET character_set_client = utf8mb4 */;
CREATE TABLE `COALandingPage` (
  `ID` int NOT NULL AUTO_INCREMENT,
  `BannerTitle` mediumtext CHARACTER SET utf8mb3 COLLATE utf8mb3_general_ci,
  `BannerText` mediumtext CHARACTER SET utf8mb3 COLLATE utf8mb3_general_ci,
  `ExamDetails` mediumtext CHARACTER SET utf8mb3 COLLATE utf8mb3_general_ci,
  `HandBookLink` mediumtext CHARACTER SET utf8mb3 COLLATE utf8mb3_general_ci,
  `GetStartedURL` mediumtext CHARACTER SET utf8mb3 COLLATE utf8mb3_general_ci,
  `GetStartedLabel` mediumtext CHARACTER SET utf8mb3 COLLATE utf8mb3_general_ci,
  `GetStartedURL2` mediumtext CHARACTER SET utf8mb3 COLLATE utf8mb3_general_ci,
  `GetStartedLabel2` mediumtext CHARACTER SET utf8mb3 COLLATE utf8mb3_general_ci,
  `GetStartedURL3` mediumtext CHARACTER SET utf8mb3 COLLATE utf8mb3_general_ci,
  `GetStartedLabel3` mediumtext CHARACTER SET utf8mb3 COLLATE utf8mb3_general_ci,
  `HideFee` tinyint unsigned NOT NULL DEFAULT '0',
  `AlreadyRegisteredURL` mediumtext CHARACTER SET utf8mb3 COLLATE utf8mb3_general_ci,
  `ExamCost` mediumtext CHARACTER SET utf8mb3 COLLATE utf8mb3_general_ci,
  `ExamSpecialCost` mediumtext CHARACTER SET utf8mb3 COLLATE utf8mb3_general_ci,
  `ExamCostSpecialOffer` mediumtext CHARACTER SET utf8mb3 COLLATE utf8mb3_general_ci,
  `ExamFormat` mediumtext CHARACTER SET utf8mb3 COLLATE utf8mb3_general_ci,
  `ExamIDRequirements` mediumtext CHARACTER SET utf8mb3 COLLATE utf8mb3_general_ci,
  `ExamCertificationPeriod` mediumtext CHARACTER SET utf8mb3 COLLATE utf8mb3_general_ci,
  `ExamRetake` mediumtext CHARACTER SET utf8mb3 COLLATE utf8mb3_general_ci,
  `ExamDuration` mediumtext CHARACTER SET utf8mb3 COLLATE utf8mb3_general_ci,
  `ExamSystemRequirements` mediumtext CHARACTER SET utf8mb3 COLLATE utf8mb3_general_ci,
  `ExamScoring` mediumtext CHARACTER SET utf8mb3 COLLATE utf8mb3_general_ci,
  `ExamLanguage` mediumtext CHARACTER SET utf8mb3 COLLATE utf8mb3_general_ci,
  `ExamHowLongSchedule` mediumtext CHARACTER SET utf8mb3 COLLATE utf8mb3_general_ci,
  `GetStartedText` mediumtext CHARACTER SET utf8mb3 COLLATE utf8mb3_general_ci,
  `HidePurchaseExam` tinyint unsigned NOT NULL DEFAULT '0',
  `HideVirtualExam` tinyint unsigned NOT NULL DEFAULT '0',
  `HideHowGetStarted` tinyint unsigned NOT NULL DEFAULT '0',
  `HeroImageID` int DEFAULT NULL,
  PRIMARY KEY (`ID`),
  KEY `HeroImageID` (`HeroImageID`)
) ENGINE=InnoDB DEFAULT CHARSET=latin1;
/*!40101 SET character_set_client = @saved_cs_client */;

--
-- Dumping data for table `COALandingPage`
--

LOCK TABLES `COALandingPage` WRITE;
/*!40000 ALTER TABLE `COALandingPage` DISABLE KEYS */;
/*!40000 ALTER TABLE `COALandingPage` ENABLE KEYS */;
UNLOCK TABLES;

--
-- Table structure for table `COALandingPage_Live`
--

DROP TABLE IF EXISTS `COALandingPage_Live`;
/*!40101 SET @saved_cs_client     = @@character_set_client */;
/*!50503 SET character_set_client = utf8mb4 */;
CREATE TABLE `COALandingPage_Live` (
  `ID` int NOT NULL AUTO_INCREMENT,
  `BannerTitle` mediumtext CHARACTER SET utf8mb3 COLLATE utf8mb3_general_ci,
  `BannerText` mediumtext CHARACTER SET utf8mb3 COLLATE utf8mb3_general_ci,
  `ExamDetails` mediumtext CHARACTER SET utf8mb3 COLLATE utf8mb3_general_ci,
  `HandBookLink` mediumtext CHARACTER SET utf8mb3 COLLATE utf8mb3_general_ci,
  `GetStartedURL` mediumtext CHARACTER SET utf8mb3 COLLATE utf8mb3_general_ci,
  `GetStartedLabel` mediumtext CHARACTER SET utf8mb3 COLLATE utf8mb3_general_ci,
  `GetStartedURL2` mediumtext CHARACTER SET utf8mb3 COLLATE utf8mb3_general_ci,
  `GetStartedLabel2` mediumtext CHARACTER SET utf8mb3 COLLATE utf8mb3_general_ci,
  `GetStartedURL3` mediumtext CHARACTER SET utf8mb3 COLLATE utf8mb3_general_ci,
  `GetStartedLabel3` mediumtext CHARACTER SET utf8mb3 COLLATE utf8mb3_general_ci,
  `HideFee` tinyint unsigned NOT NULL DEFAULT '0',
  `AlreadyRegisteredURL` mediumtext CHARACTER SET utf8mb3 COLLATE utf8mb3_general_ci,
  `ExamCost` mediumtext CHARACTER SET utf8mb3 COLLATE utf8mb3_general_ci,
  `ExamSpecialCost` mediumtext CHARACTER SET utf8mb3 COLLATE utf8mb3_general_ci,
  `ExamCostSpecialOffer` mediumtext CHARACTER SET utf8mb3 COLLATE utf8mb3_general_ci,
  `ExamFormat` mediumtext CHARACTER SET utf8mb3 COLLATE utf8mb3_general_ci,
  `ExamIDRequirements` mediumtext CHARACTER SET utf8mb3 COLLATE utf8mb3_general_ci,
  `ExamCertificationPeriod` mediumtext CHARACTER SET utf8mb3 COLLATE utf8mb3_general_ci,
  `ExamRetake` mediumtext CHARACTER SET utf8mb3 COLLATE utf8mb3_general_ci,
  `ExamDuration` mediumtext CHARACTER SET utf8mb3 COLLATE utf8mb3_general_ci,
  `ExamSystemRequirements` mediumtext CHARACTER SET utf8mb3 COLLATE utf8mb3_general_ci,
  `ExamScoring` mediumtext CHARACTER SET utf8mb3 COLLATE utf8mb3_general_ci,
  `ExamLanguage` mediumtext CHARACTER SET utf8mb3 COLLATE utf8mb3_general_ci,
  `ExamHowLongSchedule` mediumtext CHARACTER SET utf8mb3 COLLATE utf8mb3_general_ci,
  `GetStartedText` mediumtext CHARACTER SET utf8mb3 COLLATE utf8mb3_general_ci,
  `HidePurchaseExam` tinyint unsigned NOT NULL DEFAULT '0',
  `HideVirtualExam` tinyint unsigned NOT NULL DEFAULT '0',
  `HideHowGetStarted` tinyint unsigned NOT NULL DEFAULT '0',
  `HeroImageID` int DEFAULT NULL,
  PRIMARY KEY (`ID`),
  KEY `HeroImageID` (`HeroImageID`)
) ENGINE=InnoDB DEFAULT CHARSET=latin1;
/*!40101 SET character_set_client = @saved_cs_client */;

--
-- Dumping data for table `COALandingPage_Live`
--

LOCK TABLES `COALandingPage_Live` WRITE;
/*!40000 ALTER TABLE `COALandingPage_Live` DISABLE KEYS */;
/*!40000 ALTER TABLE `COALandingPage_Live` ENABLE KEYS */;
UNLOCK TABLES;

--
-- Table structure for table `COALandingPage_TrainingPartners`
--

DROP TABLE IF EXISTS `COALandingPage_TrainingPartners`;
/*!40101 SET @saved_cs_client     = @@character_set_client */;
/*!50503 SET character_set_client = utf8mb4 */;
CREATE TABLE `COALandingPage_TrainingPartners` (
  `ID` int NOT NULL AUTO_INCREMENT,
  `COALandingPageID` int NOT NULL DEFAULT '0',
  `CompanyID` int NOT NULL DEFAULT '0',
  `Order` int NOT NULL DEFAULT '0',
  PRIMARY KEY (`ID`),
  KEY `COALandingPageID` (`COALandingPageID`),
  KEY `CompanyID` (`CompanyID`)
) ENGINE=InnoDB DEFAULT CHARSET=latin1;
/*!40101 SET character_set_client = @saved_cs_client */;

--
-- Dumping data for table `COALandingPage_TrainingPartners`
--

LOCK TABLES `COALandingPage_TrainingPartners` WRITE;
/*!40000 ALTER TABLE `COALandingPage_TrainingPartners` DISABLE KEYS */;
/*!40000 ALTER TABLE `COALandingPage_TrainingPartners` ENABLE KEYS */;
UNLOCK TABLES;

--
-- Table structure for table `COALandingPage_versions`
--

DROP TABLE IF EXISTS `COALandingPage_versions`;
/*!40101 SET @saved_cs_client     = @@character_set_client */;
/*!50503 SET character_set_client = utf8mb4 */;
CREATE TABLE `COALandingPage_versions` (
  `ID` int NOT NULL AUTO_INCREMENT,
  `RecordID` int NOT NULL DEFAULT '0',
  `Version` int NOT NULL DEFAULT '0',
  `BannerTitle` mediumtext CHARACTER SET utf8mb3 COLLATE utf8mb3_general_ci,
  `BannerText` mediumtext CHARACTER SET utf8mb3 COLLATE utf8mb3_general_ci,
  `ExamDetails` mediumtext CHARACTER SET utf8mb3 COLLATE utf8mb3_general_ci,
  `HandBookLink` mediumtext CHARACTER SET utf8mb3 COLLATE utf8mb3_general_ci,
  `GetStartedURL` mediumtext CHARACTER SET utf8mb3 COLLATE utf8mb3_general_ci,
  `GetStartedLabel` mediumtext CHARACTER SET utf8mb3 COLLATE utf8mb3_general_ci,
  `GetStartedURL2` mediumtext CHARACTER SET utf8mb3 COLLATE utf8mb3_general_ci,
  `GetStartedLabel2` mediumtext CHARACTER SET utf8mb3 COLLATE utf8mb3_general_ci,
  `GetStartedURL3` mediumtext CHARACTER SET utf8mb3 COLLATE utf8mb3_general_ci,
  `GetStartedLabel3` mediumtext CHARACTER SET utf8mb3 COLLATE utf8mb3_general_ci,
  `HideFee` tinyint unsigned NOT NULL DEFAULT '0',
  `AlreadyRegisteredURL` mediumtext CHARACTER SET utf8mb3 COLLATE utf8mb3_general_ci,
  `ExamCost` mediumtext CHARACTER SET utf8mb3 COLLATE utf8mb3_general_ci,
  `ExamSpecialCost` mediumtext CHARACTER SET utf8mb3 COLLATE utf8mb3_general_ci,
  `ExamCostSpecialOffer` mediumtext CHARACTER SET utf8mb3 COLLATE utf8mb3_general_ci,
  `ExamFormat` mediumtext CHARACTER SET utf8mb3 COLLATE utf8mb3_general_ci,
  `ExamIDRequirements` mediumtext CHARACTER SET utf8mb3 COLLATE utf8mb3_general_ci,
  `ExamCertificationPeriod` mediumtext CHARACTER SET utf8mb3 COLLATE utf8mb3_general_ci,
  `ExamRetake` mediumtext CHARACTER SET utf8mb3 COLLATE utf8mb3_general_ci,
  `ExamDuration` mediumtext CHARACTER SET utf8mb3 COLLATE utf8mb3_general_ci,
  `ExamSystemRequirements` mediumtext CHARACTER SET utf8mb3 COLLATE utf8mb3_general_ci,
  `ExamScoring` mediumtext CHARACTER SET utf8mb3 COLLATE utf8mb3_general_ci,
  `ExamLanguage` mediumtext CHARACTER SET utf8mb3 COLLATE utf8mb3_general_ci,
  `ExamHowLongSchedule` mediumtext CHARACTER SET utf8mb3 COLLATE utf8mb3_general_ci,
  `GetStartedText` mediumtext CHARACTER SET utf8mb3 COLLATE utf8mb3_general_ci,
  `HidePurchaseExam` tinyint unsigned NOT NULL DEFAULT '0',
  `HideVirtualExam` tinyint unsigned NOT NULL DEFAULT '0',
  `HideHowGetStarted` tinyint unsigned NOT NULL DEFAULT '0',
  `HeroImageID` int DEFAULT NULL,
  PRIMARY KEY (`ID`),
  UNIQUE KEY `RecordID_Version` (`RecordID`,`Version`),
  KEY `HeroImageID` (`HeroImageID`),
  KEY `RecordID` (`RecordID`),
  KEY `Version` (`Version`)
) ENGINE=InnoDB DEFAULT CHARSET=latin1;
/*!40101 SET character_set_client = @saved_cs_client */;

--
-- Dumping data for table `COALandingPage_versions`
--

LOCK TABLES `COALandingPage_versions` WRITE;
/*!40000 ALTER TABLE `COALandingPage_versions` DISABLE KEYS */;
/*!40000 ALTER TABLE `COALandingPage_versions` ENABLE KEYS */;
UNLOCK TABLES;

--
-- Table structure for table `COAProcessedFile`
--

DROP TABLE IF EXISTS `COAProcessedFile`;
/*!40101 SET @saved_cs_client     = @@character_set_client */;
/*!50503 SET character_set_client = utf8mb4 */;
CREATE TABLE `COAProcessedFile` (
  `ID` int NOT NULL AUTO_INCREMENT,
  `ClassName` enum('COAProcessedFile') CHARACTER SET utf8mb3 COLLATE utf8mb3_general_ci DEFAULT 'COAProcessedFile',
  `LastEdited` datetime DEFAULT NULL,
  `Created` datetime DEFAULT NULL,
  `Name` varchar(255) CHARACTER SET utf8mb3 COLLATE utf8mb3_general_ci DEFAULT NULL,
  `TimeStamp` int NOT NULL DEFAULT '0',
  PRIMARY KEY (`ID`),
  KEY `ClassName` (`ClassName`)
) ENGINE=InnoDB DEFAULT CHARSET=latin1;
/*!40101 SET character_set_client = @saved_cs_client */;

--
-- Dumping data for table `COAProcessedFile`
--

LOCK TABLES `COAProcessedFile` WRITE;
/*!40000 ALTER TABLE `COAProcessedFile` DISABLE KEYS */;
/*!40000 ALTER TABLE `COAProcessedFile` ENABLE KEYS */;
UNLOCK TABLES;

--
-- Table structure for table `COAVerifyPage`
--

DROP TABLE IF EXISTS `COAVerifyPage`;
/*!40101 SET @saved_cs_client     = @@character_set_client */;
/*!50503 SET character_set_client = utf8mb4 */;
CREATE TABLE `COAVerifyPage` (
  `ID` int NOT NULL AUTO_INCREMENT,
  `TosText` mediumtext CHARACTER SET utf8mb3 COLLATE utf8mb3_general_ci,
  PRIMARY KEY (`ID`)
) ENGINE=InnoDB DEFAULT CHARSET=latin1;
/*!40101 SET character_set_client = @saved_cs_client */;

--
-- Dumping data for table `COAVerifyPage`
--

LOCK TABLES `COAVerifyPage` WRITE;
/*!40000 ALTER TABLE `COAVerifyPage` DISABLE KEYS */;
/*!40000 ALTER TABLE `COAVerifyPage` ENABLE KEYS */;
UNLOCK TABLES;

--
-- Table structure for table `COAVerifyPage_Live`
--

DROP TABLE IF EXISTS `COAVerifyPage_Live`;
/*!40101 SET @saved_cs_client     = @@character_set_client */;
/*!50503 SET character_set_client = utf8mb4 */;
CREATE TABLE `COAVerifyPage_Live` (
  `ID` int NOT NULL AUTO_INCREMENT,
  `TosText` mediumtext CHARACTER SET utf8mb3 COLLATE utf8mb3_general_ci,
  PRIMARY KEY (`ID`)
) ENGINE=InnoDB DEFAULT CHARSET=latin1;
/*!40101 SET character_set_client = @saved_cs_client */;

--
-- Dumping data for table `COAVerifyPage_Live`
--

LOCK TABLES `COAVerifyPage_Live` WRITE;
/*!40000 ALTER TABLE `COAVerifyPage_Live` DISABLE KEYS */;
/*!40000 ALTER TABLE `COAVerifyPage_Live` ENABLE KEYS */;
UNLOCK TABLES;

--
-- Table structure for table `COAVerifyPage_versions`
--

DROP TABLE IF EXISTS `COAVerifyPage_versions`;
/*!40101 SET @saved_cs_client     = @@character_set_client */;
/*!50503 SET character_set_client = utf8mb4 */;
CREATE TABLE `COAVerifyPage_versions` (
  `ID` int NOT NULL AUTO_INCREMENT,
  `RecordID` int NOT NULL DEFAULT '0',
  `Version` int NOT NULL DEFAULT '0',
  `TosText` mediumtext CHARACTER SET utf8mb3 COLLATE utf8mb3_general_ci,
  PRIMARY KEY (`ID`),
  UNIQUE KEY `RecordID_Version` (`RecordID`,`Version`),
  KEY `RecordID` (`RecordID`),
  KEY `Version` (`Version`)
) ENGINE=InnoDB DEFAULT CHARSET=latin1;
/*!40101 SET character_set_client = @saved_cs_client */;

--
-- Dumping data for table `COAVerifyPage_versions`
--

LOCK TABLES `COAVerifyPage_versions` WRITE;
/*!40000 ALTER TABLE `COAVerifyPage_versions` DISABLE KEYS */;
/*!40000 ALTER TABLE `COAVerifyPage_versions` ENABLE KEYS */;
UNLOCK TABLES;

--
-- Table structure for table `CalendarSyncErrorEmailRequest`
--

DROP TABLE IF EXISTS `CalendarSyncErrorEmailRequest`;
/*!40101 SET @saved_cs_client     = @@character_set_client */;
/*!50503 SET character_set_client = utf8mb4 */;
CREATE TABLE `CalendarSyncErrorEmailRequest` (
  `ID` int NOT NULL AUTO_INCREMENT,
  `CalendarSyncInfoID` int DEFAULT NULL,
  PRIMARY KEY (`ID`),
  KEY `CalendarSyncInfoID` (`CalendarSyncInfoID`)
) ENGINE=InnoDB DEFAULT CHARSET=latin1;
/*!40101 SET character_set_client = @saved_cs_client */;

--
-- Dumping data for table `CalendarSyncErrorEmailRequest`
--

LOCK TABLES `CalendarSyncErrorEmailRequest` WRITE;
/*!40000 ALTER TABLE `CalendarSyncErrorEmailRequest` DISABLE KEYS */;
/*!40000 ALTER TABLE `CalendarSyncErrorEmailRequest` ENABLE KEYS */;
UNLOCK TABLES;

--
-- Table structure for table `CalendarSyncInfo`
--

DROP TABLE IF EXISTS `CalendarSyncInfo`;
/*!40101 SET @saved_cs_client     = @@character_set_client */;
/*!50503 SET character_set_client = utf8mb4 */;
CREATE TABLE `CalendarSyncInfo` (
  `ID` int NOT NULL AUTO_INCREMENT,
  `ClassName` enum('CalendarSyncInfo','CalendarSyncInfoCalDav','CalendarSyncInfoOAuth2') CHARACTER SET utf8mb3 COLLATE utf8mb3_general_ci DEFAULT 'CalendarSyncInfo',
  `LastEdited` datetime DEFAULT NULL,
  `Created` datetime DEFAULT NULL,
  `Provider` enum('Google','Outlook','iCloud') CHARACTER SET utf8mb3 COLLATE utf8mb3_general_ci DEFAULT 'Google',
  `CalendarExternalId` varchar(512) CHARACTER SET utf8mb3 COLLATE utf8mb3_general_ci DEFAULT NULL,
  `ETag` varchar(512) CHARACTER SET utf8mb3 COLLATE utf8mb3_general_ci DEFAULT NULL,
  `Revoked` tinyint unsigned NOT NULL DEFAULT '0',
  `SummitID` int DEFAULT NULL,
  `OwnerID` int DEFAULT NULL,
  PRIMARY KEY (`ID`),
  KEY `ClassName` (`ClassName`),
  KEY `OwnerID` (`OwnerID`),
  KEY `SummitID` (`SummitID`)
) ENGINE=InnoDB DEFAULT CHARSET=latin1;
/*!40101 SET character_set_client = @saved_cs_client */;

--
-- Dumping data for table `CalendarSyncInfo`
--

LOCK TABLES `CalendarSyncInfo` WRITE;
/*!40000 ALTER TABLE `CalendarSyncInfo` DISABLE KEYS */;
/*!40000 ALTER TABLE `CalendarSyncInfo` ENABLE KEYS */;
UNLOCK TABLES;

--
-- Table structure for table `CalendarSyncInfoCalDav`
--

DROP TABLE IF EXISTS `CalendarSyncInfoCalDav`;
/*!40101 SET @saved_cs_client     = @@character_set_client */;
/*!50503 SET character_set_client = utf8mb4 */;
CREATE TABLE `CalendarSyncInfoCalDav` (
  `ID` int NOT NULL AUTO_INCREMENT,
  `UserName` varchar(254) CHARACTER SET utf8mb3 COLLATE utf8mb3_general_ci DEFAULT NULL,
  `UserPassword` mediumtext CHARACTER SET utf8mb3 COLLATE utf8mb3_general_ci,
  `UserPrincipalURL` varchar(512) CHARACTER SET utf8mb3 COLLATE utf8mb3_general_ci DEFAULT NULL,
  `CalendarDisplayName` varchar(512) CHARACTER SET utf8mb3 COLLATE utf8mb3_general_ci DEFAULT NULL,
  `CalendarSyncToken` varchar(512) CHARACTER SET utf8mb3 COLLATE utf8mb3_general_ci DEFAULT NULL,
  PRIMARY KEY (`ID`)
) ENGINE=InnoDB DEFAULT CHARSET=latin1;
/*!40101 SET character_set_client = @saved_cs_client */;

--
-- Dumping data for table `CalendarSyncInfoCalDav`
--

LOCK TABLES `CalendarSyncInfoCalDav` WRITE;
/*!40000 ALTER TABLE `CalendarSyncInfoCalDav` DISABLE KEYS */;
/*!40000 ALTER TABLE `CalendarSyncInfoCalDav` ENABLE KEYS */;
UNLOCK TABLES;

--
-- Table structure for table `CalendarSyncInfoOAuth2`
--

DROP TABLE IF EXISTS `CalendarSyncInfoOAuth2`;
/*!40101 SET @saved_cs_client     = @@character_set_client */;
/*!50503 SET character_set_client = utf8mb4 */;
CREATE TABLE `CalendarSyncInfoOAuth2` (
  `ID` int NOT NULL AUTO_INCREMENT,
  `AccessToken` mediumtext CHARACTER SET utf8mb3 COLLATE utf8mb3_general_ci,
  `RefreshToken` mediumtext CHARACTER SET utf8mb3 COLLATE utf8mb3_general_ci,
  PRIMARY KEY (`ID`)
) ENGINE=InnoDB DEFAULT CHARSET=latin1;
/*!40101 SET character_set_client = @saved_cs_client */;

--
-- Dumping data for table `CalendarSyncInfoOAuth2`
--

LOCK TABLES `CalendarSyncInfoOAuth2` WRITE;
/*!40000 ALTER TABLE `CalendarSyncInfoOAuth2` DISABLE KEYS */;
/*!40000 ALTER TABLE `CalendarSyncInfoOAuth2` ENABLE KEYS */;
UNLOCK TABLES;

--
-- Table structure for table `Candidate`
--

DROP TABLE IF EXISTS `Candidate`;
/*!40101 SET @saved_cs_client     = @@character_set_client */;
/*!50503 SET character_set_client = utf8mb4 */;
CREATE TABLE `Candidate` (
  `ID` int NOT NULL AUTO_INCREMENT,
  `ClassName` enum('Candidate') CHARACTER SET utf8mb3 COLLATE utf8mb3_general_ci DEFAULT 'Candidate',
  `LastEdited` datetime DEFAULT NULL,
  `Created` datetime DEFAULT NULL,
  `HasAcceptedNomination` tinyint unsigned NOT NULL DEFAULT '0',
  `IsGoldMemberCandidate` tinyint unsigned NOT NULL DEFAULT '0',
  `RelationshipToOpenStack` mediumtext CHARACTER SET utf8mb3 COLLATE utf8mb3_general_ci,
  `Experience` mediumtext CHARACTER SET utf8mb3 COLLATE utf8mb3_general_ci,
  `BoardsRole` mediumtext CHARACTER SET utf8mb3 COLLATE utf8mb3_general_ci,
  `TopPriority` mediumtext CHARACTER SET utf8mb3 COLLATE utf8mb3_general_ci,
  `ElectionID` int DEFAULT NULL,
  `MemberID` int DEFAULT NULL,
  `Bio` longtext,
  PRIMARY KEY (`ID`),
  KEY `ClassName` (`ClassName`),
  KEY `ElectionID` (`ElectionID`),
  KEY `MemberID` (`MemberID`),
  CONSTRAINT `FK_Candidate_Election` FOREIGN KEY (`ElectionID`) REFERENCES `Election` (`ID`) ON DELETE CASCADE,
  CONSTRAINT `FK_Candidate_Member` FOREIGN KEY (`MemberID`) REFERENCES `Member` (`ID`) ON DELETE CASCADE
) ENGINE=InnoDB DEFAULT CHARSET=latin1;
/*!40101 SET character_set_client = @saved_cs_client */;

--
-- Dumping data for table `Candidate`
--

LOCK TABLES `Candidate` WRITE;
/*!40000 ALTER TABLE `Candidate` DISABLE KEYS */;
/*!40000 ALTER TABLE `Candidate` ENABLE KEYS */;
UNLOCK TABLES;

--
-- Table structure for table `CandidateNomination`
--

DROP TABLE IF EXISTS `CandidateNomination`;
/*!40101 SET @saved_cs_client     = @@character_set_client */;
/*!50503 SET character_set_client = utf8mb4 */;
CREATE TABLE `CandidateNomination` (
  `ID` int NOT NULL AUTO_INCREMENT,
  `ClassName` enum('CandidateNomination') CHARACTER SET utf8mb3 COLLATE utf8mb3_general_ci DEFAULT 'CandidateNomination',
  `LastEdited` datetime DEFAULT NULL,
  `Created` datetime DEFAULT NULL,
  `MemberID` int DEFAULT NULL,
  `CandidateID` int DEFAULT NULL,
  `ElectionID` int DEFAULT NULL,
  PRIMARY KEY (`ID`),
  KEY `CandidateID` (`CandidateID`),
  KEY `ClassName` (`ClassName`),
  KEY `ElectionID` (`ElectionID`),
  KEY `MemberID` (`MemberID`)
) ENGINE=InnoDB DEFAULT CHARSET=latin1;
/*!40101 SET character_set_client = @saved_cs_client */;

--
-- Dumping data for table `CandidateNomination`
--

LOCK TABLES `CandidateNomination` WRITE;
/*!40000 ALTER TABLE `CandidateNomination` DISABLE KEYS */;
/*!40000 ALTER TABLE `CandidateNomination` ENABLE KEYS */;
UNLOCK TABLES;

--
-- Table structure for table `CaseOfStudy`
--

DROP TABLE IF EXISTS `CaseOfStudy`;
/*!40101 SET @saved_cs_client     = @@character_set_client */;
/*!50503 SET character_set_client = utf8mb4 */;
CREATE TABLE `CaseOfStudy` (
  `ID` int NOT NULL AUTO_INCREMENT,
  `LogoID` int DEFAULT NULL,
  PRIMARY KEY (`ID`),
  KEY `LogoID` (`LogoID`)
) ENGINE=InnoDB DEFAULT CHARSET=latin1;
/*!40101 SET character_set_client = @saved_cs_client */;

--
-- Dumping data for table `CaseOfStudy`
--

LOCK TABLES `CaseOfStudy` WRITE;
/*!40000 ALTER TABLE `CaseOfStudy` DISABLE KEYS */;
/*!40000 ALTER TABLE `CaseOfStudy` ENABLE KEYS */;
UNLOCK TABLES;

--
-- Table structure for table `CertifiedOpenStackAdministratorExam`
--

DROP TABLE IF EXISTS `CertifiedOpenStackAdministratorExam`;
/*!40101 SET @saved_cs_client     = @@character_set_client */;
/*!50503 SET character_set_client = utf8mb4 */;
CREATE TABLE `CertifiedOpenStackAdministratorExam` (
  `ID` int NOT NULL AUTO_INCREMENT,
  `ClassName` enum('CertifiedOpenStackAdministratorExam') CHARACTER SET utf8mb3 COLLATE utf8mb3_general_ci DEFAULT 'CertifiedOpenStackAdministratorExam',
  `LastEdited` datetime DEFAULT NULL,
  `Created` datetime DEFAULT NULL,
  `ExternalID` varchar(255) CHARACTER SET utf8mb3 COLLATE utf8mb3_general_ci DEFAULT NULL,
  `ExpirationDate` datetime DEFAULT NULL,
  `PassFailDate` datetime DEFAULT NULL,
  `ModifiedDate` datetime DEFAULT NULL,
  `Status` enum('None','New','Pending','Pass','No Pass','No Pending','Invalidated','Cancelled') CHARACTER SET utf8mb3 COLLATE utf8mb3_general_ci DEFAULT 'None',
  `Code` varchar(255) CHARACTER SET utf8mb3 COLLATE utf8mb3_general_ci DEFAULT NULL,
  `CertificationNumber` varchar(255) CHARACTER SET utf8mb3 COLLATE utf8mb3_general_ci DEFAULT NULL,
  `CertificationStatus` enum('None','Achieved','InProgress','Expired','Renewed','In Appeals','Revoked') CHARACTER SET utf8mb3 COLLATE utf8mb3_general_ci DEFAULT 'None',
  `CertificationExpirationDate` datetime DEFAULT NULL,
  `TrackID` varchar(512) CHARACTER SET utf8mb3 COLLATE utf8mb3_general_ci DEFAULT NULL,
  `TrackModifiedDate` datetime DEFAULT NULL,
  `CandidateName` varchar(512) CHARACTER SET utf8mb3 COLLATE utf8mb3_general_ci DEFAULT NULL,
  `CandidateNameFirstName` varchar(512) CHARACTER SET utf8mb3 COLLATE utf8mb3_general_ci DEFAULT NULL,
  `CandidateNameLastName` varchar(512) CHARACTER SET utf8mb3 COLLATE utf8mb3_general_ci DEFAULT NULL,
  `CandidateEmail` varchar(512) CHARACTER SET utf8mb3 COLLATE utf8mb3_general_ci DEFAULT NULL,
  `CandidateExternalID` varchar(512) CHARACTER SET utf8mb3 COLLATE utf8mb3_general_ci DEFAULT NULL,
  `CompletedDate` datetime DEFAULT NULL,
  `OwnerID` int DEFAULT NULL,
  PRIMARY KEY (`ID`),
  KEY `ClassName` (`ClassName`),
  KEY `OwnerID` (`OwnerID`)
) ENGINE=InnoDB DEFAULT CHARSET=latin1;
/*!40101 SET character_set_client = @saved_cs_client */;

--
-- Dumping data for table `CertifiedOpenStackAdministratorExam`
--

LOCK TABLES `CertifiedOpenStackAdministratorExam` WRITE;
/*!40000 ALTER TABLE `CertifiedOpenStackAdministratorExam` DISABLE KEYS */;
/*!40000 ALTER TABLE `CertifiedOpenStackAdministratorExam` ENABLE KEYS */;
UNLOCK TABLES;

--
-- Table structure for table `ChatTeam`
--

DROP TABLE IF EXISTS `ChatTeam`;
/*!40101 SET @saved_cs_client     = @@character_set_client */;
/*!50503 SET character_set_client = utf8mb4 */;
CREATE TABLE `ChatTeam` (
  `ID` int NOT NULL AUTO_INCREMENT,
  `ClassName` enum('ChatTeam') CHARACTER SET utf8mb3 COLLATE utf8mb3_general_ci DEFAULT 'ChatTeam',
  `LastEdited` datetime DEFAULT NULL,
  `Created` datetime DEFAULT NULL,
  `Name` mediumtext CHARACTER SET utf8mb3 COLLATE utf8mb3_general_ci,
  `Description` mediumtext CHARACTER SET utf8mb3 COLLATE utf8mb3_general_ci,
  `OwnerID` int DEFAULT NULL,
  PRIMARY KEY (`ID`),
  KEY `ClassName` (`ClassName`),
  KEY `OwnerID` (`OwnerID`)
) ENGINE=InnoDB DEFAULT CHARSET=latin1;
/*!40101 SET character_set_client = @saved_cs_client */;

--
-- Dumping data for table `ChatTeam`
--

LOCK TABLES `ChatTeam` WRITE;
/*!40000 ALTER TABLE `ChatTeam` DISABLE KEYS */;
/*!40000 ALTER TABLE `ChatTeam` ENABLE KEYS */;
UNLOCK TABLES;

--
-- Table structure for table `ChatTeamInvitation`
--

DROP TABLE IF EXISTS `ChatTeamInvitation`;
/*!40101 SET @saved_cs_client     = @@character_set_client */;
/*!50503 SET character_set_client = utf8mb4 */;
CREATE TABLE `ChatTeamInvitation` (
  `ID` int NOT NULL AUTO_INCREMENT,
  `ClassName` enum('ChatTeamInvitation') CHARACTER SET utf8mb3 COLLATE utf8mb3_general_ci DEFAULT 'ChatTeamInvitation',
  `LastEdited` datetime DEFAULT NULL,
  `Created` datetime DEFAULT NULL,
  `Permission` enum('READ','WRITE','ADMIN') CHARACTER SET utf8mb3 COLLATE utf8mb3_general_ci DEFAULT 'READ',
  `Accepted` tinyint unsigned NOT NULL DEFAULT '0',
  `AcceptedDate` datetime DEFAULT NULL,
  `InviterID` int DEFAULT NULL,
  `InviteeID` int DEFAULT NULL,
  `TeamID` int DEFAULT NULL,
  PRIMARY KEY (`ID`),
  KEY `ClassName` (`ClassName`),
  KEY `InviteeID` (`InviteeID`),
  KEY `InviterID` (`InviterID`),
  KEY `TeamID` (`TeamID`)
) ENGINE=InnoDB DEFAULT CHARSET=latin1;
/*!40101 SET character_set_client = @saved_cs_client */;

--
-- Dumping data for table `ChatTeamInvitation`
--

LOCK TABLES `ChatTeamInvitation` WRITE;
/*!40000 ALTER TABLE `ChatTeamInvitation` DISABLE KEYS */;
/*!40000 ALTER TABLE `ChatTeamInvitation` ENABLE KEYS */;
UNLOCK TABLES;

--
-- Table structure for table `ChatTeamPushNotificationMessage`
--

DROP TABLE IF EXISTS `ChatTeamPushNotificationMessage`;
/*!40101 SET @saved_cs_client     = @@character_set_client */;
/*!50503 SET character_set_client = utf8mb4 */;
CREATE TABLE `ChatTeamPushNotificationMessage` (
  `ID` int NOT NULL AUTO_INCREMENT,
  `ChatTeamID` int DEFAULT NULL,
  PRIMARY KEY (`ID`),
  KEY `ChatTeamID` (`ChatTeamID`)
) ENGINE=InnoDB DEFAULT CHARSET=latin1;
/*!40101 SET character_set_client = @saved_cs_client */;

--
-- Dumping data for table `ChatTeamPushNotificationMessage`
--

LOCK TABLES `ChatTeamPushNotificationMessage` WRITE;
/*!40000 ALTER TABLE `ChatTeamPushNotificationMessage` DISABLE KEYS */;
/*!40000 ALTER TABLE `ChatTeamPushNotificationMessage` ENABLE KEYS */;
UNLOCK TABLES;

--
-- Table structure for table `ChatTeam_Members`
--

DROP TABLE IF EXISTS `ChatTeam_Members`;
/*!40101 SET @saved_cs_client     = @@character_set_client */;
/*!50503 SET character_set_client = utf8mb4 */;
CREATE TABLE `ChatTeam_Members` (
  `ID` int NOT NULL AUTO_INCREMENT,
  `ChatTeamID` int NOT NULL DEFAULT '0',
  `MemberID` int NOT NULL DEFAULT '0',
  `Permission` enum('READ','WRITE','ADMIN') CHARACTER SET utf8mb3 COLLATE utf8mb3_general_ci DEFAULT 'READ',
  PRIMARY KEY (`ID`),
  KEY `ChatTeamID` (`ChatTeamID`),
  KEY `MemberID` (`MemberID`)
) ENGINE=InnoDB DEFAULT CHARSET=latin1;
/*!40101 SET character_set_client = @saved_cs_client */;

--
-- Dumping data for table `ChatTeam_Members`
--

LOCK TABLES `ChatTeam_Members` WRITE;
/*!40000 ALTER TABLE `ChatTeam_Members` DISABLE KEYS */;
/*!40000 ALTER TABLE `ChatTeam_Members` ENABLE KEYS */;
UNLOCK TABLES;

--
-- Table structure for table `CloudImageCachedStore`
--

DROP TABLE IF EXISTS `CloudImageCachedStore`;
/*!40101 SET @saved_cs_client     = @@character_set_client */;
/*!50503 SET character_set_client = utf8mb4 */;
CREATE TABLE `CloudImageCachedStore` (
  `ID` int NOT NULL AUTO_INCREMENT,
  `ClassName` enum('CloudImageCachedStore') CHARACTER SET utf8mb3 COLLATE utf8mb3_general_ci DEFAULT 'CloudImageCachedStore',
  `LastEdited` datetime DEFAULT NULL,
  `Created` datetime DEFAULT NULL,
  `Filename` varchar(255) CHARACTER SET utf8mb3 COLLATE utf8mb3_general_ci DEFAULT NULL,
  `CloudStatus` enum('Local','Live','Error') CHARACTER SET utf8mb3 COLLATE utf8mb3_general_ci DEFAULT 'Local',
  `CloudSize` int NOT NULL DEFAULT '0',
  `CloudMetaJson` mediumtext CHARACTER SET utf8mb3 COLLATE utf8mb3_general_ci,
  `SourceID` int DEFAULT NULL,
  PRIMARY KEY (`ID`),
  KEY `ClassName` (`ClassName`),
  KEY `Filename` (`Filename`),
  KEY `SourceID` (`SourceID`)
) ENGINE=InnoDB DEFAULT CHARSET=latin1;
/*!40101 SET character_set_client = @saved_cs_client */;

--
-- Dumping data for table `CloudImageCachedStore`
--

LOCK TABLES `CloudImageCachedStore` WRITE;
/*!40000 ALTER TABLE `CloudImageCachedStore` DISABLE KEYS */;
/*!40000 ALTER TABLE `CloudImageCachedStore` ENABLE KEYS */;
UNLOCK TABLES;

--
-- Table structure for table `CloudService`
--

DROP TABLE IF EXISTS `CloudService`;
/*!40101 SET @saved_cs_client     = @@character_set_client */;
/*!50503 SET character_set_client = utf8mb4 */;
CREATE TABLE `CloudService` (
  `ID` int NOT NULL AUTO_INCREMENT,
  PRIMARY KEY (`ID`)
) ENGINE=InnoDB DEFAULT CHARSET=latin1;
/*!40101 SET character_set_client = @saved_cs_client */;

--
-- Dumping data for table `CloudService`
--

LOCK TABLES `CloudService` WRITE;
/*!40000 ALTER TABLE `CloudService` DISABLE KEYS */;
/*!40000 ALTER TABLE `CloudService` ENABLE KEYS */;
UNLOCK TABLES;

--
-- Table structure for table `CloudServiceOffered`
--

DROP TABLE IF EXISTS `CloudServiceOffered`;
/*!40101 SET @saved_cs_client     = @@character_set_client */;
/*!50503 SET character_set_client = utf8mb4 */;
CREATE TABLE `CloudServiceOffered` (
  `ID` int NOT NULL AUTO_INCREMENT,
  `Type` varchar(50) CHARACTER SET utf8mb3 COLLATE utf8mb3_general_ci DEFAULT NULL,
  PRIMARY KEY (`ID`)
) ENGINE=InnoDB DEFAULT CHARSET=latin1;
/*!40101 SET character_set_client = @saved_cs_client */;

--
-- Dumping data for table `CloudServiceOffered`
--

LOCK TABLES `CloudServiceOffered` WRITE;
/*!40000 ALTER TABLE `CloudServiceOffered` DISABLE KEYS */;
/*!40000 ALTER TABLE `CloudServiceOffered` ENABLE KEYS */;
UNLOCK TABLES;

--
-- Table structure for table `CloudServiceOfferedDraft_PricingSchemas`
--

DROP TABLE IF EXISTS `CloudServiceOfferedDraft_PricingSchemas`;
/*!40101 SET @saved_cs_client     = @@character_set_client */;
/*!50503 SET character_set_client = utf8mb4 */;
CREATE TABLE `CloudServiceOfferedDraft_PricingSchemas` (
  `ID` int NOT NULL AUTO_INCREMENT,
  `CloudServiceOfferedDraftID` int NOT NULL DEFAULT '0',
  `PricingSchemaTypeID` int NOT NULL DEFAULT '0',
  PRIMARY KEY (`ID`),
  KEY `CloudServiceOfferedDraftID` (`CloudServiceOfferedDraftID`),
  KEY `PricingSchemaTypeID` (`PricingSchemaTypeID`)
) ENGINE=InnoDB DEFAULT CHARSET=latin1;
/*!40101 SET character_set_client = @saved_cs_client */;

--
-- Dumping data for table `CloudServiceOfferedDraft_PricingSchemas`
--

LOCK TABLES `CloudServiceOfferedDraft_PricingSchemas` WRITE;
/*!40000 ALTER TABLE `CloudServiceOfferedDraft_PricingSchemas` DISABLE KEYS */;
/*!40000 ALTER TABLE `CloudServiceOfferedDraft_PricingSchemas` ENABLE KEYS */;
UNLOCK TABLES;

--
-- Table structure for table `CloudServiceOffered_PricingSchemas`
--

DROP TABLE IF EXISTS `CloudServiceOffered_PricingSchemas`;
/*!40101 SET @saved_cs_client     = @@character_set_client */;
/*!50503 SET character_set_client = utf8mb4 */;
CREATE TABLE `CloudServiceOffered_PricingSchemas` (
  `ID` int NOT NULL AUTO_INCREMENT,
  `CloudServiceOfferedID` int NOT NULL DEFAULT '0',
  `PricingSchemaTypeID` int NOT NULL DEFAULT '0',
  PRIMARY KEY (`ID`),
  KEY `CloudServiceOfferedID` (`CloudServiceOfferedID`),
  KEY `PricingSchemaTypeID` (`PricingSchemaTypeID`)
) ENGINE=InnoDB DEFAULT CHARSET=latin1;
/*!40101 SET character_set_client = @saved_cs_client */;

--
-- Dumping data for table `CloudServiceOffered_PricingSchemas`
--

LOCK TABLES `CloudServiceOffered_PricingSchemas` WRITE;
/*!40000 ALTER TABLE `CloudServiceOffered_PricingSchemas` DISABLE KEYS */;
/*!40000 ALTER TABLE `CloudServiceOffered_PricingSchemas` ENABLE KEYS */;
UNLOCK TABLES;

--
-- Table structure for table `CommMember`
--

DROP TABLE IF EXISTS `CommMember`;
/*!40101 SET @saved_cs_client     = @@character_set_client */;
/*!50503 SET character_set_client = utf8mb4 */;
CREATE TABLE `CommMember` (
  `ID` int NOT NULL AUTO_INCREMENT,
  `ClassName` enum('CommMember') CHARACTER SET utf8mb3 COLLATE utf8mb3_general_ci DEFAULT 'CommMember',
  `LastEdited` datetime DEFAULT NULL,
  `Created` datetime DEFAULT NULL,
  `Name` varchar(255) CHARACTER SET utf8mb3 COLLATE utf8mb3_general_ci DEFAULT NULL,
  `Description` mediumtext CHARACTER SET utf8mb3 COLLATE utf8mb3_general_ci,
  `CommPageID` int DEFAULT NULL,
  `PhotoID` int DEFAULT NULL,
  PRIMARY KEY (`ID`),
  KEY `ClassName` (`ClassName`),
  KEY `CommPageID` (`CommPageID`),
  KEY `PhotoID` (`PhotoID`)
) ENGINE=InnoDB DEFAULT CHARSET=latin1;
/*!40101 SET character_set_client = @saved_cs_client */;

--
-- Dumping data for table `CommMember`
--

LOCK TABLES `CommMember` WRITE;
/*!40000 ALTER TABLE `CommMember` DISABLE KEYS */;
/*!40000 ALTER TABLE `CommMember` ENABLE KEYS */;
UNLOCK TABLES;

--
-- Table structure for table `CommunityAward`
--

DROP TABLE IF EXISTS `CommunityAward`;
/*!40101 SET @saved_cs_client     = @@character_set_client */;
/*!50503 SET character_set_client = utf8mb4 */;
CREATE TABLE `CommunityAward` (
  `ID` int NOT NULL AUTO_INCREMENT,
  `ClassName` enum('CommunityAward') CHARACTER SET utf8mb3 COLLATE utf8mb3_general_ci DEFAULT 'CommunityAward',
  `LastEdited` datetime DEFAULT NULL,
  `Created` datetime DEFAULT NULL,
  `Name` mediumtext CHARACTER SET utf8mb3 COLLATE utf8mb3_general_ci,
  `SummitID` int DEFAULT NULL,
  PRIMARY KEY (`ID`),
  KEY `ClassName` (`ClassName`),
  KEY `SummitID` (`SummitID`)
) ENGINE=InnoDB DEFAULT CHARSET=latin1;
/*!40101 SET character_set_client = @saved_cs_client */;

--
-- Dumping data for table `CommunityAward`
--

LOCK TABLES `CommunityAward` WRITE;
/*!40000 ALTER TABLE `CommunityAward` DISABLE KEYS */;
/*!40000 ALTER TABLE `CommunityAward` ENABLE KEYS */;
UNLOCK TABLES;

--
-- Table structure for table `CommunityContributor`
--

DROP TABLE IF EXISTS `CommunityContributor`;
/*!40101 SET @saved_cs_client     = @@character_set_client */;
/*!50503 SET character_set_client = utf8mb4 */;
CREATE TABLE `CommunityContributor` (
  `ID` int NOT NULL AUTO_INCREMENT,
  `ClassName` enum('CommunityContributor') CHARACTER SET utf8mb3 COLLATE utf8mb3_general_ci DEFAULT 'CommunityContributor',
  `LastEdited` datetime DEFAULT NULL,
  `Created` datetime DEFAULT NULL,
  `FirstName` varchar(50) CHARACTER SET utf8mb3 COLLATE utf8mb3_general_ci DEFAULT NULL,
  `LastName` varchar(50) CHARACTER SET utf8mb3 COLLATE utf8mb3_general_ci DEFAULT NULL,
  `Email` varchar(50) CHARACTER SET utf8mb3 COLLATE utf8mb3_general_ci DEFAULT NULL,
  `Awards` mediumtext CHARACTER SET utf8mb3 COLLATE utf8mb3_general_ci,
  `MemberID` int DEFAULT NULL,
  PRIMARY KEY (`ID`),
  KEY `ClassName` (`ClassName`),
  KEY `MemberID` (`MemberID`)
) ENGINE=InnoDB DEFAULT CHARSET=latin1;
/*!40101 SET character_set_client = @saved_cs_client */;

--
-- Dumping data for table `CommunityContributor`
--

LOCK TABLES `CommunityContributor` WRITE;
/*!40000 ALTER TABLE `CommunityContributor` DISABLE KEYS */;
/*!40000 ALTER TABLE `CommunityContributor` ENABLE KEYS */;
UNLOCK TABLES;

--
-- Table structure for table `CommunityContributor_Awards`
--

DROP TABLE IF EXISTS `CommunityContributor_Awards`;
/*!40101 SET @saved_cs_client     = @@character_set_client */;
/*!50503 SET character_set_client = utf8mb4 */;
CREATE TABLE `CommunityContributor_Awards` (
  `ID` int NOT NULL AUTO_INCREMENT,
  `CommunityContributorID` int NOT NULL DEFAULT '0',
  `CommunityAwardID` int NOT NULL DEFAULT '0',
  PRIMARY KEY (`ID`),
  KEY `CommunityAwardID` (`CommunityAwardID`),
  KEY `CommunityContributorID` (`CommunityContributorID`)
) ENGINE=InnoDB DEFAULT CHARSET=latin1;
/*!40101 SET character_set_client = @saved_cs_client */;

--
-- Dumping data for table `CommunityContributor_Awards`
--

LOCK TABLES `CommunityContributor_Awards` WRITE;
/*!40000 ALTER TABLE `CommunityContributor_Awards` DISABLE KEYS */;
/*!40000 ALTER TABLE `CommunityContributor_Awards` ENABLE KEYS */;
UNLOCK TABLES;

--
-- Table structure for table `CommunityPage`
--

DROP TABLE IF EXISTS `CommunityPage`;
/*!40101 SET @saved_cs_client     = @@character_set_client */;
/*!50503 SET character_set_client = utf8mb4 */;
CREATE TABLE `CommunityPage` (
  `ID` int NOT NULL AUTO_INCREMENT,
  `TopSection` mediumtext CHARACTER SET utf8mb3 COLLATE utf8mb3_general_ci,
  PRIMARY KEY (`ID`)
) ENGINE=InnoDB DEFAULT CHARSET=latin1;
/*!40101 SET character_set_client = @saved_cs_client */;

--
-- Dumping data for table `CommunityPage`
--

LOCK TABLES `CommunityPage` WRITE;
/*!40000 ALTER TABLE `CommunityPage` DISABLE KEYS */;
/*!40000 ALTER TABLE `CommunityPage` ENABLE KEYS */;
UNLOCK TABLES;

--
-- Table structure for table `CommunityPageBis`
--

DROP TABLE IF EXISTS `CommunityPageBis`;
/*!40101 SET @saved_cs_client     = @@character_set_client */;
/*!50503 SET character_set_client = utf8mb4 */;
CREATE TABLE `CommunityPageBis` (
  `ID` int NOT NULL AUTO_INCREMENT,
  `TopBanner` mediumtext CHARACTER SET utf8mb3 COLLATE utf8mb3_general_ci,
  PRIMARY KEY (`ID`)
) ENGINE=InnoDB DEFAULT CHARSET=latin1;
/*!40101 SET character_set_client = @saved_cs_client */;

--
-- Dumping data for table `CommunityPageBis`
--

LOCK TABLES `CommunityPageBis` WRITE;
/*!40000 ALTER TABLE `CommunityPageBis` DISABLE KEYS */;
/*!40000 ALTER TABLE `CommunityPageBis` ENABLE KEYS */;
UNLOCK TABLES;

--
-- Table structure for table `CommunityPageBis_Ambassadors`
--

DROP TABLE IF EXISTS `CommunityPageBis_Ambassadors`;
/*!40101 SET @saved_cs_client     = @@character_set_client */;
/*!50503 SET character_set_client = utf8mb4 */;
CREATE TABLE `CommunityPageBis_Ambassadors` (
  `ID` int NOT NULL AUTO_INCREMENT,
  `CommunityPageBisID` int NOT NULL DEFAULT '0',
  `MemberID` int NOT NULL DEFAULT '0',
  `Order` int NOT NULL DEFAULT '0',
  PRIMARY KEY (`ID`),
  KEY `CommunityPageBisID` (`CommunityPageBisID`),
  KEY `MemberID` (`MemberID`)
) ENGINE=InnoDB DEFAULT CHARSET=latin1;
/*!40101 SET character_set_client = @saved_cs_client */;

--
-- Dumping data for table `CommunityPageBis_Ambassadors`
--

LOCK TABLES `CommunityPageBis_Ambassadors` WRITE;
/*!40000 ALTER TABLE `CommunityPageBis_Ambassadors` DISABLE KEYS */;
/*!40000 ALTER TABLE `CommunityPageBis_Ambassadors` ENABLE KEYS */;
UNLOCK TABLES;

--
-- Table structure for table `CommunityPageBis_CommunityManagers`
--

DROP TABLE IF EXISTS `CommunityPageBis_CommunityManagers`;
/*!40101 SET @saved_cs_client     = @@character_set_client */;
/*!50503 SET character_set_client = utf8mb4 */;
CREATE TABLE `CommunityPageBis_CommunityManagers` (
  `ID` int NOT NULL AUTO_INCREMENT,
  `CommunityPageBisID` int NOT NULL DEFAULT '0',
  `MemberID` int NOT NULL DEFAULT '0',
  `Order` int NOT NULL DEFAULT '0',
  PRIMARY KEY (`ID`),
  KEY `CommunityPageBisID` (`CommunityPageBisID`),
  KEY `MemberID` (`MemberID`)
) ENGINE=InnoDB DEFAULT CHARSET=latin1;
/*!40101 SET character_set_client = @saved_cs_client */;

--
-- Dumping data for table `CommunityPageBis_CommunityManagers`
--

LOCK TABLES `CommunityPageBis_CommunityManagers` WRITE;
/*!40000 ALTER TABLE `CommunityPageBis_CommunityManagers` DISABLE KEYS */;
/*!40000 ALTER TABLE `CommunityPageBis_CommunityManagers` ENABLE KEYS */;
UNLOCK TABLES;

--
-- Table structure for table `CommunityPageBis_Live`
--

DROP TABLE IF EXISTS `CommunityPageBis_Live`;
/*!40101 SET @saved_cs_client     = @@character_set_client */;
/*!50503 SET character_set_client = utf8mb4 */;
CREATE TABLE `CommunityPageBis_Live` (
  `ID` int NOT NULL AUTO_INCREMENT,
  `TopBanner` mediumtext CHARACTER SET utf8mb3 COLLATE utf8mb3_general_ci,
  PRIMARY KEY (`ID`)
) ENGINE=InnoDB DEFAULT CHARSET=latin1;
/*!40101 SET character_set_client = @saved_cs_client */;

--
-- Dumping data for table `CommunityPageBis_Live`
--

LOCK TABLES `CommunityPageBis_Live` WRITE;
/*!40000 ALTER TABLE `CommunityPageBis_Live` DISABLE KEYS */;
/*!40000 ALTER TABLE `CommunityPageBis_Live` ENABLE KEYS */;
UNLOCK TABLES;

--
-- Table structure for table `CommunityPageBis_versions`
--

DROP TABLE IF EXISTS `CommunityPageBis_versions`;
/*!40101 SET @saved_cs_client     = @@character_set_client */;
/*!50503 SET character_set_client = utf8mb4 */;
CREATE TABLE `CommunityPageBis_versions` (
  `ID` int NOT NULL AUTO_INCREMENT,
  `RecordID` int NOT NULL DEFAULT '0',
  `Version` int NOT NULL DEFAULT '0',
  `TopBanner` mediumtext CHARACTER SET utf8mb3 COLLATE utf8mb3_general_ci,
  PRIMARY KEY (`ID`),
  UNIQUE KEY `RecordID_Version` (`RecordID`,`Version`),
  KEY `RecordID` (`RecordID`),
  KEY `Version` (`Version`)
) ENGINE=InnoDB DEFAULT CHARSET=latin1;
/*!40101 SET character_set_client = @saved_cs_client */;

--
-- Dumping data for table `CommunityPageBis_versions`
--

LOCK TABLES `CommunityPageBis_versions` WRITE;
/*!40000 ALTER TABLE `CommunityPageBis_versions` DISABLE KEYS */;
/*!40000 ALTER TABLE `CommunityPageBis_versions` ENABLE KEYS */;
UNLOCK TABLES;

--
-- Table structure for table `CommunityPage_Live`
--

DROP TABLE IF EXISTS `CommunityPage_Live`;
/*!40101 SET @saved_cs_client     = @@character_set_client */;
/*!50503 SET character_set_client = utf8mb4 */;
CREATE TABLE `CommunityPage_Live` (
  `ID` int NOT NULL AUTO_INCREMENT,
  `TopSection` mediumtext CHARACTER SET utf8mb3 COLLATE utf8mb3_general_ci,
  PRIMARY KEY (`ID`)
) ENGINE=InnoDB DEFAULT CHARSET=latin1;
/*!40101 SET character_set_client = @saved_cs_client */;

--
-- Dumping data for table `CommunityPage_Live`
--

LOCK TABLES `CommunityPage_Live` WRITE;
/*!40000 ALTER TABLE `CommunityPage_Live` DISABLE KEYS */;
/*!40000 ALTER TABLE `CommunityPage_Live` ENABLE KEYS */;
UNLOCK TABLES;

--
-- Table structure for table `CommunityPage_versions`
--

DROP TABLE IF EXISTS `CommunityPage_versions`;
/*!40101 SET @saved_cs_client     = @@character_set_client */;
/*!50503 SET character_set_client = utf8mb4 */;
CREATE TABLE `CommunityPage_versions` (
  `ID` int NOT NULL AUTO_INCREMENT,
  `RecordID` int NOT NULL DEFAULT '0',
  `Version` int NOT NULL DEFAULT '0',
  `TopSection` mediumtext CHARACTER SET utf8mb3 COLLATE utf8mb3_general_ci,
  PRIMARY KEY (`ID`),
  UNIQUE KEY `RecordID_Version` (`RecordID`,`Version`),
  KEY `RecordID` (`RecordID`),
  KEY `Version` (`Version`)
) ENGINE=InnoDB DEFAULT CHARSET=latin1;
/*!40101 SET character_set_client = @saved_cs_client */;

--
-- Dumping data for table `CommunityPage_versions`
--

LOCK TABLES `CommunityPage_versions` WRITE;
/*!40000 ALTER TABLE `CommunityPage_versions` DISABLE KEYS */;
/*!40000 ALTER TABLE `CommunityPage_versions` ENABLE KEYS */;
UNLOCK TABLES;

--
-- Table structure for table `Company`
--

DROP TABLE IF EXISTS `Company`;
/*!40101 SET @saved_cs_client     = @@character_set_client */;
/*!50503 SET character_set_client = utf8mb4 */;
CREATE TABLE `Company` (
  `ID` int NOT NULL AUTO_INCREMENT,
  `ClassName` enum('Company') CHARACTER SET utf8mb3 COLLATE utf8mb3_general_ci DEFAULT 'Company',
  `LastEdited` datetime DEFAULT NULL,
  `Created` datetime DEFAULT NULL,
  `Name` mediumtext CHARACTER SET utf8mb3 COLLATE utf8mb3_general_ci,
  `URL` mediumtext CHARACTER SET utf8mb3 COLLATE utf8mb3_general_ci,
  `DisplayOnSite` tinyint unsigned NOT NULL DEFAULT '0',
  `Featured` tinyint unsigned NOT NULL DEFAULT '0',
  `City` varchar(255) CHARACTER SET utf8mb3 COLLATE utf8mb3_general_ci DEFAULT NULL,
  `State` varchar(255) CHARACTER SET utf8mb3 COLLATE utf8mb3_general_ci DEFAULT NULL,
  `Country` varchar(255) CHARACTER SET utf8mb3 COLLATE utf8mb3_general_ci DEFAULT NULL,
  `Description` mediumtext CHARACTER SET utf8mb3 COLLATE utf8mb3_general_ci,
  `Industry` mediumtext CHARACTER SET utf8mb3 COLLATE utf8mb3_general_ci,
  `Products` mediumtext CHARACTER SET utf8mb3 COLLATE utf8mb3_general_ci,
  `Contributions` mediumtext CHARACTER SET utf8mb3 COLLATE utf8mb3_general_ci,
  `ContactEmail` mediumtext CHARACTER SET utf8mb3 COLLATE utf8mb3_general_ci,
  `MemberLevel` enum('Platinum','Gold','StartUp','Corporate','Mention','None') CHARACTER SET utf8mb3 COLLATE utf8mb3_general_ci DEFAULT 'None',
  `AdminEmail` mediumtext CHARACTER SET utf8mb3 COLLATE utf8mb3_general_ci,
  `URLSegment` mediumtext CHARACTER SET utf8mb3 COLLATE utf8mb3_general_ci,
  `Color` mediumtext CHARACTER SET utf8mb3 COLLATE utf8mb3_general_ci,
  `Overview` mediumtext CHARACTER SET utf8mb3 COLLATE utf8mb3_general_ci,
  `Commitment` mediumtext CHARACTER SET utf8mb3 COLLATE utf8mb3_general_ci,
  `CommitmentAuthor` varchar(255) CHARACTER SET utf8mb3 COLLATE utf8mb3_general_ci DEFAULT NULL,
  `isDeleted` tinyint unsigned NOT NULL DEFAULT '0',
  `CCLASigned` tinyint unsigned NOT NULL DEFAULT '0',
  `CCLADate` datetime DEFAULT NULL,
  `CompanyListPageID` int DEFAULT NULL,
  `LogoID` int DEFAULT NULL,
  `BigLogoID` int DEFAULT NULL,
  `SubmitterID` int DEFAULT NULL,
  `CompanyAdminID` int DEFAULT NULL,
  PRIMARY KEY (`ID`),
  KEY `BigLogoID` (`BigLogoID`),
  KEY `ClassName` (`ClassName`),
  KEY `CompanyAdminID` (`CompanyAdminID`),
  KEY `CompanyListPageID` (`CompanyListPageID`),
  KEY `LogoID` (`LogoID`),
  KEY `SubmitterID` (`SubmitterID`)
) ENGINE=InnoDB AUTO_INCREMENT=561 DEFAULT CHARSET=latin1;
/*!40101 SET character_set_client = @saved_cs_client */;

--
-- Dumping data for table `Company`
--

LOCK TABLES `Company` WRITE;
/*!40000 ALTER TABLE `Company` DISABLE KEYS */;
INSERT INTO `Company` VALUES (521,'Company','2024-06-21 11:34:09','2024-06-21 11:34:09','Company 0 exyMkzJVwtXbr7H6',NULL,0,0,NULL,NULL,NULL,NULL,'Industry 0 JqRUZM7fXKBOuqfo',NULL,NULL,NULL,NULL,NULL,NULL,NULL,NULL,NULL,NULL,0,0,NULL,NULL,NULL,NULL,NULL,NULL),(522,'Company','2024-06-21 11:34:09','2024-06-21 11:34:09','Company 1 Qmwu3pgBZzjYINEo',NULL,0,0,NULL,NULL,NULL,NULL,'Industry 1 Ox3JR8aXP1HfKaMf',NULL,NULL,NULL,NULL,NULL,NULL,NULL,NULL,NULL,NULL,0,0,NULL,NULL,NULL,NULL,NULL,NULL),(523,'Company','2024-06-21 11:34:09','2024-06-21 11:34:09','Company 2 2YnkbJ3IqVP6dhyV',NULL,0,0,NULL,NULL,NULL,NULL,'Industry 2 uicGg0KjHeZei7ug',NULL,NULL,NULL,NULL,NULL,NULL,NULL,NULL,NULL,NULL,0,0,NULL,NULL,NULL,NULL,NULL,NULL),(524,'Company','2024-06-21 11:34:09','2024-06-21 11:34:09','Company 3 nCyXn1KfU5QDehc4',NULL,0,0,NULL,NULL,NULL,NULL,'Industry 3 sAmUP9g7RENb8cQq',NULL,NULL,NULL,NULL,NULL,NULL,NULL,NULL,NULL,NULL,0,0,NULL,NULL,NULL,NULL,NULL,NULL),(525,'Company','2024-06-21 11:34:09','2024-06-21 11:34:09','Company 4 yMTVWgpcMtwkFR5y',NULL,0,0,NULL,NULL,NULL,NULL,'Industry 4 8f73QCAMQCZR3Uz7',NULL,NULL,NULL,NULL,NULL,NULL,NULL,NULL,NULL,NULL,0,0,NULL,NULL,NULL,NULL,NULL,NULL),(526,'Company','2024-06-21 11:34:09','2024-06-21 11:34:09','Company 5 JTu7MVr6c8Vetj9R',NULL,0,0,NULL,NULL,NULL,NULL,'Industry 5 ingmiNmFINQLqf2k',NULL,NULL,NULL,NULL,NULL,NULL,NULL,NULL,NULL,NULL,0,0,NULL,NULL,NULL,NULL,NULL,NULL),(527,'Company','2024-06-21 11:34:09','2024-06-21 11:34:09','Company 6 03k5mp1rTmbGiDcW',NULL,0,0,NULL,NULL,NULL,NULL,'Industry 6 MQKf7AwzVqyukAYu',NULL,NULL,NULL,NULL,NULL,NULL,NULL,NULL,NULL,NULL,0,0,NULL,NULL,NULL,NULL,NULL,NULL),(528,'Company','2024-06-21 11:34:09','2024-06-21 11:34:09','Company 7 lKvlfVtyHqnrc5QV',NULL,0,0,NULL,NULL,NULL,NULL,'Industry 7 bCZBhpMRftAmOn2Q',NULL,NULL,NULL,NULL,NULL,NULL,NULL,NULL,NULL,NULL,0,0,NULL,NULL,NULL,NULL,NULL,NULL),(529,'Company','2024-06-21 11:34:09','2024-06-21 11:34:09','Company 8 NWVmwODeS6ziU1Aa',NULL,0,0,NULL,NULL,NULL,NULL,'Industry 8 8FG7O2DTAAIJzCkY',NULL,NULL,NULL,NULL,NULL,NULL,NULL,NULL,NULL,NULL,0,0,NULL,NULL,NULL,NULL,NULL,NULL),(530,'Company','2024-06-21 11:34:09','2024-06-21 11:34:09','Company 9 ojFBjQh0pXBEAUNR',NULL,0,0,NULL,NULL,NULL,NULL,'Industry 9 cYVJlHY5trSCfBjt',NULL,NULL,NULL,NULL,NULL,NULL,NULL,NULL,NULL,NULL,0,0,NULL,NULL,NULL,NULL,NULL,NULL),(531,'Company','2024-06-21 11:34:09','2024-06-21 11:34:09','Company 10 ioMePisLI9lHpqWN',NULL,0,0,NULL,NULL,NULL,NULL,'Industry 10 CJwmBbhkiATWEMRS',NULL,NULL,NULL,NULL,NULL,NULL,NULL,NULL,NULL,NULL,0,0,NULL,NULL,NULL,NULL,NULL,NULL),(532,'Company','2024-06-21 11:34:09','2024-06-21 11:34:09','Company 11 skdaTSQgs6qoFpmq',NULL,0,0,NULL,NULL,NULL,NULL,'Industry 11 P5lB54cEIf30fJl7',NULL,NULL,NULL,NULL,NULL,NULL,NULL,NULL,NULL,NULL,0,0,NULL,NULL,NULL,NULL,NULL,NULL),(533,'Company','2024-06-21 11:34:09','2024-06-21 11:34:09','Company 12 R0wSFLUzivhnOZL0',NULL,0,0,NULL,NULL,NULL,NULL,'Industry 12 7NCXV0xDblQDvakr',NULL,NULL,NULL,NULL,NULL,NULL,NULL,NULL,NULL,NULL,0,0,NULL,NULL,NULL,NULL,NULL,NULL),(534,'Company','2024-06-21 11:34:09','2024-06-21 11:34:09','Company 13 2nZQPUfJC3pUTshX',NULL,0,0,NULL,NULL,NULL,NULL,'Industry 13 YEklHiW6ukjd556N',NULL,NULL,NULL,NULL,NULL,NULL,NULL,NULL,NULL,NULL,0,0,NULL,NULL,NULL,NULL,NULL,NULL),(535,'Company','2024-06-21 11:34:09','2024-06-21 11:34:09','Company 14 dNjMSosFuI0ZUMaY',NULL,0,0,NULL,NULL,NULL,NULL,'Industry 14 SfFsubKHVBizbh32',NULL,NULL,NULL,NULL,NULL,NULL,NULL,NULL,NULL,NULL,0,0,NULL,NULL,NULL,NULL,NULL,NULL),(536,'Company','2024-06-21 11:34:09','2024-06-21 11:34:09','Company 15 o1ZpOBlcIUXI8l5u',NULL,0,0,NULL,NULL,NULL,NULL,'Industry 15 U75S1jAtDXrzzxfU',NULL,NULL,NULL,NULL,NULL,NULL,NULL,NULL,NULL,NULL,0,0,NULL,NULL,NULL,NULL,NULL,NULL),(537,'Company','2024-06-21 11:34:09','2024-06-21 11:34:09','Company 16 MNjy3SjY0ukMnIbf',NULL,0,0,NULL,NULL,NULL,NULL,'Industry 16 qclDuQXcVfze9iOn',NULL,NULL,NULL,NULL,NULL,NULL,NULL,NULL,NULL,NULL,0,0,NULL,NULL,NULL,NULL,NULL,NULL),(538,'Company','2024-06-21 11:34:09','2024-06-21 11:34:09','Company 17 V57hThJ7q55vl0zH',NULL,0,0,NULL,NULL,NULL,NULL,'Industry 17 O2PjG9QiycNixUWP',NULL,NULL,NULL,NULL,NULL,NULL,NULL,NULL,NULL,NULL,0,0,NULL,NULL,NULL,NULL,NULL,NULL),(539,'Company','2024-06-21 11:34:09','2024-06-21 11:34:09','Company 18 0hXpO04IRUoqTFKf',NULL,0,0,NULL,NULL,NULL,NULL,'Industry 18 2aN6CkAfBzVDmsaI',NULL,NULL,NULL,NULL,NULL,NULL,NULL,NULL,NULL,NULL,0,0,NULL,NULL,NULL,NULL,NULL,NULL),(540,'Company','2024-06-21 11:34:09','2024-06-21 11:34:09','Company 19 DNLAs93u2UVpgUaI',NULL,0,0,NULL,NULL,NULL,NULL,'Industry 19 Mlv0HOldK3ujeI0W',NULL,NULL,NULL,NULL,NULL,NULL,NULL,NULL,NULL,NULL,0,0,NULL,NULL,NULL,NULL,NULL,NULL),(541,'Company','2024-06-21 11:34:09','2024-06-21 11:34:09','Company 0 pzGQ6zcgChDPq1Fb',NULL,0,0,NULL,NULL,NULL,NULL,'Industry 0 puBLQQ55MKWyau57',NULL,NULL,NULL,NULL,NULL,NULL,NULL,NULL,NULL,NULL,0,0,NULL,NULL,NULL,NULL,NULL,NULL),(542,'Company','2024-06-21 11:34:09','2024-06-21 11:34:09','Company 1 zqN8uGPOmj5zoInm',NULL,0,0,NULL,NULL,NULL,NULL,'Industry 1 BD1MjArgaoYVHkCk',NULL,NULL,NULL,NULL,NULL,NULL,NULL,NULL,NULL,NULL,0,0,NULL,NULL,NULL,NULL,NULL,NULL),(543,'Company','2024-06-21 11:34:09','2024-06-21 11:34:09','Company 2 pQ1Wo7E2hlGF4WQC',NULL,0,0,NULL,NULL,NULL,NULL,'Industry 2 r7E3NLHBa559hcEW',NULL,NULL,NULL,NULL,NULL,NULL,NULL,NULL,NULL,NULL,0,0,NULL,NULL,NULL,NULL,NULL,NULL),(544,'Company','2024-06-21 11:34:09','2024-06-21 11:34:09','Company 3 PnG20WYAMrPSVxxW',NULL,0,0,NULL,NULL,NULL,NULL,'Industry 3 xfork1XcZVFhUlee',NULL,NULL,NULL,NULL,NULL,NULL,NULL,NULL,NULL,NULL,0,0,NULL,NULL,NULL,NULL,NULL,NULL),(545,'Company','2024-06-21 11:34:09','2024-06-21 11:34:09','Company 4 pIsfrGVgODuFZcLM',NULL,0,0,NULL,NULL,NULL,NULL,'Industry 4 W0jgkRoblWZ4dOpl',NULL,NULL,NULL,NULL,NULL,NULL,NULL,NULL,NULL,NULL,0,0,NULL,NULL,NULL,NULL,NULL,NULL),(546,'Company','2024-06-21 11:34:09','2024-06-21 11:34:09','Company 5 ay8Y0iY6g15nQebk',NULL,0,0,NULL,NULL,NULL,NULL,'Industry 5 rYFRgJRVqH0G8g34',NULL,NULL,NULL,NULL,NULL,NULL,NULL,NULL,NULL,NULL,0,0,NULL,NULL,NULL,NULL,NULL,NULL),(547,'Company','2024-06-21 11:34:09','2024-06-21 11:34:09','Company 6 sycMbOgrfHi8kInm',NULL,0,0,NULL,NULL,NULL,NULL,'Industry 6 5uJpCQdPWOtsrDeO',NULL,NULL,NULL,NULL,NULL,NULL,NULL,NULL,NULL,NULL,0,0,NULL,NULL,NULL,NULL,NULL,NULL),(548,'Company','2024-06-21 11:34:09','2024-06-21 11:34:09','Company 7 SGsGkq1OBt5DJU5S',NULL,0,0,NULL,NULL,NULL,NULL,'Industry 7 wgsc84650ujmcWfl',NULL,NULL,NULL,NULL,NULL,NULL,NULL,NULL,NULL,NULL,0,0,NULL,NULL,NULL,NULL,NULL,NULL),(549,'Company','2024-06-21 11:34:09','2024-06-21 11:34:09','Company 8 6uLnog1R9KdJOdhP',NULL,0,0,NULL,NULL,NULL,NULL,'Industry 8 9taFtpbWLnHcUpD5',NULL,NULL,NULL,NULL,NULL,NULL,NULL,NULL,NULL,NULL,0,0,NULL,NULL,NULL,NULL,NULL,NULL),(550,'Company','2024-06-21 11:34:09','2024-06-21 11:34:09','Company 9 XHwWaeuN2b6oheHp',NULL,0,0,NULL,NULL,NULL,NULL,'Industry 9 kClzZTuNXEmfq3bz',NULL,NULL,NULL,NULL,NULL,NULL,NULL,NULL,NULL,NULL,0,0,NULL,NULL,NULL,NULL,NULL,NULL),(551,'Company','2024-06-21 11:34:09','2024-06-21 11:34:09','Company 10 9yKekxPmobVnRhjI',NULL,0,0,NULL,NULL,NULL,NULL,'Industry 10 sQ5vhxDk4EXvVrYu',NULL,NULL,NULL,NULL,NULL,NULL,NULL,NULL,NULL,NULL,0,0,NULL,NULL,NULL,NULL,NULL,NULL),(552,'Company','2024-06-21 11:34:09','2024-06-21 11:34:09','Company 11 wor3ZfTMX8KFnv6a',NULL,0,0,NULL,NULL,NULL,NULL,'Industry 11 9Nj1YO1nwgORtp0P',NULL,NULL,NULL,NULL,NULL,NULL,NULL,NULL,NULL,NULL,0,0,NULL,NULL,NULL,NULL,NULL,NULL),(553,'Company','2024-06-21 11:34:09','2024-06-21 11:34:09','Company 12 4XpPtHIhoEnUEkzX',NULL,0,0,NULL,NULL,NULL,NULL,'Industry 12 ifPcIxliT4br8rQt',NULL,NULL,NULL,NULL,NULL,NULL,NULL,NULL,NULL,NULL,0,0,NULL,NULL,NULL,NULL,NULL,NULL),(554,'Company','2024-06-21 11:34:09','2024-06-21 11:34:09','Company 13 KxPGPeoLYnhT7hS4',NULL,0,0,NULL,NULL,NULL,NULL,'Industry 13 V2juZsYYRicRgr1J',NULL,NULL,NULL,NULL,NULL,NULL,NULL,NULL,NULL,NULL,0,0,NULL,NULL,NULL,NULL,NULL,NULL),(555,'Company','2024-06-21 11:34:09','2024-06-21 11:34:09','Company 14 iwjKaT0Ei9qC3byP',NULL,0,0,NULL,NULL,NULL,NULL,'Industry 14 Obm3TmZniaiV0SDi',NULL,NULL,NULL,NULL,NULL,NULL,NULL,NULL,NULL,NULL,0,0,NULL,NULL,NULL,NULL,NULL,NULL),(556,'Company','2024-06-21 11:34:09','2024-06-21 11:34:09','Company 15 73iwuQSLLN8kZCCK',NULL,0,0,NULL,NULL,NULL,NULL,'Industry 15 Br4sYwlqvfFwZUYs',NULL,NULL,NULL,NULL,NULL,NULL,NULL,NULL,NULL,NULL,0,0,NULL,NULL,NULL,NULL,NULL,NULL),(557,'Company','2024-06-21 11:34:09','2024-06-21 11:34:09','Company 16 gErEpOr7YVP2d935',NULL,0,0,NULL,NULL,NULL,NULL,'Industry 16 mJ9d31uHtBwB2Uhi',NULL,NULL,NULL,NULL,NULL,NULL,NULL,NULL,NULL,NULL,0,0,NULL,NULL,NULL,NULL,NULL,NULL),(558,'Company','2024-06-21 11:34:09','2024-06-21 11:34:09','Company 17 xoiNxHAB2uleFpvX',NULL,0,0,NULL,NULL,NULL,NULL,'Industry 17 FCeIaQdEXmIlXz4c',NULL,NULL,NULL,NULL,NULL,NULL,NULL,NULL,NULL,NULL,0,0,NULL,NULL,NULL,NULL,NULL,NULL),(559,'Company','2024-06-21 11:34:09','2024-06-21 11:34:09','Company 18 9CH0bQlVlWPlgzYx',NULL,0,0,NULL,NULL,NULL,NULL,'Industry 18 BsKt7Q0RXvxaDZGR',NULL,NULL,NULL,NULL,NULL,NULL,NULL,NULL,NULL,NULL,0,0,NULL,NULL,NULL,NULL,NULL,NULL),(560,'Company','2024-06-21 11:34:09','2024-06-21 11:34:09','Company 19 AOOKmyfCUqKlK4oT',NULL,0,0,NULL,NULL,NULL,NULL,'Industry 19 VRjUHUC4HYZCpz33',NULL,NULL,NULL,NULL,NULL,NULL,NULL,NULL,NULL,NULL,0,0,NULL,NULL,NULL,NULL,NULL,NULL);
/*!40000 ALTER TABLE `Company` ENABLE KEYS */;
UNLOCK TABLES;

--
-- Table structure for table `CompanyListPage_Donors`
--

DROP TABLE IF EXISTS `CompanyListPage_Donors`;
/*!40101 SET @saved_cs_client     = @@character_set_client */;
/*!50503 SET character_set_client = utf8mb4 */;
CREATE TABLE `CompanyListPage_Donors` (
  `ID` int NOT NULL AUTO_INCREMENT,
  `CompanyListPageID` int NOT NULL DEFAULT '0',
  `CompanyID` int NOT NULL DEFAULT '0',
  `SortOrder` int NOT NULL DEFAULT '0',
  PRIMARY KEY (`ID`),
  KEY `CompanyID` (`CompanyID`),
  KEY `CompanyListPageID` (`CompanyListPageID`)
) ENGINE=InnoDB DEFAULT CHARSET=latin1;
/*!40101 SET character_set_client = @saved_cs_client */;

--
-- Dumping data for table `CompanyListPage_Donors`
--

LOCK TABLES `CompanyListPage_Donors` WRITE;
/*!40000 ALTER TABLE `CompanyListPage_Donors` DISABLE KEYS */;
/*!40000 ALTER TABLE `CompanyListPage_Donors` ENABLE KEYS */;
UNLOCK TABLES;

--
-- Table structure for table `CompanyService`
--

DROP TABLE IF EXISTS `CompanyService`;
/*!40101 SET @saved_cs_client     = @@character_set_client */;
/*!50503 SET character_set_client = utf8mb4 */;
CREATE TABLE `CompanyService` (
  `ID` int NOT NULL AUTO_INCREMENT,
  `ClassName` enum('CompanyService','RegionalSupportedCompanyService','OpenStackImplementation','Appliance','Distribution','CloudService','PrivateCloudService','PublicCloudService','RemoteCloudService','Consultant','TrainingService') CHARACTER SET utf8mb3 COLLATE utf8mb3_general_ci DEFAULT 'CompanyService',
  `LastEdited` datetime DEFAULT NULL,
  `Created` datetime DEFAULT NULL,
  `Name` varchar(255) CHARACTER SET utf8mb3 COLLATE utf8mb3_general_ci DEFAULT NULL,
  `Slug` varchar(255) CHARACTER SET utf8mb3 COLLATE utf8mb3_general_ci DEFAULT NULL,
  `Overview` mediumtext CHARACTER SET utf8mb3 COLLATE utf8mb3_general_ci,
  `Call2ActionUri` mediumtext CHARACTER SET utf8mb3 COLLATE utf8mb3_general_ci,
  `Active` tinyint unsigned NOT NULL DEFAULT '0',
  `CompanyID` int DEFAULT NULL,
  `MarketPlaceTypeID` int DEFAULT NULL,
  `EditedByID` int DEFAULT NULL,
  PRIMARY KEY (`ID`),
  UNIQUE KEY `Company_Name_Class` (`Name`,`CompanyID`,`ClassName`),
  KEY `ClassName` (`ClassName`),
  KEY `CompanyID` (`CompanyID`),
  KEY `EditedByID` (`EditedByID`),
  KEY `MarketPlaceTypeID` (`MarketPlaceTypeID`)
) ENGINE=InnoDB DEFAULT CHARSET=latin1;
/*!40101 SET character_set_client = @saved_cs_client */;

--
-- Dumping data for table `CompanyService`
--

LOCK TABLES `CompanyService` WRITE;
/*!40000 ALTER TABLE `CompanyService` DISABLE KEYS */;
/*!40000 ALTER TABLE `CompanyService` ENABLE KEYS */;
UNLOCK TABLES;

--
-- Table structure for table `CompanyServiceDraft`
--

DROP TABLE IF EXISTS `CompanyServiceDraft`;
/*!40101 SET @saved_cs_client     = @@character_set_client */;
/*!50503 SET character_set_client = utf8mb4 */;
CREATE TABLE `CompanyServiceDraft` (
  `ID` int NOT NULL AUTO_INCREMENT,
  `ClassName` enum('CompanyServiceDraft','RegionalSupportedCompanyServiceDraft','OpenStackImplementationDraft','ApplianceDraft','DistributionDraft','CloudServiceDraft','PrivateCloudServiceDraft','PublicCloudServiceDraft','RemoteCloudServiceDraft','ConsultantDraft') CHARACTER SET utf8mb3 COLLATE utf8mb3_general_ci DEFAULT 'CompanyServiceDraft',
  `LastEdited` datetime DEFAULT NULL,
  `Created` datetime DEFAULT NULL,
  `Name` varchar(255) CHARACTER SET utf8mb3 COLLATE utf8mb3_general_ci DEFAULT NULL,
  `Slug` varchar(255) CHARACTER SET utf8mb3 COLLATE utf8mb3_general_ci DEFAULT NULL,
  `Overview` mediumtext CHARACTER SET utf8mb3 COLLATE utf8mb3_general_ci,
  `Call2ActionUri` mediumtext CHARACTER SET utf8mb3 COLLATE utf8mb3_general_ci,
  `Active` tinyint unsigned NOT NULL DEFAULT '0',
  `Published` tinyint unsigned NOT NULL DEFAULT '0',
  `LiveServiceID` int DEFAULT NULL,
  `CompanyID` int DEFAULT NULL,
  `MarketPlaceTypeID` int DEFAULT NULL,
  `EditedByID` int DEFAULT NULL,
  PRIMARY KEY (`ID`),
  UNIQUE KEY `Company_Name_Class` (`Name`,`CompanyID`,`ClassName`),
  KEY `ClassName` (`ClassName`),
  KEY `CompanyID` (`CompanyID`),
  KEY `EditedByID` (`EditedByID`),
  KEY `LiveServiceID` (`LiveServiceID`),
  KEY `MarketPlaceTypeID` (`MarketPlaceTypeID`)
) ENGINE=InnoDB DEFAULT CHARSET=latin1;
/*!40101 SET character_set_client = @saved_cs_client */;

--
-- Dumping data for table `CompanyServiceDraft`
--

LOCK TABLES `CompanyServiceDraft` WRITE;
/*!40000 ALTER TABLE `CompanyServiceDraft` DISABLE KEYS */;
/*!40000 ALTER TABLE `CompanyServiceDraft` ENABLE KEYS */;
UNLOCK TABLES;

--
-- Table structure for table `CompanyServiceResource`
--

DROP TABLE IF EXISTS `CompanyServiceResource`;
/*!40101 SET @saved_cs_client     = @@character_set_client */;
/*!50503 SET character_set_client = utf8mb4 */;
CREATE TABLE `CompanyServiceResource` (
  `ID` int NOT NULL AUTO_INCREMENT,
  `ClassName` enum('CompanyServiceResource') CHARACTER SET utf8mb3 COLLATE utf8mb3_general_ci DEFAULT 'CompanyServiceResource',
  `LastEdited` datetime DEFAULT NULL,
  `Created` datetime DEFAULT NULL,
  `Name` varchar(50) CHARACTER SET utf8mb3 COLLATE utf8mb3_general_ci DEFAULT NULL,
  `Uri` mediumtext CHARACTER SET utf8mb3 COLLATE utf8mb3_general_ci,
  `Order` int NOT NULL DEFAULT '0',
  `OwnerID` int DEFAULT NULL,
  PRIMARY KEY (`ID`),
  UNIQUE KEY `Owner_Name` (`Name`,`OwnerID`),
  KEY `ClassName` (`ClassName`),
  KEY `OwnerID` (`OwnerID`)
) ENGINE=InnoDB DEFAULT CHARSET=latin1;
/*!40101 SET character_set_client = @saved_cs_client */;

--
-- Dumping data for table `CompanyServiceResource`
--

LOCK TABLES `CompanyServiceResource` WRITE;
/*!40000 ALTER TABLE `CompanyServiceResource` DISABLE KEYS */;
/*!40000 ALTER TABLE `CompanyServiceResource` ENABLE KEYS */;
UNLOCK TABLES;

--
-- Table structure for table `CompanyServiceResourceDraft`
--

DROP TABLE IF EXISTS `CompanyServiceResourceDraft`;
/*!40101 SET @saved_cs_client     = @@character_set_client */;
/*!50503 SET character_set_client = utf8mb4 */;
CREATE TABLE `CompanyServiceResourceDraft` (
  `ID` int NOT NULL AUTO_INCREMENT,
  `ClassName` enum('CompanyServiceResourceDraft') CHARACTER SET utf8mb3 COLLATE utf8mb3_general_ci DEFAULT 'CompanyServiceResourceDraft',
  `LastEdited` datetime DEFAULT NULL,
  `Created` datetime DEFAULT NULL,
  `Name` varchar(50) CHARACTER SET utf8mb3 COLLATE utf8mb3_general_ci DEFAULT NULL,
  `Uri` mediumtext CHARACTER SET utf8mb3 COLLATE utf8mb3_general_ci,
  `Order` int NOT NULL DEFAULT '0',
  `OwnerID` int DEFAULT NULL,
  PRIMARY KEY (`ID`),
  UNIQUE KEY `Owner_Name` (`Name`,`OwnerID`),
  KEY `ClassName` (`ClassName`),
  KEY `OwnerID` (`OwnerID`)
) ENGINE=InnoDB DEFAULT CHARSET=latin1;
/*!40101 SET character_set_client = @saved_cs_client */;

--
-- Dumping data for table `CompanyServiceResourceDraft`
--

LOCK TABLES `CompanyServiceResourceDraft` WRITE;
/*!40000 ALTER TABLE `CompanyServiceResourceDraft` DISABLE KEYS */;
/*!40000 ALTER TABLE `CompanyServiceResourceDraft` ENABLE KEYS */;
UNLOCK TABLES;

--
-- Table structure for table `CompanyServiceUpdateRecord`
--

DROP TABLE IF EXISTS `CompanyServiceUpdateRecord`;
/*!40101 SET @saved_cs_client     = @@character_set_client */;
/*!50503 SET character_set_client = utf8mb4 */;
CREATE TABLE `CompanyServiceUpdateRecord` (
  `ID` int NOT NULL AUTO_INCREMENT,
  `ClassName` enum('CompanyServiceUpdateRecord') CHARACTER SET utf8mb3 COLLATE utf8mb3_general_ci DEFAULT 'CompanyServiceUpdateRecord',
  `LastEdited` datetime DEFAULT NULL,
  `Created` datetime DEFAULT NULL,
  `CompanyServiceID` int DEFAULT NULL,
  `EditorID` int DEFAULT NULL,
  PRIMARY KEY (`ID`),
  KEY `ClassName` (`ClassName`),
  KEY `CompanyServiceID` (`CompanyServiceID`),
  KEY `EditorID` (`EditorID`)
) ENGINE=InnoDB DEFAULT CHARSET=latin1;
/*!40101 SET character_set_client = @saved_cs_client */;

--
-- Dumping data for table `CompanyServiceUpdateRecord`
--

LOCK TABLES `CompanyServiceUpdateRecord` WRITE;
/*!40000 ALTER TABLE `CompanyServiceUpdateRecord` DISABLE KEYS */;
/*!40000 ALTER TABLE `CompanyServiceUpdateRecord` ENABLE KEYS */;
UNLOCK TABLES;

--
-- Table structure for table `Company_Administrators`
--

DROP TABLE IF EXISTS `Company_Administrators`;
/*!40101 SET @saved_cs_client     = @@character_set_client */;
/*!50503 SET character_set_client = utf8mb4 */;
CREATE TABLE `Company_Administrators` (
  `ID` int NOT NULL AUTO_INCREMENT,
  `CompanyID` int NOT NULL DEFAULT '0',
  `MemberID` int NOT NULL DEFAULT '0',
  `GroupID` int NOT NULL DEFAULT '0',
  PRIMARY KEY (`ID`),
  KEY `CompanyID` (`CompanyID`),
  KEY `MemberID` (`MemberID`)
) ENGINE=InnoDB DEFAULT CHARSET=latin1;
/*!40101 SET character_set_client = @saved_cs_client */;

--
-- Dumping data for table `Company_Administrators`
--

LOCK TABLES `Company_Administrators` WRITE;
/*!40000 ALTER TABLE `Company_Administrators` DISABLE KEYS */;
/*!40000 ALTER TABLE `Company_Administrators` ENABLE KEYS */;
UNLOCK TABLES;

--
-- Table structure for table `ConferenceLivePage`
--

DROP TABLE IF EXISTS `ConferenceLivePage`;
/*!40101 SET @saved_cs_client     = @@character_set_client */;
/*!50503 SET character_set_client = utf8mb4 */;
CREATE TABLE `ConferenceLivePage` (
  `ID` int NOT NULL AUTO_INCREMENT,
  `GAConversionId` mediumtext CHARACTER SET utf8mb3 COLLATE utf8mb3_general_ci,
  `GAConversionLanguage` mediumtext CHARACTER SET utf8mb3 COLLATE utf8mb3_general_ci,
  `GAConversionFormat` mediumtext CHARACTER SET utf8mb3 COLLATE utf8mb3_general_ci,
  `GAConversionColor` mediumtext CHARACTER SET utf8mb3 COLLATE utf8mb3_general_ci,
  `GAConversionLabel` mediumtext CHARACTER SET utf8mb3 COLLATE utf8mb3_general_ci,
  `GAConversionValue` int NOT NULL DEFAULT '0',
  `GARemarketingOnly` tinyint unsigned NOT NULL DEFAULT '0',
  `SummitID` int DEFAULT NULL,
  PRIMARY KEY (`ID`),
  KEY `SummitID` (`SummitID`)
) ENGINE=InnoDB DEFAULT CHARSET=latin1;
/*!40101 SET character_set_client = @saved_cs_client */;

--
-- Dumping data for table `ConferenceLivePage`
--

LOCK TABLES `ConferenceLivePage` WRITE;
/*!40000 ALTER TABLE `ConferenceLivePage` DISABLE KEYS */;
/*!40000 ALTER TABLE `ConferenceLivePage` ENABLE KEYS */;
UNLOCK TABLES;

--
-- Table structure for table `ConferenceLivePage_Live`
--

DROP TABLE IF EXISTS `ConferenceLivePage_Live`;
/*!40101 SET @saved_cs_client     = @@character_set_client */;
/*!50503 SET character_set_client = utf8mb4 */;
CREATE TABLE `ConferenceLivePage_Live` (
  `ID` int NOT NULL AUTO_INCREMENT,
  `GAConversionId` mediumtext CHARACTER SET utf8mb3 COLLATE utf8mb3_general_ci,
  `GAConversionLanguage` mediumtext CHARACTER SET utf8mb3 COLLATE utf8mb3_general_ci,
  `GAConversionFormat` mediumtext CHARACTER SET utf8mb3 COLLATE utf8mb3_general_ci,
  `GAConversionColor` mediumtext CHARACTER SET utf8mb3 COLLATE utf8mb3_general_ci,
  `GAConversionLabel` mediumtext CHARACTER SET utf8mb3 COLLATE utf8mb3_general_ci,
  `GAConversionValue` int NOT NULL DEFAULT '0',
  `GARemarketingOnly` tinyint unsigned NOT NULL DEFAULT '0',
  `SummitID` int DEFAULT NULL,
  PRIMARY KEY (`ID`),
  KEY `SummitID` (`SummitID`)
) ENGINE=InnoDB DEFAULT CHARSET=latin1;
/*!40101 SET character_set_client = @saved_cs_client */;

--
-- Dumping data for table `ConferenceLivePage_Live`
--

LOCK TABLES `ConferenceLivePage_Live` WRITE;
/*!40000 ALTER TABLE `ConferenceLivePage_Live` DISABLE KEYS */;
/*!40000 ALTER TABLE `ConferenceLivePage_Live` ENABLE KEYS */;
UNLOCK TABLES;

--
-- Table structure for table `ConferenceLivePage_versions`
--

DROP TABLE IF EXISTS `ConferenceLivePage_versions`;
/*!40101 SET @saved_cs_client     = @@character_set_client */;
/*!50503 SET character_set_client = utf8mb4 */;
CREATE TABLE `ConferenceLivePage_versions` (
  `ID` int NOT NULL AUTO_INCREMENT,
  `RecordID` int NOT NULL DEFAULT '0',
  `Version` int NOT NULL DEFAULT '0',
  `GAConversionId` mediumtext CHARACTER SET utf8mb3 COLLATE utf8mb3_general_ci,
  `GAConversionLanguage` mediumtext CHARACTER SET utf8mb3 COLLATE utf8mb3_general_ci,
  `GAConversionFormat` mediumtext CHARACTER SET utf8mb3 COLLATE utf8mb3_general_ci,
  `GAConversionColor` mediumtext CHARACTER SET utf8mb3 COLLATE utf8mb3_general_ci,
  `GAConversionLabel` mediumtext CHARACTER SET utf8mb3 COLLATE utf8mb3_general_ci,
  `GAConversionValue` int NOT NULL DEFAULT '0',
  `GARemarketingOnly` tinyint unsigned NOT NULL DEFAULT '0',
  `SummitID` int DEFAULT NULL,
  PRIMARY KEY (`ID`),
  UNIQUE KEY `RecordID_Version` (`RecordID`,`Version`),
  KEY `RecordID` (`RecordID`),
  KEY `SummitID` (`SummitID`),
  KEY `Version` (`Version`)
) ENGINE=InnoDB DEFAULT CHARSET=latin1;
/*!40101 SET character_set_client = @saved_cs_client */;

--
-- Dumping data for table `ConferenceLivePage_versions`
--

LOCK TABLES `ConferenceLivePage_versions` WRITE;
/*!40000 ALTER TABLE `ConferenceLivePage_versions` DISABLE KEYS */;
/*!40000 ALTER TABLE `ConferenceLivePage_versions` ENABLE KEYS */;
UNLOCK TABLES;

--
-- Table structure for table `ConferencePage`
--

DROP TABLE IF EXISTS `ConferencePage`;
/*!40101 SET @saved_cs_client     = @@character_set_client */;
/*!50503 SET character_set_client = utf8mb4 */;
CREATE TABLE `ConferencePage` (
  `ID` int NOT NULL AUTO_INCREMENT,
  `HeaderArea` mediumtext CHARACTER SET utf8mb3 COLLATE utf8mb3_general_ci,
  `Sidebar` mediumtext CHARACTER SET utf8mb3 COLLATE utf8mb3_general_ci,
  `HeadlineSponsors` mediumtext CHARACTER SET utf8mb3 COLLATE utf8mb3_general_ci,
  `GAConversionId` mediumtext CHARACTER SET utf8mb3 COLLATE utf8mb3_general_ci,
  `GAConversionLanguage` mediumtext CHARACTER SET utf8mb3 COLLATE utf8mb3_general_ci,
  `GAConversionFormat` mediumtext CHARACTER SET utf8mb3 COLLATE utf8mb3_general_ci,
  `GAConversionColor` mediumtext CHARACTER SET utf8mb3 COLLATE utf8mb3_general_ci,
  `GAConversionLabel` mediumtext CHARACTER SET utf8mb3 COLLATE utf8mb3_general_ci,
  `GAConversionValue` int NOT NULL DEFAULT '0',
  `GARemarketingOnly` tinyint unsigned NOT NULL DEFAULT '0',
  `FBPixelId` mediumtext CHARACTER SET utf8mb3 COLLATE utf8mb3_general_ci,
  `FBValue` mediumtext CHARACTER SET utf8mb3 COLLATE utf8mb3_general_ci,
  `FBCurrency` mediumtext CHARACTER SET utf8mb3 COLLATE utf8mb3_general_ci,
  `SummitID` int DEFAULT NULL,
  `SummitImageID` int DEFAULT NULL,
  PRIMARY KEY (`ID`),
  KEY `SummitID` (`SummitID`),
  KEY `SummitImageID` (`SummitImageID`)
) ENGINE=InnoDB DEFAULT CHARSET=latin1;
/*!40101 SET character_set_client = @saved_cs_client */;

--
-- Dumping data for table `ConferencePage`
--

LOCK TABLES `ConferencePage` WRITE;
/*!40000 ALTER TABLE `ConferencePage` DISABLE KEYS */;
/*!40000 ALTER TABLE `ConferencePage` ENABLE KEYS */;
UNLOCK TABLES;

--
-- Table structure for table `ConferencePage_Live`
--

DROP TABLE IF EXISTS `ConferencePage_Live`;
/*!40101 SET @saved_cs_client     = @@character_set_client */;
/*!50503 SET character_set_client = utf8mb4 */;
CREATE TABLE `ConferencePage_Live` (
  `ID` int NOT NULL AUTO_INCREMENT,
  `HeaderArea` mediumtext CHARACTER SET utf8mb3 COLLATE utf8mb3_general_ci,
  `Sidebar` mediumtext CHARACTER SET utf8mb3 COLLATE utf8mb3_general_ci,
  `HeadlineSponsors` mediumtext CHARACTER SET utf8mb3 COLLATE utf8mb3_general_ci,
  `GAConversionId` mediumtext CHARACTER SET utf8mb3 COLLATE utf8mb3_general_ci,
  `GAConversionLanguage` mediumtext CHARACTER SET utf8mb3 COLLATE utf8mb3_general_ci,
  `GAConversionFormat` mediumtext CHARACTER SET utf8mb3 COLLATE utf8mb3_general_ci,
  `GAConversionColor` mediumtext CHARACTER SET utf8mb3 COLLATE utf8mb3_general_ci,
  `GAConversionLabel` mediumtext CHARACTER SET utf8mb3 COLLATE utf8mb3_general_ci,
  `GAConversionValue` int NOT NULL DEFAULT '0',
  `GARemarketingOnly` tinyint unsigned NOT NULL DEFAULT '0',
  `FBPixelId` mediumtext CHARACTER SET utf8mb3 COLLATE utf8mb3_general_ci,
  `FBValue` mediumtext CHARACTER SET utf8mb3 COLLATE utf8mb3_general_ci,
  `FBCurrency` mediumtext CHARACTER SET utf8mb3 COLLATE utf8mb3_general_ci,
  `SummitID` int DEFAULT NULL,
  `SummitImageID` int DEFAULT NULL,
  PRIMARY KEY (`ID`),
  KEY `SummitID` (`SummitID`),
  KEY `SummitImageID` (`SummitImageID`)
) ENGINE=InnoDB DEFAULT CHARSET=latin1;
/*!40101 SET character_set_client = @saved_cs_client */;

--
-- Dumping data for table `ConferencePage_Live`
--

LOCK TABLES `ConferencePage_Live` WRITE;
/*!40000 ALTER TABLE `ConferencePage_Live` DISABLE KEYS */;
/*!40000 ALTER TABLE `ConferencePage_Live` ENABLE KEYS */;
UNLOCK TABLES;

--
-- Table structure for table `ConferencePage_versions`
--

DROP TABLE IF EXISTS `ConferencePage_versions`;
/*!40101 SET @saved_cs_client     = @@character_set_client */;
/*!50503 SET character_set_client = utf8mb4 */;
CREATE TABLE `ConferencePage_versions` (
  `ID` int NOT NULL AUTO_INCREMENT,
  `RecordID` int NOT NULL DEFAULT '0',
  `Version` int NOT NULL DEFAULT '0',
  `HeaderArea` mediumtext CHARACTER SET utf8mb3 COLLATE utf8mb3_general_ci,
  `Sidebar` mediumtext CHARACTER SET utf8mb3 COLLATE utf8mb3_general_ci,
  `HeadlineSponsors` mediumtext CHARACTER SET utf8mb3 COLLATE utf8mb3_general_ci,
  `GAConversionId` mediumtext CHARACTER SET utf8mb3 COLLATE utf8mb3_general_ci,
  `GAConversionLanguage` mediumtext CHARACTER SET utf8mb3 COLLATE utf8mb3_general_ci,
  `GAConversionFormat` mediumtext CHARACTER SET utf8mb3 COLLATE utf8mb3_general_ci,
  `GAConversionColor` mediumtext CHARACTER SET utf8mb3 COLLATE utf8mb3_general_ci,
  `GAConversionLabel` mediumtext CHARACTER SET utf8mb3 COLLATE utf8mb3_general_ci,
  `GAConversionValue` int NOT NULL DEFAULT '0',
  `GARemarketingOnly` tinyint unsigned NOT NULL DEFAULT '0',
  `FBPixelId` mediumtext CHARACTER SET utf8mb3 COLLATE utf8mb3_general_ci,
  `FBValue` mediumtext CHARACTER SET utf8mb3 COLLATE utf8mb3_general_ci,
  `FBCurrency` mediumtext CHARACTER SET utf8mb3 COLLATE utf8mb3_general_ci,
  `SummitID` int DEFAULT NULL,
  `SummitImageID` int DEFAULT NULL,
  PRIMARY KEY (`ID`),
  UNIQUE KEY `RecordID_Version` (`RecordID`,`Version`),
  KEY `RecordID` (`RecordID`),
  KEY `SummitID` (`SummitID`),
  KEY `SummitImageID` (`SummitImageID`),
  KEY `Version` (`Version`)
) ENGINE=InnoDB DEFAULT CHARSET=latin1;
/*!40101 SET character_set_client = @saved_cs_client */;

--
-- Dumping data for table `ConferencePage_versions`
--

LOCK TABLES `ConferencePage_versions` WRITE;
/*!40000 ALTER TABLE `ConferencePage_versions` DISABLE KEYS */;
/*!40000 ALTER TABLE `ConferencePage_versions` ENABLE KEYS */;
UNLOCK TABLES;

--
-- Table structure for table `ConferenceSubPage`
--

DROP TABLE IF EXISTS `ConferenceSubPage`;
/*!40101 SET @saved_cs_client     = @@character_set_client */;
/*!50503 SET character_set_client = utf8mb4 */;
CREATE TABLE `ConferenceSubPage` (
  `ID` int NOT NULL AUTO_INCREMENT,
  `HideSideBar` tinyint unsigned NOT NULL DEFAULT '0',
  PRIMARY KEY (`ID`)
) ENGINE=InnoDB DEFAULT CHARSET=latin1;
/*!40101 SET character_set_client = @saved_cs_client */;

--
-- Dumping data for table `ConferenceSubPage`
--

LOCK TABLES `ConferenceSubPage` WRITE;
/*!40000 ALTER TABLE `ConferenceSubPage` DISABLE KEYS */;
/*!40000 ALTER TABLE `ConferenceSubPage` ENABLE KEYS */;
UNLOCK TABLES;

--
-- Table structure for table `ConferenceSubPage_Live`
--

DROP TABLE IF EXISTS `ConferenceSubPage_Live`;
/*!40101 SET @saved_cs_client     = @@character_set_client */;
/*!50503 SET character_set_client = utf8mb4 */;
CREATE TABLE `ConferenceSubPage_Live` (
  `ID` int NOT NULL AUTO_INCREMENT,
  `HideSideBar` tinyint unsigned NOT NULL DEFAULT '0',
  PRIMARY KEY (`ID`)
) ENGINE=InnoDB DEFAULT CHARSET=latin1;
/*!40101 SET character_set_client = @saved_cs_client */;

--
-- Dumping data for table `ConferenceSubPage_Live`
--

LOCK TABLES `ConferenceSubPage_Live` WRITE;
/*!40000 ALTER TABLE `ConferenceSubPage_Live` DISABLE KEYS */;
/*!40000 ALTER TABLE `ConferenceSubPage_Live` ENABLE KEYS */;
UNLOCK TABLES;

--
-- Table structure for table `ConferenceSubPage_versions`
--

DROP TABLE IF EXISTS `ConferenceSubPage_versions`;
/*!40101 SET @saved_cs_client     = @@character_set_client */;
/*!50503 SET character_set_client = utf8mb4 */;
CREATE TABLE `ConferenceSubPage_versions` (
  `ID` int NOT NULL AUTO_INCREMENT,
  `RecordID` int NOT NULL DEFAULT '0',
  `Version` int NOT NULL DEFAULT '0',
  `HideSideBar` tinyint unsigned NOT NULL DEFAULT '0',
  PRIMARY KEY (`ID`),
  UNIQUE KEY `RecordID_Version` (`RecordID`,`Version`),
  KEY `RecordID` (`RecordID`),
  KEY `Version` (`Version`)
) ENGINE=InnoDB DEFAULT CHARSET=latin1;
/*!40101 SET character_set_client = @saved_cs_client */;

--
-- Dumping data for table `ConferenceSubPage_versions`
--

LOCK TABLES `ConferenceSubPage_versions` WRITE;
/*!40000 ALTER TABLE `ConferenceSubPage_versions` DISABLE KEYS */;
/*!40000 ALTER TABLE `ConferenceSubPage_versions` ENABLE KEYS */;
UNLOCK TABLES;

--
-- Table structure for table `ConfigurationManagementType`
--

DROP TABLE IF EXISTS `ConfigurationManagementType`;
/*!40101 SET @saved_cs_client     = @@character_set_client */;
/*!50503 SET character_set_client = utf8mb4 */;
CREATE TABLE `ConfigurationManagementType` (
  `ID` int NOT NULL AUTO_INCREMENT,
  `ClassName` enum('ConfigurationManagementType') CHARACTER SET utf8mb3 COLLATE utf8mb3_general_ci DEFAULT 'ConfigurationManagementType',
  `LastEdited` datetime DEFAULT NULL,
  `Created` datetime DEFAULT NULL,
  `Type` varchar(50) CHARACTER SET utf8mb3 COLLATE utf8mb3_general_ci DEFAULT NULL,
  PRIMARY KEY (`ID`),
  UNIQUE KEY `Type` (`Type`),
  KEY `ClassName` (`ClassName`)
) ENGINE=InnoDB DEFAULT CHARSET=latin1;
/*!40101 SET character_set_client = @saved_cs_client */;

--
-- Dumping data for table `ConfigurationManagementType`
--

LOCK TABLES `ConfigurationManagementType` WRITE;
/*!40000 ALTER TABLE `ConfigurationManagementType` DISABLE KEYS */;
/*!40000 ALTER TABLE `ConfigurationManagementType` ENABLE KEYS */;
UNLOCK TABLES;

--
-- Table structure for table `Consultant`
--

DROP TABLE IF EXISTS `Consultant`;
/*!40101 SET @saved_cs_client     = @@character_set_client */;
/*!50503 SET character_set_client = utf8mb4 */;
CREATE TABLE `Consultant` (
  `ID` int NOT NULL AUTO_INCREMENT,
  PRIMARY KEY (`ID`)
) ENGINE=InnoDB DEFAULT CHARSET=latin1;
/*!40101 SET character_set_client = @saved_cs_client */;

--
-- Dumping data for table `Consultant`
--

LOCK TABLES `Consultant` WRITE;
/*!40000 ALTER TABLE `Consultant` DISABLE KEYS */;
/*!40000 ALTER TABLE `Consultant` ENABLE KEYS */;
UNLOCK TABLES;

--
-- Table structure for table `ConsultantClient`
--

DROP TABLE IF EXISTS `ConsultantClient`;
/*!40101 SET @saved_cs_client     = @@character_set_client */;
/*!50503 SET character_set_client = utf8mb4 */;
CREATE TABLE `ConsultantClient` (
  `ID` int NOT NULL AUTO_INCREMENT,
  `ClassName` enum('ConsultantClient') CHARACTER SET utf8mb3 COLLATE utf8mb3_general_ci DEFAULT 'ConsultantClient',
  `LastEdited` datetime DEFAULT NULL,
  `Created` datetime DEFAULT NULL,
  `Name` varchar(50) CHARACTER SET utf8mb3 COLLATE utf8mb3_general_ci DEFAULT NULL,
  `Order` int NOT NULL DEFAULT '0',
  `ConsultantID` int DEFAULT NULL,
  PRIMARY KEY (`ID`),
  UNIQUE KEY `Name_Owner` (`Name`,`ConsultantID`),
  KEY `ClassName` (`ClassName`),
  KEY `ConsultantID` (`ConsultantID`)
) ENGINE=InnoDB DEFAULT CHARSET=latin1;
/*!40101 SET character_set_client = @saved_cs_client */;

--
-- Dumping data for table `ConsultantClient`
--

LOCK TABLES `ConsultantClient` WRITE;
/*!40000 ALTER TABLE `ConsultantClient` DISABLE KEYS */;
/*!40000 ALTER TABLE `ConsultantClient` ENABLE KEYS */;
UNLOCK TABLES;

--
-- Table structure for table `ConsultantClientDraft`
--

DROP TABLE IF EXISTS `ConsultantClientDraft`;
/*!40101 SET @saved_cs_client     = @@character_set_client */;
/*!50503 SET character_set_client = utf8mb4 */;
CREATE TABLE `ConsultantClientDraft` (
  `ID` int NOT NULL AUTO_INCREMENT,
  `ClassName` enum('ConsultantClientDraft') CHARACTER SET utf8mb3 COLLATE utf8mb3_general_ci DEFAULT 'ConsultantClientDraft',
  `LastEdited` datetime DEFAULT NULL,
  `Created` datetime DEFAULT NULL,
  `Name` varchar(50) CHARACTER SET utf8mb3 COLLATE utf8mb3_general_ci DEFAULT NULL,
  `Order` int NOT NULL DEFAULT '0',
  `ConsultantID` int DEFAULT NULL,
  PRIMARY KEY (`ID`),
  UNIQUE KEY `Name_Owner` (`Name`,`ConsultantID`),
  KEY `ClassName` (`ClassName`),
  KEY `ConsultantID` (`ConsultantID`)
) ENGINE=InnoDB DEFAULT CHARSET=latin1;
/*!40101 SET character_set_client = @saved_cs_client */;

--
-- Dumping data for table `ConsultantClientDraft`
--

LOCK TABLES `ConsultantClientDraft` WRITE;
/*!40000 ALTER TABLE `ConsultantClientDraft` DISABLE KEYS */;
/*!40000 ALTER TABLE `ConsultantClientDraft` ENABLE KEYS */;
UNLOCK TABLES;

--
-- Table structure for table `ConsultantDraft_ConfigurationManagementExpertises`
--

DROP TABLE IF EXISTS `ConsultantDraft_ConfigurationManagementExpertises`;
/*!40101 SET @saved_cs_client     = @@character_set_client */;
/*!50503 SET character_set_client = utf8mb4 */;
CREATE TABLE `ConsultantDraft_ConfigurationManagementExpertises` (
  `ID` int NOT NULL AUTO_INCREMENT,
  `ConsultantDraftID` int NOT NULL DEFAULT '0',
  `ConfigurationManagementTypeID` int NOT NULL DEFAULT '0',
  PRIMARY KEY (`ID`),
  KEY `ConfigurationManagementTypeID` (`ConfigurationManagementTypeID`),
  KEY `ConsultantDraftID` (`ConsultantDraftID`)
) ENGINE=InnoDB DEFAULT CHARSET=latin1;
/*!40101 SET character_set_client = @saved_cs_client */;

--
-- Dumping data for table `ConsultantDraft_ConfigurationManagementExpertises`
--

LOCK TABLES `ConsultantDraft_ConfigurationManagementExpertises` WRITE;
/*!40000 ALTER TABLE `ConsultantDraft_ConfigurationManagementExpertises` DISABLE KEYS */;
/*!40000 ALTER TABLE `ConsultantDraft_ConfigurationManagementExpertises` ENABLE KEYS */;
UNLOCK TABLES;

--
-- Table structure for table `ConsultantDraft_ExpertiseAreas`
--

DROP TABLE IF EXISTS `ConsultantDraft_ExpertiseAreas`;
/*!40101 SET @saved_cs_client     = @@character_set_client */;
/*!50503 SET character_set_client = utf8mb4 */;
CREATE TABLE `ConsultantDraft_ExpertiseAreas` (
  `ID` int NOT NULL AUTO_INCREMENT,
  `ConsultantDraftID` int NOT NULL DEFAULT '0',
  `OpenStackComponentID` int NOT NULL DEFAULT '0',
  PRIMARY KEY (`ID`),
  KEY `ConsultantDraftID` (`ConsultantDraftID`),
  KEY `OpenStackComponentID` (`OpenStackComponentID`)
) ENGINE=InnoDB DEFAULT CHARSET=latin1;
/*!40101 SET character_set_client = @saved_cs_client */;

--
-- Dumping data for table `ConsultantDraft_ExpertiseAreas`
--

LOCK TABLES `ConsultantDraft_ExpertiseAreas` WRITE;
/*!40000 ALTER TABLE `ConsultantDraft_ExpertiseAreas` DISABLE KEYS */;
/*!40000 ALTER TABLE `ConsultantDraft_ExpertiseAreas` ENABLE KEYS */;
UNLOCK TABLES;

--
-- Table structure for table `ConsultantDraft_ServicesOffered`
--

DROP TABLE IF EXISTS `ConsultantDraft_ServicesOffered`;
/*!40101 SET @saved_cs_client     = @@character_set_client */;
/*!50503 SET character_set_client = utf8mb4 */;
CREATE TABLE `ConsultantDraft_ServicesOffered` (
  `ID` int NOT NULL AUTO_INCREMENT,
  `ConsultantDraftID` int NOT NULL DEFAULT '0',
  `ConsultantServiceOfferedTypeID` int NOT NULL DEFAULT '0',
  `RegionID` int NOT NULL DEFAULT '0',
  PRIMARY KEY (`ID`),
  KEY `ConsultantDraftID` (`ConsultantDraftID`),
  KEY `ConsultantServiceOfferedTypeID` (`ConsultantServiceOfferedTypeID`)
) ENGINE=InnoDB DEFAULT CHARSET=latin1;
/*!40101 SET character_set_client = @saved_cs_client */;

--
-- Dumping data for table `ConsultantDraft_ServicesOffered`
--

LOCK TABLES `ConsultantDraft_ServicesOffered` WRITE;
/*!40000 ALTER TABLE `ConsultantDraft_ServicesOffered` DISABLE KEYS */;
/*!40000 ALTER TABLE `ConsultantDraft_ServicesOffered` ENABLE KEYS */;
UNLOCK TABLES;

--
-- Table structure for table `ConsultantDraft_SpokenLanguages`
--

DROP TABLE IF EXISTS `ConsultantDraft_SpokenLanguages`;
/*!40101 SET @saved_cs_client     = @@character_set_client */;
/*!50503 SET character_set_client = utf8mb4 */;
CREATE TABLE `ConsultantDraft_SpokenLanguages` (
  `ID` int NOT NULL AUTO_INCREMENT,
  `ConsultantDraftID` int NOT NULL DEFAULT '0',
  `SpokenLanguageID` int NOT NULL DEFAULT '0',
  `Order` int NOT NULL DEFAULT '0',
  PRIMARY KEY (`ID`),
  KEY `ConsultantDraftID` (`ConsultantDraftID`),
  KEY `SpokenLanguageID` (`SpokenLanguageID`)
) ENGINE=InnoDB DEFAULT CHARSET=latin1;
/*!40101 SET character_set_client = @saved_cs_client */;

--
-- Dumping data for table `ConsultantDraft_SpokenLanguages`
--

LOCK TABLES `ConsultantDraft_SpokenLanguages` WRITE;
/*!40000 ALTER TABLE `ConsultantDraft_SpokenLanguages` DISABLE KEYS */;
/*!40000 ALTER TABLE `ConsultantDraft_SpokenLanguages` ENABLE KEYS */;
UNLOCK TABLES;

--
-- Table structure for table `ConsultantServiceOfferedType`
--

DROP TABLE IF EXISTS `ConsultantServiceOfferedType`;
/*!40101 SET @saved_cs_client     = @@character_set_client */;
/*!50503 SET character_set_client = utf8mb4 */;
CREATE TABLE `ConsultantServiceOfferedType` (
  `ID` int NOT NULL AUTO_INCREMENT,
  `ClassName` enum('ConsultantServiceOfferedType') CHARACTER SET utf8mb3 COLLATE utf8mb3_general_ci DEFAULT 'ConsultantServiceOfferedType',
  `LastEdited` datetime DEFAULT NULL,
  `Created` datetime DEFAULT NULL,
  `Type` mediumtext CHARACTER SET utf8mb3 COLLATE utf8mb3_general_ci,
  PRIMARY KEY (`ID`),
  KEY `ClassName` (`ClassName`)
) ENGINE=InnoDB DEFAULT CHARSET=latin1;
/*!40101 SET character_set_client = @saved_cs_client */;

--
-- Dumping data for table `ConsultantServiceOfferedType`
--

LOCK TABLES `ConsultantServiceOfferedType` WRITE;
/*!40000 ALTER TABLE `ConsultantServiceOfferedType` DISABLE KEYS */;
/*!40000 ALTER TABLE `ConsultantServiceOfferedType` ENABLE KEYS */;
UNLOCK TABLES;

--
-- Table structure for table `Consultant_ConfigurationManagementExpertises`
--

DROP TABLE IF EXISTS `Consultant_ConfigurationManagementExpertises`;
/*!40101 SET @saved_cs_client     = @@character_set_client */;
/*!50503 SET character_set_client = utf8mb4 */;
CREATE TABLE `Consultant_ConfigurationManagementExpertises` (
  `ID` int NOT NULL AUTO_INCREMENT,
  `ConsultantID` int NOT NULL DEFAULT '0',
  `ConfigurationManagementTypeID` int NOT NULL DEFAULT '0',
  PRIMARY KEY (`ID`),
  KEY `ConfigurationManagementTypeID` (`ConfigurationManagementTypeID`),
  KEY `ConsultantID` (`ConsultantID`)
) ENGINE=InnoDB DEFAULT CHARSET=latin1;
/*!40101 SET character_set_client = @saved_cs_client */;

--
-- Dumping data for table `Consultant_ConfigurationManagementExpertises`
--

LOCK TABLES `Consultant_ConfigurationManagementExpertises` WRITE;
/*!40000 ALTER TABLE `Consultant_ConfigurationManagementExpertises` DISABLE KEYS */;
/*!40000 ALTER TABLE `Consultant_ConfigurationManagementExpertises` ENABLE KEYS */;
UNLOCK TABLES;

--
-- Table structure for table `Consultant_ExpertiseAreas`
--

DROP TABLE IF EXISTS `Consultant_ExpertiseAreas`;
/*!40101 SET @saved_cs_client     = @@character_set_client */;
/*!50503 SET character_set_client = utf8mb4 */;
CREATE TABLE `Consultant_ExpertiseAreas` (
  `ID` int NOT NULL AUTO_INCREMENT,
  `ConsultantID` int NOT NULL DEFAULT '0',
  `OpenStackComponentID` int NOT NULL DEFAULT '0',
  PRIMARY KEY (`ID`),
  KEY `ConsultantID` (`ConsultantID`),
  KEY `OpenStackComponentID` (`OpenStackComponentID`)
) ENGINE=InnoDB DEFAULT CHARSET=latin1;
/*!40101 SET character_set_client = @saved_cs_client */;

--
-- Dumping data for table `Consultant_ExpertiseAreas`
--

LOCK TABLES `Consultant_ExpertiseAreas` WRITE;
/*!40000 ALTER TABLE `Consultant_ExpertiseAreas` DISABLE KEYS */;
/*!40000 ALTER TABLE `Consultant_ExpertiseAreas` ENABLE KEYS */;
UNLOCK TABLES;

--
-- Table structure for table `Consultant_ServicesOffered`
--

DROP TABLE IF EXISTS `Consultant_ServicesOffered`;
/*!40101 SET @saved_cs_client     = @@character_set_client */;
/*!50503 SET character_set_client = utf8mb4 */;
CREATE TABLE `Consultant_ServicesOffered` (
  `ID` int NOT NULL AUTO_INCREMENT,
  `ConsultantID` int NOT NULL DEFAULT '0',
  `ConsultantServiceOfferedTypeID` int NOT NULL DEFAULT '0',
  `RegionID` int NOT NULL DEFAULT '0',
  PRIMARY KEY (`ID`),
  KEY `ConsultantID` (`ConsultantID`),
  KEY `ConsultantServiceOfferedTypeID` (`ConsultantServiceOfferedTypeID`)
) ENGINE=InnoDB DEFAULT CHARSET=latin1;
/*!40101 SET character_set_client = @saved_cs_client */;

--
-- Dumping data for table `Consultant_ServicesOffered`
--

LOCK TABLES `Consultant_ServicesOffered` WRITE;
/*!40000 ALTER TABLE `Consultant_ServicesOffered` DISABLE KEYS */;
/*!40000 ALTER TABLE `Consultant_ServicesOffered` ENABLE KEYS */;
UNLOCK TABLES;

--
-- Table structure for table `Consultant_SpokenLanguages`
--

DROP TABLE IF EXISTS `Consultant_SpokenLanguages`;
/*!40101 SET @saved_cs_client     = @@character_set_client */;
/*!50503 SET character_set_client = utf8mb4 */;
CREATE TABLE `Consultant_SpokenLanguages` (
  `ID` int NOT NULL AUTO_INCREMENT,
  `ConsultantID` int NOT NULL DEFAULT '0',
  `SpokenLanguageID` int NOT NULL DEFAULT '0',
  `Order` int NOT NULL DEFAULT '0',
  PRIMARY KEY (`ID`),
  KEY `ConsultantID` (`ConsultantID`),
  KEY `SpokenLanguageID` (`SpokenLanguageID`)
) ENGINE=InnoDB DEFAULT CHARSET=latin1;
/*!40101 SET character_set_client = @saved_cs_client */;

--
-- Dumping data for table `Consultant_SpokenLanguages`
--

LOCK TABLES `Consultant_SpokenLanguages` WRITE;
/*!40000 ALTER TABLE `Consultant_SpokenLanguages` DISABLE KEYS */;
/*!40000 ALTER TABLE `Consultant_SpokenLanguages` ENABLE KEYS */;
UNLOCK TABLES;

--
-- Table structure for table `Continent`
--

DROP TABLE IF EXISTS `Continent`;
/*!40101 SET @saved_cs_client     = @@character_set_client */;
/*!50503 SET character_set_client = utf8mb4 */;
CREATE TABLE `Continent` (
  `ID` int NOT NULL AUTO_INCREMENT,
  `ClassName` enum('Continent') CHARACTER SET utf8mb3 COLLATE utf8mb3_general_ci DEFAULT 'Continent',
  `LastEdited` datetime DEFAULT NULL,
  `Created` datetime DEFAULT NULL,
  `Name` varchar(255) CHARACTER SET utf8mb3 COLLATE utf8mb3_general_ci DEFAULT NULL,
  PRIMARY KEY (`ID`),
  KEY `ClassName` (`ClassName`)
) ENGINE=InnoDB DEFAULT CHARSET=latin1;
/*!40101 SET character_set_client = @saved_cs_client */;

--
-- Dumping data for table `Continent`
--

LOCK TABLES `Continent` WRITE;
/*!40000 ALTER TABLE `Continent` DISABLE KEYS */;
/*!40000 ALTER TABLE `Continent` ENABLE KEYS */;
UNLOCK TABLES;

--
-- Table structure for table `Contract`
--

DROP TABLE IF EXISTS `Contract`;
/*!40101 SET @saved_cs_client     = @@character_set_client */;
/*!50503 SET character_set_client = utf8mb4 */;
CREATE TABLE `Contract` (
  `ID` int NOT NULL AUTO_INCREMENT,
  `ClassName` enum('Contract') CHARACTER SET utf8mb3 COLLATE utf8mb3_general_ci DEFAULT 'Contract',
  `LastEdited` datetime DEFAULT NULL,
  `Created` datetime DEFAULT NULL,
  `ContractSigned` tinyint unsigned NOT NULL DEFAULT '0',
  `ContractStart` date DEFAULT NULL,
  `ContractEnd` date DEFAULT NULL,
  `EchosignID` mediumtext CHARACTER SET utf8mb3 COLLATE utf8mb3_general_ci,
  `Status` mediumtext CHARACTER SET utf8mb3 COLLATE utf8mb3_general_ci,
  `CompanyID` int DEFAULT NULL,
  `ContractTemplateID` int DEFAULT NULL,
  PRIMARY KEY (`ID`),
  KEY `ClassName` (`ClassName`),
  KEY `CompanyID` (`CompanyID`),
  KEY `ContractTemplateID` (`ContractTemplateID`)
) ENGINE=InnoDB DEFAULT CHARSET=latin1;
/*!40101 SET character_set_client = @saved_cs_client */;

--
-- Dumping data for table `Contract`
--

LOCK TABLES `Contract` WRITE;
/*!40000 ALTER TABLE `Contract` DISABLE KEYS */;
/*!40000 ALTER TABLE `Contract` ENABLE KEYS */;
UNLOCK TABLES;

--
-- Table structure for table `ContractTemplate`
--

DROP TABLE IF EXISTS `ContractTemplate`;
/*!40101 SET @saved_cs_client     = @@character_set_client */;
/*!50503 SET character_set_client = utf8mb4 */;
CREATE TABLE `ContractTemplate` (
  `ID` int NOT NULL AUTO_INCREMENT,
  `ClassName` enum('ContractTemplate','MarketplaceContractTemplate') CHARACTER SET utf8mb3 COLLATE utf8mb3_general_ci DEFAULT 'ContractTemplate',
  `LastEdited` datetime DEFAULT NULL,
  `Created` datetime DEFAULT NULL,
  `Name` varchar(50) CHARACTER SET utf8mb3 COLLATE utf8mb3_general_ci DEFAULT NULL,
  `Duration` int NOT NULL DEFAULT '0',
  `AutoRenew` tinyint unsigned NOT NULL DEFAULT '0',
  `PDFID` int DEFAULT NULL,
  PRIMARY KEY (`ID`),
  KEY `ClassName` (`ClassName`),
  KEY `PDFID` (`PDFID`)
) ENGINE=InnoDB DEFAULT CHARSET=latin1;
/*!40101 SET character_set_client = @saved_cs_client */;

--
-- Dumping data for table `ContractTemplate`
--

LOCK TABLES `ContractTemplate` WRITE;
/*!40000 ALTER TABLE `ContractTemplate` DISABLE KEYS */;
/*!40000 ALTER TABLE `ContractTemplate` ENABLE KEYS */;
UNLOCK TABLES;

--
-- Table structure for table `ContributorsIngestRequest`
--

DROP TABLE IF EXISTS `ContributorsIngestRequest`;
/*!40101 SET @saved_cs_client     = @@character_set_client */;
/*!50503 SET character_set_client = utf8mb4 */;
CREATE TABLE `ContributorsIngestRequest` (
  `ID` int NOT NULL AUTO_INCREMENT,
  `ClassName` enum('ContributorsIngestRequest') CHARACTER SET utf8mb3 COLLATE utf8mb3_general_ci DEFAULT 'ContributorsIngestRequest',
  `LastEdited` datetime DEFAULT NULL,
  `Created` datetime DEFAULT NULL,
  `IsRunning` tinyint unsigned NOT NULL DEFAULT '0',
  PRIMARY KEY (`ID`),
  KEY `ClassName` (`ClassName`)
) ENGINE=InnoDB DEFAULT CHARSET=latin1;
/*!40101 SET character_set_client = @saved_cs_client */;

--
-- Dumping data for table `ContributorsIngestRequest`
--

LOCK TABLES `ContributorsIngestRequest` WRITE;
/*!40000 ALTER TABLE `ContributorsIngestRequest` DISABLE KEYS */;
/*!40000 ALTER TABLE `ContributorsIngestRequest` ENABLE KEYS */;
UNLOCK TABLES;

--
-- Table structure for table `CustomerCaseStudy`
--

DROP TABLE IF EXISTS `CustomerCaseStudy`;
/*!40101 SET @saved_cs_client     = @@character_set_client */;
/*!50503 SET character_set_client = utf8mb4 */;
CREATE TABLE `CustomerCaseStudy` (
  `ID` int NOT NULL AUTO_INCREMENT,
  `ClassName` enum('CustomerCaseStudy') CHARACTER SET utf8mb3 COLLATE utf8mb3_general_ci DEFAULT 'CustomerCaseStudy',
  `LastEdited` datetime DEFAULT NULL,
  `Created` datetime DEFAULT NULL,
  `Name` varchar(50) CHARACTER SET utf8mb3 COLLATE utf8mb3_general_ci DEFAULT NULL,
  `Uri` mediumtext CHARACTER SET utf8mb3 COLLATE utf8mb3_general_ci,
  `Order` int NOT NULL DEFAULT '0',
  `OwnerID` int DEFAULT NULL,
  PRIMARY KEY (`ID`),
  UNIQUE KEY `Owner_Name` (`Name`,`OwnerID`),
  KEY `ClassName` (`ClassName`),
  KEY `OwnerID` (`OwnerID`)
) ENGINE=InnoDB DEFAULT CHARSET=latin1;
/*!40101 SET character_set_client = @saved_cs_client */;

--
-- Dumping data for table `CustomerCaseStudy`
--

LOCK TABLES `CustomerCaseStudy` WRITE;
/*!40000 ALTER TABLE `CustomerCaseStudy` DISABLE KEYS */;
/*!40000 ALTER TABLE `CustomerCaseStudy` ENABLE KEYS */;
UNLOCK TABLES;

--
-- Table structure for table `CustomerCaseStudyDraft`
--

DROP TABLE IF EXISTS `CustomerCaseStudyDraft`;
/*!40101 SET @saved_cs_client     = @@character_set_client */;
/*!50503 SET character_set_client = utf8mb4 */;
CREATE TABLE `CustomerCaseStudyDraft` (
  `ID` int NOT NULL AUTO_INCREMENT,
  `ClassName` enum('CustomerCaseStudyDraft') CHARACTER SET utf8mb3 COLLATE utf8mb3_general_ci DEFAULT 'CustomerCaseStudyDraft',
  `LastEdited` datetime DEFAULT NULL,
  `Created` datetime DEFAULT NULL,
  `Name` varchar(50) CHARACTER SET utf8mb3 COLLATE utf8mb3_general_ci DEFAULT NULL,
  `Uri` mediumtext CHARACTER SET utf8mb3 COLLATE utf8mb3_general_ci,
  `Order` int NOT NULL DEFAULT '0',
  `OwnerID` int DEFAULT NULL,
  PRIMARY KEY (`ID`),
  UNIQUE KEY `Owner_Name` (`Name`,`OwnerID`),
  KEY `ClassName` (`ClassName`),
  KEY `OwnerID` (`OwnerID`)
) ENGINE=InnoDB DEFAULT CHARSET=latin1;
/*!40101 SET character_set_client = @saved_cs_client */;

--
-- Dumping data for table `CustomerCaseStudyDraft`
--

LOCK TABLES `CustomerCaseStudyDraft` WRITE;
/*!40000 ALTER TABLE `CustomerCaseStudyDraft` DISABLE KEYS */;
/*!40000 ALTER TABLE `CustomerCaseStudyDraft` ENABLE KEYS */;
UNLOCK TABLES;

--
-- Table structure for table `DataCenterLocation`
--

DROP TABLE IF EXISTS `DataCenterLocation`;
/*!40101 SET @saved_cs_client     = @@character_set_client */;
/*!50503 SET character_set_client = utf8mb4 */;
CREATE TABLE `DataCenterLocation` (
  `ID` int NOT NULL AUTO_INCREMENT,
  `ClassName` enum('DataCenterLocation') CHARACTER SET utf8mb3 COLLATE utf8mb3_general_ci DEFAULT 'DataCenterLocation',
  `LastEdited` datetime DEFAULT NULL,
  `Created` datetime DEFAULT NULL,
  `City` varchar(125) CHARACTER SET utf8mb3 COLLATE utf8mb3_general_ci DEFAULT NULL,
  `State` varchar(50) CHARACTER SET utf8mb3 COLLATE utf8mb3_general_ci DEFAULT NULL,
  `Country` varchar(5) CHARACTER SET utf8mb3 COLLATE utf8mb3_general_ci DEFAULT NULL,
  `Lat` decimal(9,2) NOT NULL DEFAULT '0.00',
  `Lng` decimal(9,2) NOT NULL DEFAULT '0.00',
  `CloudServiceID` int DEFAULT NULL,
  `DataCenterRegionID` int DEFAULT NULL,
  PRIMARY KEY (`ID`),
  UNIQUE KEY `City_State_Country_Service_Region` (`CloudServiceID`,`DataCenterRegionID`,`City`,`Country`,`State`),
  KEY `ClassName` (`ClassName`),
  KEY `CloudServiceID` (`CloudServiceID`),
  KEY `DataCenterRegionID` (`DataCenterRegionID`)
) ENGINE=InnoDB DEFAULT CHARSET=latin1;
/*!40101 SET character_set_client = @saved_cs_client */;

--
-- Dumping data for table `DataCenterLocation`
--

LOCK TABLES `DataCenterLocation` WRITE;
/*!40000 ALTER TABLE `DataCenterLocation` DISABLE KEYS */;
/*!40000 ALTER TABLE `DataCenterLocation` ENABLE KEYS */;
UNLOCK TABLES;

--
-- Table structure for table `DataCenterLocationDraft`
--

DROP TABLE IF EXISTS `DataCenterLocationDraft`;
/*!40101 SET @saved_cs_client     = @@character_set_client */;
/*!50503 SET character_set_client = utf8mb4 */;
CREATE TABLE `DataCenterLocationDraft` (
  `ID` int NOT NULL AUTO_INCREMENT,
  `ClassName` enum('DataCenterLocationDraft') CHARACTER SET utf8mb3 COLLATE utf8mb3_general_ci DEFAULT 'DataCenterLocationDraft',
  `LastEdited` datetime DEFAULT NULL,
  `Created` datetime DEFAULT NULL,
  `City` varchar(125) CHARACTER SET utf8mb3 COLLATE utf8mb3_general_ci DEFAULT NULL,
  `State` varchar(50) CHARACTER SET utf8mb3 COLLATE utf8mb3_general_ci DEFAULT NULL,
  `Country` varchar(5) CHARACTER SET utf8mb3 COLLATE utf8mb3_general_ci DEFAULT NULL,
  `Lat` decimal(9,2) NOT NULL DEFAULT '0.00',
  `Lng` decimal(9,2) NOT NULL DEFAULT '0.00',
  `CloudServiceID` int DEFAULT NULL,
  `DataCenterRegionID` int DEFAULT NULL,
  PRIMARY KEY (`ID`),
  UNIQUE KEY `City_State_Country_Service_Region` (`CloudServiceID`,`DataCenterRegionID`,`City`,`Country`,`State`),
  KEY `ClassName` (`ClassName`),
  KEY `CloudServiceID` (`CloudServiceID`),
  KEY `DataCenterRegionID` (`DataCenterRegionID`)
) ENGINE=InnoDB DEFAULT CHARSET=latin1;
/*!40101 SET character_set_client = @saved_cs_client */;

--
-- Dumping data for table `DataCenterLocationDraft`
--

LOCK TABLES `DataCenterLocationDraft` WRITE;
/*!40000 ALTER TABLE `DataCenterLocationDraft` DISABLE KEYS */;
/*!40000 ALTER TABLE `DataCenterLocationDraft` ENABLE KEYS */;
UNLOCK TABLES;

--
-- Table structure for table `DataCenterRegion`
--

DROP TABLE IF EXISTS `DataCenterRegion`;
/*!40101 SET @saved_cs_client     = @@character_set_client */;
/*!50503 SET character_set_client = utf8mb4 */;
CREATE TABLE `DataCenterRegion` (
  `ID` int NOT NULL AUTO_INCREMENT,
  `ClassName` enum('DataCenterRegion') CHARACTER SET utf8mb3 COLLATE utf8mb3_general_ci DEFAULT 'DataCenterRegion',
  `LastEdited` datetime DEFAULT NULL,
  `Created` datetime DEFAULT NULL,
  `Name` varchar(100) CHARACTER SET utf8mb3 COLLATE utf8mb3_general_ci DEFAULT NULL,
  `Endpoint` varchar(512) CHARACTER SET utf8mb3 COLLATE utf8mb3_general_ci DEFAULT NULL,
  `Color` varchar(6) CHARACTER SET utf8mb3 COLLATE utf8mb3_general_ci DEFAULT NULL,
  `CloudServiceID` int DEFAULT NULL,
  PRIMARY KEY (`ID`),
  KEY `ClassName` (`ClassName`),
  KEY `CloudServiceID` (`CloudServiceID`)
) ENGINE=InnoDB DEFAULT CHARSET=latin1;
/*!40101 SET character_set_client = @saved_cs_client */;

--
-- Dumping data for table `DataCenterRegion`
--

LOCK TABLES `DataCenterRegion` WRITE;
/*!40000 ALTER TABLE `DataCenterRegion` DISABLE KEYS */;
/*!40000 ALTER TABLE `DataCenterRegion` ENABLE KEYS */;
UNLOCK TABLES;

--
-- Table structure for table `DataCenterRegionDraft`
--

DROP TABLE IF EXISTS `DataCenterRegionDraft`;
/*!40101 SET @saved_cs_client     = @@character_set_client */;
/*!50503 SET character_set_client = utf8mb4 */;
CREATE TABLE `DataCenterRegionDraft` (
  `ID` int NOT NULL AUTO_INCREMENT,
  `ClassName` enum('DataCenterRegionDraft') CHARACTER SET utf8mb3 COLLATE utf8mb3_general_ci DEFAULT 'DataCenterRegionDraft',
  `LastEdited` datetime DEFAULT NULL,
  `Created` datetime DEFAULT NULL,
  `Name` varchar(100) CHARACTER SET utf8mb3 COLLATE utf8mb3_general_ci DEFAULT NULL,
  `Endpoint` varchar(512) CHARACTER SET utf8mb3 COLLATE utf8mb3_general_ci DEFAULT NULL,
  `Color` varchar(6) CHARACTER SET utf8mb3 COLLATE utf8mb3_general_ci DEFAULT NULL,
  `CloudServiceID` int DEFAULT NULL,
  PRIMARY KEY (`ID`),
  KEY `ClassName` (`ClassName`),
  KEY `CloudServiceID` (`CloudServiceID`)
) ENGINE=InnoDB DEFAULT CHARSET=latin1;
/*!40101 SET character_set_client = @saved_cs_client */;

--
-- Dumping data for table `DataCenterRegionDraft`
--

LOCK TABLES `DataCenterRegionDraft` WRITE;
/*!40000 ALTER TABLE `DataCenterRegionDraft` DISABLE KEYS */;
/*!40000 ALTER TABLE `DataCenterRegionDraft` ENABLE KEYS */;
UNLOCK TABLES;

--
-- Table structure for table `DefaultPresentationType`
--

DROP TABLE IF EXISTS `DefaultPresentationType`;
/*!40101 SET @saved_cs_client     = @@character_set_client */;
/*!50503 SET character_set_client = utf8mb4 */;
CREATE TABLE `DefaultPresentationType` (
  `ID` int NOT NULL AUTO_INCREMENT,
  `MaxSpeakers` int NOT NULL DEFAULT '0',
  `MinSpeakers` int NOT NULL DEFAULT '0',
  `MaxModerators` int NOT NULL DEFAULT '0',
  `MinModerators` int NOT NULL DEFAULT '0',
  `UseSpeakers` tinyint unsigned NOT NULL DEFAULT '0',
  `AreSpeakersMandatory` tinyint unsigned NOT NULL DEFAULT '0',
  `UseModerator` tinyint unsigned NOT NULL DEFAULT '0',
  `IsModeratorMandatory` tinyint unsigned NOT NULL DEFAULT '0',
  `ModeratorLabel` varchar(255) CHARACTER SET utf8mb3 COLLATE utf8mb3_general_ci DEFAULT NULL,
  `ShouldBeAvailableOnCFP` tinyint unsigned NOT NULL DEFAULT '0',
  PRIMARY KEY (`ID`)
) ENGINE=InnoDB DEFAULT CHARSET=latin1;
/*!40101 SET character_set_client = @saved_cs_client */;

--
-- Dumping data for table `DefaultPresentationType`
--

LOCK TABLES `DefaultPresentationType` WRITE;
/*!40000 ALTER TABLE `DefaultPresentationType` DISABLE KEYS */;
/*!40000 ALTER TABLE `DefaultPresentationType` ENABLE KEYS */;
UNLOCK TABLES;

--
-- Table structure for table `DefaultSummitEventType`
--

DROP TABLE IF EXISTS `DefaultSummitEventType`;
/*!40101 SET @saved_cs_client     = @@character_set_client */;
/*!50503 SET character_set_client = utf8mb4 */;
CREATE TABLE `DefaultSummitEventType` (
  `ID` int NOT NULL AUTO_INCREMENT,
  `ClassName` enum('DefaultSummitEventType','DefaultPresentationType') CHARACTER SET utf8mb3 COLLATE utf8mb3_general_ci DEFAULT 'DefaultSummitEventType',
  `LastEdited` datetime DEFAULT NULL,
  `Created` datetime DEFAULT NULL,
  `Type` mediumtext CHARACTER SET utf8mb3 COLLATE utf8mb3_general_ci,
  `Color` mediumtext CHARACTER SET utf8mb3 COLLATE utf8mb3_general_ci,
  `BlackoutTimes` enum('Final','Proposed','All','None') DEFAULT 'None',
  `UseSponsors` tinyint unsigned NOT NULL DEFAULT '0',
  `AreSponsorsMandatory` tinyint unsigned NOT NULL DEFAULT '0',
  `AllowsAttachment` tinyint unsigned NOT NULL DEFAULT '0',
  `IsPrivate` tinyint unsigned NOT NULL DEFAULT '0',
  PRIMARY KEY (`ID`),
  KEY `ClassName` (`ClassName`)
) ENGINE=InnoDB DEFAULT CHARSET=latin1;
/*!40101 SET character_set_client = @saved_cs_client */;

--
-- Dumping data for table `DefaultSummitEventType`
--

LOCK TABLES `DefaultSummitEventType` WRITE;
/*!40000 ALTER TABLE `DefaultSummitEventType` DISABLE KEYS */;
/*!40000 ALTER TABLE `DefaultSummitEventType` ENABLE KEYS */;
UNLOCK TABLES;

--
-- Table structure for table `DefaultTrackTagGroup`
--

DROP TABLE IF EXISTS `DefaultTrackTagGroup`;
/*!40101 SET @saved_cs_client     = @@character_set_client */;
/*!50503 SET character_set_client = utf8mb4 */;
CREATE TABLE `DefaultTrackTagGroup` (
  `ID` int NOT NULL AUTO_INCREMENT,
  `ClassName` enum('DefaultTrackTagGroup') CHARACTER SET utf8mb3 COLLATE utf8mb3_general_ci DEFAULT 'DefaultTrackTagGroup',
  `LastEdited` datetime DEFAULT NULL,
  `Created` datetime DEFAULT NULL,
  `Name` varchar(50) CHARACTER SET utf8mb3 COLLATE utf8mb3_general_ci DEFAULT NULL,
  `Label` varchar(50) CHARACTER SET utf8mb3 COLLATE utf8mb3_general_ci DEFAULT NULL,
  `Order` int NOT NULL DEFAULT '1',
  `Mandatory` tinyint unsigned NOT NULL DEFAULT '0',
  PRIMARY KEY (`ID`),
  KEY `ClassName` (`ClassName`)
) ENGINE=InnoDB DEFAULT CHARSET=latin1;
/*!40101 SET character_set_client = @saved_cs_client */;

--
-- Dumping data for table `DefaultTrackTagGroup`
--

LOCK TABLES `DefaultTrackTagGroup` WRITE;
/*!40000 ALTER TABLE `DefaultTrackTagGroup` DISABLE KEYS */;
/*!40000 ALTER TABLE `DefaultTrackTagGroup` ENABLE KEYS */;
UNLOCK TABLES;

--
-- Table structure for table `DefaultTrackTagGroup_AllowedTags`
--

DROP TABLE IF EXISTS `DefaultTrackTagGroup_AllowedTags`;
/*!40101 SET @saved_cs_client     = @@character_set_client */;
/*!50503 SET character_set_client = utf8mb4 */;
CREATE TABLE `DefaultTrackTagGroup_AllowedTags` (
  `ID` int NOT NULL AUTO_INCREMENT,
  `DefaultTrackTagGroupID` int NOT NULL DEFAULT '0',
  `TagID` int NOT NULL DEFAULT '0',
  PRIMARY KEY (`ID`),
  KEY `DefaultTrackTagGroupID` (`DefaultTrackTagGroupID`),
  KEY `TagID` (`TagID`),
  CONSTRAINT `FK_DefaultTrackTagGroup_AllowedTags_DefaultTrackTagGroup` FOREIGN KEY (`DefaultTrackTagGroupID`) REFERENCES `DefaultTrackTagGroup` (`ID`) ON DELETE CASCADE,
  CONSTRAINT `FK_DefaultTrackTagGroup_AllowedTags_Tag` FOREIGN KEY (`TagID`) REFERENCES `Tag` (`ID`) ON DELETE CASCADE
) ENGINE=InnoDB DEFAULT CHARSET=latin1;
/*!40101 SET character_set_client = @saved_cs_client */;

--
-- Dumping data for table `DefaultTrackTagGroup_AllowedTags`
--

LOCK TABLES `DefaultTrackTagGroup_AllowedTags` WRITE;
/*!40000 ALTER TABLE `DefaultTrackTagGroup_AllowedTags` DISABLE KEYS */;
/*!40000 ALTER TABLE `DefaultTrackTagGroup_AllowedTags` ENABLE KEYS */;
UNLOCK TABLES;

--
-- Table structure for table `DeletedDupeMember`
--

DROP TABLE IF EXISTS `DeletedDupeMember`;
/*!40101 SET @saved_cs_client     = @@character_set_client */;
/*!50503 SET character_set_client = utf8mb4 */;
CREATE TABLE `DeletedDupeMember` (
  `ID` int NOT NULL AUTO_INCREMENT,
  `ClassName` enum('DeletedDupeMember') CHARACTER SET utf8mb3 COLLATE utf8mb3_general_ci DEFAULT 'DeletedDupeMember',
  `LastEdited` datetime DEFAULT NULL,
  `Created` datetime DEFAULT NULL,
  `MemberID` int NOT NULL DEFAULT '0',
  `FirstName` varchar(50) CHARACTER SET utf8mb3 COLLATE utf8mb3_general_ci DEFAULT NULL,
  `Surname` varchar(50) CHARACTER SET utf8mb3 COLLATE utf8mb3_general_ci DEFAULT NULL,
  `Email` varchar(256) CHARACTER SET utf8mb3 COLLATE utf8mb3_general_ci DEFAULT NULL,
  `Password` varchar(160) CHARACTER SET utf8mb3 COLLATE utf8mb3_general_ci DEFAULT NULL,
  `PasswordEncryption` varchar(50) CHARACTER SET utf8mb3 COLLATE utf8mb3_general_ci DEFAULT NULL,
  `Salt` varchar(50) CHARACTER SET utf8mb3 COLLATE utf8mb3_general_ci DEFAULT NULL,
  `PasswordExpiry` date DEFAULT NULL,
  `LockedOutUntil` datetime DEFAULT NULL,
  `Locale` varchar(6) CHARACTER SET utf8mb3 COLLATE utf8mb3_general_ci DEFAULT NULL,
  `DateFormat` varchar(30) CHARACTER SET utf8mb3 COLLATE utf8mb3_general_ci DEFAULT NULL,
  `TimeFormat` varchar(30) CHARACTER SET utf8mb3 COLLATE utf8mb3_general_ci DEFAULT NULL,
  `SecondEmail` mediumtext CHARACTER SET utf8mb3 COLLATE utf8mb3_general_ci,
  `ThirdEmail` mediumtext CHARACTER SET utf8mb3 COLLATE utf8mb3_general_ci,
  `HasBeenEmailed` tinyint unsigned NOT NULL DEFAULT '0',
  `ShirtSize` enum('Extra Small','Small','Medium','Large','XL','XXL') CHARACTER SET utf8mb3 COLLATE utf8mb3_general_ci DEFAULT 'Extra Small',
  `StatementOfInterest` mediumtext CHARACTER SET utf8mb3 COLLATE utf8mb3_general_ci,
  `Bio` mediumtext CHARACTER SET utf8mb3 COLLATE utf8mb3_general_ci,
  `FoodPreference` mediumtext CHARACTER SET utf8mb3 COLLATE utf8mb3_general_ci,
  `OtherFood` mediumtext CHARACTER SET utf8mb3 COLLATE utf8mb3_general_ci,
  `IRCHandle` mediumtext CHARACTER SET utf8mb3 COLLATE utf8mb3_general_ci,
  `TwitterName` mediumtext CHARACTER SET utf8mb3 COLLATE utf8mb3_general_ci,
  `Projects` mediumtext CHARACTER SET utf8mb3 COLLATE utf8mb3_general_ci,
  `OtherProject` mediumtext CHARACTER SET utf8mb3 COLLATE utf8mb3_general_ci,
  `SubscribedToNewsletter` tinyint unsigned NOT NULL DEFAULT '0',
  `JobTitle` mediumtext CHARACTER SET utf8mb3 COLLATE utf8mb3_general_ci,
  `DisplayOnSite` tinyint unsigned NOT NULL DEFAULT '0',
  `Role` mediumtext CHARACTER SET utf8mb3 COLLATE utf8mb3_general_ci,
  `LinkedInProfile` mediumtext CHARACTER SET utf8mb3 COLLATE utf8mb3_general_ci,
  `Address` varchar(255) CHARACTER SET utf8mb3 COLLATE utf8mb3_general_ci DEFAULT NULL,
  `Suburb` varchar(64) CHARACTER SET utf8mb3 COLLATE utf8mb3_general_ci DEFAULT NULL,
  `State` varchar(64) CHARACTER SET utf8mb3 COLLATE utf8mb3_general_ci DEFAULT NULL,
  `Postcode` varchar(64) CHARACTER SET utf8mb3 COLLATE utf8mb3_general_ci DEFAULT NULL,
  `Country` varchar(2) CHARACTER SET utf8mb3 COLLATE utf8mb3_general_ci DEFAULT NULL,
  `City` varchar(64) CHARACTER SET utf8mb3 COLLATE utf8mb3_general_ci DEFAULT NULL,
  `Gender` varchar(32) CHARACTER SET utf8mb3 COLLATE utf8mb3_general_ci DEFAULT NULL,
  `TypeOfDirector` mediumtext CHARACTER SET utf8mb3 COLLATE utf8mb3_general_ci,
  PRIMARY KEY (`ID`),
  KEY `ClassName` (`ClassName`)
) ENGINE=InnoDB DEFAULT CHARSET=latin1;
/*!40101 SET character_set_client = @saved_cs_client */;

--
-- Dumping data for table `DeletedDupeMember`
--

LOCK TABLES `DeletedDupeMember` WRITE;
/*!40000 ALTER TABLE `DeletedDupeMember` DISABLE KEYS */;
/*!40000 ALTER TABLE `DeletedDupeMember` ENABLE KEYS */;
UNLOCK TABLES;

--
-- Table structure for table `Deployment`
--

DROP TABLE IF EXISTS `Deployment`;
/*!40101 SET @saved_cs_client     = @@character_set_client */;
/*!50503 SET character_set_client = utf8mb4 */;
CREATE TABLE `Deployment` (
  `ID` int NOT NULL AUTO_INCREMENT,
  `ClassName` enum('Deployment') CHARACTER SET utf8mb3 COLLATE utf8mb3_general_ci DEFAULT 'Deployment',
  `LastEdited` datetime DEFAULT NULL,
  `Created` datetime DEFAULT NULL,
  `Label` mediumtext CHARACTER SET utf8mb3 COLLATE utf8mb3_general_ci,
  `IsPublic` tinyint unsigned NOT NULL DEFAULT '0',
  `DeploymentType` mediumtext CHARACTER SET utf8mb3 COLLATE utf8mb3_general_ci,
  `ProjectsUsed` mediumtext CHARACTER SET utf8mb3 COLLATE utf8mb3_general_ci,
  `CurrentReleases` mediumtext CHARACTER SET utf8mb3 COLLATE utf8mb3_general_ci,
  `DeploymentStage` mediumtext CHARACTER SET utf8mb3 COLLATE utf8mb3_general_ci,
  `NumCloudUsers` mediumtext CHARACTER SET utf8mb3 COLLATE utf8mb3_general_ci,
  `WorkloadsDescription` mediumtext CHARACTER SET utf8mb3 COLLATE utf8mb3_general_ci,
  `OtherWorkloadsDescription` mediumtext CHARACTER SET utf8mb3 COLLATE utf8mb3_general_ci,
  `APIFormats` mediumtext CHARACTER SET utf8mb3 COLLATE utf8mb3_general_ci,
  `Hypervisors` mediumtext CHARACTER SET utf8mb3 COLLATE utf8mb3_general_ci,
  `OtherHypervisor` mediumtext CHARACTER SET utf8mb3 COLLATE utf8mb3_general_ci,
  `BlockStorageDrivers` mediumtext CHARACTER SET utf8mb3 COLLATE utf8mb3_general_ci,
  `OtherBlockStorageDriver` mediumtext CHARACTER SET utf8mb3 COLLATE utf8mb3_general_ci,
  `NetworkDrivers` mediumtext CHARACTER SET utf8mb3 COLLATE utf8mb3_general_ci,
  `OtherNetworkDriver` mediumtext CHARACTER SET utf8mb3 COLLATE utf8mb3_general_ci,
  `WhyNovaNetwork` mediumtext CHARACTER SET utf8mb3 COLLATE utf8mb3_general_ci,
  `OtherWhyNovaNetwork` mediumtext CHARACTER SET utf8mb3 COLLATE utf8mb3_general_ci,
  `IdentityDrivers` mediumtext CHARACTER SET utf8mb3 COLLATE utf8mb3_general_ci,
  `OtherIndentityDriver` mediumtext CHARACTER SET utf8mb3 COLLATE utf8mb3_general_ci,
  `SupportedFeatures` mediumtext CHARACTER SET utf8mb3 COLLATE utf8mb3_general_ci,
  `DeploymentTools` mediumtext CHARACTER SET utf8mb3 COLLATE utf8mb3_general_ci,
  `OtherDeploymentTools` mediumtext CHARACTER SET utf8mb3 COLLATE utf8mb3_general_ci,
  `OperatingSystems` mediumtext CHARACTER SET utf8mb3 COLLATE utf8mb3_general_ci,
  `OtherOperatingSystems` mediumtext CHARACTER SET utf8mb3 COLLATE utf8mb3_general_ci,
  `ComputeNodes` mediumtext CHARACTER SET utf8mb3 COLLATE utf8mb3_general_ci,
  `ComputeCores` mediumtext CHARACTER SET utf8mb3 COLLATE utf8mb3_general_ci,
  `ComputeInstances` mediumtext CHARACTER SET utf8mb3 COLLATE utf8mb3_general_ci,
  `BlockStorageTotalSize` mediumtext CHARACTER SET utf8mb3 COLLATE utf8mb3_general_ci,
  `ObjectStorageSize` mediumtext CHARACTER SET utf8mb3 COLLATE utf8mb3_general_ci,
  `ObjectStorageNumObjects` mediumtext CHARACTER SET utf8mb3 COLLATE utf8mb3_general_ci,
  `NetworkNumIPs` mediumtext CHARACTER SET utf8mb3 COLLATE utf8mb3_general_ci,
  `SendDigest` tinyint unsigned NOT NULL DEFAULT '0',
  `UpdateDate` datetime DEFAULT NULL,
  `SwiftGlobalDistributionFeatures` mediumtext CHARACTER SET utf8mb3 COLLATE utf8mb3_general_ci,
  `SwiftGlobalDistributionFeaturesUsesCases` mediumtext CHARACTER SET utf8mb3 COLLATE utf8mb3_general_ci,
  `OtherSwiftGlobalDistributionFeaturesUsesCases` mediumtext CHARACTER SET utf8mb3 COLLATE utf8mb3_general_ci,
  `Plans2UseSwiftStoragePolicies` mediumtext CHARACTER SET utf8mb3 COLLATE utf8mb3_general_ci,
  `OtherPlans2UseSwiftStoragePolicies` mediumtext CHARACTER SET utf8mb3 COLLATE utf8mb3_general_ci,
  `UsedDBForOpenStackComponents` mediumtext CHARACTER SET utf8mb3 COLLATE utf8mb3_general_ci,
  `OtherUsedDBForOpenStackComponents` mediumtext CHARACTER SET utf8mb3 COLLATE utf8mb3_general_ci,
  `ToolsUsedForYourUsers` mediumtext CHARACTER SET utf8mb3 COLLATE utf8mb3_general_ci,
  `OtherToolsUsedForYourUsers` mediumtext CHARACTER SET utf8mb3 COLLATE utf8mb3_general_ci,
  `Reason2Move2Ceilometer` mediumtext CHARACTER SET utf8mb3 COLLATE utf8mb3_general_ci,
  `CountriesPhysicalLocation` mediumtext CHARACTER SET utf8mb3 COLLATE utf8mb3_general_ci,
  `CountriesUsersLocation` mediumtext CHARACTER SET utf8mb3 COLLATE utf8mb3_general_ci,
  `ServicesDeploymentsWorkloads` mediumtext CHARACTER SET utf8mb3 COLLATE utf8mb3_general_ci,
  `OtherServicesDeploymentsWorkloads` mediumtext CHARACTER SET utf8mb3 COLLATE utf8mb3_general_ci,
  `EnterpriseDeploymentsWorkloads` mediumtext CHARACTER SET utf8mb3 COLLATE utf8mb3_general_ci,
  `OtherEnterpriseDeploymentsWorkloads` mediumtext CHARACTER SET utf8mb3 COLLATE utf8mb3_general_ci,
  `HorizontalWorkloadFrameworks` mediumtext CHARACTER SET utf8mb3 COLLATE utf8mb3_general_ci,
  `OtherHorizontalWorkloadFrameworks` mediumtext CHARACTER SET utf8mb3 COLLATE utf8mb3_general_ci,
  `UsedPackages` mediumtext CHARACTER SET utf8mb3 COLLATE utf8mb3_general_ci,
  `CustomPackagesReason` mediumtext CHARACTER SET utf8mb3 COLLATE utf8mb3_general_ci,
  `OtherCustomPackagesReason` mediumtext CHARACTER SET utf8mb3 COLLATE utf8mb3_general_ci,
  `PaasTools` mediumtext CHARACTER SET utf8mb3 COLLATE utf8mb3_general_ci,
  `OtherPaasTools` mediumtext CHARACTER SET utf8mb3 COLLATE utf8mb3_general_ci,
  `OtherSupportedFeatures` mediumtext CHARACTER SET utf8mb3 COLLATE utf8mb3_general_ci,
  `InteractingClouds` mediumtext CHARACTER SET utf8mb3 COLLATE utf8mb3_general_ci,
  `OtherInteractingClouds` mediumtext CHARACTER SET utf8mb3 COLLATE utf8mb3_general_ci,
  `DeploymentSurveyID` int DEFAULT NULL,
  `OrgID` int DEFAULT NULL,
  PRIMARY KEY (`ID`),
  KEY `ClassName` (`ClassName`),
  KEY `DeploymentSurveyID` (`DeploymentSurveyID`),
  KEY `OrgID` (`OrgID`)
) ENGINE=InnoDB DEFAULT CHARSET=latin1;
/*!40101 SET character_set_client = @saved_cs_client */;

--
-- Dumping data for table `Deployment`
--

LOCK TABLES `Deployment` WRITE;
/*!40000 ALTER TABLE `Deployment` DISABLE KEYS */;
/*!40000 ALTER TABLE `Deployment` ENABLE KEYS */;
UNLOCK TABLES;

--
-- Table structure for table `DeploymentSurvey`
--

DROP TABLE IF EXISTS `DeploymentSurvey`;
/*!40101 SET @saved_cs_client     = @@character_set_client */;
/*!50503 SET character_set_client = utf8mb4 */;
CREATE TABLE `DeploymentSurvey` (
  `ID` int NOT NULL AUTO_INCREMENT,
  `ClassName` enum('DeploymentSurvey') CHARACTER SET utf8mb3 COLLATE utf8mb3_general_ci DEFAULT 'DeploymentSurvey',
  `LastEdited` datetime DEFAULT NULL,
  `Created` datetime DEFAULT NULL,
  `Title` mediumtext CHARACTER SET utf8mb3 COLLATE utf8mb3_general_ci,
  `Industry` mediumtext CHARACTER SET utf8mb3 COLLATE utf8mb3_general_ci,
  `OtherIndustry` mediumtext CHARACTER SET utf8mb3 COLLATE utf8mb3_general_ci,
  `PrimaryCity` mediumtext CHARACTER SET utf8mb3 COLLATE utf8mb3_general_ci,
  `PrimaryState` mediumtext CHARACTER SET utf8mb3 COLLATE utf8mb3_general_ci,
  `PrimaryCountry` mediumtext CHARACTER SET utf8mb3 COLLATE utf8mb3_general_ci,
  `OrgSize` mediumtext CHARACTER SET utf8mb3 COLLATE utf8mb3_general_ci,
  `OpenStackInvolvement` mediumtext CHARACTER SET utf8mb3 COLLATE utf8mb3_general_ci,
  `InformationSources` mediumtext CHARACTER SET utf8mb3 COLLATE utf8mb3_general_ci,
  `OtherInformationSources` mediumtext CHARACTER SET utf8mb3 COLLATE utf8mb3_general_ci,
  `FurtherEnhancement` mediumtext CHARACTER SET utf8mb3 COLLATE utf8mb3_general_ci,
  `FoundationUserCommitteePriorities` mediumtext CHARACTER SET utf8mb3 COLLATE utf8mb3_general_ci,
  `BusinessDrivers` mediumtext CHARACTER SET utf8mb3 COLLATE utf8mb3_general_ci,
  `OtherBusinessDrivers` mediumtext CHARACTER SET utf8mb3 COLLATE utf8mb3_general_ci,
  `WhatDoYouLikeMost` mediumtext CHARACTER SET utf8mb3 COLLATE utf8mb3_general_ci,
  `UserGroupMember` tinyint unsigned NOT NULL DEFAULT '0',
  `UserGroupName` mediumtext CHARACTER SET utf8mb3 COLLATE utf8mb3_general_ci,
  `CurrentStep` mediumtext CHARACTER SET utf8mb3 COLLATE utf8mb3_general_ci,
  `HighestStepAllowed` mediumtext CHARACTER SET utf8mb3 COLLATE utf8mb3_general_ci,
  `BeenEmailed` tinyint unsigned NOT NULL DEFAULT '0',
  `OkToContact` tinyint unsigned NOT NULL DEFAULT '0',
  `SendDigest` tinyint unsigned NOT NULL DEFAULT '0',
  `UpdateDate` datetime DEFAULT NULL,
  `FirstName` mediumtext CHARACTER SET utf8mb3 COLLATE utf8mb3_general_ci,
  `Surname` mediumtext CHARACTER SET utf8mb3 COLLATE utf8mb3_general_ci,
  `Email` mediumtext CHARACTER SET utf8mb3 COLLATE utf8mb3_general_ci,
  `OpenStackRecommendRate` mediumtext CHARACTER SET utf8mb3 COLLATE utf8mb3_general_ci,
  `OpenStackRecommendation` mediumtext CHARACTER SET utf8mb3 COLLATE utf8mb3_general_ci,
  `OpenStackActivity` mediumtext CHARACTER SET utf8mb3 COLLATE utf8mb3_general_ci,
  `OpenStackRelationship` mediumtext CHARACTER SET utf8mb3 COLLATE utf8mb3_general_ci,
  `ITActivity` mediumtext CHARACTER SET utf8mb3 COLLATE utf8mb3_general_ci,
  `InterestedUsingContainerTechnology` tinyint unsigned NOT NULL DEFAULT '0',
  `ContainerRelatedTechnologies` mediumtext CHARACTER SET utf8mb3 COLLATE utf8mb3_general_ci,
  `MemberID` int DEFAULT NULL,
  `OrgID` int DEFAULT NULL,
  PRIMARY KEY (`ID`),
  KEY `ClassName` (`ClassName`),
  KEY `MemberID` (`MemberID`),
  KEY `OrgID` (`OrgID`)
) ENGINE=InnoDB DEFAULT CHARSET=latin1;
/*!40101 SET character_set_client = @saved_cs_client */;

--
-- Dumping data for table `DeploymentSurvey`
--

LOCK TABLES `DeploymentSurvey` WRITE;
/*!40000 ALTER TABLE `DeploymentSurvey` DISABLE KEYS */;
/*!40000 ALTER TABLE `DeploymentSurvey` ENABLE KEYS */;
UNLOCK TABLES;

--
-- Table structure for table `Distribution`
--

DROP TABLE IF EXISTS `Distribution`;
/*!40101 SET @saved_cs_client     = @@character_set_client */;
/*!50503 SET character_set_client = utf8mb4 */;
CREATE TABLE `Distribution` (
  `ID` int NOT NULL AUTO_INCREMENT,
  `Priority` varchar(5) CHARACTER SET utf8mb3 COLLATE utf8mb3_general_ci DEFAULT NULL,
  PRIMARY KEY (`ID`)
) ENGINE=InnoDB DEFAULT CHARSET=latin1;
/*!40101 SET character_set_client = @saved_cs_client */;

--
-- Dumping data for table `Distribution`
--

LOCK TABLES `Distribution` WRITE;
/*!40000 ALTER TABLE `Distribution` DISABLE KEYS */;
/*!40000 ALTER TABLE `Distribution` ENABLE KEYS */;
UNLOCK TABLES;

--
-- Table structure for table `DoctrineMigration`
--

DROP TABLE IF EXISTS `DoctrineMigration`;
/*!40101 SET @saved_cs_client     = @@character_set_client */;
/*!50503 SET character_set_client = utf8mb4 */;
CREATE TABLE `DoctrineMigration` (
  `version` varchar(191) COLLATE utf8mb3_unicode_ci NOT NULL,
  `executed_at` datetime DEFAULT NULL,
  `execution_time` int DEFAULT NULL,
  PRIMARY KEY (`version`)
) ENGINE=InnoDB DEFAULT CHARSET=utf8mb3 COLLATE=utf8mb3_unicode_ci;
/*!40101 SET character_set_client = @saved_cs_client */;

--
-- Dumping data for table `DoctrineMigration`
--

LOCK TABLES `DoctrineMigration` WRITE;
/*!40000 ALTER TABLE `DoctrineMigration` DISABLE KEYS */;
INSERT INTO `DoctrineMigration` VALUES ('Database\\Migrations\\Model\\Version20190422151949',NULL,NULL),('Database\\Migrations\\Model\\Version20190506153014',NULL,NULL),('Database\\Migrations\\Model\\Version20190506153909',NULL,NULL),('Database\\Migrations\\Model\\Version20190529015655',NULL,NULL),('Database\\Migrations\\Model\\Version20190529142913',NULL,NULL),('Database\\Migrations\\Model\\Version20190529142927',NULL,NULL),('Database\\Migrations\\Model\\Version20190530205326',NULL,NULL),('Database\\Migrations\\Model\\Version20190530205344',NULL,NULL),('Database\\Migrations\\Model\\Version20190625030955',NULL,NULL),('Database\\Migrations\\Model\\Version20190626125814',NULL,NULL),('Database\\Migrations\\Model\\Version20190629222739',NULL,NULL),('Database\\Migrations\\Model\\Version20190723210551',NULL,NULL),('Database\\Migrations\\Model\\Version20190728200547',NULL,NULL),('Database\\Migrations\\Model\\Version20190730022151',NULL,NULL),('Database\\Migrations\\Model\\Version20190730031422',NULL,NULL),('Database\\Migrations\\Model\\Version20190801211505',NULL,NULL),('Database\\Migrations\\Model\\Version20190824125218',NULL,NULL),('Database\\Migrations\\Model\\Version20190911132806',NULL,NULL),('Database\\Migrations\\Model\\Version20190918111958',NULL,NULL),('Database\\Migrations\\Model\\Version20191016014630',NULL,NULL),('Database\\Migrations\\Model\\Version20191116183316',NULL,NULL),('Database\\Migrations\\Model\\Version20191125210134',NULL,NULL),('Database\\Migrations\\Model\\Version20191202223721',NULL,NULL),('Database\\Migrations\\Model\\Version20191206163423',NULL,NULL),('Database\\Migrations\\Model\\Version20191212002736',NULL,NULL),('Database\\Migrations\\Model\\Version20191220223248',NULL,NULL),('Database\\Migrations\\Model\\Version20191220223253',NULL,NULL),('Database\\Migrations\\Model\\Version20191224021722',NULL,NULL),('Database\\Migrations\\Model\\Version20191224022307',NULL,NULL),('Database\\Migrations\\Model\\Version20191229173636',NULL,NULL),('Database\\Migrations\\Model\\Version20200109171923',NULL,NULL),('Database\\Migrations\\Model\\Version20200110184019',NULL,NULL),('Database\\Migrations\\Model\\Version20200123133515',NULL,NULL),('Database\\Migrations\\Model\\Version20200128184149',NULL,NULL),('Database\\Migrations\\Model\\Version20200128191140',NULL,NULL),('Database\\Migrations\\Model\\Version20200212023535',NULL,NULL),('Database\\Migrations\\Model\\Version20200212125943',NULL,NULL),('Database\\Migrations\\Model\\Version20200213131907',NULL,NULL),('Database\\Migrations\\Model\\Version20200403191418',NULL,NULL),('Database\\Migrations\\Model\\Version20200512132942',NULL,NULL),('Database\\Migrations\\Model\\Version20200512174027',NULL,NULL),('Database\\Migrations\\Model\\Version20200523235306',NULL,NULL),('Database\\Migrations\\Model\\Version20200526174904',NULL,NULL),('Database\\Migrations\\Model\\Version20200601211446',NULL,NULL),('Database\\Migrations\\Model\\Version20200602212951',NULL,NULL),('Database\\Migrations\\Model\\Version20200609105105',NULL,NULL),('Database\\Migrations\\Model\\Version20200616144713',NULL,NULL),('Database\\Migrations\\Model\\Version20200618192655',NULL,NULL),('Database\\Migrations\\Model\\Version20200623191130',NULL,NULL),('Database\\Migrations\\Model\\Version20200623191331',NULL,NULL),('Database\\Migrations\\Model\\Version20200623191754',NULL,NULL),('Database\\Migrations\\Model\\Version20200624132001',NULL,NULL),('Database\\Migrations\\Model\\Version20200629142643',NULL,NULL),('Database\\Migrations\\Model\\Version20200629143447',NULL,NULL),('Database\\Migrations\\Model\\Version20200713164340',NULL,NULL),('Database\\Migrations\\Model\\Version20200713164344',NULL,NULL),('Database\\Migrations\\Model\\Version20200730135823',NULL,NULL),('Database\\Migrations\\Model\\Version20200803171455',NULL,NULL),('Database\\Migrations\\Model\\Version20200817180752',NULL,NULL),('Database\\Migrations\\Model\\Version20200818120409',NULL,NULL),('Database\\Migrations\\Model\\Version20200824140528',NULL,NULL),('Database\\Migrations\\Model\\Version20200831193516',NULL,NULL),('Database\\Migrations\\Model\\Version20200901160152',NULL,NULL),('Database\\Migrations\\Model\\Version20200904155247',NULL,NULL),('Database\\Migrations\\Model\\Version20200910184756',NULL,NULL),('Database\\Migrations\\Model\\Version20200924123949',NULL,NULL),('Database\\Migrations\\Model\\Version20200924203451',NULL,NULL),('Database\\Migrations\\Model\\Version20200924210244',NULL,NULL),('Database\\Migrations\\Model\\Version20200928132323',NULL,NULL),('Database\\Migrations\\Model\\Version20201001182314',NULL,NULL),('Database\\Migrations\\Model\\Version20201008203936',NULL,NULL),('Database\\Migrations\\Model\\Version20201014155708',NULL,NULL),('Database\\Migrations\\Model\\Version20201014155719',NULL,NULL),('Database\\Migrations\\Model\\Version20201014161727',NULL,NULL),('Database\\Migrations\\Model\\Version20201015153512',NULL,NULL),('Database\\Migrations\\Model\\Version20201015153514',NULL,NULL),('Database\\Migrations\\Model\\Version20201015153516',NULL,NULL),('Database\\Migrations\\Model\\Version20201016145706',NULL,NULL),('Database\\Migrations\\Model\\Version20201018045210',NULL,NULL),('Database\\Migrations\\Model\\Version20201021125624',NULL,NULL),('Database\\Migrations\\Model\\Version20201021172434',NULL,NULL),('Database\\Migrations\\Model\\Version20201022181641',NULL,NULL),('Database\\Migrations\\Model\\Version20201027024056',NULL,NULL),('Database\\Migrations\\Model\\Version20201029175540',NULL,NULL),('Database\\Migrations\\Model\\Version20201116151153',NULL,NULL),('Database\\Migrations\\Model\\Version20201119155826',NULL,NULL),('Database\\Migrations\\Model\\Version20201120143925',NULL,NULL),('Database\\Migrations\\Model\\Version20201208150500',NULL,NULL),('Database\\Migrations\\Model\\Version20201208151735',NULL,NULL),('Database\\Migrations\\Model\\Version20210203161916','2021-04-16 01:48:36',NULL),('Database\\Migrations\\Model\\Version20210212151954','2021-04-16 01:48:36',NULL),('Database\\Migrations\\Model\\Version20210212151956','2021-04-16 01:48:37',NULL),('Database\\Migrations\\Model\\Version20210322170708','2021-04-16 01:48:37',NULL),('Database\\Migrations\\Model\\Version20210326171114','2021-04-16 01:48:49',NULL),('Database\\Migrations\\Model\\Version20210326171117','2021-04-16 01:48:49',NULL),('Database\\Migrations\\Model\\Version20210405144636','2021-04-16 01:48:58',NULL),('Database\\Migrations\\Model\\Version20210406124904','2021-04-16 01:48:58',NULL),('Database\\Migrations\\Model\\Version20210406125358','2021-04-16 01:49:05',NULL),('Database\\Migrations\\Model\\Version20210416191958','2021-04-24 01:55:34',NULL),('Database\\Migrations\\Model\\Version20210419181056','2021-04-24 01:55:42',NULL),('Database\\Migrations\\Model\\Version20210422150202','2021-04-24 01:55:50',NULL),('Database\\Migrations\\Model\\Version20210426223306','2021-04-28 02:10:11',NULL),('Database\\Migrations\\Model\\Version20210429160901','2021-04-29 21:21:22',NULL),('Database\\Migrations\\Model\\Version20210521135639','2021-06-03 17:09:34',NULL),('Database\\Migrations\\Model\\Version20210521135642','2021-06-03 17:09:34',NULL),('Database\\Migrations\\Model\\Version20210521170713','2021-06-03 17:09:38',NULL),('Database\\Migrations\\Model\\Version20210528150223','2021-06-03 17:09:47',NULL),('Database\\Migrations\\Model\\Version20210601152355','2021-06-09 19:32:06',NULL),('Database\\Migrations\\Model\\Version20210602181838','2021-06-03 17:09:48',NULL),('Database\\Migrations\\Model\\Version20210603182544','2021-06-03 18:50:19',NULL),('Database\\Migrations\\Model\\Version20210628184207','2021-06-29 19:26:29',NULL),('Database\\Migrations\\Model\\Version20210707172103','2021-07-15 12:13:12',NULL),('Database\\Migrations\\Model\\Version20210707172106','2021-07-15 12:13:13',NULL),('Database\\Migrations\\Model\\Version20210716165815','2021-07-19 13:01:11',NULL),('Database\\Migrations\\Model\\Version20210816174116','2021-08-16 17:48:08',NULL),('Database\\Migrations\\Model\\Version20210826171650','2021-08-30 22:47:53',NULL),('Database\\Migrations\\Model\\Version20210903180455','2021-09-15 22:09:01',NULL),('Database\\Migrations\\Model\\Version20210903182620','2021-09-15 22:09:01',NULL),('Database\\Migrations\\Model\\Version20210913203442','2021-09-15 22:09:02',NULL),('Database\\Migrations\\Model\\Version20210913215613','2021-09-15 22:09:02',NULL),('Database\\Migrations\\Model\\Version20210913215614','2021-09-15 22:09:03',NULL),('Database\\Migrations\\Model\\Version20211006122424','2021-10-14 00:30:11',NULL),('Database\\Migrations\\Model\\Version20211006122426','2021-10-14 00:30:11',NULL),('Database\\Migrations\\Model\\Version20211007133152','2021-11-16 00:01:52',NULL),('Database\\Migrations\\Model\\Version20211007161147','2021-10-14 00:30:19',NULL),('Database\\Migrations\\Model\\Version20211012162726','2021-11-16 00:02:00',NULL),('Database\\Migrations\\Model\\Version20211013164919','2021-10-14 00:30:27',NULL),('Database\\Migrations\\Model\\Version20211014140751','2021-10-18 17:53:16',NULL),('Database\\Migrations\\Model\\Version20211018134022','2021-10-18 17:58:06',NULL),('Database\\Migrations\\Model\\Version20211103124532','2021-11-03 13:11:43',NULL),('Database\\Migrations\\Model\\Version20211112190853','2021-11-16 00:02:01',NULL),('Database\\Migrations\\Model\\Version20211129183414','2021-11-29 23:31:24',NULL),('Database\\Migrations\\Model\\Version20211213135926','2021-12-15 10:49:33',NULL),('Database\\Migrations\\Model\\Version20220106085440','2022-03-01 15:52:08',NULL),('Database\\Migrations\\Model\\Version20220111214358','2022-03-01 15:52:17',NULL),('Database\\Migrations\\Model\\Version20220125200224','2022-03-01 15:52:26',NULL),('Database\\Migrations\\Model\\Version20220127210145','2022-03-01 15:52:35',NULL),('Database\\Migrations\\Model\\Version20220127210146','2022-03-01 15:52:44',NULL),('Database\\Migrations\\Model\\Version20220128194504','2022-03-01 15:52:53',NULL),('Database\\Migrations\\Model\\Version20220128200351','2022-03-01 15:53:02',NULL),('Database\\Migrations\\Model\\Version20220131195047','2022-03-01 15:53:11',NULL),('Database\\Migrations\\Model\\Version20220131201421','2022-03-01 15:53:11',NULL),('Database\\Migrations\\Model\\Version20220204152158','2022-03-01 15:53:20',NULL),('Database\\Migrations\\Model\\Version20220207183947','2022-03-01 15:53:30',NULL),('Database\\Migrations\\Model\\Version20220207183951','2022-03-01 15:53:30',NULL),('Database\\Migrations\\Model\\Version20220207195239','2022-03-01 15:53:30',NULL),('Database\\Migrations\\Model\\Version20220207195617','2022-03-01 15:55:30',NULL),('Database\\Migrations\\Model\\Version20220210181934','2022-03-01 15:55:40',NULL),('Database\\Migrations\\Model\\Version20220210181935','2022-03-01 15:55:40',NULL),('Database\\Migrations\\Model\\Version20220214140659','2022-03-01 15:55:49',NULL),('Database\\Migrations\\Model\\Version20220215210214','2022-03-01 15:55:49',NULL),('Database\\Migrations\\Model\\Version20220216140653','2022-03-01 15:55:49',NULL),('Database\\Migrations\\Model\\Version20220216144229','2022-03-01 15:55:49',NULL),('Database\\Migrations\\Model\\Version20220216213443','2022-03-01 15:55:57',NULL),('Database\\Migrations\\Model\\Version20220218124421','2022-03-01 15:55:58',NULL),('Database\\Migrations\\Model\\Version20220223221730','2022-03-01 15:55:58',NULL),('Database\\Migrations\\Model\\Version20220314152133','2022-03-30 02:31:47',NULL),('Database\\Migrations\\Model\\Version20220322141015','2022-03-30 02:31:56',NULL),('Database\\Migrations\\Model\\Version20220322195257','2022-03-30 02:32:05',NULL),('Database\\Migrations\\Model\\Version20220328170502','2022-04-19 02:08:41',NULL),('Database\\Migrations\\Model\\Version20220328214032','2022-03-30 02:32:13',NULL),('Database\\Migrations\\Model\\Version20220330180247','2022-04-19 02:08:50',NULL),('Database\\Migrations\\Model\\Version20220331173736','2022-04-19 02:08:59',NULL),('Database\\Migrations\\Model\\Version20220404193539','2022-04-19 02:09:08',NULL),('Database\\Migrations\\Model\\Version20220405205916','2022-04-19 02:09:08',NULL),('Database\\Migrations\\Model\\Version20220405205925','2022-04-19 02:09:17',NULL),('Database\\Migrations\\Model\\Version20220406133959','2022-04-19 02:09:27',NULL),('Database\\Migrations\\Model\\Version20220406141529','2022-04-19 02:09:27',NULL),('Database\\Migrations\\Model\\Version20220412182357','2022-04-19 02:09:27',NULL),('Database\\Migrations\\Model\\Version20220418172350','2022-05-04 02:07:18',NULL),('Database\\Migrations\\Model\\Version20220418192910','2022-05-04 02:07:27',NULL),('Database\\Migrations\\Model\\Version20220420155435','2022-05-04 02:07:36',NULL),('Database\\Migrations\\Model\\Version20220420171938','2022-05-04 02:07:36',NULL),('Database\\Migrations\\Model\\Version20220420171940','2022-05-04 02:07:37',NULL),('Database\\Migrations\\Model\\Version20220420184724','2022-05-04 02:07:37',NULL),('Database\\Migrations\\Model\\Version20220421184853','2022-06-07 08:34:10',NULL),('Database\\Migrations\\Model\\Version20220421184854','2022-06-07 08:34:19',NULL),('Database\\Migrations\\Model\\Version20220421184855','2022-06-07 08:34:19',NULL),('Database\\Migrations\\Model\\Version20220427192118','2022-05-04 02:07:46',NULL),('Database\\Migrations\\Model\\Version20220427203735','2022-05-04 02:07:55',NULL),('Database\\Migrations\\Model\\Version20220503185119','2022-05-04 02:07:56',NULL),('Database\\Migrations\\Model\\Version20220506190146','2022-06-07 08:34:28',NULL),('Database\\Migrations\\Model\\Version20220506190147','2022-06-07 08:34:37',NULL),('Database\\Migrations\\Model\\Version20220506190148','2022-06-07 08:34:47',NULL),('Database\\Migrations\\Model\\Version20220512193453','2022-05-24 19:18:18',NULL),('Database\\Migrations\\Model\\Version20220518162847','2022-06-07 08:34:48',NULL),('Database\\Migrations\\Model\\Version20220620181650','2022-07-07 12:03:32',NULL),('Database\\Migrations\\Model\\Version20220620181652','2022-07-07 12:03:41',NULL),('Database\\Migrations\\Model\\Version20220620182703','2022-07-07 12:03:41',NULL),('Database\\Migrations\\Model\\Version20220621150711','2022-07-07 12:03:41',NULL),('Database\\Migrations\\Model\\Version20220622172244','2022-07-07 12:03:41',NULL),('Database\\Migrations\\Model\\Version20220622172245','2022-07-07 12:03:42',NULL),('Database\\Migrations\\Model\\Version20220629180748','2022-07-14 19:21:10',NULL),('Database\\Migrations\\Model\\Version20220630132018','2022-07-14 19:21:10',NULL),('Database\\Migrations\\Model\\Version20220705184048','2022-07-15 21:13:28',NULL),('Database\\Migrations\\Model\\Version20220708155017','2022-07-14 19:21:20',NULL),('Database\\Migrations\\Model\\Version20220708155018','2022-07-14 19:21:20',NULL),('Database\\Migrations\\Model\\Version20220711210718','2022-07-14 19:21:29',NULL),('Database\\Migrations\\Model\\Version20220718214726','2022-08-08 15:38:02',NULL),('Database\\Migrations\\Model\\Version20220720125644','2022-07-20 15:07:50',NULL),('Database\\Migrations\\Model\\Version20220720202650','2022-08-08 15:38:12',NULL),('Database\\Migrations\\Model\\Version20220720202655','2022-08-08 15:38:22',NULL),('Database\\Migrations\\Model\\Version20220722142231','2022-08-08 15:38:32',NULL),('Database\\Migrations\\Model\\Version20220726221639','2022-08-08 15:38:32',NULL),('Database\\Migrations\\Model\\Version20220726224823','2022-08-08 15:38:32',NULL),('Database\\Migrations\\Model\\Version20220728135232','2022-08-08 15:38:33',NULL),('Database\\Migrations\\Model\\Version20220802211331','2022-08-08 15:38:43',NULL),('Database\\Migrations\\Model\\Version20220809200051','2022-08-29 17:03:55',NULL),('Database\\Migrations\\Model\\Version20220812151207','2022-08-29 17:04:06',NULL),('Database\\Migrations\\Model\\Version20220815160210','2022-08-29 17:04:25',NULL),('Database\\Migrations\\Model\\Version20220815160211','2022-08-29 17:04:25',NULL),('Database\\Migrations\\Model\\Version20220830094421','2022-08-30 10:13:15',NULL),('Database\\Migrations\\Model\\Version20220830094423','2022-08-30 10:13:17',NULL),('Database\\Migrations\\Model\\Version20220830224755','2023-02-01 17:17:14',NULL),('Database\\Migrations\\Model\\Version20220901205619','2023-02-01 17:17:25',NULL),('Database\\Migrations\\Model\\Version20220907172428','2023-03-30 12:23:38',NULL),('Database\\Migrations\\Model\\Version20220914190758','2023-02-01 17:17:25',NULL),('Database\\Migrations\\Model\\Version20220926134809','2022-12-01 14:05:12',NULL),('Database\\Migrations\\Model\\Version20220926134810','2022-12-01 14:05:13',NULL),('Database\\Migrations\\Model\\Version20220926172743','2022-09-26 18:08:10',NULL),('Database\\Migrations\\Model\\Version20220927152214','2022-12-01 14:05:13',NULL),('Database\\Migrations\\Model\\Version20221004141001','2022-12-01 13:11:04',NULL),('Database\\Migrations\\Model\\Version20221012133111','2022-12-01 13:11:08',NULL),('Database\\Migrations\\Model\\Version20221031172853','2023-02-01 17:17:35',NULL),('Database\\Migrations\\Model\\Version20221031174604','2023-02-01 17:17:35',NULL),('Database\\Migrations\\Model\\Version20221031174714','2023-02-01 17:17:45',NULL),('Database\\Migrations\\Model\\Version20221031181921','2023-02-01 17:17:45',NULL),('Database\\Migrations\\Model\\Version20221031182022','2023-02-01 17:17:55',NULL),('Database\\Migrations\\Model\\Version20221101142824','2023-02-01 17:18:06',NULL),('Database\\Migrations\\Model\\Version20221101150556','2023-02-01 17:18:16',NULL),('Database\\Migrations\\Model\\Version20221101150558','2023-02-01 17:18:26',NULL),('Database\\Migrations\\Model\\Version20221101154408','2023-02-01 17:18:36',NULL),('Database\\Migrations\\Model\\Version20221101154409','2023-02-01 17:18:46',NULL),('Database\\Migrations\\Model\\Version20221101163314','2023-02-01 17:18:46',NULL),('Database\\Migrations\\Model\\Version20221101180646','2023-02-01 17:18:46',NULL),('Database\\Migrations\\Model\\Version20221107151749','2023-02-01 17:18:57',NULL),('Database\\Migrations\\Model\\Version20221107151752','2023-02-01 17:19:08',NULL),('Database\\Migrations\\Model\\Version20221107151754','2023-02-01 17:19:09',NULL),('Database\\Migrations\\Model\\Version20221107174820','2023-02-01 17:19:19',NULL),('Database\\Migrations\\Model\\Version20221108134005','2023-02-01 17:19:20',NULL),('Database\\Migrations\\Model\\Version20221111143627','2023-02-01 17:19:30',NULL),('Database\\Migrations\\Model\\Version20221114160731','2023-02-01 17:19:39',NULL),('Database\\Migrations\\Model\\Version20221124175204','2023-02-01 17:19:50',NULL),('Database\\Migrations\\Model\\Version20221125142921','2023-02-01 17:20:00',NULL),('Database\\Migrations\\Model\\Version20221125150407','2023-02-01 17:20:10',NULL),('Database\\Migrations\\Model\\Version20221125155044','2023-02-01 17:20:11',NULL),('Database\\Migrations\\Model\\Version20221128210849','2023-02-01 17:20:21',NULL),('Database\\Migrations\\Model\\Version20221215191405','2023-01-10 14:30:42',NULL),('Database\\Migrations\\Model\\Version20221220181555','2023-02-01 17:20:21',NULL),('Database\\Migrations\\Model\\Version20221221132905','2023-02-01 17:20:31',NULL),('Database\\Migrations\\Model\\Version20221227171735','2023-02-01 17:20:41',NULL),('Database\\Migrations\\Model\\Version20230109153656','2023-02-01 17:20:41',NULL),('Database\\Migrations\\Model\\Version20230120194904','2023-03-30 12:23:48',NULL),('Database\\Migrations\\Model\\Version20230120200108','2023-03-30 12:23:59',NULL),('Database\\Migrations\\Model\\Version20230120202359','2023-03-30 12:24:09',NULL),('Database\\Migrations\\Model\\Version20230125121859','2023-02-01 17:20:42',NULL),('Database\\Migrations\\Model\\Version20230125190817','2023-02-01 17:20:52',NULL),('Database\\Migrations\\Model\\Version20230125202927','2023-02-01 17:21:03',NULL),('Database\\Migrations\\Model\\Version20230125230902','2023-02-01 17:21:03',NULL),('Database\\Migrations\\Model\\Version20230125230903','2023-02-01 17:21:05',NULL),('Database\\Migrations\\Model\\Version20230223155412','2023-03-30 12:24:18',NULL),('Database\\Migrations\\Model\\Version20230223155413','2023-03-30 12:24:18',NULL),('Database\\Migrations\\Model\\Version20230227172459','2023-03-30 12:24:18',NULL),('Database\\Migrations\\Model\\Version20230227182055','2023-03-30 12:24:28',NULL),('Database\\Migrations\\Model\\Version20230228143348','2023-03-30 12:24:30',NULL),('Database\\Migrations\\Model\\Version20230303192447','2023-03-30 12:24:40',NULL),('Database\\Migrations\\Model\\Version20230314182111','2023-03-30 12:24:40',NULL),('Database\\Migrations\\Model\\Version20230316192352','2023-03-30 12:24:40',NULL),('Database\\Migrations\\Model\\Version20230327152144','2023-05-04 14:29:08',NULL),('Database\\Migrations\\Model\\Version20230327152954','2023-05-04 14:29:18',NULL),('Database\\Migrations\\Model\\Version20230331115549','2023-03-31 12:11:29',NULL),('Database\\Migrations\\Model\\Version20230405154650','2023-05-04 14:29:27',NULL),('Database\\Migrations\\Model\\Version20230406210609','2023-05-04 14:29:38',NULL),('Database\\Migrations\\Model\\Version20230420180010','2023-05-04 14:29:48',NULL),('Database\\Migrations\\Model\\Version20230425143939','2023-06-07 17:08:50',NULL),('Database\\Migrations\\Model\\Version20230428183309','2023-06-29 16:51:04',NULL),('Database\\Migrations\\Model\\Version20230428183926','2023-06-29 16:51:15',NULL),('Database\\Migrations\\Model\\Version20230428191955','2023-06-29 16:51:25',NULL),('Database\\Migrations\\Model\\Version20230502102454','2023-06-29 16:51:35',NULL),('Database\\Migrations\\Model\\Version20230509123753','2023-05-10 14:05:34',NULL),('Database\\Migrations\\Model\\Version20230511162718','2023-06-29 16:51:46',NULL),('Database\\Migrations\\Model\\Version20230515190415','2023-06-07 17:09:00',NULL),('Database\\Migrations\\Model\\Version20230515191855','2023-06-07 17:09:10',NULL),('Database\\Migrations\\Model\\Version20230601143131','2023-06-02 19:32:47',NULL),('Database\\Migrations\\Model\\Version20230601143132','2023-06-02 19:32:48',NULL),('Database\\Migrations\\Model\\Version20230608185457','2023-06-09 16:43:57',NULL),('Database\\Migrations\\Model\\Version20230609125211','2023-06-29 16:51:57',NULL),('Database\\Migrations\\Model\\Version20230616161141','2023-06-29 16:52:07',NULL),('Database\\Migrations\\Model\\Version20230619184200','2023-06-29 16:52:18',NULL),('Database\\Migrations\\Model\\Version20230620154441','2023-06-29 16:52:28',NULL),('Database\\Migrations\\Model\\Version20230622080353','2023-06-29 16:52:29',NULL),('Database\\Migrations\\Model\\Version20230623102958','2023-06-29 16:52:29',NULL),('Database\\Migrations\\Model\\Version20230623125135','2023-06-29 16:52:29',NULL),('Database\\Migrations\\Model\\Version20230630125125','2023-07-07 13:21:23',NULL),('Database\\Migrations\\Model\\Version20230703162247','2023-08-08 17:36:02',NULL),('Database\\Migrations\\Model\\Version20230707185227','2023-08-08 17:36:12',NULL),('Database\\Migrations\\Model\\Version20230710175320','2023-07-25 13:13:09',NULL),('Database\\Migrations\\Model\\Version20230719150524','2023-08-08 17:36:12',NULL),('Database\\Migrations\\Model\\Version20230720172326','2023-08-08 17:36:22',NULL),('Database\\Migrations\\Model\\Version20230724152229','2023-08-08 17:36:32',NULL),('Database\\Migrations\\Model\\Version20230802154145','2023-11-13 21:02:16',NULL),('Database\\Migrations\\Model\\Version20230904175227','2023-09-07 02:17:57',NULL),('Database\\Migrations\\Model\\Version20230904190156','2023-09-07 02:18:07',NULL),('Database\\Migrations\\Model\\Version20230904192852','2023-09-07 02:18:18',NULL),('Database\\Migrations\\Model\\Version20230907213136','2023-09-08 12:20:49',NULL),('Database\\Migrations\\Model\\Version20230908134957','2023-09-19 18:45:27',NULL),('Database\\Migrations\\Model\\Version20230922155342','2023-09-26 14:43:42',NULL),('Database\\Migrations\\Model\\Version20230922155822','2023-09-26 14:43:42',NULL),('Database\\Migrations\\Model\\Version20231016203049','2023-10-17 01:28:44',NULL),('Database\\Migrations\\Model\\Version20231018164324','2023-11-13 21:02:27',NULL),('Database\\Migrations\\Model\\Version20231023172308','2023-11-13 21:02:38',NULL),('Database\\Migrations\\Model\\Version20231023174330','2023-11-13 21:02:48',NULL),('Database\\Migrations\\Model\\Version20231025125509','2023-11-13 21:02:58',NULL),('Database\\Migrations\\Model\\Version20231030120252','2023-11-13 21:02:58',NULL),('Database\\Migrations\\Model\\Version20231107120802','2023-11-13 21:03:08',NULL),('Database\\Migrations\\Model\\Version20231120134733','2024-01-26 20:19:22',NULL),('Database\\Migrations\\Model\\Version20231120151035','2024-01-26 20:19:35',NULL),('Database\\Migrations\\Model\\Version20231120163931','2024-01-26 20:19:45',NULL),('Database\\Migrations\\Model\\Version20231204203518','2023-12-11 18:36:35',NULL),('Database\\Migrations\\Model\\Version20231208171355','2024-01-26 20:19:55',NULL),('Database\\Migrations\\Model\\Version20231208171852','2024-01-26 20:20:06',NULL),('Database\\Migrations\\Model\\Version20231208172204','2024-01-26 20:20:17',NULL),('Database\\Migrations\\Model\\Version20231215172115','2023-12-18 14:11:56',NULL),('Database\\Migrations\\Model\\Version20240201160515','2024-04-11 16:51:23',NULL),('Database\\Migrations\\Model\\Version20240201161826','2024-04-11 16:51:27',NULL),('Database\\Migrations\\Model\\Version20240201171103','2024-04-11 16:51:27',NULL),('Database\\Migrations\\Model\\Version20240205201840','2024-02-19 15:26:40',NULL),('Database\\Migrations\\Model\\Version20240205201841','2024-02-19 15:26:51',NULL),('Database\\Migrations\\Model\\Version20240212151434','2024-04-11 16:51:27',NULL),('Database\\Migrations\\Model\\Version20240219144524','2024-04-11 16:51:32',NULL),('Database\\Migrations\\Model\\Version20240219151607','2024-04-11 16:51:32',NULL),('Database\\Migrations\\Model\\Version20240226155302','2024-04-11 16:51:36',NULL),('Database\\Migrations\\Model\\Version20240226155306','2024-04-11 16:51:36',NULL),('Database\\Migrations\\Model\\Version20240226193210','2024-04-11 16:51:41',NULL),('Database\\Migrations\\Model\\Version20240307151358','2024-04-11 16:51:45',NULL),('Database\\Migrations\\Model\\Version20240307151359','2024-04-11 16:51:50',NULL),('Database\\Migrations\\Model\\Version20240307151400','2024-04-11 16:51:55',NULL),('Database\\Migrations\\Model\\Version20240307161027','2024-04-11 16:51:55',NULL),('Database\\Migrations\\Model\\Version20240313213530','2024-04-11 16:51:55',NULL),('Database\\Migrations\\Model\\Version20240313213918','2024-04-11 16:51:56',NULL),('Database\\Migrations\\Model\\Version20240319123214','2024-04-11 16:52:02',NULL),('Database\\Migrations\\Model\\Version20240320151845','2024-04-11 16:52:02',NULL),('Database\\Migrations\\Model\\Version20240326133631','2024-04-11 16:52:06',NULL),('Database\\Migrations\\Model\\Version20240326133636','2024-04-11 16:52:06',NULL),('Database\\Migrations\\Model\\Version20240410135620','2024-04-11 16:52:06',NULL),('Database\\Migrations\\Model\\Version20240419161537','2024-06-21 09:36:37',4535),('Database\\Migrations\\Model\\Version20240430154607','2024-06-21 09:36:41',5),('Database\\Migrations\\Model\\Version20240430155241','2024-06-21 09:36:41',20),('Database\\Migrations\\Model\\Version20240513153432','2024-06-21 09:36:41',4539),('Database\\Migrations\\Model\\Version20240513155541','2024-06-21 09:36:46',4623),('Database\\Migrations\\Model\\Version20240514115129','2024-06-21 09:36:51',6296),('Database\\Migrations\\Model\\Version20240514134802','2024-06-21 09:36:57',6321),('Database\\Migrations\\Model\\Version20240531145157','2024-06-21 09:37:03',0);
/*!40000 ALTER TABLE `DoctrineMigration` ENABLE KEYS */;
UNLOCK TABLES;

--
-- Table structure for table `Driver`
--

DROP TABLE IF EXISTS `Driver`;
/*!40101 SET @saved_cs_client     = @@character_set_client */;
/*!50503 SET character_set_client = utf8mb4 */;
CREATE TABLE `Driver` (
  `ID` int NOT NULL AUTO_INCREMENT,
  `ClassName` enum('Driver') CHARACTER SET utf8mb3 COLLATE utf8mb3_general_ci DEFAULT 'Driver',
  `LastEdited` datetime DEFAULT NULL,
  `Created` datetime DEFAULT NULL,
  `Name` varchar(255) CHARACTER SET utf8mb3 COLLATE utf8mb3_general_ci DEFAULT NULL,
  `Description` mediumtext CHARACTER SET utf8mb3 COLLATE utf8mb3_general_ci,
  `Project` varchar(255) CHARACTER SET utf8mb3 COLLATE utf8mb3_general_ci DEFAULT NULL,
  `Vendor` varchar(255) CHARACTER SET utf8mb3 COLLATE utf8mb3_general_ci DEFAULT NULL,
  `Url` varchar(255) CHARACTER SET utf8mb3 COLLATE utf8mb3_general_ci DEFAULT NULL,
  `Tested` tinyint unsigned NOT NULL DEFAULT '0',
  `Active` tinyint unsigned NOT NULL DEFAULT '0',
  PRIMARY KEY (`ID`),
  UNIQUE KEY `Name_Project` (`Name`,`Project`,`Vendor`),
  KEY `ClassName` (`ClassName`)
) ENGINE=InnoDB DEFAULT CHARSET=latin1;
/*!40101 SET character_set_client = @saved_cs_client */;

--
-- Dumping data for table `Driver`
--

LOCK TABLES `Driver` WRITE;
/*!40000 ALTER TABLE `Driver` DISABLE KEYS */;
/*!40000 ALTER TABLE `Driver` ENABLE KEYS */;
UNLOCK TABLES;

--
-- Table structure for table `DriverRelease`
--

DROP TABLE IF EXISTS `DriverRelease`;
/*!40101 SET @saved_cs_client     = @@character_set_client */;
/*!50503 SET character_set_client = utf8mb4 */;
CREATE TABLE `DriverRelease` (
  `ID` int NOT NULL AUTO_INCREMENT,
  `ClassName` enum('DriverRelease') CHARACTER SET utf8mb3 COLLATE utf8mb3_general_ci DEFAULT 'DriverRelease',
  `LastEdited` datetime DEFAULT NULL,
  `Created` datetime DEFAULT NULL,
  `Name` varchar(255) CHARACTER SET utf8mb3 COLLATE utf8mb3_general_ci DEFAULT NULL,
  `Url` varchar(255) CHARACTER SET utf8mb3 COLLATE utf8mb3_general_ci DEFAULT NULL,
  `Start` datetime DEFAULT NULL,
  `Active` tinyint unsigned NOT NULL DEFAULT '0',
  PRIMARY KEY (`ID`),
  UNIQUE KEY `Name` (`Name`),
  KEY `ClassName` (`ClassName`)
) ENGINE=InnoDB DEFAULT CHARSET=latin1;
/*!40101 SET character_set_client = @saved_cs_client */;

--
-- Dumping data for table `DriverRelease`
--

LOCK TABLES `DriverRelease` WRITE;
/*!40000 ALTER TABLE `DriverRelease` DISABLE KEYS */;
/*!40000 ALTER TABLE `DriverRelease` ENABLE KEYS */;
UNLOCK TABLES;

--
-- Table structure for table `Driver_Releases`
--

DROP TABLE IF EXISTS `Driver_Releases`;
/*!40101 SET @saved_cs_client     = @@character_set_client */;
/*!50503 SET character_set_client = utf8mb4 */;
CREATE TABLE `Driver_Releases` (
  `ID` int NOT NULL AUTO_INCREMENT,
  `DriverID` int NOT NULL DEFAULT '0',
  `DriverReleaseID` int NOT NULL DEFAULT '0',
  PRIMARY KEY (`ID`),
  KEY `DriverID` (`DriverID`),
  KEY `DriverReleaseID` (`DriverReleaseID`)
) ENGINE=InnoDB DEFAULT CHARSET=latin1;
/*!40101 SET character_set_client = @saved_cs_client */;

--
-- Dumping data for table `Driver_Releases`
--

LOCK TABLES `Driver_Releases` WRITE;
/*!40000 ALTER TABLE `Driver_Releases` DISABLE KEYS */;
/*!40000 ALTER TABLE `Driver_Releases` ENABLE KEYS */;
UNLOCK TABLES;

--
-- Table structure for table `DupeMemberActionRequest`
--

DROP TABLE IF EXISTS `DupeMemberActionRequest`;
/*!40101 SET @saved_cs_client     = @@character_set_client */;
/*!50503 SET character_set_client = utf8mb4 */;
CREATE TABLE `DupeMemberActionRequest` (
  `ID` int NOT NULL AUTO_INCREMENT,
  `ClassName` enum('DupeMemberActionRequest','DupeMemberDeleteRequest','DupeMemberMergeRequest') CHARACTER SET utf8mb3 COLLATE utf8mb3_general_ci DEFAULT 'DupeMemberActionRequest',
  `LastEdited` datetime DEFAULT NULL,
  `Created` datetime DEFAULT NULL,
  `ConfirmationHash` mediumtext CHARACTER SET utf8mb3 COLLATE utf8mb3_general_ci,
  `IsConfirmed` tinyint unsigned NOT NULL DEFAULT '0',
  `ConfirmationDate` datetime DEFAULT NULL,
  `IsRevoked` tinyint unsigned NOT NULL DEFAULT '0',
  `DupeAccountID` int DEFAULT NULL,
  `PrimaryAccountID` int DEFAULT NULL,
  PRIMARY KEY (`ID`),
  KEY `ClassName` (`ClassName`),
  KEY `DupeAccountID` (`DupeAccountID`),
  KEY `PrimaryAccountID` (`PrimaryAccountID`)
) ENGINE=InnoDB DEFAULT CHARSET=latin1;
/*!40101 SET character_set_client = @saved_cs_client */;

--
-- Dumping data for table `DupeMemberActionRequest`
--

LOCK TABLES `DupeMemberActionRequest` WRITE;
/*!40000 ALTER TABLE `DupeMemberActionRequest` DISABLE KEYS */;
/*!40000 ALTER TABLE `DupeMemberActionRequest` ENABLE KEYS */;
UNLOCK TABLES;

--
-- Table structure for table `Election`
--

DROP TABLE IF EXISTS `Election`;
/*!40101 SET @saved_cs_client     = @@character_set_client */;
/*!50503 SET character_set_client = utf8mb4 */;
CREATE TABLE `Election` (
  `ID` int NOT NULL AUTO_INCREMENT,
  `ClassName` enum('Election') CHARACTER SET utf8mb3 COLLATE utf8mb3_general_ci DEFAULT 'Election',
  `LastEdited` datetime DEFAULT NULL,
  `Created` datetime DEFAULT NULL,
  `Name` varchar(50) CHARACTER SET utf8mb3 COLLATE utf8mb3_general_ci DEFAULT NULL,
  `NominationsOpen` datetime DEFAULT NULL,
  `NominationsClose` datetime DEFAULT NULL,
  `NominationAppDeadline` datetime DEFAULT NULL,
  `ElectionsOpen` datetime DEFAULT NULL,
  `ElectionsClose` datetime DEFAULT NULL,
  `TimeZoneIdentifier` varchar(255) CHARACTER SET utf8mb3 COLLATE utf8mb3_general_ci DEFAULT NULL,
  `VoterFileID` int DEFAULT NULL,
  `CandidateApplicationFormRelationshipToOpenStackLabel` varchar(255) DEFAULT 'What is your relationship to OpenStack, and why is its success important to you? What would you say is your biggest contribution to OpenStack''s success to date?',
  `CandidateApplicationFormExperienceLabel` varchar(255) DEFAULT 'Describe your experience with other non profits or serving as a board member. How does your experience prepare you for the role of a board member?',
  `CandidateApplicationFormBoardsRoleLabel` varchar(255) DEFAULT 'What do you see as the Board''s role in OpenStack''s success?',
  `CandidateApplicationFormTopPriorityLabel` varchar(255) DEFAULT 'What do you think the top priority of the Board should be over the next year?',
  PRIMARY KEY (`ID`),
  KEY `ClassName` (`ClassName`),
  KEY `VoterFileID` (`VoterFileID`)
) ENGINE=InnoDB DEFAULT CHARSET=latin1;
/*!40101 SET character_set_client = @saved_cs_client */;

--
-- Dumping data for table `Election`
--

LOCK TABLES `Election` WRITE;
/*!40000 ALTER TABLE `Election` DISABLE KEYS */;
/*!40000 ALTER TABLE `Election` ENABLE KEYS */;
UNLOCK TABLES;

--
-- Table structure for table `ElectionPage`
--

DROP TABLE IF EXISTS `ElectionPage`;
/*!40101 SET @saved_cs_client     = @@character_set_client */;
/*!50503 SET character_set_client = utf8mb4 */;
CREATE TABLE `ElectionPage` (
  `ID` int NOT NULL AUTO_INCREMENT,
  `CandidateApplicationFormBioLabel` mediumtext CHARACTER SET utf8mb3 COLLATE utf8mb3_general_ci,
  `CandidateApplicationFormRelationshipToOpenStackLabel` mediumtext CHARACTER SET utf8mb3 COLLATE utf8mb3_general_ci,
  `CandidateApplicationFormExperienceLabel` mediumtext CHARACTER SET utf8mb3 COLLATE utf8mb3_general_ci,
  `CandidateApplicationFormBoardsRoleLabel` mediumtext CHARACTER SET utf8mb3 COLLATE utf8mb3_general_ci,
  `CandidateApplicationFormTopPriorityLabel` mediumtext CHARACTER SET utf8mb3 COLLATE utf8mb3_general_ci,
  `CurrentElectionID` int DEFAULT NULL,
  PRIMARY KEY (`ID`),
  KEY `CurrentElectionID` (`CurrentElectionID`)
) ENGINE=InnoDB DEFAULT CHARSET=latin1;
/*!40101 SET character_set_client = @saved_cs_client */;

--
-- Dumping data for table `ElectionPage`
--

LOCK TABLES `ElectionPage` WRITE;
/*!40000 ALTER TABLE `ElectionPage` DISABLE KEYS */;
/*!40000 ALTER TABLE `ElectionPage` ENABLE KEYS */;
UNLOCK TABLES;

--
-- Table structure for table `ElectionPage_Live`
--

DROP TABLE IF EXISTS `ElectionPage_Live`;
/*!40101 SET @saved_cs_client     = @@character_set_client */;
/*!50503 SET character_set_client = utf8mb4 */;
CREATE TABLE `ElectionPage_Live` (
  `ID` int NOT NULL AUTO_INCREMENT,
  `CandidateApplicationFormBioLabel` mediumtext CHARACTER SET utf8mb3 COLLATE utf8mb3_general_ci,
  `CandidateApplicationFormRelationshipToOpenStackLabel` mediumtext CHARACTER SET utf8mb3 COLLATE utf8mb3_general_ci,
  `CandidateApplicationFormExperienceLabel` mediumtext CHARACTER SET utf8mb3 COLLATE utf8mb3_general_ci,
  `CandidateApplicationFormBoardsRoleLabel` mediumtext CHARACTER SET utf8mb3 COLLATE utf8mb3_general_ci,
  `CandidateApplicationFormTopPriorityLabel` mediumtext CHARACTER SET utf8mb3 COLLATE utf8mb3_general_ci,
  `CurrentElectionID` int DEFAULT NULL,
  PRIMARY KEY (`ID`),
  KEY `CurrentElectionID` (`CurrentElectionID`)
) ENGINE=InnoDB DEFAULT CHARSET=latin1;
/*!40101 SET character_set_client = @saved_cs_client */;

--
-- Dumping data for table `ElectionPage_Live`
--

LOCK TABLES `ElectionPage_Live` WRITE;
/*!40000 ALTER TABLE `ElectionPage_Live` DISABLE KEYS */;
/*!40000 ALTER TABLE `ElectionPage_Live` ENABLE KEYS */;
UNLOCK TABLES;

--
-- Table structure for table `ElectionPage_versions`
--

DROP TABLE IF EXISTS `ElectionPage_versions`;
/*!40101 SET @saved_cs_client     = @@character_set_client */;
/*!50503 SET character_set_client = utf8mb4 */;
CREATE TABLE `ElectionPage_versions` (
  `ID` int NOT NULL AUTO_INCREMENT,
  `RecordID` int NOT NULL DEFAULT '0',
  `Version` int NOT NULL DEFAULT '0',
  `CandidateApplicationFormBioLabel` mediumtext CHARACTER SET utf8mb3 COLLATE utf8mb3_general_ci,
  `CandidateApplicationFormRelationshipToOpenStackLabel` mediumtext CHARACTER SET utf8mb3 COLLATE utf8mb3_general_ci,
  `CandidateApplicationFormExperienceLabel` mediumtext CHARACTER SET utf8mb3 COLLATE utf8mb3_general_ci,
  `CandidateApplicationFormBoardsRoleLabel` mediumtext CHARACTER SET utf8mb3 COLLATE utf8mb3_general_ci,
  `CandidateApplicationFormTopPriorityLabel` mediumtext CHARACTER SET utf8mb3 COLLATE utf8mb3_general_ci,
  `CurrentElectionID` int DEFAULT NULL,
  PRIMARY KEY (`ID`),
  UNIQUE KEY `RecordID_Version` (`RecordID`,`Version`),
  KEY `CurrentElectionID` (`CurrentElectionID`),
  KEY `RecordID` (`RecordID`),
  KEY `Version` (`Version`)
) ENGINE=InnoDB DEFAULT CHARSET=latin1;
/*!40101 SET character_set_client = @saved_cs_client */;

--
-- Dumping data for table `ElectionPage_versions`
--

LOCK TABLES `ElectionPage_versions` WRITE;
/*!40000 ALTER TABLE `ElectionPage_versions` DISABLE KEYS */;
/*!40000 ALTER TABLE `ElectionPage_versions` ENABLE KEYS */;
UNLOCK TABLES;

--
-- Table structure for table `ElectionVote`
--

DROP TABLE IF EXISTS `ElectionVote`;
/*!40101 SET @saved_cs_client     = @@character_set_client */;
/*!50503 SET character_set_client = utf8mb4 */;
CREATE TABLE `ElectionVote` (
  `ID` int NOT NULL AUTO_INCREMENT,
  `ClassName` enum('ElectionVote') CHARACTER SET utf8mb3 COLLATE utf8mb3_general_ci DEFAULT 'ElectionVote',
  `LastEdited` datetime DEFAULT NULL,
  `Created` datetime DEFAULT NULL,
  `VoterID` int DEFAULT NULL,
  `ElectionID` int DEFAULT NULL,
  PRIMARY KEY (`ID`),
  KEY `ClassName` (`ClassName`),
  KEY `ElectionID` (`ElectionID`),
  KEY `VoterID` (`VoterID`)
) ENGINE=InnoDB DEFAULT CHARSET=latin1;
/*!40101 SET character_set_client = @saved_cs_client */;

--
-- Dumping data for table `ElectionVote`
--

LOCK TABLES `ElectionVote` WRITE;
/*!40000 ALTER TABLE `ElectionVote` DISABLE KEYS */;
/*!40000 ALTER TABLE `ElectionVote` ENABLE KEYS */;
UNLOCK TABLES;

--
-- Table structure for table `ElectionVoterFile`
--

DROP TABLE IF EXISTS `ElectionVoterFile`;
/*!40101 SET @saved_cs_client     = @@character_set_client */;
/*!50503 SET character_set_client = utf8mb4 */;
CREATE TABLE `ElectionVoterFile` (
  `ID` int NOT NULL AUTO_INCREMENT,
  `ClassName` enum('ElectionVoterFile') CHARACTER SET utf8mb3 COLLATE utf8mb3_general_ci DEFAULT 'ElectionVoterFile',
  `LastEdited` datetime DEFAULT NULL,
  `Created` datetime DEFAULT NULL,
  `FileName` varchar(255) CHARACTER SET utf8mb3 COLLATE utf8mb3_general_ci DEFAULT NULL,
  PRIMARY KEY (`ID`),
  UNIQUE KEY `FileName` (`FileName`),
  KEY `ClassName` (`ClassName`)
) ENGINE=InnoDB DEFAULT CHARSET=latin1;
/*!40101 SET character_set_client = @saved_cs_client */;

--
-- Dumping data for table `ElectionVoterFile`
--

LOCK TABLES `ElectionVoterFile` WRITE;
/*!40000 ALTER TABLE `ElectionVoterFile` DISABLE KEYS */;
/*!40000 ALTER TABLE `ElectionVoterFile` ENABLE KEYS */;
UNLOCK TABLES;

--
-- Table structure for table `ElectionVoterPage`
--

DROP TABLE IF EXISTS `ElectionVoterPage`;
/*!40101 SET @saved_cs_client     = @@character_set_client */;
/*!50503 SET character_set_client = utf8mb4 */;
CREATE TABLE `ElectionVoterPage` (
  `ID` int NOT NULL AUTO_INCREMENT,
  `MustBeMemberBy` date DEFAULT NULL,
  PRIMARY KEY (`ID`)
) ENGINE=InnoDB DEFAULT CHARSET=latin1;
/*!40101 SET character_set_client = @saved_cs_client */;

--
-- Dumping data for table `ElectionVoterPage`
--

LOCK TABLES `ElectionVoterPage` WRITE;
/*!40000 ALTER TABLE `ElectionVoterPage` DISABLE KEYS */;
/*!40000 ALTER TABLE `ElectionVoterPage` ENABLE KEYS */;
UNLOCK TABLES;

--
-- Table structure for table `ElectionVoterPage_Live`
--

DROP TABLE IF EXISTS `ElectionVoterPage_Live`;
/*!40101 SET @saved_cs_client     = @@character_set_client */;
/*!50503 SET character_set_client = utf8mb4 */;
CREATE TABLE `ElectionVoterPage_Live` (
  `ID` int NOT NULL AUTO_INCREMENT,
  `MustBeMemberBy` date DEFAULT NULL,
  PRIMARY KEY (`ID`)
) ENGINE=InnoDB DEFAULT CHARSET=latin1;
/*!40101 SET character_set_client = @saved_cs_client */;

--
-- Dumping data for table `ElectionVoterPage_Live`
--

LOCK TABLES `ElectionVoterPage_Live` WRITE;
/*!40000 ALTER TABLE `ElectionVoterPage_Live` DISABLE KEYS */;
/*!40000 ALTER TABLE `ElectionVoterPage_Live` ENABLE KEYS */;
UNLOCK TABLES;

--
-- Table structure for table `ElectionVoterPage_versions`
--

DROP TABLE IF EXISTS `ElectionVoterPage_versions`;
/*!40101 SET @saved_cs_client     = @@character_set_client */;
/*!50503 SET character_set_client = utf8mb4 */;
CREATE TABLE `ElectionVoterPage_versions` (
  `ID` int NOT NULL AUTO_INCREMENT,
  `RecordID` int NOT NULL DEFAULT '0',
  `Version` int NOT NULL DEFAULT '0',
  `MustBeMemberBy` date DEFAULT NULL,
  PRIMARY KEY (`ID`),
  UNIQUE KEY `RecordID_Version` (`RecordID`,`Version`),
  KEY `RecordID` (`RecordID`),
  KEY `Version` (`Version`)
) ENGINE=InnoDB DEFAULT CHARSET=latin1;
/*!40101 SET character_set_client = @saved_cs_client */;

--
-- Dumping data for table `ElectionVoterPage_versions`
--

LOCK TABLES `ElectionVoterPage_versions` WRITE;
/*!40000 ALTER TABLE `ElectionVoterPage_versions` DISABLE KEYS */;
/*!40000 ALTER TABLE `ElectionVoterPage_versions` ENABLE KEYS */;
UNLOCK TABLES;

--
-- Table structure for table `EmailCreationRequest`
--

DROP TABLE IF EXISTS `EmailCreationRequest`;
/*!40101 SET @saved_cs_client     = @@character_set_client */;
/*!50503 SET character_set_client = utf8mb4 */;
CREATE TABLE `EmailCreationRequest` (
  `ID` int NOT NULL AUTO_INCREMENT,
  `ClassName` enum('EmailCreationRequest','CalendarSyncErrorEmailRequest','MemberPromoCodeEmailCreationRequest','PresentationCreatorNotificationEmailRequest','PresentationSpeakerNotificationEmailRequest','SpeakerCreationEmailCreationRequest','SpeakerSelectionAnnouncementEmailCreationRequest') CHARACTER SET utf8mb3 COLLATE utf8mb3_general_ci DEFAULT 'EmailCreationRequest',
  `LastEdited` datetime DEFAULT NULL,
  `Created` datetime DEFAULT NULL,
  `TemplateName` varchar(100) CHARACTER SET utf8mb3 COLLATE utf8mb3_general_ci DEFAULT NULL,
  `Processed` tinyint unsigned NOT NULL DEFAULT '0',
  `ProcessedDate` datetime DEFAULT NULL,
  PRIMARY KEY (`ID`),
  KEY `ClassName` (`ClassName`)
) ENGINE=InnoDB DEFAULT CHARSET=latin1;
/*!40101 SET character_set_client = @saved_cs_client */;

--
-- Dumping data for table `EmailCreationRequest`
--

LOCK TABLES `EmailCreationRequest` WRITE;
/*!40000 ALTER TABLE `EmailCreationRequest` DISABLE KEYS */;
/*!40000 ALTER TABLE `EmailCreationRequest` ENABLE KEYS */;
UNLOCK TABLES;

--
-- Table structure for table `EntitySurvey`
--

DROP TABLE IF EXISTS `EntitySurvey`;
/*!40101 SET @saved_cs_client     = @@character_set_client */;
/*!50503 SET character_set_client = utf8mb4 */;
CREATE TABLE `EntitySurvey` (
  `ID` int NOT NULL AUTO_INCREMENT,
  `TemplateID` int DEFAULT NULL,
  `ParentID` int DEFAULT NULL,
  `OwnerID` int DEFAULT NULL,
  `EditedByID` int DEFAULT NULL,
  PRIMARY KEY (`ID`),
  KEY `EditedByID` (`EditedByID`),
  KEY `OwnerID` (`OwnerID`),
  KEY `ParentID` (`ParentID`),
  KEY `TemplateID` (`TemplateID`)
) ENGINE=InnoDB DEFAULT CHARSET=latin1;
/*!40101 SET character_set_client = @saved_cs_client */;

--
-- Dumping data for table `EntitySurvey`
--

LOCK TABLES `EntitySurvey` WRITE;
/*!40000 ALTER TABLE `EntitySurvey` DISABLE KEYS */;
/*!40000 ALTER TABLE `EntitySurvey` ENABLE KEYS */;
UNLOCK TABLES;

--
-- Table structure for table `EntitySurveyTemplate`
--

DROP TABLE IF EXISTS `EntitySurveyTemplate`;
/*!40101 SET @saved_cs_client     = @@character_set_client */;
/*!50503 SET character_set_client = utf8mb4 */;
CREATE TABLE `EntitySurveyTemplate` (
  `ID` int NOT NULL AUTO_INCREMENT,
  `EntityName` varchar(255) CHARACTER SET utf8mb3 COLLATE utf8mb3_general_ci DEFAULT NULL,
  `UseTeamEdition` tinyint unsigned NOT NULL DEFAULT '0',
  `ParentID` int DEFAULT NULL,
  `OwnerID` int DEFAULT NULL,
  PRIMARY KEY (`ID`),
  UNIQUE KEY `ParentID_EntityName` (`ParentID`,`EntityName`),
  KEY `OwnerID` (`OwnerID`),
  KEY `ParentID` (`ParentID`)
) ENGINE=InnoDB DEFAULT CHARSET=latin1;
/*!40101 SET character_set_client = @saved_cs_client */;

--
-- Dumping data for table `EntitySurveyTemplate`
--

LOCK TABLES `EntitySurveyTemplate` WRITE;
/*!40000 ALTER TABLE `EntitySurveyTemplate` DISABLE KEYS */;
/*!40000 ALTER TABLE `EntitySurveyTemplate` ENABLE KEYS */;
UNLOCK TABLES;

--
-- Table structure for table `EntitySurvey_EditorTeam`
--

DROP TABLE IF EXISTS `EntitySurvey_EditorTeam`;
/*!40101 SET @saved_cs_client     = @@character_set_client */;
/*!50503 SET character_set_client = utf8mb4 */;
CREATE TABLE `EntitySurvey_EditorTeam` (
  `ID` int NOT NULL AUTO_INCREMENT,
  `EntitySurveyID` int NOT NULL DEFAULT '0',
  `MemberID` int NOT NULL DEFAULT '0',
  `EntitySurveyTeamMemberMailed` tinyint unsigned NOT NULL DEFAULT '0',
  PRIMARY KEY (`ID`),
  KEY `EntitySurveyID` (`EntitySurveyID`),
  KEY `MemberID` (`MemberID`)
) ENGINE=InnoDB DEFAULT CHARSET=latin1;
/*!40101 SET character_set_client = @saved_cs_client */;

--
-- Dumping data for table `EntitySurvey_EditorTeam`
--

LOCK TABLES `EntitySurvey_EditorTeam` WRITE;
/*!40000 ALTER TABLE `EntitySurvey_EditorTeam` DISABLE KEYS */;
/*!40000 ALTER TABLE `EntitySurvey_EditorTeam` ENABLE KEYS */;
UNLOCK TABLES;

--
-- Table structure for table `ErrorPage`
--

DROP TABLE IF EXISTS `ErrorPage`;
/*!40101 SET @saved_cs_client     = @@character_set_client */;
/*!50503 SET character_set_client = utf8mb4 */;
CREATE TABLE `ErrorPage` (
  `ID` int NOT NULL AUTO_INCREMENT,
  `ErrorCode` int NOT NULL DEFAULT '0',
  PRIMARY KEY (`ID`)
) ENGINE=InnoDB DEFAULT CHARSET=latin1;
/*!40101 SET character_set_client = @saved_cs_client */;

--
-- Dumping data for table `ErrorPage`
--

LOCK TABLES `ErrorPage` WRITE;
/*!40000 ALTER TABLE `ErrorPage` DISABLE KEYS */;
/*!40000 ALTER TABLE `ErrorPage` ENABLE KEYS */;
UNLOCK TABLES;

--
-- Table structure for table `ErrorPage_Live`
--

DROP TABLE IF EXISTS `ErrorPage_Live`;
/*!40101 SET @saved_cs_client     = @@character_set_client */;
/*!50503 SET character_set_client = utf8mb4 */;
CREATE TABLE `ErrorPage_Live` (
  `ID` int NOT NULL AUTO_INCREMENT,
  `ErrorCode` int NOT NULL DEFAULT '0',
  PRIMARY KEY (`ID`)
) ENGINE=InnoDB DEFAULT CHARSET=latin1;
/*!40101 SET character_set_client = @saved_cs_client */;

--
-- Dumping data for table `ErrorPage_Live`
--

LOCK TABLES `ErrorPage_Live` WRITE;
/*!40000 ALTER TABLE `ErrorPage_Live` DISABLE KEYS */;
/*!40000 ALTER TABLE `ErrorPage_Live` ENABLE KEYS */;
UNLOCK TABLES;

--
-- Table structure for table `ErrorPage_versions`
--

DROP TABLE IF EXISTS `ErrorPage_versions`;
/*!40101 SET @saved_cs_client     = @@character_set_client */;
/*!50503 SET character_set_client = utf8mb4 */;
CREATE TABLE `ErrorPage_versions` (
  `ID` int NOT NULL AUTO_INCREMENT,
  `RecordID` int NOT NULL DEFAULT '0',
  `Version` int NOT NULL DEFAULT '0',
  `ErrorCode` int NOT NULL DEFAULT '0',
  PRIMARY KEY (`ID`),
  UNIQUE KEY `RecordID_Version` (`RecordID`,`Version`),
  KEY `RecordID` (`RecordID`),
  KEY `Version` (`Version`)
) ENGINE=InnoDB DEFAULT CHARSET=latin1;
/*!40101 SET character_set_client = @saved_cs_client */;

--
-- Dumping data for table `ErrorPage_versions`
--

LOCK TABLES `ErrorPage_versions` WRITE;
/*!40000 ALTER TABLE `ErrorPage_versions` DISABLE KEYS */;
/*!40000 ALTER TABLE `ErrorPage_versions` ENABLE KEYS */;
UNLOCK TABLES;

--
-- Table structure for table `EventAlertEmail`
--

DROP TABLE IF EXISTS `EventAlertEmail`;
/*!40101 SET @saved_cs_client     = @@character_set_client */;
/*!50503 SET character_set_client = utf8mb4 */;
CREATE TABLE `EventAlertEmail` (
  `ID` int NOT NULL AUTO_INCREMENT,
  `ClassName` enum('EventAlertEmail') CHARACTER SET utf8mb3 COLLATE utf8mb3_general_ci DEFAULT 'EventAlertEmail',
  `LastEdited` datetime DEFAULT NULL,
  `Created` datetime DEFAULT NULL,
  `LastEventRegistrationRequestID` int DEFAULT NULL,
  PRIMARY KEY (`ID`),
  KEY `ClassName` (`ClassName`),
  KEY `LastEventRegistrationRequestID` (`LastEventRegistrationRequestID`)
) ENGINE=InnoDB DEFAULT CHARSET=latin1;
/*!40101 SET character_set_client = @saved_cs_client */;

--
-- Dumping data for table `EventAlertEmail`
--

LOCK TABLES `EventAlertEmail` WRITE;
/*!40000 ALTER TABLE `EventAlertEmail` DISABLE KEYS */;
/*!40000 ALTER TABLE `EventAlertEmail` ENABLE KEYS */;
UNLOCK TABLES;

--
-- Table structure for table `EventHolder`
--

DROP TABLE IF EXISTS `EventHolder`;
/*!40101 SET @saved_cs_client     = @@character_set_client */;
/*!50503 SET character_set_client = utf8mb4 */;
CREATE TABLE `EventHolder` (
  `ID` int NOT NULL AUTO_INCREMENT,
  `BannerLink` varchar(255) CHARACTER SET utf8mb3 COLLATE utf8mb3_general_ci DEFAULT NULL,
  `HomePageBannerLink` varchar(255) CHARACTER SET utf8mb3 COLLATE utf8mb3_general_ci DEFAULT NULL,
  `BannerID` int DEFAULT NULL,
  `HomePageBannerID` int DEFAULT NULL,
  PRIMARY KEY (`ID`),
  KEY `BannerID` (`BannerID`),
  KEY `HomePageBannerID` (`HomePageBannerID`)
) ENGINE=InnoDB DEFAULT CHARSET=latin1;
/*!40101 SET character_set_client = @saved_cs_client */;

--
-- Dumping data for table `EventHolder`
--

LOCK TABLES `EventHolder` WRITE;
/*!40000 ALTER TABLE `EventHolder` DISABLE KEYS */;
/*!40000 ALTER TABLE `EventHolder` ENABLE KEYS */;
UNLOCK TABLES;

--
-- Table structure for table `EventHolder_Live`
--

DROP TABLE IF EXISTS `EventHolder_Live`;
/*!40101 SET @saved_cs_client     = @@character_set_client */;
/*!50503 SET character_set_client = utf8mb4 */;
CREATE TABLE `EventHolder_Live` (
  `ID` int NOT NULL AUTO_INCREMENT,
  `BannerLink` varchar(255) CHARACTER SET utf8mb3 COLLATE utf8mb3_general_ci DEFAULT NULL,
  `HomePageBannerLink` varchar(255) CHARACTER SET utf8mb3 COLLATE utf8mb3_general_ci DEFAULT NULL,
  `BannerID` int DEFAULT NULL,
  `HomePageBannerID` int DEFAULT NULL,
  PRIMARY KEY (`ID`),
  KEY `BannerID` (`BannerID`),
  KEY `HomePageBannerID` (`HomePageBannerID`)
) ENGINE=InnoDB DEFAULT CHARSET=latin1;
/*!40101 SET character_set_client = @saved_cs_client */;

--
-- Dumping data for table `EventHolder_Live`
--

LOCK TABLES `EventHolder_Live` WRITE;
/*!40000 ALTER TABLE `EventHolder_Live` DISABLE KEYS */;
/*!40000 ALTER TABLE `EventHolder_Live` ENABLE KEYS */;
UNLOCK TABLES;

--
-- Table structure for table `EventHolder_versions`
--

DROP TABLE IF EXISTS `EventHolder_versions`;
/*!40101 SET @saved_cs_client     = @@character_set_client */;
/*!50503 SET character_set_client = utf8mb4 */;
CREATE TABLE `EventHolder_versions` (
  `ID` int NOT NULL AUTO_INCREMENT,
  `RecordID` int NOT NULL DEFAULT '0',
  `Version` int NOT NULL DEFAULT '0',
  `BannerLink` varchar(255) CHARACTER SET utf8mb3 COLLATE utf8mb3_general_ci DEFAULT NULL,
  `HomePageBannerLink` varchar(255) CHARACTER SET utf8mb3 COLLATE utf8mb3_general_ci DEFAULT NULL,
  `BannerID` int DEFAULT NULL,
  `HomePageBannerID` int DEFAULT NULL,
  PRIMARY KEY (`ID`),
  UNIQUE KEY `RecordID_Version` (`RecordID`,`Version`),
  KEY `BannerID` (`BannerID`),
  KEY `HomePageBannerID` (`HomePageBannerID`),
  KEY `RecordID` (`RecordID`),
  KEY `Version` (`Version`)
) ENGINE=InnoDB DEFAULT CHARSET=latin1;
/*!40101 SET character_set_client = @saved_cs_client */;

--
-- Dumping data for table `EventHolder_versions`
--

LOCK TABLES `EventHolder_versions` WRITE;
/*!40000 ALTER TABLE `EventHolder_versions` DISABLE KEYS */;
/*!40000 ALTER TABLE `EventHolder_versions` ENABLE KEYS */;
UNLOCK TABLES;

--
-- Table structure for table `EventPage`
--

DROP TABLE IF EXISTS `EventPage`;
/*!40101 SET @saved_cs_client     = @@character_set_client */;
/*!50503 SET character_set_client = utf8mb4 */;
CREATE TABLE `EventPage` (
  `ID` int NOT NULL AUTO_INCREMENT,
  `ClassName` enum('EventPage') CHARACTER SET utf8mb3 COLLATE utf8mb3_general_ci DEFAULT 'EventPage',
  `LastEdited` datetime DEFAULT NULL,
  `Created` datetime DEFAULT NULL,
  `Title` varchar(255) CHARACTER SET utf8mb3 COLLATE utf8mb3_general_ci DEFAULT NULL,
  `EventStartDate` date DEFAULT NULL,
  `EventEndDate` date DEFAULT NULL,
  `EventLink` mediumtext CHARACTER SET utf8mb3 COLLATE utf8mb3_general_ci,
  `EventLinkLabel` mediumtext CHARACTER SET utf8mb3 COLLATE utf8mb3_general_ci,
  `EventCategory` mediumtext CHARACTER SET utf8mb3 COLLATE utf8mb3_general_ci,
  `EventLocation` mediumtext CHARACTER SET utf8mb3 COLLATE utf8mb3_general_ci,
  `EventSponsor` mediumtext CHARACTER SET utf8mb3 COLLATE utf8mb3_general_ci,
  `EventSponsorLogoUrl` mediumtext CHARACTER SET utf8mb3 COLLATE utf8mb3_general_ci,
  `IsSummit` tinyint unsigned NOT NULL DEFAULT '0',
  `ExternalSourceId` varchar(255) CHARACTER SET utf8mb3 COLLATE utf8mb3_general_ci DEFAULT NULL,
  `EventContinent` varchar(255) CHARACTER SET utf8mb3 COLLATE utf8mb3_general_ci DEFAULT NULL,
  `DateString` varchar(255) CHARACTER SET utf8mb3 COLLATE utf8mb3_general_ci DEFAULT NULL,
  PRIMARY KEY (`ID`),
  KEY `ClassName` (`ClassName`)
) ENGINE=InnoDB DEFAULT CHARSET=latin1;
/*!40101 SET character_set_client = @saved_cs_client */;

--
-- Dumping data for table `EventPage`
--

LOCK TABLES `EventPage` WRITE;
/*!40000 ALTER TABLE `EventPage` DISABLE KEYS */;
/*!40000 ALTER TABLE `EventPage` ENABLE KEYS */;
UNLOCK TABLES;

--
-- Table structure for table `EventRegistrationRequest`
--

DROP TABLE IF EXISTS `EventRegistrationRequest`;
/*!40101 SET @saved_cs_client     = @@character_set_client */;
/*!50503 SET character_set_client = utf8mb4 */;
CREATE TABLE `EventRegistrationRequest` (
  `ID` int NOT NULL AUTO_INCREMENT,
  `ClassName` enum('EventRegistrationRequest') CHARACTER SET utf8mb3 COLLATE utf8mb3_general_ci DEFAULT 'EventRegistrationRequest',
  `LastEdited` datetime DEFAULT NULL,
  `Created` datetime DEFAULT NULL,
  `Title` varchar(35) CHARACTER SET utf8mb3 COLLATE utf8mb3_general_ci DEFAULT NULL,
  `Url` varchar(255) CHARACTER SET utf8mb3 COLLATE utf8mb3_general_ci DEFAULT NULL,
  `Label` varchar(50) CHARACTER SET utf8mb3 COLLATE utf8mb3_general_ci DEFAULT NULL,
  `City` varchar(100) CHARACTER SET utf8mb3 COLLATE utf8mb3_general_ci DEFAULT NULL,
  `State` varchar(50) CHARACTER SET utf8mb3 COLLATE utf8mb3_general_ci DEFAULT NULL,
  `Country` varchar(50) CHARACTER SET utf8mb3 COLLATE utf8mb3_general_ci DEFAULT NULL,
  `StartDate` date DEFAULT NULL,
  `EndDate` date DEFAULT NULL,
  `PostDate` datetime DEFAULT NULL,
  `Sponsor` mediumtext CHARACTER SET utf8mb3 COLLATE utf8mb3_general_ci,
  `SponsorLogoUrl` varchar(255) CHARACTER SET utf8mb3 COLLATE utf8mb3_general_ci DEFAULT NULL,
  `Lat` decimal(9,2) NOT NULL DEFAULT '0.00',
  `Lng` decimal(9,2) NOT NULL DEFAULT '0.00',
  `isPosted` tinyint unsigned NOT NULL DEFAULT '0',
  `PointOfContactName` varchar(100) CHARACTER SET utf8mb3 COLLATE utf8mb3_general_ci DEFAULT NULL,
  `PointOfContactEmail` varchar(100) CHARACTER SET utf8mb3 COLLATE utf8mb3_general_ci DEFAULT NULL,
  `isRejected` tinyint unsigned NOT NULL DEFAULT '0',
  `Category` varchar(100) CHARACTER SET utf8mb3 COLLATE utf8mb3_general_ci DEFAULT NULL,
  `MemberID` int DEFAULT NULL,
  `DateString` varchar(100) CHARACTER SET utf8mb3 COLLATE utf8mb3_general_ci DEFAULT NULL,
  PRIMARY KEY (`ID`),
  KEY `ClassName` (`ClassName`),
  KEY `MemberID` (`MemberID`)
) ENGINE=InnoDB DEFAULT CHARSET=latin1;
/*!40101 SET character_set_client = @saved_cs_client */;

--
-- Dumping data for table `EventRegistrationRequest`
--

LOCK TABLES `EventRegistrationRequest` WRITE;
/*!40000 ALTER TABLE `EventRegistrationRequest` DISABLE KEYS */;
/*!40000 ALTER TABLE `EventRegistrationRequest` ENABLE KEYS */;
UNLOCK TABLES;

--
-- Table structure for table `EventSignIn`
--

DROP TABLE IF EXISTS `EventSignIn`;
/*!40101 SET @saved_cs_client     = @@character_set_client */;
/*!50503 SET character_set_client = utf8mb4 */;
CREATE TABLE `EventSignIn` (
  `ID` int NOT NULL AUTO_INCREMENT,
  `ClassName` enum('EventSignIn') CHARACTER SET utf8mb3 COLLATE utf8mb3_general_ci DEFAULT 'EventSignIn',
  `LastEdited` datetime DEFAULT NULL,
  `Created` datetime DEFAULT NULL,
  `EmailAddress` mediumtext CHARACTER SET utf8mb3 COLLATE utf8mb3_general_ci,
  `FirstName` mediumtext CHARACTER SET utf8mb3 COLLATE utf8mb3_general_ci,
  `LastName` mediumtext CHARACTER SET utf8mb3 COLLATE utf8mb3_general_ci,
  `SigninPageID` int DEFAULT NULL,
  PRIMARY KEY (`ID`),
  KEY `ClassName` (`ClassName`),
  KEY `SigninPageID` (`SigninPageID`)
) ENGINE=InnoDB DEFAULT CHARSET=latin1;
/*!40101 SET character_set_client = @saved_cs_client */;

--
-- Dumping data for table `EventSignIn`
--

LOCK TABLES `EventSignIn` WRITE;
/*!40000 ALTER TABLE `EventSignIn` DISABLE KEYS */;
/*!40000 ALTER TABLE `EventSignIn` ENABLE KEYS */;
UNLOCK TABLES;

--
-- Table structure for table `EventbriteAttendee`
--

DROP TABLE IF EXISTS `EventbriteAttendee`;
/*!40101 SET @saved_cs_client     = @@character_set_client */;
/*!50503 SET character_set_client = utf8mb4 */;
CREATE TABLE `EventbriteAttendee` (
  `ID` int NOT NULL AUTO_INCREMENT,
  `ClassName` enum('EventbriteAttendee') CHARACTER SET utf8mb3 COLLATE utf8mb3_general_ci DEFAULT 'EventbriteAttendee',
  `LastEdited` datetime DEFAULT NULL,
  `Created` datetime DEFAULT NULL,
  `Email` varchar(512) CHARACTER SET utf8mb3 COLLATE utf8mb3_general_ci DEFAULT NULL,
  `FirstName` varchar(512) CHARACTER SET utf8mb3 COLLATE utf8mb3_general_ci DEFAULT NULL,
  `LastName` varchar(512) CHARACTER SET utf8mb3 COLLATE utf8mb3_general_ci DEFAULT NULL,
  `Price` decimal(9,2) NOT NULL DEFAULT '0.00',
  `ExternalAttendeeId` varchar(255) CHARACTER SET utf8mb3 COLLATE utf8mb3_general_ci DEFAULT NULL,
  `ExternalTicketClassId` varchar(255) CHARACTER SET utf8mb3 COLLATE utf8mb3_general_ci DEFAULT NULL,
  `Status` varchar(512) CHARACTER SET utf8mb3 COLLATE utf8mb3_general_ci DEFAULT NULL,
  `EventbriteOrderID` int DEFAULT NULL,
  PRIMARY KEY (`ID`),
  KEY `ClassName` (`ClassName`),
  KEY `EventbriteOrderID` (`EventbriteOrderID`)
) ENGINE=InnoDB DEFAULT CHARSET=latin1;
/*!40101 SET character_set_client = @saved_cs_client */;

--
-- Dumping data for table `EventbriteAttendee`
--

LOCK TABLES `EventbriteAttendee` WRITE;
/*!40000 ALTER TABLE `EventbriteAttendee` DISABLE KEYS */;
/*!40000 ALTER TABLE `EventbriteAttendee` ENABLE KEYS */;
UNLOCK TABLES;

--
-- Table structure for table `EventbriteEvent`
--

DROP TABLE IF EXISTS `EventbriteEvent`;
/*!40101 SET @saved_cs_client     = @@character_set_client */;
/*!50503 SET character_set_client = utf8mb4 */;
CREATE TABLE `EventbriteEvent` (
  `ID` int NOT NULL AUTO_INCREMENT,
  `ClassName` enum('EventbriteEvent') CHARACTER SET utf8mb3 COLLATE utf8mb3_general_ci DEFAULT 'EventbriteEvent',
  `LastEdited` datetime DEFAULT NULL,
  `Created` datetime DEFAULT NULL,
  `EventType` enum('ORDER_PLACED','EVENT_ADDED','EVENT_UPDATE','NONE') CHARACTER SET utf8mb3 COLLATE utf8mb3_general_ci DEFAULT 'NONE',
  `ApiUrl` varchar(512) CHARACTER SET utf8mb3 COLLATE utf8mb3_general_ci DEFAULT NULL,
  `Processed` tinyint unsigned NOT NULL DEFAULT '0',
  `ProcessedDate` datetime DEFAULT NULL,
  `FinalStatus` varchar(255) CHARACTER SET utf8mb3 COLLATE utf8mb3_general_ci DEFAULT NULL,
  `ExternalOrderId` varchar(255) CHARACTER SET utf8mb3 COLLATE utf8mb3_general_ci DEFAULT NULL,
  `SummitID` int DEFAULT NULL,
  PRIMARY KEY (`ID`),
  KEY `ClassName` (`ClassName`),
  KEY `SummitID` (`SummitID`)
) ENGINE=InnoDB DEFAULT CHARSET=latin1;
/*!40101 SET character_set_client = @saved_cs_client */;

--
-- Dumping data for table `EventbriteEvent`
--

LOCK TABLES `EventbriteEvent` WRITE;
/*!40000 ALTER TABLE `EventbriteEvent` DISABLE KEYS */;
/*!40000 ALTER TABLE `EventbriteEvent` ENABLE KEYS */;
UNLOCK TABLES;

--
-- Table structure for table `ExtraQuestionAnswer`
--

DROP TABLE IF EXISTS `ExtraQuestionAnswer`;
/*!40101 SET @saved_cs_client     = @@character_set_client */;
/*!50503 SET character_set_client = utf8mb4 */;
CREATE TABLE `ExtraQuestionAnswer` (
  `ID` int NOT NULL AUTO_INCREMENT,
  `Created` datetime NOT NULL,
  `LastEdited` datetime NOT NULL,
  `ClassName` enum('ExtraQuestionAnswer','SummitOrderExtraQuestionAnswer','PresentationExtraQuestionAnswer','SponsorBadgeScanExtraQuestionAnswer') COLLATE utf8mb3_unicode_ci DEFAULT 'ExtraQuestionAnswer',
  `Value` text COLLATE utf8mb3_unicode_ci NOT NULL,
  `QuestionID` int DEFAULT NULL,
  PRIMARY KEY (`ID`),
  KEY `QuestionID` (`QuestionID`),
  CONSTRAINT `FK_B871C0E03F744DA2` FOREIGN KEY (`QuestionID`) REFERENCES `ExtraQuestionType` (`ID`) ON DELETE CASCADE
) ENGINE=InnoDB DEFAULT CHARSET=utf8mb3 COLLATE=utf8mb3_unicode_ci;
/*!40101 SET character_set_client = @saved_cs_client */;

--
-- Dumping data for table `ExtraQuestionAnswer`
--

LOCK TABLES `ExtraQuestionAnswer` WRITE;
/*!40000 ALTER TABLE `ExtraQuestionAnswer` DISABLE KEYS */;
/*!40000 ALTER TABLE `ExtraQuestionAnswer` ENABLE KEYS */;
UNLOCK TABLES;

--
-- Table structure for table `ExtraQuestionType`
--

DROP TABLE IF EXISTS `ExtraQuestionType`;
/*!40101 SET @saved_cs_client     = @@character_set_client */;
/*!50503 SET character_set_client = utf8mb4 */;
CREATE TABLE `ExtraQuestionType` (
  `ID` int NOT NULL AUTO_INCREMENT,
  `Created` datetime NOT NULL,
  `LastEdited` datetime NOT NULL,
  `ClassName` enum('ExtraQuestionType','SummitSelectionPlanExtraQuestionType','SummitOrderExtraQuestionType','SummitSponsorExtraQuestionType') COLLATE utf8mb3_unicode_ci DEFAULT 'SummitOrderExtraQuestionType',
  `Name` varchar(255) COLLATE utf8mb3_unicode_ci NOT NULL,
  `Type` varchar(255) COLLATE utf8mb3_unicode_ci NOT NULL,
  `Label` text COLLATE utf8mb3_unicode_ci NOT NULL,
  `Order` int NOT NULL DEFAULT '1',
  `Mandatory` tinyint(1) NOT NULL DEFAULT '0',
  `Placeholder` varchar(255) COLLATE utf8mb3_unicode_ci DEFAULT '',
  `MaxSelectedValues` int NOT NULL DEFAULT '0',
  `CustomOrder` int NOT NULL DEFAULT '0',
  PRIMARY KEY (`ID`)
) ENGINE=InnoDB AUTO_INCREMENT=15 DEFAULT CHARSET=utf8mb3 COLLATE=utf8mb3_unicode_ci;
/*!40101 SET character_set_client = @saved_cs_client */;

--
-- Dumping data for table `ExtraQuestionType`
--

LOCK TABLES `ExtraQuestionType` WRITE;
/*!40000 ALTER TABLE `ExtraQuestionType` DISABLE KEYS */;
INSERT INTO `ExtraQuestionType` VALUES (3,'2024-06-21 04:33:45','2024-06-21 04:33:45','SummitSelectionPlanExtraQuestionType','TEST','CheckBoxList','TEST',1,0,NULL,0,1),(4,'2024-06-21 04:38:05','2024-06-21 04:38:05','SummitSelectionPlanExtraQuestionType','TEST','CheckBoxList','TEST',1,0,NULL,0,1),(5,'2024-06-21 04:38:33','2024-06-21 04:38:33','SummitSelectionPlanExtraQuestionType','TEST','CheckBoxList','TEST',1,0,NULL,0,1),(6,'2024-06-21 04:39:40','2024-06-21 04:39:40','SummitSelectionPlanExtraQuestionType','TEST','CheckBoxList','TEST',1,0,NULL,0,1),(7,'2024-06-21 04:40:06','2024-06-21 04:40:06','SummitSelectionPlanExtraQuestionType','TEST','CheckBoxList','TEST',1,0,NULL,0,1),(8,'2024-06-21 11:13:56','2024-06-21 11:13:56','SummitSelectionPlanExtraQuestionType','TEST','CheckBoxList','TEST',1,0,NULL,0,1),(9,'2024-06-21 11:15:03','2024-06-21 11:15:03','SummitSelectionPlanExtraQuestionType','TEST','CheckBoxList','TEST',1,0,NULL,0,1),(10,'2024-06-21 11:15:17','2024-06-21 11:15:17','SummitSelectionPlanExtraQuestionType','TEST','CheckBoxList','TEST',1,0,NULL,0,1),(11,'2024-06-21 11:17:03','2024-06-21 11:17:03','SummitSelectionPlanExtraQuestionType','TEST','CheckBoxList','TEST',1,0,NULL,0,1),(12,'2024-06-21 11:18:32','2024-06-21 11:18:32','SummitSelectionPlanExtraQuestionType','TEST','CheckBoxList','TEST',1,0,NULL,0,1),(13,'2024-06-21 11:33:07','2024-06-21 11:33:07','SummitSelectionPlanExtraQuestionType','TEST','CheckBoxList','TEST',1,0,NULL,0,1),(14,'2024-06-21 11:34:09','2024-06-21 11:34:09','SummitSelectionPlanExtraQuestionType','TEST','CheckBoxList','TEST',1,0,NULL,0,1);
/*!40000 ALTER TABLE `ExtraQuestionType` ENABLE KEYS */;
UNLOCK TABLES;

--
-- Table structure for table `ExtraQuestionTypeValue`
--

DROP TABLE IF EXISTS `ExtraQuestionTypeValue`;
/*!40101 SET @saved_cs_client     = @@character_set_client */;
/*!50503 SET character_set_client = utf8mb4 */;
CREATE TABLE `ExtraQuestionTypeValue` (
  `ID` int NOT NULL AUTO_INCREMENT,
  `Created` datetime NOT NULL,
  `LastEdited` datetime NOT NULL,
  `ClassName` varchar(255) COLLATE utf8mb3_unicode_ci DEFAULT NULL,
  `Label` text COLLATE utf8mb3_unicode_ci NOT NULL,
  `Value` text COLLATE utf8mb3_unicode_ci NOT NULL,
  `Order` int NOT NULL DEFAULT '1',
  `QuestionID` int DEFAULT NULL,
  `IsDefault` tinyint(1) NOT NULL DEFAULT '0',
  PRIMARY KEY (`ID`),
  KEY `QuestionID` (`QuestionID`),
  CONSTRAINT `FK_DFF409E83F744DA2` FOREIGN KEY (`QuestionID`) REFERENCES `ExtraQuestionType` (`ID`) ON DELETE CASCADE
) ENGINE=InnoDB AUTO_INCREMENT=13 DEFAULT CHARSET=utf8mb3 COLLATE=utf8mb3_unicode_ci;
/*!40101 SET character_set_client = @saved_cs_client */;

--
-- Dumping data for table `ExtraQuestionTypeValue`
--

LOCK TABLES `ExtraQuestionTypeValue` WRITE;
/*!40000 ALTER TABLE `ExtraQuestionTypeValue` DISABLE KEYS */;
INSERT INTO `ExtraQuestionTypeValue` VALUES (1,'2024-06-21 04:33:45','2024-06-21 04:33:45',NULL,'TEST','TEST',1,3,0),(2,'2024-06-21 04:38:05','2024-06-21 04:38:05',NULL,'TEST','TEST',1,4,0),(3,'2024-06-21 04:38:33','2024-06-21 04:38:33',NULL,'TEST','TEST',1,5,0),(4,'2024-06-21 04:39:40','2024-06-21 04:39:40',NULL,'TEST','TEST',1,6,0),(5,'2024-06-21 04:40:06','2024-06-21 04:40:06',NULL,'TEST','TEST',1,7,0),(6,'2024-06-21 11:13:56','2024-06-21 11:13:56',NULL,'TEST','TEST',1,8,0),(7,'2024-06-21 11:15:03','2024-06-21 11:15:03',NULL,'TEST','TEST',1,9,0),(8,'2024-06-21 11:15:17','2024-06-21 11:15:17',NULL,'TEST','TEST',1,10,0),(9,'2024-06-21 11:17:03','2024-06-21 11:17:03',NULL,'TEST','TEST',1,11,0),(10,'2024-06-21 11:18:32','2024-06-21 11:18:32',NULL,'TEST','TEST',1,12,0),(11,'2024-06-21 11:33:07','2024-06-21 11:33:07',NULL,'TEST','TEST',1,13,0),(12,'2024-06-21 11:34:09','2024-06-21 11:34:09',NULL,'TEST','TEST',1,14,0);
/*!40000 ALTER TABLE `ExtraQuestionTypeValue` ENABLE KEYS */;
UNLOCK TABLES;

--
-- Table structure for table `Feature`
--

DROP TABLE IF EXISTS `Feature`;
/*!40101 SET @saved_cs_client     = @@character_set_client */;
/*!50503 SET character_set_client = utf8mb4 */;
CREATE TABLE `Feature` (
  `ID` int NOT NULL AUTO_INCREMENT,
  `ClassName` enum('Feature') CHARACTER SET utf8mb3 COLLATE utf8mb3_general_ci DEFAULT 'Feature',
  `LastEdited` datetime DEFAULT NULL,
  `Created` datetime DEFAULT NULL,
  `Feature` mediumtext CHARACTER SET utf8mb3 COLLATE utf8mb3_general_ci,
  `URL` mediumtext CHARACTER SET utf8mb3 COLLATE utf8mb3_general_ci,
  `Benefit` mediumtext CHARACTER SET utf8mb3 COLLATE utf8mb3_general_ci,
  `Roadmap` tinyint unsigned NOT NULL DEFAULT '0',
  `ProductPageID` int DEFAULT NULL,
  PRIMARY KEY (`ID`),
  KEY `ClassName` (`ClassName`),
  KEY `ProductPageID` (`ProductPageID`)
) ENGINE=InnoDB DEFAULT CHARSET=latin1;
/*!40101 SET character_set_client = @saved_cs_client */;

--
-- Dumping data for table `Feature`
--

LOCK TABLES `Feature` WRITE;
/*!40000 ALTER TABLE `Feature` DISABLE KEYS */;
/*!40000 ALTER TABLE `Feature` ENABLE KEYS */;
UNLOCK TABLES;

--
-- Table structure for table `FeaturedEvent`
--

DROP TABLE IF EXISTS `FeaturedEvent`;
/*!40101 SET @saved_cs_client     = @@character_set_client */;
/*!50503 SET character_set_client = utf8mb4 */;
CREATE TABLE `FeaturedEvent` (
  `ID` int NOT NULL AUTO_INCREMENT,
  `ClassName` enum('FeaturedEvent') CHARACTER SET utf8mb3 COLLATE utf8mb3_general_ci DEFAULT 'FeaturedEvent',
  `LastEdited` datetime DEFAULT NULL,
  `Created` datetime DEFAULT NULL,
  `EventID` int DEFAULT NULL,
  `PictureID` int DEFAULT NULL,
  PRIMARY KEY (`ID`),
  KEY `ClassName` (`ClassName`),
  KEY `EventID` (`EventID`),
  KEY `PictureID` (`PictureID`)
) ENGINE=InnoDB DEFAULT CHARSET=latin1;
/*!40101 SET character_set_client = @saved_cs_client */;

--
-- Dumping data for table `FeaturedEvent`
--

LOCK TABLES `FeaturedEvent` WRITE;
/*!40000 ALTER TABLE `FeaturedEvent` DISABLE KEYS */;
/*!40000 ALTER TABLE `FeaturedEvent` ENABLE KEYS */;
UNLOCK TABLES;

--
-- Table structure for table `FeaturedVideo`
--

DROP TABLE IF EXISTS `FeaturedVideo`;
/*!40101 SET @saved_cs_client     = @@character_set_client */;
/*!50503 SET character_set_client = utf8mb4 */;
CREATE TABLE `FeaturedVideo` (
  `ID` int NOT NULL AUTO_INCREMENT,
  `ClassName` enum('FeaturedVideo') CHARACTER SET utf8mb3 COLLATE utf8mb3_general_ci DEFAULT 'FeaturedVideo',
  `LastEdited` datetime DEFAULT NULL,
  `Created` datetime DEFAULT NULL,
  `Name` mediumtext CHARACTER SET utf8mb3 COLLATE utf8mb3_general_ci,
  `Day` int NOT NULL DEFAULT '0',
  `YouTubeID` varchar(50) CHARACTER SET utf8mb3 COLLATE utf8mb3_general_ci DEFAULT NULL,
  `Description` mediumtext CHARACTER SET utf8mb3 COLLATE utf8mb3_general_ci,
  `URLSegment` mediumtext CHARACTER SET utf8mb3 COLLATE utf8mb3_general_ci,
  `PresentationCategoryPageID` int DEFAULT NULL,
  PRIMARY KEY (`ID`),
  KEY `ClassName` (`ClassName`),
  KEY `PresentationCategoryPageID` (`PresentationCategoryPageID`)
) ENGINE=InnoDB DEFAULT CHARSET=latin1;
/*!40101 SET character_set_client = @saved_cs_client */;

--
-- Dumping data for table `FeaturedVideo`
--

LOCK TABLES `FeaturedVideo` WRITE;
/*!40000 ALTER TABLE `FeaturedVideo` DISABLE KEYS */;
/*!40000 ALTER TABLE `FeaturedVideo` ENABLE KEYS */;
UNLOCK TABLES;

--
-- Table structure for table `FeedbackSubmission`
--

DROP TABLE IF EXISTS `FeedbackSubmission`;
/*!40101 SET @saved_cs_client     = @@character_set_client */;
/*!50503 SET character_set_client = utf8mb4 */;
CREATE TABLE `FeedbackSubmission` (
  `ID` int NOT NULL AUTO_INCREMENT,
  `ClassName` enum('FeedbackSubmission') CHARACTER SET utf8mb3 COLLATE utf8mb3_general_ci DEFAULT 'FeedbackSubmission',
  `LastEdited` datetime DEFAULT NULL,
  `Created` datetime DEFAULT NULL,
  `Content` mediumtext CHARACTER SET utf8mb3 COLLATE utf8mb3_general_ci,
  `Page` mediumtext CHARACTER SET utf8mb3 COLLATE utf8mb3_general_ci,
  PRIMARY KEY (`ID`),
  KEY `ClassName` (`ClassName`)
) ENGINE=InnoDB DEFAULT CHARSET=latin1;
/*!40101 SET character_set_client = @saved_cs_client */;

--
-- Dumping data for table `FeedbackSubmission`
--

LOCK TABLES `FeedbackSubmission` WRITE;
/*!40000 ALTER TABLE `FeedbackSubmission` DISABLE KEYS */;
/*!40000 ALTER TABLE `FeedbackSubmission` ENABLE KEYS */;
UNLOCK TABLES;

--
-- Table structure for table `File`
--

DROP TABLE IF EXISTS `File`;
/*!40101 SET @saved_cs_client     = @@character_set_client */;
/*!50503 SET character_set_client = utf8mb4 */;
CREATE TABLE `File` (
  `ID` int NOT NULL AUTO_INCREMENT,
  `ClassName` enum('File','Folder','CloudFolder','Image','Image_Cached','CloudImageMissing','CloudImage','AttachmentImage','BetterImage','CloudImageCached','MarketingImage','OpenStackDaysImage','CloudFile','AttachmentFile','MarketingFile') CHARACTER SET utf8mb3 COLLATE utf8mb3_general_ci DEFAULT 'File',
  `LastEdited` datetime DEFAULT NULL,
  `Created` datetime DEFAULT NULL,
  `Name` varchar(255) CHARACTER SET utf8mb3 COLLATE utf8mb3_general_ci DEFAULT NULL,
  `Title` varchar(255) CHARACTER SET utf8mb3 COLLATE utf8mb3_general_ci DEFAULT NULL,
  `Filename` mediumtext CHARACTER SET utf8mb3 COLLATE utf8mb3_general_ci,
  `Content` mediumtext CHARACTER SET utf8mb3 COLLATE utf8mb3_general_ci,
  `ShowInSearch` tinyint unsigned NOT NULL DEFAULT '1',
  `CloudStatus` enum('Local','Live','Error') CHARACTER SET utf8mb3 COLLATE utf8mb3_general_ci DEFAULT 'Local',
  `CloudSize` int NOT NULL DEFAULT '0',
  `CloudMetaJson` mediumtext CHARACTER SET utf8mb3 COLLATE utf8mb3_general_ci,
  `ParentID` int DEFAULT NULL,
  `OwnerID` int DEFAULT NULL,
  PRIMARY KEY (`ID`),
  KEY `ClassName` (`ClassName`),
  KEY `Name` (`Name`),
  KEY `OwnerID` (`OwnerID`),
  KEY `ParentID` (`ParentID`)
) ENGINE=InnoDB DEFAULT CHARSET=latin1;
/*!40101 SET character_set_client = @saved_cs_client */;

--
-- Dumping data for table `File`
--

LOCK TABLES `File` WRITE;
/*!40000 ALTER TABLE `File` DISABLE KEYS */;
/*!40000 ALTER TABLE `File` ENABLE KEYS */;
UNLOCK TABLES;

--
-- Table structure for table `FileAttachmentFieldTrack`
--

DROP TABLE IF EXISTS `FileAttachmentFieldTrack`;
/*!40101 SET @saved_cs_client     = @@character_set_client */;
/*!50503 SET character_set_client = utf8mb4 */;
CREATE TABLE `FileAttachmentFieldTrack` (
  `ID` int NOT NULL AUTO_INCREMENT,
  `ClassName` enum('FileAttachmentFieldTrack') CHARACTER SET utf8mb3 COLLATE utf8mb3_general_ci DEFAULT 'FileAttachmentFieldTrack',
  `LastEdited` datetime DEFAULT NULL,
  `Created` datetime DEFAULT NULL,
  `ControllerClass` varchar(60) CHARACTER SET utf8mb3 COLLATE utf8mb3_general_ci DEFAULT NULL,
  `RecordID` int NOT NULL DEFAULT '0',
  `RecordClass` varchar(60) CHARACTER SET utf8mb3 COLLATE utf8mb3_general_ci DEFAULT NULL,
  `FileID` int DEFAULT NULL,
  PRIMARY KEY (`ID`),
  KEY `ClassName` (`ClassName`),
  KEY `FileID` (`FileID`)
) ENGINE=InnoDB DEFAULT CHARSET=latin1;
/*!40101 SET character_set_client = @saved_cs_client */;

--
-- Dumping data for table `FileAttachmentFieldTrack`
--

LOCK TABLES `FileAttachmentFieldTrack` WRITE;
/*!40000 ALTER TABLE `FileAttachmentFieldTrack` DISABLE KEYS */;
/*!40000 ALTER TABLE `FileAttachmentFieldTrack` ENABLE KEYS */;
UNLOCK TABLES;

--
-- Table structure for table `Folder`
--

DROP TABLE IF EXISTS `Folder`;
/*!40101 SET @saved_cs_client     = @@character_set_client */;
/*!50503 SET character_set_client = utf8mb4 */;
CREATE TABLE `Folder` (
  `ID` int NOT NULL AUTO_INCREMENT,
  `CloudStatus` enum('Local','Live','Error') CHARACTER SET utf8mb3 COLLATE utf8mb3_general_ci DEFAULT 'Local',
  `CloudSize` int NOT NULL DEFAULT '0',
  `CloudMetaJson` mediumtext CHARACTER SET utf8mb3 COLLATE utf8mb3_general_ci,
  PRIMARY KEY (`ID`)
) ENGINE=InnoDB DEFAULT CHARSET=latin1;
/*!40101 SET character_set_client = @saved_cs_client */;

--
-- Dumping data for table `Folder`
--

LOCK TABLES `Folder` WRITE;
/*!40000 ALTER TABLE `Folder` DISABLE KEYS */;
/*!40000 ALTER TABLE `Folder` ENABLE KEYS */;
UNLOCK TABLES;

--
-- Table structure for table `FoundationMemberRevocationNotification`
--

DROP TABLE IF EXISTS `FoundationMemberRevocationNotification`;
/*!40101 SET @saved_cs_client     = @@character_set_client */;
/*!50503 SET character_set_client = utf8mb4 */;
CREATE TABLE `FoundationMemberRevocationNotification` (
  `ID` int NOT NULL AUTO_INCREMENT,
  `ClassName` enum('FoundationMemberRevocationNotification') CHARACTER SET utf8mb3 COLLATE utf8mb3_general_ci DEFAULT 'FoundationMemberRevocationNotification',
  `LastEdited` datetime DEFAULT NULL,
  `Created` datetime DEFAULT NULL,
  `Action` enum('None','Renew','Revoked','Resign') CHARACTER SET utf8mb3 COLLATE utf8mb3_general_ci DEFAULT 'None',
  `ActionDate` datetime DEFAULT NULL,
  `SentDate` datetime DEFAULT NULL,
  `Hash` mediumtext CHARACTER SET utf8mb3 COLLATE utf8mb3_general_ci,
  `LastElectionID` int DEFAULT NULL,
  `RecipientID` int DEFAULT NULL,
  PRIMARY KEY (`ID`),
  KEY `ClassName` (`ClassName`),
  KEY `LastElectionID` (`LastElectionID`),
  KEY `RecipientID` (`RecipientID`)
) ENGINE=InnoDB DEFAULT CHARSET=latin1;
/*!40101 SET character_set_client = @saved_cs_client */;

--
-- Dumping data for table `FoundationMemberRevocationNotification`
--

LOCK TABLES `FoundationMemberRevocationNotification` WRITE;
/*!40000 ALTER TABLE `FoundationMemberRevocationNotification` DISABLE KEYS */;
/*!40000 ALTER TABLE `FoundationMemberRevocationNotification` ENABLE KEYS */;
UNLOCK TABLES;

--
-- Table structure for table `GeoCodingQuery`
--

DROP TABLE IF EXISTS `GeoCodingQuery`;
/*!40101 SET @saved_cs_client     = @@character_set_client */;
/*!50503 SET character_set_client = utf8mb4 */;
CREATE TABLE `GeoCodingQuery` (
  `ID` int NOT NULL AUTO_INCREMENT,
  `ClassName` enum('GeoCodingQuery') CHARACTER SET utf8mb3 COLLATE utf8mb3_general_ci DEFAULT 'GeoCodingQuery',
  `LastEdited` datetime DEFAULT NULL,
  `Created` datetime DEFAULT NULL,
  `Query` mediumtext CHARACTER SET utf8mb3 COLLATE utf8mb3_general_ci,
  `Lat` decimal(9,2) NOT NULL DEFAULT '0.00',
  `Lng` decimal(9,2) NOT NULL DEFAULT '0.00',
  PRIMARY KEY (`ID`),
  KEY `ClassName` (`ClassName`)
) ENGINE=InnoDB DEFAULT CHARSET=latin1;
/*!40101 SET character_set_client = @saved_cs_client */;

--
-- Dumping data for table `GeoCodingQuery`
--

LOCK TABLES `GeoCodingQuery` WRITE;
/*!40000 ALTER TABLE `GeoCodingQuery` DISABLE KEYS */;
/*!40000 ALTER TABLE `GeoCodingQuery` ENABLE KEYS */;
UNLOCK TABLES;

--
-- Table structure for table `GerritChangeInfo`
--

DROP TABLE IF EXISTS `GerritChangeInfo`;
/*!40101 SET @saved_cs_client     = @@character_set_client */;
/*!50503 SET character_set_client = utf8mb4 */;
CREATE TABLE `GerritChangeInfo` (
  `ID` int NOT NULL AUTO_INCREMENT,
  `ClassName` enum('GerritChangeInfo') CHARACTER SET utf8mb3 COLLATE utf8mb3_general_ci DEFAULT 'GerritChangeInfo',
  `LastEdited` datetime DEFAULT NULL,
  `Created` datetime DEFAULT NULL,
  `kind` mediumtext CHARACTER SET utf8mb3 COLLATE utf8mb3_general_ci,
  `FormattedChangeId` mediumtext CHARACTER SET utf8mb3 COLLATE utf8mb3_general_ci,
  `ProjectName` mediumtext CHARACTER SET utf8mb3 COLLATE utf8mb3_general_ci,
  `Branch` mediumtext CHARACTER SET utf8mb3 COLLATE utf8mb3_general_ci,
  `Topic` mediumtext CHARACTER SET utf8mb3 COLLATE utf8mb3_general_ci,
  `ChangeId` varchar(128) CHARACTER SET utf8mb3 COLLATE utf8mb3_general_ci DEFAULT NULL,
  `Subject` mediumtext CHARACTER SET utf8mb3 COLLATE utf8mb3_general_ci,
  `Status` mediumtext CHARACTER SET utf8mb3 COLLATE utf8mb3_general_ci,
  `CreatedDate` datetime DEFAULT NULL,
  `UpdatedDate` datetime DEFAULT NULL,
  `OwnerID` int DEFAULT NULL,
  PRIMARY KEY (`ID`),
  UNIQUE KEY `ChangeId` (`ChangeId`),
  KEY `ClassName` (`ClassName`),
  KEY `OwnerID` (`OwnerID`)
) ENGINE=InnoDB DEFAULT CHARSET=latin1;
/*!40101 SET character_set_client = @saved_cs_client */;

--
-- Dumping data for table `GerritChangeInfo`
--

LOCK TABLES `GerritChangeInfo` WRITE;
/*!40000 ALTER TABLE `GerritChangeInfo` DISABLE KEYS */;
/*!40000 ALTER TABLE `GerritChangeInfo` ENABLE KEYS */;
UNLOCK TABLES;

--
-- Table structure for table `GerritUser`
--

DROP TABLE IF EXISTS `GerritUser`;
/*!40101 SET @saved_cs_client     = @@character_set_client */;
/*!50503 SET character_set_client = utf8mb4 */;
CREATE TABLE `GerritUser` (
  `ID` int NOT NULL AUTO_INCREMENT,
  `ClassName` enum('GerritUser') CHARACTER SET utf8mb3 COLLATE utf8mb3_general_ci DEFAULT 'GerritUser',
  `LastEdited` datetime DEFAULT NULL,
  `Created` datetime DEFAULT NULL,
  `AccountID` mediumtext CHARACTER SET utf8mb3 COLLATE utf8mb3_general_ci,
  `Email` mediumtext CHARACTER SET utf8mb3 COLLATE utf8mb3_general_ci,
  `MemberID` int DEFAULT NULL,
  PRIMARY KEY (`ID`),
  KEY `ClassName` (`ClassName`),
  KEY `MemberID` (`MemberID`)
) ENGINE=InnoDB DEFAULT CHARSET=latin1;
/*!40101 SET character_set_client = @saved_cs_client */;

--
-- Dumping data for table `GerritUser`
--

LOCK TABLES `GerritUser` WRITE;
/*!40000 ALTER TABLE `GerritUser` DISABLE KEYS */;
/*!40000 ALTER TABLE `GerritUser` ENABLE KEYS */;
UNLOCK TABLES;

--
-- Table structure for table `GitHubRepositoryConfiguration`
--

DROP TABLE IF EXISTS `GitHubRepositoryConfiguration`;
/*!40101 SET @saved_cs_client     = @@character_set_client */;
/*!50503 SET character_set_client = utf8mb4 */;
CREATE TABLE `GitHubRepositoryConfiguration` (
  `ID` int NOT NULL AUTO_INCREMENT,
  `ClassName` enum('GitHubRepositoryConfiguration') CHARACTER SET utf8mb3 COLLATE utf8mb3_general_ci DEFAULT 'GitHubRepositoryConfiguration',
  `LastEdited` datetime DEFAULT NULL,
  `Created` datetime DEFAULT NULL,
  `Name` mediumtext CHARACTER SET utf8mb3 COLLATE utf8mb3_general_ci,
  `WebHookSecret` mediumtext CHARACTER SET utf8mb3 COLLATE utf8mb3_general_ci,
  `RejectReasonNotMember` mediumtext CHARACTER SET utf8mb3 COLLATE utf8mb3_general_ci,
  `RejectReasonNotFoundationMember` mediumtext CHARACTER SET utf8mb3 COLLATE utf8mb3_general_ci,
  `RejectReasonNotCCLATeam` mediumtext CHARACTER SET utf8mb3 COLLATE utf8mb3_general_ci,
  PRIMARY KEY (`ID`),
  KEY `ClassName` (`ClassName`)
) ENGINE=InnoDB DEFAULT CHARSET=latin1;
/*!40101 SET character_set_client = @saved_cs_client */;

--
-- Dumping data for table `GitHubRepositoryConfiguration`
--

LOCK TABLES `GitHubRepositoryConfiguration` WRITE;
/*!40000 ALTER TABLE `GitHubRepositoryConfiguration` DISABLE KEYS */;
/*!40000 ALTER TABLE `GitHubRepositoryConfiguration` ENABLE KEYS */;
UNLOCK TABLES;

--
-- Table structure for table `GitHubRepositoryConfiguration_AllowedTeams`
--

DROP TABLE IF EXISTS `GitHubRepositoryConfiguration_AllowedTeams`;
/*!40101 SET @saved_cs_client     = @@character_set_client */;
/*!50503 SET character_set_client = utf8mb4 */;
CREATE TABLE `GitHubRepositoryConfiguration_AllowedTeams` (
  `ID` int NOT NULL AUTO_INCREMENT,
  `GitHubRepositoryConfigurationID` int NOT NULL DEFAULT '0',
  `TeamID` int NOT NULL DEFAULT '0',
  PRIMARY KEY (`ID`),
  KEY `GitHubRepositoryConfigurationID` (`GitHubRepositoryConfigurationID`),
  KEY `TeamID` (`TeamID`)
) ENGINE=InnoDB DEFAULT CHARSET=latin1;
/*!40101 SET character_set_client = @saved_cs_client */;

--
-- Dumping data for table `GitHubRepositoryConfiguration_AllowedTeams`
--

LOCK TABLES `GitHubRepositoryConfiguration_AllowedTeams` WRITE;
/*!40000 ALTER TABLE `GitHubRepositoryConfiguration_AllowedTeams` DISABLE KEYS */;
/*!40000 ALTER TABLE `GitHubRepositoryConfiguration_AllowedTeams` ENABLE KEYS */;
UNLOCK TABLES;

--
-- Table structure for table `GitHubRepositoryPullRequest`
--

DROP TABLE IF EXISTS `GitHubRepositoryPullRequest`;
/*!40101 SET @saved_cs_client     = @@character_set_client */;
/*!50503 SET character_set_client = utf8mb4 */;
CREATE TABLE `GitHubRepositoryPullRequest` (
  `ID` int NOT NULL AUTO_INCREMENT,
  `ClassName` enum('GitHubRepositoryPullRequest') CHARACTER SET utf8mb3 COLLATE utf8mb3_general_ci DEFAULT 'GitHubRepositoryPullRequest',
  `LastEdited` datetime DEFAULT NULL,
  `Created` datetime DEFAULT NULL,
  `Body` mediumtext CHARACTER SET utf8mb3 COLLATE utf8mb3_general_ci,
  `RejectReason` enum('None','Approved','NotMember','NotFoundationMember','NotCCLATeam') CHARACTER SET utf8mb3 COLLATE utf8mb3_general_ci DEFAULT 'None',
  `Processed` tinyint unsigned NOT NULL DEFAULT '0',
  `ProcessedDate` datetime DEFAULT NULL,
  `GitHubRepositoryID` int DEFAULT NULL,
  PRIMARY KEY (`ID`),
  KEY `ClassName` (`ClassName`),
  KEY `GitHubRepositoryID` (`GitHubRepositoryID`)
) ENGINE=InnoDB DEFAULT CHARSET=latin1;
/*!40101 SET character_set_client = @saved_cs_client */;

--
-- Dumping data for table `GitHubRepositoryPullRequest`
--

LOCK TABLES `GitHubRepositoryPullRequest` WRITE;
/*!40000 ALTER TABLE `GitHubRepositoryPullRequest` DISABLE KEYS */;
/*!40000 ALTER TABLE `GitHubRepositoryPullRequest` ENABLE KEYS */;
UNLOCK TABLES;

--
-- Table structure for table `Group`
--

DROP TABLE IF EXISTS `Group`;
/*!40101 SET @saved_cs_client     = @@character_set_client */;
/*!50503 SET character_set_client = utf8mb4 */;
CREATE TABLE `Group` (
  `ID` int NOT NULL AUTO_INCREMENT,
  `ClassName` enum('Group') CHARACTER SET utf8mb3 COLLATE utf8mb3_general_ci DEFAULT 'Group',
  `LastEdited` datetime DEFAULT NULL,
  `Created` datetime DEFAULT NULL,
  `Title` varchar(255) CHARACTER SET utf8mb3 COLLATE utf8mb3_general_ci DEFAULT NULL,
  `Description` mediumtext CHARACTER SET utf8mb3 COLLATE utf8mb3_general_ci,
  `Code` varchar(255) CHARACTER SET utf8mb3 COLLATE utf8mb3_general_ci DEFAULT NULL,
  `Locked` tinyint unsigned NOT NULL DEFAULT '0',
  `Sort` int NOT NULL DEFAULT '0',
  `HtmlEditorConfig` mediumtext CHARACTER SET utf8mb3 COLLATE utf8mb3_general_ci,
  `ParentID` int DEFAULT NULL,
  `IsExternal` tinyint(1) NOT NULL DEFAULT '0',
  PRIMARY KEY (`ID`),
  KEY `ClassName` (`ClassName`),
  KEY `ParentID` (`ParentID`)
) ENGINE=InnoDB AUTO_INCREMENT=40 DEFAULT CHARSET=latin1;
/*!40101 SET character_set_client = @saved_cs_client */;

--
-- Dumping data for table `Group`
--

LOCK TABLES `Group` WRITE;
/*!40000 ALTER TABLE `Group` DISABLE KEYS */;
INSERT INTO `Group` VALUES (1,'Group','2024-06-21 04:31:07','2024-06-21 04:31:07','administrators',NULL,'administrators',0,0,NULL,NULL,0),(2,'Group','2024-06-21 04:31:07','2024-06-21 04:31:07','summit-front-end-administrators',NULL,'summit-front-end-administrators',0,0,NULL,NULL,0),(3,'Group','2024-06-21 04:31:54','2024-06-21 04:31:54','administrators',NULL,'administrators',0,0,NULL,NULL,0),(4,'Group','2024-06-21 04:31:54','2024-06-21 04:31:54','summit-front-end-administrators',NULL,'summit-front-end-administrators',0,0,NULL,NULL,0),(5,'Group','2024-06-21 04:33:41','2024-06-21 04:33:41','administrators',NULL,'administrators',0,0,NULL,NULL,0),(6,'Group','2024-06-21 04:33:41','2024-06-21 04:33:41','summit-front-end-administrators',NULL,'summit-front-end-administrators',0,0,NULL,NULL,0),(7,'Group','2024-06-21 04:33:58','2024-06-21 04:33:58','badge-printers','badge-printers','badge-printers',0,0,NULL,NULL,1),(8,'Group','2024-06-21 04:38:05','2024-06-21 04:38:05','administrators',NULL,'administrators',0,0,NULL,NULL,0),(9,'Group','2024-06-21 04:38:05','2024-06-21 04:38:05','summit-front-end-administrators',NULL,'summit-front-end-administrators',0,0,NULL,NULL,0),(10,'Group','2024-06-21 04:38:32','2024-06-21 04:38:32','administrators',NULL,'administrators',0,0,NULL,NULL,0),(11,'Group','2024-06-21 04:38:32','2024-06-21 04:38:32','summit-front-end-administrators',NULL,'summit-front-end-administrators',0,0,NULL,NULL,0),(12,'Group','2024-06-21 04:39:39','2024-06-21 04:39:39','administrators',NULL,'administrators',0,0,NULL,NULL,0),(13,'Group','2024-06-21 04:39:39','2024-06-21 04:39:39','summit-front-end-administrators',NULL,'summit-front-end-administrators',0,0,NULL,NULL,0),(14,'Group','2024-06-21 04:40:05','2024-06-21 04:40:05','administrators',NULL,'administrators',0,0,NULL,NULL,0),(15,'Group','2024-06-21 04:40:05','2024-06-21 04:40:05','summit-front-end-administrators',NULL,'summit-front-end-administrators',0,0,NULL,NULL,0),(16,'Group','2024-06-21 11:13:55','2024-06-21 11:13:55','administrators',NULL,'administrators',0,0,NULL,NULL,0),(17,'Group','2024-06-21 11:13:55','2024-06-21 11:13:55','summit-front-end-administrators',NULL,'summit-front-end-administrators',0,0,NULL,NULL,0),(18,'Group','2024-06-21 11:15:03','2024-06-21 11:15:03','administrators',NULL,'administrators',0,0,NULL,NULL,0),(19,'Group','2024-06-21 11:15:03','2024-06-21 11:15:03','summit-front-end-administrators',NULL,'summit-front-end-administrators',0,0,NULL,NULL,0),(20,'Group','2024-06-21 11:15:16','2024-06-21 11:15:16','administrators',NULL,'administrators',0,0,NULL,NULL,0),(21,'Group','2024-06-21 11:15:16','2024-06-21 11:15:16','summit-front-end-administrators',NULL,'summit-front-end-administrators',0,0,NULL,NULL,0),(22,'Group','2024-06-21 11:17:02','2024-06-21 11:17:02','administrators',NULL,'administrators',0,0,NULL,NULL,0),(23,'Group','2024-06-21 11:17:02','2024-06-21 11:17:02','summit-front-end-administrators',NULL,'summit-front-end-administrators',0,0,NULL,NULL,0),(24,'Group','2024-06-21 11:18:31','2024-06-21 11:18:31','administrators',NULL,'administrators',0,0,NULL,NULL,0),(25,'Group','2024-06-21 11:18:31','2024-06-21 11:18:31','summit-front-end-administrators',NULL,'summit-front-end-administrators',0,0,NULL,NULL,0),(26,'Group','2024-06-21 11:33:07','2024-06-21 11:33:07','administrators',NULL,'administrators',0,0,NULL,NULL,0),(27,'Group','2024-06-21 11:33:07','2024-06-21 11:33:07','summit-front-end-administrators',NULL,'summit-front-end-administrators',0,0,NULL,NULL,0),(28,'Group','2024-06-21 11:34:09','2024-06-21 11:34:09','administrators',NULL,'administrators',0,0,NULL,NULL,0),(29,'Group','2024-06-21 11:34:09','2024-06-21 11:34:09','summit-front-end-administrators',NULL,'summit-front-end-administrators',0,0,NULL,NULL,0),(30,'Group','2024-06-24 07:17:28','2024-06-24 07:17:28','administrators',NULL,'administrators',0,0,NULL,NULL,0),(31,'Group','2024-06-24 07:17:28','2024-06-24 07:17:28','summit-front-end-administrators',NULL,'summit-front-end-administrators',0,0,NULL,NULL,0),(32,'Group','2024-06-24 07:19:13','2024-06-24 07:19:13','administrators',NULL,'administrators',0,0,NULL,NULL,0),(33,'Group','2024-06-24 07:19:13','2024-06-24 07:19:13','summit-front-end-administrators',NULL,'summit-front-end-administrators',0,0,NULL,NULL,0),(34,'Group','2024-06-24 07:20:18','2024-06-24 07:20:18','administrators',NULL,'administrators',0,0,NULL,NULL,0),(35,'Group','2024-06-24 07:20:18','2024-06-24 07:20:18','summit-front-end-administrators',NULL,'summit-front-end-administrators',0,0,NULL,NULL,0),(36,'Group','2024-06-24 07:23:07','2024-06-24 07:23:07','administrators',NULL,'administrators',0,0,NULL,NULL,0),(37,'Group','2024-06-24 07:23:07','2024-06-24 07:23:07','summit-front-end-administrators',NULL,'summit-front-end-administrators',0,0,NULL,NULL,0),(38,'Group','2024-06-24 07:25:41','2024-06-24 07:25:41','administrators',NULL,'administrators',0,0,NULL,NULL,0),(39,'Group','2024-06-24 07:25:41','2024-06-24 07:25:41','summit-front-end-administrators',NULL,'summit-front-end-administrators',0,0,NULL,NULL,0);
/*!40000 ALTER TABLE `Group` ENABLE KEYS */;
UNLOCK TABLES;

--
-- Table structure for table `Group_Members`
--

DROP TABLE IF EXISTS `Group_Members`;
/*!40101 SET @saved_cs_client     = @@character_set_client */;
/*!50503 SET character_set_client = utf8mb4 */;
CREATE TABLE `Group_Members` (
  `ID` int NOT NULL AUTO_INCREMENT,
  `GroupID` int NOT NULL DEFAULT '0',
  `MemberID` int NOT NULL DEFAULT '0',
  `SortIndex` int NOT NULL DEFAULT '0',
  PRIMARY KEY (`ID`),
  KEY `GroupID` (`GroupID`),
  KEY `MemberID` (`MemberID`),
  CONSTRAINT `FK_Group_Members_Group` FOREIGN KEY (`GroupID`) REFERENCES `Group` (`ID`) ON DELETE CASCADE,
  CONSTRAINT `FK_Group_Members_Member` FOREIGN KEY (`MemberID`) REFERENCES `Member` (`ID`) ON DELETE CASCADE
) ENGINE=InnoDB AUTO_INCREMENT=51 DEFAULT CHARSET=latin1;
/*!40101 SET character_set_client = @saved_cs_client */;

--
-- Dumping data for table `Group_Members`
--

LOCK TABLES `Group_Members` WRITE;
/*!40000 ALTER TABLE `Group_Members` DISABLE KEYS */;
INSERT INTO `Group_Members` VALUES (1,1,1,0),(2,2,2,0),(3,3,3,0),(4,4,4,0),(5,5,5,0),(6,6,6,0),(7,7,5,0),(8,8,7,0),(9,9,8,0),(10,7,7,0),(11,10,9,0),(12,11,10,0),(13,7,9,0),(14,12,11,0),(15,13,12,0),(16,7,11,0),(17,14,13,0),(18,15,14,0),(19,7,13,0),(20,16,15,0),(21,17,16,0),(22,7,15,0),(23,18,17,0),(24,19,18,0),(25,7,17,0),(26,20,19,0),(27,21,20,0),(28,7,19,0),(29,22,21,0),(30,23,22,0),(31,7,21,0),(32,24,23,0),(33,25,24,0),(34,7,23,0),(35,26,25,0),(36,27,26,0),(37,7,25,0),(38,28,27,0),(39,29,28,0),(40,7,27,0),(41,30,29,0),(42,31,30,0),(43,32,31,0),(44,33,32,0),(45,34,33,0),(46,35,34,0),(47,36,35,0),(48,37,36,0),(49,38,37,0),(50,39,38,0);
/*!40000 ALTER TABLE `Group_Members` ENABLE KEYS */;
UNLOCK TABLES;

--
-- Table structure for table `Group_Roles`
--

DROP TABLE IF EXISTS `Group_Roles`;
/*!40101 SET @saved_cs_client     = @@character_set_client */;
/*!50503 SET character_set_client = utf8mb4 */;
CREATE TABLE `Group_Roles` (
  `ID` int NOT NULL AUTO_INCREMENT,
  `GroupID` int NOT NULL DEFAULT '0',
  `PermissionRoleID` int NOT NULL DEFAULT '0',
  PRIMARY KEY (`ID`),
  KEY `GroupID` (`GroupID`),
  KEY `PermissionRoleID` (`PermissionRoleID`)
) ENGINE=InnoDB DEFAULT CHARSET=latin1;
/*!40101 SET character_set_client = @saved_cs_client */;

--
-- Dumping data for table `Group_Roles`
--

LOCK TABLES `Group_Roles` WRITE;
/*!40000 ALTER TABLE `Group_Roles` DISABLE KEYS */;
/*!40000 ALTER TABLE `Group_Roles` ENABLE KEYS */;
UNLOCK TABLES;

--
-- Table structure for table `GuestOSType`
--

DROP TABLE IF EXISTS `GuestOSType`;
/*!40101 SET @saved_cs_client     = @@character_set_client */;
/*!50503 SET character_set_client = utf8mb4 */;
CREATE TABLE `GuestOSType` (
  `ID` int NOT NULL AUTO_INCREMENT,
  `ClassName` enum('GuestOSType') CHARACTER SET utf8mb3 COLLATE utf8mb3_general_ci DEFAULT 'GuestOSType',
  `LastEdited` datetime DEFAULT NULL,
  `Created` datetime DEFAULT NULL,
  `Type` varchar(50) CHARACTER SET utf8mb3 COLLATE utf8mb3_general_ci DEFAULT NULL,
  PRIMARY KEY (`ID`),
  UNIQUE KEY `Type` (`Type`),
  KEY `ClassName` (`ClassName`)
) ENGINE=InnoDB DEFAULT CHARSET=latin1;
/*!40101 SET character_set_client = @saved_cs_client */;

--
-- Dumping data for table `GuestOSType`
--

LOCK TABLES `GuestOSType` WRITE;
/*!40000 ALTER TABLE `GuestOSType` DISABLE KEYS */;
/*!40000 ALTER TABLE `GuestOSType` ENABLE KEYS */;
UNLOCK TABLES;

--
-- Table structure for table `HackathonsPage`
--

DROP TABLE IF EXISTS `HackathonsPage`;
/*!40101 SET @saved_cs_client     = @@character_set_client */;
/*!50503 SET character_set_client = utf8mb4 */;
CREATE TABLE `HackathonsPage` (
  `ID` int NOT NULL AUTO_INCREMENT,
  `AboutDescription` mediumtext CHARACTER SET utf8mb3 COLLATE utf8mb3_general_ci,
  `HostIntro` mediumtext CHARACTER SET utf8mb3 COLLATE utf8mb3_general_ci,
  `HostFAQs` mediumtext CHARACTER SET utf8mb3 COLLATE utf8mb3_general_ci,
  `ToolkitDesc` mediumtext CHARACTER SET utf8mb3 COLLATE utf8mb3_general_ci,
  `ArtworkIntro` mediumtext CHARACTER SET utf8mb3 COLLATE utf8mb3_general_ci,
  `CollateralIntro` mediumtext CHARACTER SET utf8mb3 COLLATE utf8mb3_general_ci,
  PRIMARY KEY (`ID`)
) ENGINE=InnoDB DEFAULT CHARSET=latin1;
/*!40101 SET character_set_client = @saved_cs_client */;

--
-- Dumping data for table `HackathonsPage`
--

LOCK TABLES `HackathonsPage` WRITE;
/*!40000 ALTER TABLE `HackathonsPage` DISABLE KEYS */;
/*!40000 ALTER TABLE `HackathonsPage` ENABLE KEYS */;
UNLOCK TABLES;

--
-- Table structure for table `HackathonsPage_Live`
--

DROP TABLE IF EXISTS `HackathonsPage_Live`;
/*!40101 SET @saved_cs_client     = @@character_set_client */;
/*!50503 SET character_set_client = utf8mb4 */;
CREATE TABLE `HackathonsPage_Live` (
  `ID` int NOT NULL AUTO_INCREMENT,
  `AboutDescription` mediumtext CHARACTER SET utf8mb3 COLLATE utf8mb3_general_ci,
  `HostIntro` mediumtext CHARACTER SET utf8mb3 COLLATE utf8mb3_general_ci,
  `HostFAQs` mediumtext CHARACTER SET utf8mb3 COLLATE utf8mb3_general_ci,
  `ToolkitDesc` mediumtext CHARACTER SET utf8mb3 COLLATE utf8mb3_general_ci,
  `ArtworkIntro` mediumtext CHARACTER SET utf8mb3 COLLATE utf8mb3_general_ci,
  `CollateralIntro` mediumtext CHARACTER SET utf8mb3 COLLATE utf8mb3_general_ci,
  PRIMARY KEY (`ID`)
) ENGINE=InnoDB DEFAULT CHARSET=latin1;
/*!40101 SET character_set_client = @saved_cs_client */;

--
-- Dumping data for table `HackathonsPage_Live`
--

LOCK TABLES `HackathonsPage_Live` WRITE;
/*!40000 ALTER TABLE `HackathonsPage_Live` DISABLE KEYS */;
/*!40000 ALTER TABLE `HackathonsPage_Live` ENABLE KEYS */;
UNLOCK TABLES;

--
-- Table structure for table `HackathonsPage_versions`
--

DROP TABLE IF EXISTS `HackathonsPage_versions`;
/*!40101 SET @saved_cs_client     = @@character_set_client */;
/*!50503 SET character_set_client = utf8mb4 */;
CREATE TABLE `HackathonsPage_versions` (
  `ID` int NOT NULL AUTO_INCREMENT,
  `RecordID` int NOT NULL DEFAULT '0',
  `Version` int NOT NULL DEFAULT '0',
  `AboutDescription` mediumtext CHARACTER SET utf8mb3 COLLATE utf8mb3_general_ci,
  `HostIntro` mediumtext CHARACTER SET utf8mb3 COLLATE utf8mb3_general_ci,
  `HostFAQs` mediumtext CHARACTER SET utf8mb3 COLLATE utf8mb3_general_ci,
  `ToolkitDesc` mediumtext CHARACTER SET utf8mb3 COLLATE utf8mb3_general_ci,
  `ArtworkIntro` mediumtext CHARACTER SET utf8mb3 COLLATE utf8mb3_general_ci,
  `CollateralIntro` mediumtext CHARACTER SET utf8mb3 COLLATE utf8mb3_general_ci,
  PRIMARY KEY (`ID`),
  UNIQUE KEY `RecordID_Version` (`RecordID`,`Version`),
  KEY `RecordID` (`RecordID`),
  KEY `Version` (`Version`)
) ENGINE=InnoDB DEFAULT CHARSET=latin1;
/*!40101 SET character_set_client = @saved_cs_client */;

--
-- Dumping data for table `HackathonsPage_versions`
--

LOCK TABLES `HackathonsPage_versions` WRITE;
/*!40000 ALTER TABLE `HackathonsPage_versions` DISABLE KEYS */;
/*!40000 ALTER TABLE `HackathonsPage_versions` ENABLE KEYS */;
UNLOCK TABLES;

--
-- Table structure for table `HomePage`
--

DROP TABLE IF EXISTS `HomePage`;
/*!40101 SET @saved_cs_client     = @@character_set_client */;
/*!50503 SET character_set_client = utf8mb4 */;
CREATE TABLE `HomePage` (
  `ID` int NOT NULL AUTO_INCREMENT,
  `FeedData` mediumtext CHARACTER SET utf8mb3 COLLATE utf8mb3_general_ci,
  `EventDate` date DEFAULT NULL,
  `VideoCurrentlyPlaying` mediumtext CHARACTER SET utf8mb3 COLLATE utf8mb3_general_ci,
  `PromoIntroMessage` mediumtext CHARACTER SET utf8mb3 COLLATE utf8mb3_general_ci,
  `PromoIntroSize` varchar(20) CHARACTER SET utf8mb3 COLLATE utf8mb3_general_ci DEFAULT NULL,
  `PromoButtonText` mediumtext CHARACTER SET utf8mb3 COLLATE utf8mb3_general_ci,
  `PromoButtonUrl` mediumtext CHARACTER SET utf8mb3 COLLATE utf8mb3_general_ci,
  `PromoDatesText` mediumtext CHARACTER SET utf8mb3 COLLATE utf8mb3_general_ci,
  `PromoDatesSize` varchar(20) CHARACTER SET utf8mb3 COLLATE utf8mb3_general_ci DEFAULT NULL,
  `PromoHeroCredit` mediumtext CHARACTER SET utf8mb3 COLLATE utf8mb3_general_ci,
  `PromoHeroCreditUrl` mediumtext CHARACTER SET utf8mb3 COLLATE utf8mb3_general_ci,
  `SummitMode` tinyint unsigned NOT NULL DEFAULT '0',
  `NextPresentationStartTime` mediumtext CHARACTER SET utf8mb3 COLLATE utf8mb3_general_ci,
  `NextPresentationStartDate` mediumtext CHARACTER SET utf8mb3 COLLATE utf8mb3_general_ci,
  `LiveStreamURL` mediumtext CHARACTER SET utf8mb3 COLLATE utf8mb3_general_ci,
  `PromoImageID` int DEFAULT NULL,
  PRIMARY KEY (`ID`),
  KEY `PromoImageID` (`PromoImageID`)
) ENGINE=InnoDB DEFAULT CHARSET=latin1;
/*!40101 SET character_set_client = @saved_cs_client */;

--
-- Dumping data for table `HomePage`
--

LOCK TABLES `HomePage` WRITE;
/*!40000 ALTER TABLE `HomePage` DISABLE KEYS */;
/*!40000 ALTER TABLE `HomePage` ENABLE KEYS */;
UNLOCK TABLES;

--
-- Table structure for table `HomePage_Live`
--

DROP TABLE IF EXISTS `HomePage_Live`;
/*!40101 SET @saved_cs_client     = @@character_set_client */;
/*!50503 SET character_set_client = utf8mb4 */;
CREATE TABLE `HomePage_Live` (
  `ID` int NOT NULL AUTO_INCREMENT,
  `FeedData` mediumtext CHARACTER SET utf8mb3 COLLATE utf8mb3_general_ci,
  `EventDate` date DEFAULT NULL,
  `VideoCurrentlyPlaying` mediumtext CHARACTER SET utf8mb3 COLLATE utf8mb3_general_ci,
  `PromoIntroMessage` mediumtext CHARACTER SET utf8mb3 COLLATE utf8mb3_general_ci,
  `PromoIntroSize` varchar(20) CHARACTER SET utf8mb3 COLLATE utf8mb3_general_ci DEFAULT NULL,
  `PromoButtonText` mediumtext CHARACTER SET utf8mb3 COLLATE utf8mb3_general_ci,
  `PromoButtonUrl` mediumtext CHARACTER SET utf8mb3 COLLATE utf8mb3_general_ci,
  `PromoDatesText` mediumtext CHARACTER SET utf8mb3 COLLATE utf8mb3_general_ci,
  `PromoDatesSize` varchar(20) CHARACTER SET utf8mb3 COLLATE utf8mb3_general_ci DEFAULT NULL,
  `PromoHeroCredit` mediumtext CHARACTER SET utf8mb3 COLLATE utf8mb3_general_ci,
  `PromoHeroCreditUrl` mediumtext CHARACTER SET utf8mb3 COLLATE utf8mb3_general_ci,
  `SummitMode` tinyint unsigned NOT NULL DEFAULT '0',
  `NextPresentationStartTime` mediumtext CHARACTER SET utf8mb3 COLLATE utf8mb3_general_ci,
  `NextPresentationStartDate` mediumtext CHARACTER SET utf8mb3 COLLATE utf8mb3_general_ci,
  `LiveStreamURL` mediumtext CHARACTER SET utf8mb3 COLLATE utf8mb3_general_ci,
  `PromoImageID` int DEFAULT NULL,
  PRIMARY KEY (`ID`),
  KEY `PromoImageID` (`PromoImageID`)
) ENGINE=InnoDB DEFAULT CHARSET=latin1;
/*!40101 SET character_set_client = @saved_cs_client */;

--
-- Dumping data for table `HomePage_Live`
--

LOCK TABLES `HomePage_Live` WRITE;
/*!40000 ALTER TABLE `HomePage_Live` DISABLE KEYS */;
/*!40000 ALTER TABLE `HomePage_Live` ENABLE KEYS */;
UNLOCK TABLES;

--
-- Table structure for table `HomePage_versions`
--

DROP TABLE IF EXISTS `HomePage_versions`;
/*!40101 SET @saved_cs_client     = @@character_set_client */;
/*!50503 SET character_set_client = utf8mb4 */;
CREATE TABLE `HomePage_versions` (
  `ID` int NOT NULL AUTO_INCREMENT,
  `RecordID` int NOT NULL DEFAULT '0',
  `Version` int NOT NULL DEFAULT '0',
  `FeedData` mediumtext CHARACTER SET utf8mb3 COLLATE utf8mb3_general_ci,
  `EventDate` date DEFAULT NULL,
  `VideoCurrentlyPlaying` mediumtext CHARACTER SET utf8mb3 COLLATE utf8mb3_general_ci,
  `PromoIntroMessage` mediumtext CHARACTER SET utf8mb3 COLLATE utf8mb3_general_ci,
  `PromoIntroSize` varchar(20) CHARACTER SET utf8mb3 COLLATE utf8mb3_general_ci DEFAULT NULL,
  `PromoButtonText` mediumtext CHARACTER SET utf8mb3 COLLATE utf8mb3_general_ci,
  `PromoButtonUrl` mediumtext CHARACTER SET utf8mb3 COLLATE utf8mb3_general_ci,
  `PromoDatesText` mediumtext CHARACTER SET utf8mb3 COLLATE utf8mb3_general_ci,
  `PromoDatesSize` varchar(20) CHARACTER SET utf8mb3 COLLATE utf8mb3_general_ci DEFAULT NULL,
  `PromoHeroCredit` mediumtext CHARACTER SET utf8mb3 COLLATE utf8mb3_general_ci,
  `PromoHeroCreditUrl` mediumtext CHARACTER SET utf8mb3 COLLATE utf8mb3_general_ci,
  `SummitMode` tinyint unsigned NOT NULL DEFAULT '0',
  `NextPresentationStartTime` mediumtext CHARACTER SET utf8mb3 COLLATE utf8mb3_general_ci,
  `NextPresentationStartDate` mediumtext CHARACTER SET utf8mb3 COLLATE utf8mb3_general_ci,
  `LiveStreamURL` mediumtext CHARACTER SET utf8mb3 COLLATE utf8mb3_general_ci,
  `PromoImageID` int DEFAULT NULL,
  PRIMARY KEY (`ID`),
  UNIQUE KEY `RecordID_Version` (`RecordID`,`Version`),
  KEY `PromoImageID` (`PromoImageID`),
  KEY `RecordID` (`RecordID`),
  KEY `Version` (`Version`)
) ENGINE=InnoDB DEFAULT CHARSET=latin1;
/*!40101 SET character_set_client = @saved_cs_client */;

--
-- Dumping data for table `HomePage_versions`
--

LOCK TABLES `HomePage_versions` WRITE;
/*!40000 ALTER TABLE `HomePage_versions` DISABLE KEYS */;
/*!40000 ALTER TABLE `HomePage_versions` ENABLE KEYS */;
UNLOCK TABLES;

--
-- Table structure for table `HyperVisorType`
--

DROP TABLE IF EXISTS `HyperVisorType`;
/*!40101 SET @saved_cs_client     = @@character_set_client */;
/*!50503 SET character_set_client = utf8mb4 */;
CREATE TABLE `HyperVisorType` (
  `ID` int NOT NULL AUTO_INCREMENT,
  `ClassName` enum('HyperVisorType') CHARACTER SET utf8mb3 COLLATE utf8mb3_general_ci DEFAULT 'HyperVisorType',
  `LastEdited` datetime DEFAULT NULL,
  `Created` datetime DEFAULT NULL,
  `Type` varchar(50) CHARACTER SET utf8mb3 COLLATE utf8mb3_general_ci DEFAULT NULL,
  PRIMARY KEY (`ID`),
  UNIQUE KEY `Type` (`Type`),
  KEY `ClassName` (`ClassName`)
) ENGINE=InnoDB DEFAULT CHARSET=latin1;
/*!40101 SET character_set_client = @saved_cs_client */;

--
-- Dumping data for table `HyperVisorType`
--

LOCK TABLES `HyperVisorType` WRITE;
/*!40000 ALTER TABLE `HyperVisorType` DISABLE KEYS */;
/*!40000 ALTER TABLE `HyperVisorType` ENABLE KEYS */;
UNLOCK TABLES;

--
-- Table structure for table `IndexItem`
--

DROP TABLE IF EXISTS `IndexItem`;
/*!40101 SET @saved_cs_client     = @@character_set_client */;
/*!50503 SET character_set_client = utf8mb4 */;
CREATE TABLE `IndexItem` (
  `ID` int NOT NULL AUTO_INCREMENT,
  `ClassName` enum('IndexItem') CHARACTER SET utf8mb3 COLLATE utf8mb3_general_ci DEFAULT 'IndexItem',
  `LastEdited` datetime DEFAULT NULL,
  `Created` datetime DEFAULT NULL,
  `Title` mediumtext CHARACTER SET utf8mb3 COLLATE utf8mb3_general_ci,
  `Link` mediumtext CHARACTER SET utf8mb3 COLLATE utf8mb3_general_ci,
  `Content` mediumtext CHARACTER SET utf8mb3 COLLATE utf8mb3_general_ci,
  `Order` int NOT NULL DEFAULT '0',
  `SectionID` int DEFAULT NULL,
  PRIMARY KEY (`ID`),
  KEY `ClassName` (`ClassName`),
  KEY `SectionID` (`SectionID`)
) ENGINE=InnoDB DEFAULT CHARSET=latin1;
/*!40101 SET character_set_client = @saved_cs_client */;

--
-- Dumping data for table `IndexItem`
--

LOCK TABLES `IndexItem` WRITE;
/*!40000 ALTER TABLE `IndexItem` DISABLE KEYS */;
/*!40000 ALTER TABLE `IndexItem` ENABLE KEYS */;
UNLOCK TABLES;

--
-- Table structure for table `InteropCapability`
--

DROP TABLE IF EXISTS `InteropCapability`;
/*!40101 SET @saved_cs_client     = @@character_set_client */;
/*!50503 SET character_set_client = utf8mb4 */;
CREATE TABLE `InteropCapability` (
  `ID` int NOT NULL AUTO_INCREMENT,
  `ClassName` enum('InteropCapability') CHARACTER SET utf8mb3 COLLATE utf8mb3_general_ci DEFAULT 'InteropCapability',
  `LastEdited` datetime DEFAULT NULL,
  `Created` datetime DEFAULT NULL,
  `Name` varchar(50) CHARACTER SET utf8mb3 COLLATE utf8mb3_general_ci DEFAULT NULL,
  `Description` mediumtext CHARACTER SET utf8mb3 COLLATE utf8mb3_general_ci,
  `Status` enum('Required','Advisory') CHARACTER SET utf8mb3 COLLATE utf8mb3_general_ci DEFAULT 'Required',
  `TypeID` int DEFAULT NULL,
  PRIMARY KEY (`ID`),
  KEY `ClassName` (`ClassName`),
  KEY `TypeID` (`TypeID`)
) ENGINE=InnoDB DEFAULT CHARSET=latin1;
/*!40101 SET character_set_client = @saved_cs_client */;

--
-- Dumping data for table `InteropCapability`
--

LOCK TABLES `InteropCapability` WRITE;
/*!40000 ALTER TABLE `InteropCapability` DISABLE KEYS */;
/*!40000 ALTER TABLE `InteropCapability` ENABLE KEYS */;
UNLOCK TABLES;

--
-- Table structure for table `InteropCapabilityType`
--

DROP TABLE IF EXISTS `InteropCapabilityType`;
/*!40101 SET @saved_cs_client     = @@character_set_client */;
/*!50503 SET character_set_client = utf8mb4 */;
CREATE TABLE `InteropCapabilityType` (
  `ID` int NOT NULL AUTO_INCREMENT,
  `ClassName` enum('InteropCapabilityType') CHARACTER SET utf8mb3 COLLATE utf8mb3_general_ci DEFAULT 'InteropCapabilityType',
  `LastEdited` datetime DEFAULT NULL,
  `Created` datetime DEFAULT NULL,
  `Name` varchar(50) CHARACTER SET utf8mb3 COLLATE utf8mb3_general_ci DEFAULT NULL,
  PRIMARY KEY (`ID`),
  KEY `ClassName` (`ClassName`)
) ENGINE=InnoDB DEFAULT CHARSET=latin1;
/*!40101 SET character_set_client = @saved_cs_client */;

--
-- Dumping data for table `InteropCapabilityType`
--

LOCK TABLES `InteropCapabilityType` WRITE;
/*!40000 ALTER TABLE `InteropCapabilityType` DISABLE KEYS */;
/*!40000 ALTER TABLE `InteropCapabilityType` ENABLE KEYS */;
UNLOCK TABLES;

--
-- Table structure for table `InteropDesignatedSection`
--

DROP TABLE IF EXISTS `InteropDesignatedSection`;
/*!40101 SET @saved_cs_client     = @@character_set_client */;
/*!50503 SET character_set_client = utf8mb4 */;
CREATE TABLE `InteropDesignatedSection` (
  `ID` int NOT NULL AUTO_INCREMENT,
  `ClassName` enum('InteropDesignatedSection') CHARACTER SET utf8mb3 COLLATE utf8mb3_general_ci DEFAULT 'InteropDesignatedSection',
  `LastEdited` datetime DEFAULT NULL,
  `Created` datetime DEFAULT NULL,
  `Name` varchar(50) CHARACTER SET utf8mb3 COLLATE utf8mb3_general_ci DEFAULT NULL,
  `Comment` mediumtext CHARACTER SET utf8mb3 COLLATE utf8mb3_general_ci,
  `Guidance` mediumtext CHARACTER SET utf8mb3 COLLATE utf8mb3_general_ci,
  `Status` enum('Required','Advisory','Deprecated','Removed','Informational') CHARACTER SET utf8mb3 COLLATE utf8mb3_general_ci DEFAULT 'Required',
  PRIMARY KEY (`ID`),
  KEY `ClassName` (`ClassName`)
) ENGINE=InnoDB DEFAULT CHARSET=latin1;
/*!40101 SET character_set_client = @saved_cs_client */;

--
-- Dumping data for table `InteropDesignatedSection`
--

LOCK TABLES `InteropDesignatedSection` WRITE;
/*!40000 ALTER TABLE `InteropDesignatedSection` DISABLE KEYS */;
/*!40000 ALTER TABLE `InteropDesignatedSection` ENABLE KEYS */;
UNLOCK TABLES;

--
-- Table structure for table `InteropProgramType`
--

DROP TABLE IF EXISTS `InteropProgramType`;
/*!40101 SET @saved_cs_client     = @@character_set_client */;
/*!50503 SET character_set_client = utf8mb4 */;
CREATE TABLE `InteropProgramType` (
  `ID` int NOT NULL AUTO_INCREMENT,
  `ClassName` enum('InteropProgramType') CHARACTER SET utf8mb3 COLLATE utf8mb3_general_ci DEFAULT 'InteropProgramType',
  `LastEdited` datetime DEFAULT NULL,
  `Created` datetime DEFAULT NULL,
  `Name` varchar(50) CHARACTER SET utf8mb3 COLLATE utf8mb3_general_ci DEFAULT NULL,
  `ShortName` varchar(50) CHARACTER SET utf8mb3 COLLATE utf8mb3_general_ci DEFAULT NULL,
  `Order` int NOT NULL DEFAULT '0',
  `RequiredCode` mediumtext CHARACTER SET utf8mb3 COLLATE utf8mb3_general_ci,
  `ProductExamples` mediumtext CHARACTER SET utf8mb3 COLLATE utf8mb3_general_ci,
  `TrademarkUse` mediumtext CHARACTER SET utf8mb3 COLLATE utf8mb3_general_ci,
  `HasCapabilities` tinyint unsigned NOT NULL DEFAULT '0',
  PRIMARY KEY (`ID`),
  KEY `ClassName` (`ClassName`)
) ENGINE=InnoDB DEFAULT CHARSET=latin1;
/*!40101 SET character_set_client = @saved_cs_client */;

--
-- Dumping data for table `InteropProgramType`
--

LOCK TABLES `InteropProgramType` WRITE;
/*!40000 ALTER TABLE `InteropProgramType` DISABLE KEYS */;
/*!40000 ALTER TABLE `InteropProgramType` ENABLE KEYS */;
UNLOCK TABLES;

--
-- Table structure for table `InteropProgramType_Capabilities`
--

DROP TABLE IF EXISTS `InteropProgramType_Capabilities`;
/*!40101 SET @saved_cs_client     = @@character_set_client */;
/*!50503 SET character_set_client = utf8mb4 */;
CREATE TABLE `InteropProgramType_Capabilities` (
  `ID` int NOT NULL AUTO_INCREMENT,
  `InteropProgramTypeID` int NOT NULL DEFAULT '0',
  `InteropCapabilityID` int NOT NULL DEFAULT '0',
  PRIMARY KEY (`ID`),
  KEY `InteropCapabilityID` (`InteropCapabilityID`),
  KEY `InteropProgramTypeID` (`InteropProgramTypeID`)
) ENGINE=InnoDB DEFAULT CHARSET=latin1;
/*!40101 SET character_set_client = @saved_cs_client */;

--
-- Dumping data for table `InteropProgramType_Capabilities`
--

LOCK TABLES `InteropProgramType_Capabilities` WRITE;
/*!40000 ALTER TABLE `InteropProgramType_Capabilities` DISABLE KEYS */;
/*!40000 ALTER TABLE `InteropProgramType_Capabilities` ENABLE KEYS */;
UNLOCK TABLES;

--
-- Table structure for table `InteropProgramType_DesignatedSections`
--

DROP TABLE IF EXISTS `InteropProgramType_DesignatedSections`;
/*!40101 SET @saved_cs_client     = @@character_set_client */;
/*!50503 SET character_set_client = utf8mb4 */;
CREATE TABLE `InteropProgramType_DesignatedSections` (
  `ID` int NOT NULL AUTO_INCREMENT,
  `InteropProgramTypeID` int NOT NULL DEFAULT '0',
  `InteropDesignatedSectionID` int NOT NULL DEFAULT '0',
  PRIMARY KEY (`ID`),
  KEY `InteropDesignatedSectionID` (`InteropDesignatedSectionID`),
  KEY `InteropProgramTypeID` (`InteropProgramTypeID`)
) ENGINE=InnoDB DEFAULT CHARSET=latin1;
/*!40101 SET character_set_client = @saved_cs_client */;

--
-- Dumping data for table `InteropProgramType_DesignatedSections`
--

LOCK TABLES `InteropProgramType_DesignatedSections` WRITE;
/*!40000 ALTER TABLE `InteropProgramType_DesignatedSections` DISABLE KEYS */;
/*!40000 ALTER TABLE `InteropProgramType_DesignatedSections` ENABLE KEYS */;
UNLOCK TABLES;

--
-- Table structure for table `InteropProgramVersion`
--

DROP TABLE IF EXISTS `InteropProgramVersion`;
/*!40101 SET @saved_cs_client     = @@character_set_client */;
/*!50503 SET character_set_client = utf8mb4 */;
CREATE TABLE `InteropProgramVersion` (
  `ID` int NOT NULL AUTO_INCREMENT,
  `ClassName` enum('InteropProgramVersion') CHARACTER SET utf8mb3 COLLATE utf8mb3_general_ci DEFAULT 'InteropProgramVersion',
  `LastEdited` datetime DEFAULT NULL,
  `Created` datetime DEFAULT NULL,
  `Name` varchar(50) CHARACTER SET utf8mb3 COLLATE utf8mb3_general_ci DEFAULT NULL,
  PRIMARY KEY (`ID`),
  KEY `ClassName` (`ClassName`)
) ENGINE=InnoDB DEFAULT CHARSET=latin1;
/*!40101 SET character_set_client = @saved_cs_client */;

--
-- Dumping data for table `InteropProgramVersion`
--

LOCK TABLES `InteropProgramVersion` WRITE;
/*!40000 ALTER TABLE `InteropProgramVersion` DISABLE KEYS */;
/*!40000 ALTER TABLE `InteropProgramVersion` ENABLE KEYS */;
UNLOCK TABLES;

--
-- Table structure for table `InteropProgramVersion_Capabilities`
--

DROP TABLE IF EXISTS `InteropProgramVersion_Capabilities`;
/*!40101 SET @saved_cs_client     = @@character_set_client */;
/*!50503 SET character_set_client = utf8mb4 */;
CREATE TABLE `InteropProgramVersion_Capabilities` (
  `ID` int NOT NULL AUTO_INCREMENT,
  `InteropProgramVersionID` int NOT NULL DEFAULT '0',
  `InteropCapabilityID` int NOT NULL DEFAULT '0',
  `Order` int NOT NULL DEFAULT '0',
  PRIMARY KEY (`ID`),
  KEY `InteropCapabilityID` (`InteropCapabilityID`),
  KEY `InteropProgramVersionID` (`InteropProgramVersionID`)
) ENGINE=InnoDB DEFAULT CHARSET=latin1;
/*!40101 SET character_set_client = @saved_cs_client */;

--
-- Dumping data for table `InteropProgramVersion_Capabilities`
--

LOCK TABLES `InteropProgramVersion_Capabilities` WRITE;
/*!40000 ALTER TABLE `InteropProgramVersion_Capabilities` DISABLE KEYS */;
/*!40000 ALTER TABLE `InteropProgramVersion_Capabilities` ENABLE KEYS */;
UNLOCK TABLES;

--
-- Table structure for table `InteropProgramVersion_DesignatedSections`
--

DROP TABLE IF EXISTS `InteropProgramVersion_DesignatedSections`;
/*!40101 SET @saved_cs_client     = @@character_set_client */;
/*!50503 SET character_set_client = utf8mb4 */;
CREATE TABLE `InteropProgramVersion_DesignatedSections` (
  `ID` int NOT NULL AUTO_INCREMENT,
  `InteropProgramVersionID` int NOT NULL DEFAULT '0',
  `InteropDesignatedSectionID` int NOT NULL DEFAULT '0',
  `Order` int NOT NULL DEFAULT '0',
  PRIMARY KEY (`ID`),
  KEY `InteropDesignatedSectionID` (`InteropDesignatedSectionID`),
  KEY `InteropProgramVersionID` (`InteropProgramVersionID`)
) ENGINE=InnoDB DEFAULT CHARSET=latin1;
/*!40101 SET character_set_client = @saved_cs_client */;

--
-- Dumping data for table `InteropProgramVersion_DesignatedSections`
--

LOCK TABLES `InteropProgramVersion_DesignatedSections` WRITE;
/*!40000 ALTER TABLE `InteropProgramVersion_DesignatedSections` DISABLE KEYS */;
/*!40000 ALTER TABLE `InteropProgramVersion_DesignatedSections` ENABLE KEYS */;
UNLOCK TABLES;

--
-- Table structure for table `InvolvementType`
--

DROP TABLE IF EXISTS `InvolvementType`;
/*!40101 SET @saved_cs_client     = @@character_set_client */;
/*!50503 SET character_set_client = utf8mb4 */;
CREATE TABLE `InvolvementType` (
  `ID` int NOT NULL AUTO_INCREMENT,
  `ClassName` enum('InvolvementType') CHARACTER SET utf8mb3 COLLATE utf8mb3_general_ci DEFAULT 'InvolvementType',
  `LastEdited` datetime DEFAULT NULL,
  `Created` datetime DEFAULT NULL,
  `Name` mediumtext CHARACTER SET utf8mb3 COLLATE utf8mb3_general_ci,
  PRIMARY KEY (`ID`),
  KEY `ClassName` (`ClassName`)
) ENGINE=InnoDB DEFAULT CHARSET=latin1;
/*!40101 SET character_set_client = @saved_cs_client */;

--
-- Dumping data for table `InvolvementType`
--

LOCK TABLES `InvolvementType` WRITE;
/*!40000 ALTER TABLE `InvolvementType` DISABLE KEYS */;
/*!40000 ALTER TABLE `InvolvementType` ENABLE KEYS */;
UNLOCK TABLES;

--
-- Table structure for table `JSONMember`
--

DROP TABLE IF EXISTS `JSONMember`;
/*!40101 SET @saved_cs_client     = @@character_set_client */;
/*!50503 SET character_set_client = utf8mb4 */;
CREATE TABLE `JSONMember` (
  `ID` int NOT NULL AUTO_INCREMENT,
  `ClassName` enum('JSONMember') CHARACTER SET utf8mb3 COLLATE utf8mb3_general_ci DEFAULT 'JSONMember',
  `LastEdited` datetime DEFAULT NULL,
  `Created` datetime DEFAULT NULL,
  `FirstName` mediumtext CHARACTER SET utf8mb3 COLLATE utf8mb3_general_ci,
  `Surname` mediumtext CHARACTER SET utf8mb3 COLLATE utf8mb3_general_ci,
  `IRCHandle` mediumtext CHARACTER SET utf8mb3 COLLATE utf8mb3_general_ci,
  `TwitterName` mediumtext CHARACTER SET utf8mb3 COLLATE utf8mb3_general_ci,
  `Email` mediumtext CHARACTER SET utf8mb3 COLLATE utf8mb3_general_ci,
  `SecondEmail` mediumtext CHARACTER SET utf8mb3 COLLATE utf8mb3_general_ci,
  `ThirdEmail` mediumtext CHARACTER SET utf8mb3 COLLATE utf8mb3_general_ci,
  `OrgAffiliations` mediumtext CHARACTER SET utf8mb3 COLLATE utf8mb3_general_ci,
  `untilDate` date DEFAULT NULL,
  PRIMARY KEY (`ID`),
  KEY `ClassName` (`ClassName`)
) ENGINE=InnoDB DEFAULT CHARSET=latin1;
/*!40101 SET character_set_client = @saved_cs_client */;

--
-- Dumping data for table `JSONMember`
--

LOCK TABLES `JSONMember` WRITE;
/*!40000 ALTER TABLE `JSONMember` DISABLE KEYS */;
/*!40000 ALTER TABLE `JSONMember` ENABLE KEYS */;
UNLOCK TABLES;

--
-- Table structure for table `Job`
--

DROP TABLE IF EXISTS `Job`;
/*!40101 SET @saved_cs_client     = @@character_set_client */;
/*!50503 SET character_set_client = utf8mb4 */;
CREATE TABLE `Job` (
  `ID` int NOT NULL AUTO_INCREMENT,
  `ClassName` enum('Job') CHARACTER SET utf8mb3 COLLATE utf8mb3_general_ci DEFAULT 'Job',
  `LastEdited` datetime DEFAULT NULL,
  `Created` datetime DEFAULT NULL,
  `Title` varchar(255) CHARACTER SET utf8mb3 COLLATE utf8mb3_general_ci DEFAULT NULL,
  `Description` mediumtext CHARACTER SET utf8mb3 COLLATE utf8mb3_general_ci,
  `PostedDate` datetime DEFAULT NULL,
  `ExpirationDate` datetime DEFAULT NULL,
  `CompanyName` mediumtext CHARACTER SET utf8mb3 COLLATE utf8mb3_general_ci,
  `MoreInfoLink` mediumtext CHARACTER SET utf8mb3 COLLATE utf8mb3_general_ci,
  `Location` mediumtext CHARACTER SET utf8mb3 COLLATE utf8mb3_general_ci,
  `IsFoundationJob` tinyint unsigned NOT NULL DEFAULT '0',
  `IsActive` tinyint unsigned NOT NULL DEFAULT '0',
  `Instructions2Apply` mediumtext CHARACTER SET utf8mb3 COLLATE utf8mb3_general_ci,
  `LocationType` enum('N/A','Remote','Various') CHARACTER SET utf8mb3 COLLATE utf8mb3_general_ci DEFAULT 'Various',
  `IsCOANeeded` tinyint unsigned NOT NULL DEFAULT '0',
  `CompanyID` int DEFAULT NULL,
  `TypeID` int DEFAULT NULL,
  `RegistrationRequestID` int DEFAULT NULL,
  PRIMARY KEY (`ID`),
  KEY `ClassName` (`ClassName`),
  KEY `CompanyID` (`CompanyID`),
  KEY `RegistrationRequestID` (`RegistrationRequestID`),
  KEY `TypeID` (`TypeID`)
) ENGINE=InnoDB DEFAULT CHARSET=latin1;
/*!40101 SET character_set_client = @saved_cs_client */;

--
-- Dumping data for table `Job`
--

LOCK TABLES `Job` WRITE;
/*!40000 ALTER TABLE `Job` DISABLE KEYS */;
/*!40000 ALTER TABLE `Job` ENABLE KEYS */;
UNLOCK TABLES;

--
-- Table structure for table `JobAlertEmail`
--

DROP TABLE IF EXISTS `JobAlertEmail`;
/*!40101 SET @saved_cs_client     = @@character_set_client */;
/*!50503 SET character_set_client = utf8mb4 */;
CREATE TABLE `JobAlertEmail` (
  `ID` int NOT NULL AUTO_INCREMENT,
  `ClassName` enum('JobAlertEmail') CHARACTER SET utf8mb3 COLLATE utf8mb3_general_ci DEFAULT 'JobAlertEmail',
  `LastEdited` datetime DEFAULT NULL,
  `Created` datetime DEFAULT NULL,
  `LastJobRegistrationRequestID` int DEFAULT NULL,
  PRIMARY KEY (`ID`),
  KEY `ClassName` (`ClassName`),
  KEY `LastJobRegistrationRequestID` (`LastJobRegistrationRequestID`)
) ENGINE=InnoDB DEFAULT CHARSET=latin1;
/*!40101 SET character_set_client = @saved_cs_client */;

--
-- Dumping data for table `JobAlertEmail`
--

LOCK TABLES `JobAlertEmail` WRITE;
/*!40000 ALTER TABLE `JobAlertEmail` DISABLE KEYS */;
/*!40000 ALTER TABLE `JobAlertEmail` ENABLE KEYS */;
UNLOCK TABLES;

--
-- Table structure for table `JobLocation`
--

DROP TABLE IF EXISTS `JobLocation`;
/*!40101 SET @saved_cs_client     = @@character_set_client */;
/*!50503 SET character_set_client = utf8mb4 */;
CREATE TABLE `JobLocation` (
  `ID` int NOT NULL AUTO_INCREMENT,
  `ClassName` enum('JobLocation') CHARACTER SET utf8mb3 COLLATE utf8mb3_general_ci DEFAULT 'JobLocation',
  `LastEdited` datetime DEFAULT NULL,
  `Created` datetime DEFAULT NULL,
  `City` mediumtext CHARACTER SET utf8mb3 COLLATE utf8mb3_general_ci,
  `State` mediumtext CHARACTER SET utf8mb3 COLLATE utf8mb3_general_ci,
  `Country` mediumtext CHARACTER SET utf8mb3 COLLATE utf8mb3_general_ci,
  `JobID` int DEFAULT NULL,
  `RequestID` int DEFAULT NULL,
  PRIMARY KEY (`ID`),
  KEY `ClassName` (`ClassName`),
  KEY `JobID` (`JobID`),
  KEY `RequestID` (`RequestID`)
) ENGINE=InnoDB DEFAULT CHARSET=latin1;
/*!40101 SET character_set_client = @saved_cs_client */;

--
-- Dumping data for table `JobLocation`
--

LOCK TABLES `JobLocation` WRITE;
/*!40000 ALTER TABLE `JobLocation` DISABLE KEYS */;
/*!40000 ALTER TABLE `JobLocation` ENABLE KEYS */;
UNLOCK TABLES;

--
-- Table structure for table `JobRegistrationRequest`
--

DROP TABLE IF EXISTS `JobRegistrationRequest`;
/*!40101 SET @saved_cs_client     = @@character_set_client */;
/*!50503 SET character_set_client = utf8mb4 */;
CREATE TABLE `JobRegistrationRequest` (
  `ID` int NOT NULL AUTO_INCREMENT,
  `ClassName` enum('JobRegistrationRequest') CHARACTER SET utf8mb3 COLLATE utf8mb3_general_ci DEFAULT 'JobRegistrationRequest',
  `LastEdited` datetime DEFAULT NULL,
  `Created` datetime DEFAULT NULL,
  `Title` varchar(100) CHARACTER SET utf8mb3 COLLATE utf8mb3_general_ci DEFAULT NULL,
  `Url` varchar(255) CHARACTER SET utf8mb3 COLLATE utf8mb3_general_ci DEFAULT NULL,
  `CompanyName` varchar(255) CHARACTER SET utf8mb3 COLLATE utf8mb3_general_ci DEFAULT NULL,
  `Description` mediumtext CHARACTER SET utf8mb3 COLLATE utf8mb3_general_ci,
  `Instructions2Apply` mediumtext CHARACTER SET utf8mb3 COLLATE utf8mb3_general_ci,
  `ExpirationDate` datetime DEFAULT NULL,
  `PointOfContactName` varchar(100) CHARACTER SET utf8mb3 COLLATE utf8mb3_general_ci DEFAULT NULL,
  `PointOfContactEmail` varchar(100) CHARACTER SET utf8mb3 COLLATE utf8mb3_general_ci DEFAULT NULL,
  `PostDate` datetime DEFAULT NULL,
  `isPosted` tinyint unsigned NOT NULL DEFAULT '0',
  `isRejected` tinyint unsigned NOT NULL DEFAULT '0',
  `LocationType` enum('N/A','Remote','Various') CHARACTER SET utf8mb3 COLLATE utf8mb3_general_ci DEFAULT 'N/A',
  `City` varchar(100) CHARACTER SET utf8mb3 COLLATE utf8mb3_general_ci DEFAULT NULL,
  `State` varchar(50) CHARACTER SET utf8mb3 COLLATE utf8mb3_general_ci DEFAULT NULL,
  `Country` varchar(50) CHARACTER SET utf8mb3 COLLATE utf8mb3_general_ci DEFAULT NULL,
  `IsCOANeeded` tinyint unsigned NOT NULL DEFAULT '0',
  `MemberID` int DEFAULT NULL,
  `CompanyID` int DEFAULT NULL,
  `TypeID` int DEFAULT NULL,
  PRIMARY KEY (`ID`),
  KEY `ClassName` (`ClassName`),
  KEY `CompanyID` (`CompanyID`),
  KEY `MemberID` (`MemberID`),
  KEY `TypeID` (`TypeID`)
) ENGINE=InnoDB DEFAULT CHARSET=latin1;
/*!40101 SET character_set_client = @saved_cs_client */;

--
-- Dumping data for table `JobRegistrationRequest`
--

LOCK TABLES `JobRegistrationRequest` WRITE;
/*!40000 ALTER TABLE `JobRegistrationRequest` DISABLE KEYS */;
/*!40000 ALTER TABLE `JobRegistrationRequest` ENABLE KEYS */;
UNLOCK TABLES;

--
-- Table structure for table `JobType`
--

DROP TABLE IF EXISTS `JobType`;
/*!40101 SET @saved_cs_client     = @@character_set_client */;
/*!50503 SET character_set_client = utf8mb4 */;
CREATE TABLE `JobType` (
  `ID` int NOT NULL AUTO_INCREMENT,
  `ClassName` enum('JobType') CHARACTER SET utf8mb3 COLLATE utf8mb3_general_ci DEFAULT 'JobType',
  `LastEdited` datetime DEFAULT NULL,
  `Created` datetime DEFAULT NULL,
  `Type` varchar(255) CHARACTER SET utf8mb3 COLLATE utf8mb3_general_ci DEFAULT NULL,
  PRIMARY KEY (`ID`),
  KEY `ClassName` (`ClassName`)
) ENGINE=InnoDB DEFAULT CHARSET=latin1;
/*!40101 SET character_set_client = @saved_cs_client */;

--
-- Dumping data for table `JobType`
--

LOCK TABLES `JobType` WRITE;
/*!40000 ALTER TABLE `JobType` DISABLE KEYS */;
/*!40000 ALTER TABLE `JobType` ENABLE KEYS */;
UNLOCK TABLES;

--
-- Table structure for table `Language`
--

DROP TABLE IF EXISTS `Language`;
/*!40101 SET @saved_cs_client     = @@character_set_client */;
/*!50503 SET character_set_client = utf8mb4 */;
CREATE TABLE `Language` (
  `ID` int NOT NULL AUTO_INCREMENT,
  `ClassName` enum('Language') CHARACTER SET utf8mb3 COLLATE utf8mb3_general_ci DEFAULT 'Language',
  `LastEdited` datetime DEFAULT NULL,
  `Created` datetime DEFAULT NULL,
  `Name` varchar(255) CHARACTER SET utf8mb3 COLLATE utf8mb3_general_ci DEFAULT NULL,
  `IsoCode_639_1` varchar(2) CHARACTER SET utf8mb3 COLLATE utf8mb3_general_ci DEFAULT NULL,
  PRIMARY KEY (`ID`),
  KEY `ClassName` (`ClassName`)
) ENGINE=InnoDB DEFAULT CHARSET=latin1;
/*!40101 SET character_set_client = @saved_cs_client */;

--
-- Dumping data for table `Language`
--

LOCK TABLES `Language` WRITE;
/*!40000 ALTER TABLE `Language` DISABLE KEYS */;
/*!40000 ALTER TABLE `Language` ENABLE KEYS */;
UNLOCK TABLES;

--
-- Table structure for table `LawPayPaymentProfile`
--

DROP TABLE IF EXISTS `LawPayPaymentProfile`;
/*!40101 SET @saved_cs_client     = @@character_set_client */;
/*!50503 SET character_set_client = utf8mb4 */;
CREATE TABLE `LawPayPaymentProfile` (
  `ID` int NOT NULL AUTO_INCREMENT,
  `MerchantAccountId` longtext COLLATE utf8mb3_unicode_ci,
  PRIMARY KEY (`ID`),
  CONSTRAINT `FK_5E1D41FD11D3633A` FOREIGN KEY (`ID`) REFERENCES `PaymentGatewayProfile` (`ID`) ON DELETE CASCADE
) ENGINE=InnoDB DEFAULT CHARSET=utf8mb3 COLLATE=utf8mb3_unicode_ci;
/*!40101 SET character_set_client = @saved_cs_client */;

--
-- Dumping data for table `LawPayPaymentProfile`
--

LOCK TABLES `LawPayPaymentProfile` WRITE;
/*!40000 ALTER TABLE `LawPayPaymentProfile` DISABLE KEYS */;
/*!40000 ALTER TABLE `LawPayPaymentProfile` ENABLE KEYS */;
UNLOCK TABLES;

--
-- Table structure for table `LegalAgreement`
--

DROP TABLE IF EXISTS `LegalAgreement`;
/*!40101 SET @saved_cs_client     = @@character_set_client */;
/*!50503 SET character_set_client = utf8mb4 */;
CREATE TABLE `LegalAgreement` (
  `ID` int NOT NULL AUTO_INCREMENT,
  `ClassName` enum('LegalAgreement') CHARACTER SET utf8mb3 COLLATE utf8mb3_general_ci DEFAULT 'LegalAgreement',
  `LastEdited` datetime DEFAULT NULL,
  `Created` datetime DEFAULT NULL,
  `Signature` varchar(255) CHARACTER SET utf8mb3 COLLATE utf8mb3_general_ci DEFAULT NULL,
  `LegalDocumentPageID` int DEFAULT NULL,
  `MemberID` int DEFAULT NULL,
  PRIMARY KEY (`ID`),
  KEY `ClassName` (`ClassName`),
  KEY `LegalDocumentPageID` (`LegalDocumentPageID`),
  KEY `MemberID` (`MemberID`)
) ENGINE=InnoDB DEFAULT CHARSET=latin1;
/*!40101 SET character_set_client = @saved_cs_client */;

--
-- Dumping data for table `LegalAgreement`
--

LOCK TABLES `LegalAgreement` WRITE;
/*!40000 ALTER TABLE `LegalAgreement` DISABLE KEYS */;
/*!40000 ALTER TABLE `LegalAgreement` ENABLE KEYS */;
UNLOCK TABLES;

--
-- Table structure for table `LegalDocumentPage`
--

DROP TABLE IF EXISTS `LegalDocumentPage`;
/*!40101 SET @saved_cs_client     = @@character_set_client */;
/*!50503 SET character_set_client = utf8mb4 */;
CREATE TABLE `LegalDocumentPage` (
  `ID` int NOT NULL AUTO_INCREMENT,
  `LegalDocumentFileID` int DEFAULT NULL,
  PRIMARY KEY (`ID`),
  KEY `LegalDocumentFileID` (`LegalDocumentFileID`)
) ENGINE=InnoDB DEFAULT CHARSET=latin1;
/*!40101 SET character_set_client = @saved_cs_client */;

--
-- Dumping data for table `LegalDocumentPage`
--

LOCK TABLES `LegalDocumentPage` WRITE;
/*!40000 ALTER TABLE `LegalDocumentPage` DISABLE KEYS */;
/*!40000 ALTER TABLE `LegalDocumentPage` ENABLE KEYS */;
UNLOCK TABLES;

--
-- Table structure for table `LegalDocumentPage_Live`
--

DROP TABLE IF EXISTS `LegalDocumentPage_Live`;
/*!40101 SET @saved_cs_client     = @@character_set_client */;
/*!50503 SET character_set_client = utf8mb4 */;
CREATE TABLE `LegalDocumentPage_Live` (
  `ID` int NOT NULL AUTO_INCREMENT,
  `LegalDocumentFileID` int DEFAULT NULL,
  PRIMARY KEY (`ID`),
  KEY `LegalDocumentFileID` (`LegalDocumentFileID`)
) ENGINE=InnoDB DEFAULT CHARSET=latin1;
/*!40101 SET character_set_client = @saved_cs_client */;

--
-- Dumping data for table `LegalDocumentPage_Live`
--

LOCK TABLES `LegalDocumentPage_Live` WRITE;
/*!40000 ALTER TABLE `LegalDocumentPage_Live` DISABLE KEYS */;
/*!40000 ALTER TABLE `LegalDocumentPage_Live` ENABLE KEYS */;
UNLOCK TABLES;

--
-- Table structure for table `LegalDocumentPage_versions`
--

DROP TABLE IF EXISTS `LegalDocumentPage_versions`;
/*!40101 SET @saved_cs_client     = @@character_set_client */;
/*!50503 SET character_set_client = utf8mb4 */;
CREATE TABLE `LegalDocumentPage_versions` (
  `ID` int NOT NULL AUTO_INCREMENT,
  `RecordID` int NOT NULL DEFAULT '0',
  `Version` int NOT NULL DEFAULT '0',
  `LegalDocumentFileID` int DEFAULT NULL,
  PRIMARY KEY (`ID`),
  UNIQUE KEY `RecordID_Version` (`RecordID`,`Version`),
  KEY `LegalDocumentFileID` (`LegalDocumentFileID`),
  KEY `RecordID` (`RecordID`),
  KEY `Version` (`Version`)
) ENGINE=InnoDB DEFAULT CHARSET=latin1;
/*!40101 SET character_set_client = @saved_cs_client */;

--
-- Dumping data for table `LegalDocumentPage_versions`
--

LOCK TABLES `LegalDocumentPage_versions` WRITE;
/*!40000 ALTER TABLE `LegalDocumentPage_versions` DISABLE KEYS */;
/*!40000 ALTER TABLE `LegalDocumentPage_versions` ENABLE KEYS */;
UNLOCK TABLES;

--
-- Table structure for table `Link`
--

DROP TABLE IF EXISTS `Link`;
/*!40101 SET @saved_cs_client     = @@character_set_client */;
/*!50503 SET character_set_client = utf8mb4 */;
CREATE TABLE `Link` (
  `ID` int NOT NULL AUTO_INCREMENT,
  `ClassName` enum('Link','PageLink','OpenStackComponentLink') CHARACTER SET utf8mb3 COLLATE utf8mb3_general_ci DEFAULT 'Link',
  `LastEdited` datetime DEFAULT NULL,
  `Created` datetime DEFAULT NULL,
  `Label` mediumtext CHARACTER SET utf8mb3 COLLATE utf8mb3_general_ci,
  `URL` mediumtext CHARACTER SET utf8mb3 COLLATE utf8mb3_general_ci,
  `IconClass` varchar(50) CHARACTER SET utf8mb3 COLLATE utf8mb3_general_ci DEFAULT NULL,
  `ButtonColor` varchar(6) CHARACTER SET utf8mb3 COLLATE utf8mb3_general_ci DEFAULT NULL,
  `Description` mediumtext CHARACTER SET utf8mb3 COLLATE utf8mb3_general_ci,
  PRIMARY KEY (`ID`),
  KEY `ClassName` (`ClassName`)
) ENGINE=InnoDB DEFAULT CHARSET=latin1;
/*!40101 SET character_set_client = @saved_cs_client */;

--
-- Dumping data for table `Link`
--

LOCK TABLES `Link` WRITE;
/*!40000 ALTER TABLE `Link` DISABLE KEYS */;
/*!40000 ALTER TABLE `Link` ENABLE KEYS */;
UNLOCK TABLES;

--
-- Table structure for table `LoginAttempt`
--

DROP TABLE IF EXISTS `LoginAttempt`;
/*!40101 SET @saved_cs_client     = @@character_set_client */;
/*!50503 SET character_set_client = utf8mb4 */;
CREATE TABLE `LoginAttempt` (
  `ID` int NOT NULL AUTO_INCREMENT,
  `ClassName` enum('LoginAttempt') CHARACTER SET utf8mb3 COLLATE utf8mb3_general_ci DEFAULT 'LoginAttempt',
  `LastEdited` datetime DEFAULT NULL,
  `Created` datetime DEFAULT NULL,
  `Email` varchar(255) CHARACTER SET utf8mb3 COLLATE utf8mb3_general_ci DEFAULT NULL,
  `EmailHashed` varchar(255) CHARACTER SET utf8mb3 COLLATE utf8mb3_general_ci DEFAULT NULL,
  `Status` enum('Success','Failure') CHARACTER SET utf8mb3 COLLATE utf8mb3_general_ci DEFAULT 'Success',
  `IP` varchar(255) CHARACTER SET utf8mb3 COLLATE utf8mb3_general_ci DEFAULT NULL,
  `MemberID` int DEFAULT NULL,
  PRIMARY KEY (`ID`),
  KEY `ClassName` (`ClassName`),
  KEY `MemberID` (`MemberID`)
) ENGINE=InnoDB DEFAULT CHARSET=latin1;
/*!40101 SET character_set_client = @saved_cs_client */;

--
-- Dumping data for table `LoginAttempt`
--

LOCK TABLES `LoginAttempt` WRITE;
/*!40000 ALTER TABLE `LoginAttempt` DISABLE KEYS */;
/*!40000 ALTER TABLE `LoginAttempt` ENABLE KEYS */;
UNLOCK TABLES;

--
-- Table structure for table `LogoGuidelinesPage`
--

DROP TABLE IF EXISTS `LogoGuidelinesPage`;
/*!40101 SET @saved_cs_client     = @@character_set_client */;
/*!50503 SET character_set_client = utf8mb4 */;
CREATE TABLE `LogoGuidelinesPage` (
  `ID` int NOT NULL AUTO_INCREMENT,
  `Preamble` mediumtext CHARACTER SET utf8mb3 COLLATE utf8mb3_general_ci,
  `TrademarkURL` mediumtext CHARACTER SET utf8mb3 COLLATE utf8mb3_general_ci,
  PRIMARY KEY (`ID`)
) ENGINE=InnoDB DEFAULT CHARSET=latin1;
/*!40101 SET character_set_client = @saved_cs_client */;

--
-- Dumping data for table `LogoGuidelinesPage`
--

LOCK TABLES `LogoGuidelinesPage` WRITE;
/*!40000 ALTER TABLE `LogoGuidelinesPage` DISABLE KEYS */;
/*!40000 ALTER TABLE `LogoGuidelinesPage` ENABLE KEYS */;
UNLOCK TABLES;

--
-- Table structure for table `LogoGuidelinesPage_Live`
--

DROP TABLE IF EXISTS `LogoGuidelinesPage_Live`;
/*!40101 SET @saved_cs_client     = @@character_set_client */;
/*!50503 SET character_set_client = utf8mb4 */;
CREATE TABLE `LogoGuidelinesPage_Live` (
  `ID` int NOT NULL AUTO_INCREMENT,
  `Preamble` mediumtext CHARACTER SET utf8mb3 COLLATE utf8mb3_general_ci,
  `TrademarkURL` mediumtext CHARACTER SET utf8mb3 COLLATE utf8mb3_general_ci,
  PRIMARY KEY (`ID`)
) ENGINE=InnoDB DEFAULT CHARSET=latin1;
/*!40101 SET character_set_client = @saved_cs_client */;

--
-- Dumping data for table `LogoGuidelinesPage_Live`
--

LOCK TABLES `LogoGuidelinesPage_Live` WRITE;
/*!40000 ALTER TABLE `LogoGuidelinesPage_Live` DISABLE KEYS */;
/*!40000 ALTER TABLE `LogoGuidelinesPage_Live` ENABLE KEYS */;
UNLOCK TABLES;

--
-- Table structure for table `LogoGuidelinesPage_versions`
--

DROP TABLE IF EXISTS `LogoGuidelinesPage_versions`;
/*!40101 SET @saved_cs_client     = @@character_set_client */;
/*!50503 SET character_set_client = utf8mb4 */;
CREATE TABLE `LogoGuidelinesPage_versions` (
  `ID` int NOT NULL AUTO_INCREMENT,
  `RecordID` int NOT NULL DEFAULT '0',
  `Version` int NOT NULL DEFAULT '0',
  `Preamble` mediumtext CHARACTER SET utf8mb3 COLLATE utf8mb3_general_ci,
  `TrademarkURL` mediumtext CHARACTER SET utf8mb3 COLLATE utf8mb3_general_ci,
  PRIMARY KEY (`ID`),
  UNIQUE KEY `RecordID_Version` (`RecordID`,`Version`),
  KEY `RecordID` (`RecordID`),
  KEY `Version` (`Version`)
) ENGINE=InnoDB DEFAULT CHARSET=latin1;
/*!40101 SET character_set_client = @saved_cs_client */;

--
-- Dumping data for table `LogoGuidelinesPage_versions`
--

LOCK TABLES `LogoGuidelinesPage_versions` WRITE;
/*!40000 ALTER TABLE `LogoGuidelinesPage_versions` DISABLE KEYS */;
/*!40000 ALTER TABLE `LogoGuidelinesPage_versions` ENABLE KEYS */;
UNLOCK TABLES;

--
-- Table structure for table `LogoRightsPage`
--

DROP TABLE IF EXISTS `LogoRightsPage`;
/*!40101 SET @saved_cs_client     = @@character_set_client */;
/*!50503 SET character_set_client = utf8mb4 */;
CREATE TABLE `LogoRightsPage` (
  `ID` int NOT NULL AUTO_INCREMENT,
  `LogoURL` mediumtext CHARACTER SET utf8mb3 COLLATE utf8mb3_general_ci,
  `AllowedMembers` mediumtext CHARACTER SET utf8mb3 COLLATE utf8mb3_general_ci,
  `EchoSignCode` mediumtext CHARACTER SET utf8mb3 COLLATE utf8mb3_general_ci,
  PRIMARY KEY (`ID`)
) ENGINE=InnoDB DEFAULT CHARSET=latin1;
/*!40101 SET character_set_client = @saved_cs_client */;

--
-- Dumping data for table `LogoRightsPage`
--

LOCK TABLES `LogoRightsPage` WRITE;
/*!40000 ALTER TABLE `LogoRightsPage` DISABLE KEYS */;
/*!40000 ALTER TABLE `LogoRightsPage` ENABLE KEYS */;
UNLOCK TABLES;

--
-- Table structure for table `LogoRightsPage_Live`
--

DROP TABLE IF EXISTS `LogoRightsPage_Live`;
/*!40101 SET @saved_cs_client     = @@character_set_client */;
/*!50503 SET character_set_client = utf8mb4 */;
CREATE TABLE `LogoRightsPage_Live` (
  `ID` int NOT NULL AUTO_INCREMENT,
  `LogoURL` mediumtext CHARACTER SET utf8mb3 COLLATE utf8mb3_general_ci,
  `AllowedMembers` mediumtext CHARACTER SET utf8mb3 COLLATE utf8mb3_general_ci,
  `EchoSignCode` mediumtext CHARACTER SET utf8mb3 COLLATE utf8mb3_general_ci,
  PRIMARY KEY (`ID`)
) ENGINE=InnoDB DEFAULT CHARSET=latin1;
/*!40101 SET character_set_client = @saved_cs_client */;

--
-- Dumping data for table `LogoRightsPage_Live`
--

LOCK TABLES `LogoRightsPage_Live` WRITE;
/*!40000 ALTER TABLE `LogoRightsPage_Live` DISABLE KEYS */;
/*!40000 ALTER TABLE `LogoRightsPage_Live` ENABLE KEYS */;
UNLOCK TABLES;

--
-- Table structure for table `LogoRightsPage_versions`
--

DROP TABLE IF EXISTS `LogoRightsPage_versions`;
/*!40101 SET @saved_cs_client     = @@character_set_client */;
/*!50503 SET character_set_client = utf8mb4 */;
CREATE TABLE `LogoRightsPage_versions` (
  `ID` int NOT NULL AUTO_INCREMENT,
  `RecordID` int NOT NULL DEFAULT '0',
  `Version` int NOT NULL DEFAULT '0',
  `LogoURL` mediumtext CHARACTER SET utf8mb3 COLLATE utf8mb3_general_ci,
  `AllowedMembers` mediumtext CHARACTER SET utf8mb3 COLLATE utf8mb3_general_ci,
  `EchoSignCode` mediumtext CHARACTER SET utf8mb3 COLLATE utf8mb3_general_ci,
  PRIMARY KEY (`ID`),
  UNIQUE KEY `RecordID_Version` (`RecordID`,`Version`),
  KEY `RecordID` (`RecordID`),
  KEY `Version` (`Version`)
) ENGINE=InnoDB DEFAULT CHARSET=latin1;
/*!40101 SET character_set_client = @saved_cs_client */;

--
-- Dumping data for table `LogoRightsPage_versions`
--

LOCK TABLES `LogoRightsPage_versions` WRITE;
/*!40000 ALTER TABLE `LogoRightsPage_versions` DISABLE KEYS */;
/*!40000 ALTER TABLE `LogoRightsPage_versions` ENABLE KEYS */;
UNLOCK TABLES;

--
-- Table structure for table `LogoRightsSubmission`
--

DROP TABLE IF EXISTS `LogoRightsSubmission`;
/*!40101 SET @saved_cs_client     = @@character_set_client */;
/*!50503 SET character_set_client = utf8mb4 */;
CREATE TABLE `LogoRightsSubmission` (
  `ID` int NOT NULL AUTO_INCREMENT,
  `ClassName` enum('LogoRightsSubmission') CHARACTER SET utf8mb3 COLLATE utf8mb3_general_ci DEFAULT 'LogoRightsSubmission',
  `LastEdited` datetime DEFAULT NULL,
  `Created` datetime DEFAULT NULL,
  `Name` mediumtext CHARACTER SET utf8mb3 COLLATE utf8mb3_general_ci,
  `Email` mediumtext CHARACTER SET utf8mb3 COLLATE utf8mb3_general_ci,
  `PhoneNumber` mediumtext CHARACTER SET utf8mb3 COLLATE utf8mb3_general_ci,
  `ProductName` mediumtext CHARACTER SET utf8mb3 COLLATE utf8mb3_general_ci,
  `CompanyName` mediumtext CHARACTER SET utf8mb3 COLLATE utf8mb3_general_ci,
  `Website` mediumtext CHARACTER SET utf8mb3 COLLATE utf8mb3_general_ci,
  `StreetAddress` mediumtext CHARACTER SET utf8mb3 COLLATE utf8mb3_general_ci,
  `State` mediumtext CHARACTER SET utf8mb3 COLLATE utf8mb3_general_ci,
  `City` mediumtext CHARACTER SET utf8mb3 COLLATE utf8mb3_general_ci,
  `Country` mediumtext CHARACTER SET utf8mb3 COLLATE utf8mb3_general_ci,
  `Zip` mediumtext CHARACTER SET utf8mb3 COLLATE utf8mb3_general_ci,
  `BehalfOfCompany` tinyint unsigned NOT NULL DEFAULT '0',
  `LogoRightsPageID` int DEFAULT NULL,
  PRIMARY KEY (`ID`),
  KEY `ClassName` (`ClassName`),
  KEY `LogoRightsPageID` (`LogoRightsPageID`)
) ENGINE=InnoDB DEFAULT CHARSET=latin1;
/*!40101 SET character_set_client = @saved_cs_client */;

--
-- Dumping data for table `LogoRightsSubmission`
--

LOCK TABLES `LogoRightsSubmission` WRITE;
/*!40000 ALTER TABLE `LogoRightsSubmission` DISABLE KEYS */;
/*!40000 ALTER TABLE `LogoRightsSubmission` ENABLE KEYS */;
UNLOCK TABLES;

--
-- Table structure for table `MarketPlaceAllowedInstance`
--

DROP TABLE IF EXISTS `MarketPlaceAllowedInstance`;
/*!40101 SET @saved_cs_client     = @@character_set_client */;
/*!50503 SET character_set_client = utf8mb4 */;
CREATE TABLE `MarketPlaceAllowedInstance` (
  `ID` int NOT NULL AUTO_INCREMENT,
  `ClassName` enum('MarketPlaceAllowedInstance') CHARACTER SET utf8mb3 COLLATE utf8mb3_general_ci DEFAULT 'MarketPlaceAllowedInstance',
  `LastEdited` datetime DEFAULT NULL,
  `Created` datetime DEFAULT NULL,
  `MaxInstances` int NOT NULL DEFAULT '0',
  `MarketPlaceTypeID` int DEFAULT NULL,
  `CompanyID` int DEFAULT NULL,
  PRIMARY KEY (`ID`),
  UNIQUE KEY `Type` (`MarketPlaceTypeID`,`CompanyID`),
  KEY `ClassName` (`ClassName`),
  KEY `CompanyID` (`CompanyID`),
  KEY `MarketPlaceTypeID` (`MarketPlaceTypeID`)
) ENGINE=InnoDB DEFAULT CHARSET=latin1;
/*!40101 SET character_set_client = @saved_cs_client */;

--
-- Dumping data for table `MarketPlaceAllowedInstance`
--

LOCK TABLES `MarketPlaceAllowedInstance` WRITE;
/*!40000 ALTER TABLE `MarketPlaceAllowedInstance` DISABLE KEYS */;
/*!40000 ALTER TABLE `MarketPlaceAllowedInstance` ENABLE KEYS */;
UNLOCK TABLES;

--
-- Table structure for table `MarketPlaceDirectoryPage`
--

DROP TABLE IF EXISTS `MarketPlaceDirectoryPage`;
/*!40101 SET @saved_cs_client     = @@character_set_client */;
/*!50503 SET character_set_client = utf8mb4 */;
CREATE TABLE `MarketPlaceDirectoryPage` (
  `ID` int NOT NULL AUTO_INCREMENT,
  `GAConversionId` mediumtext CHARACTER SET utf8mb3 COLLATE utf8mb3_general_ci,
  `GAConversionLanguage` mediumtext CHARACTER SET utf8mb3 COLLATE utf8mb3_general_ci,
  `GAConversionFormat` mediumtext CHARACTER SET utf8mb3 COLLATE utf8mb3_general_ci,
  `GAConversionColor` mediumtext CHARACTER SET utf8mb3 COLLATE utf8mb3_general_ci,
  `GAConversionLabel` mediumtext CHARACTER SET utf8mb3 COLLATE utf8mb3_general_ci,
  `GAConversionValue` int NOT NULL DEFAULT '0',
  `GARemarketingOnly` tinyint unsigned NOT NULL DEFAULT '0',
  `RatingCompanyID` int NOT NULL DEFAULT '0',
  `RatingBoxID` int NOT NULL DEFAULT '0',
  PRIMARY KEY (`ID`)
) ENGINE=InnoDB DEFAULT CHARSET=latin1;
/*!40101 SET character_set_client = @saved_cs_client */;

--
-- Dumping data for table `MarketPlaceDirectoryPage`
--

LOCK TABLES `MarketPlaceDirectoryPage` WRITE;
/*!40000 ALTER TABLE `MarketPlaceDirectoryPage` DISABLE KEYS */;
/*!40000 ALTER TABLE `MarketPlaceDirectoryPage` ENABLE KEYS */;
UNLOCK TABLES;

--
-- Table structure for table `MarketPlaceDirectoryPage_Live`
--

DROP TABLE IF EXISTS `MarketPlaceDirectoryPage_Live`;
/*!40101 SET @saved_cs_client     = @@character_set_client */;
/*!50503 SET character_set_client = utf8mb4 */;
CREATE TABLE `MarketPlaceDirectoryPage_Live` (
  `ID` int NOT NULL AUTO_INCREMENT,
  `GAConversionId` mediumtext CHARACTER SET utf8mb3 COLLATE utf8mb3_general_ci,
  `GAConversionLanguage` mediumtext CHARACTER SET utf8mb3 COLLATE utf8mb3_general_ci,
  `GAConversionFormat` mediumtext CHARACTER SET utf8mb3 COLLATE utf8mb3_general_ci,
  `GAConversionColor` mediumtext CHARACTER SET utf8mb3 COLLATE utf8mb3_general_ci,
  `GAConversionLabel` mediumtext CHARACTER SET utf8mb3 COLLATE utf8mb3_general_ci,
  `GAConversionValue` int NOT NULL DEFAULT '0',
  `GARemarketingOnly` tinyint unsigned NOT NULL DEFAULT '0',
  `RatingCompanyID` int NOT NULL DEFAULT '0',
  `RatingBoxID` int NOT NULL DEFAULT '0',
  PRIMARY KEY (`ID`)
) ENGINE=InnoDB DEFAULT CHARSET=latin1;
/*!40101 SET character_set_client = @saved_cs_client */;

--
-- Dumping data for table `MarketPlaceDirectoryPage_Live`
--

LOCK TABLES `MarketPlaceDirectoryPage_Live` WRITE;
/*!40000 ALTER TABLE `MarketPlaceDirectoryPage_Live` DISABLE KEYS */;
/*!40000 ALTER TABLE `MarketPlaceDirectoryPage_Live` ENABLE KEYS */;
UNLOCK TABLES;

--
-- Table structure for table `MarketPlaceDirectoryPage_versions`
--

DROP TABLE IF EXISTS `MarketPlaceDirectoryPage_versions`;
/*!40101 SET @saved_cs_client     = @@character_set_client */;
/*!50503 SET character_set_client = utf8mb4 */;
CREATE TABLE `MarketPlaceDirectoryPage_versions` (
  `ID` int NOT NULL AUTO_INCREMENT,
  `RecordID` int NOT NULL DEFAULT '0',
  `Version` int NOT NULL DEFAULT '0',
  `GAConversionId` mediumtext CHARACTER SET utf8mb3 COLLATE utf8mb3_general_ci,
  `GAConversionLanguage` mediumtext CHARACTER SET utf8mb3 COLLATE utf8mb3_general_ci,
  `GAConversionFormat` mediumtext CHARACTER SET utf8mb3 COLLATE utf8mb3_general_ci,
  `GAConversionColor` mediumtext CHARACTER SET utf8mb3 COLLATE utf8mb3_general_ci,
  `GAConversionLabel` mediumtext CHARACTER SET utf8mb3 COLLATE utf8mb3_general_ci,
  `GAConversionValue` int NOT NULL DEFAULT '0',
  `GARemarketingOnly` tinyint unsigned NOT NULL DEFAULT '0',
  `RatingCompanyID` int NOT NULL DEFAULT '0',
  `RatingBoxID` int NOT NULL DEFAULT '0',
  PRIMARY KEY (`ID`),
  UNIQUE KEY `RecordID_Version` (`RecordID`,`Version`),
  KEY `RecordID` (`RecordID`),
  KEY `Version` (`Version`)
) ENGINE=InnoDB DEFAULT CHARSET=latin1;
/*!40101 SET character_set_client = @saved_cs_client */;

--
-- Dumping data for table `MarketPlaceDirectoryPage_versions`
--

LOCK TABLES `MarketPlaceDirectoryPage_versions` WRITE;
/*!40000 ALTER TABLE `MarketPlaceDirectoryPage_versions` DISABLE KEYS */;
/*!40000 ALTER TABLE `MarketPlaceDirectoryPage_versions` ENABLE KEYS */;
UNLOCK TABLES;

--
-- Table structure for table `MarketPlaceHelpLink`
--

DROP TABLE IF EXISTS `MarketPlaceHelpLink`;
/*!40101 SET @saved_cs_client     = @@character_set_client */;
/*!50503 SET character_set_client = utf8mb4 */;
CREATE TABLE `MarketPlaceHelpLink` (
  `ID` int NOT NULL AUTO_INCREMENT,
  `ClassName` enum('MarketPlaceHelpLink') CHARACTER SET utf8mb3 COLLATE utf8mb3_general_ci DEFAULT 'MarketPlaceHelpLink',
  `LastEdited` datetime DEFAULT NULL,
  `Created` datetime DEFAULT NULL,
  `Label` varchar(255) CHARACTER SET utf8mb3 COLLATE utf8mb3_general_ci DEFAULT NULL,
  `Link` varchar(255) CHARACTER SET utf8mb3 COLLATE utf8mb3_general_ci DEFAULT NULL,
  `SortOrder` int NOT NULL DEFAULT '0',
  `MarketPlacePageID` int DEFAULT NULL,
  PRIMARY KEY (`ID`),
  KEY `ClassName` (`ClassName`),
  KEY `MarketPlacePageID` (`MarketPlacePageID`),
  KEY `SortOrder` (`SortOrder`)
) ENGINE=InnoDB DEFAULT CHARSET=latin1;
/*!40101 SET character_set_client = @saved_cs_client */;

--
-- Dumping data for table `MarketPlaceHelpLink`
--

LOCK TABLES `MarketPlaceHelpLink` WRITE;
/*!40000 ALTER TABLE `MarketPlaceHelpLink` DISABLE KEYS */;
/*!40000 ALTER TABLE `MarketPlaceHelpLink` ENABLE KEYS */;
UNLOCK TABLES;

--
-- Table structure for table `MarketPlaceReview`
--

DROP TABLE IF EXISTS `MarketPlaceReview`;
/*!40101 SET @saved_cs_client     = @@character_set_client */;
/*!50503 SET character_set_client = utf8mb4 */;
CREATE TABLE `MarketPlaceReview` (
  `ID` int NOT NULL AUTO_INCREMENT,
  `ClassName` enum('MarketPlaceReview') CHARACTER SET utf8mb3 COLLATE utf8mb3_general_ci DEFAULT 'MarketPlaceReview',
  `LastEdited` datetime DEFAULT NULL,
  `Created` datetime DEFAULT NULL,
  `Title` varchar(50) CHARACTER SET utf8mb3 COLLATE utf8mb3_general_ci DEFAULT NULL,
  `Comment` mediumtext CHARACTER SET utf8mb3 COLLATE utf8mb3_general_ci,
  `Rating` float NOT NULL DEFAULT '0',
  `Approved` tinyint unsigned NOT NULL DEFAULT '0',
  `MemberID` int DEFAULT NULL,
  `CompanyServiceID` int DEFAULT NULL,
  PRIMARY KEY (`ID`),
  KEY `ClassName` (`ClassName`),
  KEY `CompanyServiceID` (`CompanyServiceID`),
  KEY `MemberID` (`MemberID`)
) ENGINE=InnoDB DEFAULT CHARSET=latin1;
/*!40101 SET character_set_client = @saved_cs_client */;

--
-- Dumping data for table `MarketPlaceReview`
--

LOCK TABLES `MarketPlaceReview` WRITE;
/*!40000 ALTER TABLE `MarketPlaceReview` DISABLE KEYS */;
/*!40000 ALTER TABLE `MarketPlaceReview` ENABLE KEYS */;
UNLOCK TABLES;

--
-- Table structure for table `MarketPlaceType`
--

DROP TABLE IF EXISTS `MarketPlaceType`;
/*!40101 SET @saved_cs_client     = @@character_set_client */;
/*!50503 SET character_set_client = utf8mb4 */;
CREATE TABLE `MarketPlaceType` (
  `ID` int NOT NULL AUTO_INCREMENT,
  `ClassName` enum('MarketPlaceType') CHARACTER SET utf8mb3 COLLATE utf8mb3_general_ci DEFAULT 'MarketPlaceType',
  `LastEdited` datetime DEFAULT NULL,
  `Created` datetime DEFAULT NULL,
  `Name` varchar(50) CHARACTER SET utf8mb3 COLLATE utf8mb3_general_ci DEFAULT NULL,
  `Slug` varchar(50) CHARACTER SET utf8mb3 COLLATE utf8mb3_general_ci DEFAULT NULL,
  `Active` tinyint unsigned NOT NULL DEFAULT '0',
  `AdminGroupID` int DEFAULT NULL,
  PRIMARY KEY (`ID`),
  UNIQUE KEY `Name` (`Name`),
  UNIQUE KEY `Slug` (`Slug`),
  KEY `AdminGroupID` (`AdminGroupID`),
  KEY `ClassName` (`ClassName`)
) ENGINE=InnoDB DEFAULT CHARSET=latin1;
/*!40101 SET character_set_client = @saved_cs_client */;

--
-- Dumping data for table `MarketPlaceType`
--

LOCK TABLES `MarketPlaceType` WRITE;
/*!40000 ALTER TABLE `MarketPlaceType` DISABLE KEYS */;
/*!40000 ALTER TABLE `MarketPlaceType` ENABLE KEYS */;
UNLOCK TABLES;

--
-- Table structure for table `MarketPlaceVideo`
--

DROP TABLE IF EXISTS `MarketPlaceVideo`;
/*!40101 SET @saved_cs_client     = @@character_set_client */;
/*!50503 SET character_set_client = utf8mb4 */;
CREATE TABLE `MarketPlaceVideo` (
  `ID` int NOT NULL AUTO_INCREMENT,
  `ClassName` enum('MarketPlaceVideo') CHARACTER SET utf8mb3 COLLATE utf8mb3_general_ci DEFAULT 'MarketPlaceVideo',
  `LastEdited` datetime DEFAULT NULL,
  `Created` datetime DEFAULT NULL,
  `Name` mediumtext CHARACTER SET utf8mb3 COLLATE utf8mb3_general_ci,
  `Description` mediumtext CHARACTER SET utf8mb3 COLLATE utf8mb3_general_ci,
  `YouTubeID` mediumtext CHARACTER SET utf8mb3 COLLATE utf8mb3_general_ci,
  `Length` int NOT NULL DEFAULT '0',
  `TypeID` int DEFAULT NULL,
  `OwnerID` int DEFAULT NULL,
  PRIMARY KEY (`ID`),
  KEY `ClassName` (`ClassName`),
  KEY `OwnerID` (`OwnerID`),
  KEY `TypeID` (`TypeID`)
) ENGINE=InnoDB DEFAULT CHARSET=latin1;
/*!40101 SET character_set_client = @saved_cs_client */;

--
-- Dumping data for table `MarketPlaceVideo`
--

LOCK TABLES `MarketPlaceVideo` WRITE;
/*!40000 ALTER TABLE `MarketPlaceVideo` DISABLE KEYS */;
/*!40000 ALTER TABLE `MarketPlaceVideo` ENABLE KEYS */;
UNLOCK TABLES;

--
-- Table structure for table `MarketPlaceVideoDraft`
--

DROP TABLE IF EXISTS `MarketPlaceVideoDraft`;
/*!40101 SET @saved_cs_client     = @@character_set_client */;
/*!50503 SET character_set_client = utf8mb4 */;
CREATE TABLE `MarketPlaceVideoDraft` (
  `ID` int NOT NULL AUTO_INCREMENT,
  `ClassName` enum('MarketPlaceVideoDraft') CHARACTER SET utf8mb3 COLLATE utf8mb3_general_ci DEFAULT 'MarketPlaceVideoDraft',
  `LastEdited` datetime DEFAULT NULL,
  `Created` datetime DEFAULT NULL,
  `Name` mediumtext CHARACTER SET utf8mb3 COLLATE utf8mb3_general_ci,
  `Description` mediumtext CHARACTER SET utf8mb3 COLLATE utf8mb3_general_ci,
  `YouTubeID` mediumtext CHARACTER SET utf8mb3 COLLATE utf8mb3_general_ci,
  `Length` int NOT NULL DEFAULT '0',
  `TypeID` int DEFAULT NULL,
  `OwnerID` int DEFAULT NULL,
  PRIMARY KEY (`ID`),
  KEY `ClassName` (`ClassName`),
  KEY `OwnerID` (`OwnerID`),
  KEY `TypeID` (`TypeID`)
) ENGINE=InnoDB DEFAULT CHARSET=latin1;
/*!40101 SET character_set_client = @saved_cs_client */;

--
-- Dumping data for table `MarketPlaceVideoDraft`
--

LOCK TABLES `MarketPlaceVideoDraft` WRITE;
/*!40000 ALTER TABLE `MarketPlaceVideoDraft` DISABLE KEYS */;
/*!40000 ALTER TABLE `MarketPlaceVideoDraft` ENABLE KEYS */;
UNLOCK TABLES;

--
-- Table structure for table `MarketPlaceVideoType`
--

DROP TABLE IF EXISTS `MarketPlaceVideoType`;
/*!40101 SET @saved_cs_client     = @@character_set_client */;
/*!50503 SET character_set_client = utf8mb4 */;
CREATE TABLE `MarketPlaceVideoType` (
  `ID` int NOT NULL AUTO_INCREMENT,
  `ClassName` enum('MarketPlaceVideoType') CHARACTER SET utf8mb3 COLLATE utf8mb3_general_ci DEFAULT 'MarketPlaceVideoType',
  `LastEdited` datetime DEFAULT NULL,
  `Created` datetime DEFAULT NULL,
  `Type` varchar(50) CHARACTER SET utf8mb3 COLLATE utf8mb3_general_ci DEFAULT NULL,
  `Title` mediumtext CHARACTER SET utf8mb3 COLLATE utf8mb3_general_ci,
  `Description` mediumtext CHARACTER SET utf8mb3 COLLATE utf8mb3_general_ci,
  `MaxTotalVideoTime` int NOT NULL DEFAULT '0',
  PRIMARY KEY (`ID`),
  UNIQUE KEY `Type` (`Type`),
  KEY `ClassName` (`ClassName`)
) ENGINE=InnoDB DEFAULT CHARSET=latin1;
/*!40101 SET character_set_client = @saved_cs_client */;

--
-- Dumping data for table `MarketPlaceVideoType`
--

LOCK TABLES `MarketPlaceVideoType` WRITE;
/*!40000 ALTER TABLE `MarketPlaceVideoType` DISABLE KEYS */;
/*!40000 ALTER TABLE `MarketPlaceVideoType` ENABLE KEYS */;
UNLOCK TABLES;

--
-- Table structure for table `MarketingCollateral`
--

DROP TABLE IF EXISTS `MarketingCollateral`;
/*!40101 SET @saved_cs_client     = @@character_set_client */;
/*!50503 SET character_set_client = utf8mb4 */;
CREATE TABLE `MarketingCollateral` (
  `ID` int NOT NULL AUTO_INCREMENT,
  `ClassName` enum('MarketingCollateral') CHARACTER SET utf8mb3 COLLATE utf8mb3_general_ci DEFAULT 'MarketingCollateral',
  `LastEdited` datetime DEFAULT NULL,
  `Created` datetime DEFAULT NULL,
  `Name` varchar(255) CHARACTER SET utf8mb3 COLLATE utf8mb3_general_ci DEFAULT NULL,
  `Description` mediumtext CHARACTER SET utf8mb3 COLLATE utf8mb3_general_ci,
  `ShowGlobe` tinyint unsigned NOT NULL DEFAULT '0',
  `SortOrder` int NOT NULL DEFAULT '0',
  `ParentPageID` int DEFAULT NULL,
  `ImageID` int DEFAULT NULL,
  PRIMARY KEY (`ID`),
  KEY `ClassName` (`ClassName`),
  KEY `ImageID` (`ImageID`),
  KEY `ParentPageID` (`ParentPageID`)
) ENGINE=InnoDB DEFAULT CHARSET=latin1;
/*!40101 SET character_set_client = @saved_cs_client */;

--
-- Dumping data for table `MarketingCollateral`
--

LOCK TABLES `MarketingCollateral` WRITE;
/*!40000 ALTER TABLE `MarketingCollateral` DISABLE KEYS */;
/*!40000 ALTER TABLE `MarketingCollateral` ENABLE KEYS */;
UNLOCK TABLES;

--
-- Table structure for table `MarketingDoc`
--

DROP TABLE IF EXISTS `MarketingDoc`;
/*!40101 SET @saved_cs_client     = @@character_set_client */;
/*!50503 SET character_set_client = utf8mb4 */;
CREATE TABLE `MarketingDoc` (
  `ID` int NOT NULL AUTO_INCREMENT,
  `ClassName` enum('MarketingDoc') CHARACTER SET utf8mb3 COLLATE utf8mb3_general_ci DEFAULT 'MarketingDoc',
  `LastEdited` datetime DEFAULT NULL,
  `Created` datetime DEFAULT NULL,
  `Label` varchar(255) CHARACTER SET utf8mb3 COLLATE utf8mb3_general_ci DEFAULT NULL,
  `GroupName` varchar(255) CHARACTER SET utf8mb3 COLLATE utf8mb3_general_ci DEFAULT NULL,
  `SortOrder` int NOT NULL DEFAULT '0',
  `StickersID` int DEFAULT NULL,
  `TShirtsID` int DEFAULT NULL,
  `BannersID` int DEFAULT NULL,
  `TemplatesID` int DEFAULT NULL,
  `ThumbnailID` int DEFAULT NULL,
  `DocID` int DEFAULT NULL,
  `ParentPageID` int DEFAULT NULL,
  PRIMARY KEY (`ID`),
  KEY `BannersID` (`BannersID`),
  KEY `ClassName` (`ClassName`),
  KEY `DocID` (`DocID`),
  KEY `ParentPageID` (`ParentPageID`),
  KEY `StickersID` (`StickersID`),
  KEY `TShirtsID` (`TShirtsID`),
  KEY `TemplatesID` (`TemplatesID`),
  KEY `ThumbnailID` (`ThumbnailID`)
) ENGINE=InnoDB DEFAULT CHARSET=latin1;
/*!40101 SET character_set_client = @saved_cs_client */;

--
-- Dumping data for table `MarketingDoc`
--

LOCK TABLES `MarketingDoc` WRITE;
/*!40000 ALTER TABLE `MarketingDoc` DISABLE KEYS */;
/*!40000 ALTER TABLE `MarketingDoc` ENABLE KEYS */;
UNLOCK TABLES;

--
-- Table structure for table `MarketingEvent`
--

DROP TABLE IF EXISTS `MarketingEvent`;
/*!40101 SET @saved_cs_client     = @@character_set_client */;
/*!50503 SET character_set_client = utf8mb4 */;
CREATE TABLE `MarketingEvent` (
  `ID` int NOT NULL AUTO_INCREMENT,
  `ClassName` enum('MarketingEvent') CHARACTER SET utf8mb3 COLLATE utf8mb3_general_ci DEFAULT 'MarketingEvent',
  `LastEdited` datetime DEFAULT NULL,
  `Created` datetime DEFAULT NULL,
  `Title` varchar(255) CHARACTER SET utf8mb3 COLLATE utf8mb3_general_ci DEFAULT NULL,
  `Description` mediumtext CHARACTER SET utf8mb3 COLLATE utf8mb3_general_ci,
  `ButtonLink` varchar(255) CHARACTER SET utf8mb3 COLLATE utf8mb3_general_ci DEFAULT NULL,
  `ButtonLabel` varchar(255) CHARACTER SET utf8mb3 COLLATE utf8mb3_general_ci DEFAULT NULL,
  `SortOrder` int NOT NULL DEFAULT '0',
  `SponsorEventsID` int DEFAULT NULL,
  `PromoteEventsID` int DEFAULT NULL,
  `ImageID` int DEFAULT NULL,
  `ParentPageID` int DEFAULT NULL,
  PRIMARY KEY (`ID`),
  KEY `ClassName` (`ClassName`),
  KEY `ImageID` (`ImageID`),
  KEY `ParentPageID` (`ParentPageID`),
  KEY `PromoteEventsID` (`PromoteEventsID`),
  KEY `SortOrder` (`SortOrder`),
  KEY `SponsorEventsID` (`SponsorEventsID`)
) ENGINE=InnoDB DEFAULT CHARSET=latin1;
/*!40101 SET character_set_client = @saved_cs_client */;

--
-- Dumping data for table `MarketingEvent`
--

LOCK TABLES `MarketingEvent` WRITE;
/*!40000 ALTER TABLE `MarketingEvent` DISABLE KEYS */;
/*!40000 ALTER TABLE `MarketingEvent` ENABLE KEYS */;
UNLOCK TABLES;

--
-- Table structure for table `MarketingFile`
--

DROP TABLE IF EXISTS `MarketingFile`;
/*!40101 SET @saved_cs_client     = @@character_set_client */;
/*!50503 SET character_set_client = utf8mb4 */;
CREATE TABLE `MarketingFile` (
  `ID` int NOT NULL AUTO_INCREMENT,
  `SortOrder` int NOT NULL DEFAULT '0',
  `Group` varchar(255) CHARACTER SET utf8mb3 COLLATE utf8mb3_general_ci DEFAULT NULL,
  `CollateralFilesID` int DEFAULT NULL,
  PRIMARY KEY (`ID`),
  KEY `CollateralFilesID` (`CollateralFilesID`)
) ENGINE=InnoDB DEFAULT CHARSET=latin1;
/*!40101 SET character_set_client = @saved_cs_client */;

--
-- Dumping data for table `MarketingFile`
--

LOCK TABLES `MarketingFile` WRITE;
/*!40000 ALTER TABLE `MarketingFile` DISABLE KEYS */;
/*!40000 ALTER TABLE `MarketingFile` ENABLE KEYS */;
UNLOCK TABLES;

--
-- Table structure for table `MarketingImage`
--

DROP TABLE IF EXISTS `MarketingImage`;
/*!40101 SET @saved_cs_client     = @@character_set_client */;
/*!50503 SET character_set_client = utf8mb4 */;
CREATE TABLE `MarketingImage` (
  `ID` int NOT NULL AUTO_INCREMENT,
  `SortOrder` int NOT NULL DEFAULT '0',
  `Caption` mediumtext CHARACTER SET utf8mb3 COLLATE utf8mb3_general_ci,
  `InvolvedImagesID` int DEFAULT NULL,
  `PromoteImagesID` int DEFAULT NULL,
  `ParentPageID` int DEFAULT NULL,
  PRIMARY KEY (`ID`),
  KEY `InvolvedImagesID` (`InvolvedImagesID`),
  KEY `ParentPageID` (`ParentPageID`),
  KEY `PromoteImagesID` (`PromoteImagesID`)
) ENGINE=InnoDB DEFAULT CHARSET=latin1;
/*!40101 SET character_set_client = @saved_cs_client */;

--
-- Dumping data for table `MarketingImage`
--

LOCK TABLES `MarketingImage` WRITE;
/*!40000 ALTER TABLE `MarketingImage` DISABLE KEYS */;
/*!40000 ALTER TABLE `MarketingImage` ENABLE KEYS */;
UNLOCK TABLES;

--
-- Table structure for table `MarketingLink`
--

DROP TABLE IF EXISTS `MarketingLink`;
/*!40101 SET @saved_cs_client     = @@character_set_client */;
/*!50503 SET character_set_client = utf8mb4 */;
CREATE TABLE `MarketingLink` (
  `ID` int NOT NULL AUTO_INCREMENT,
  `ClassName` enum('MarketingLink') CHARACTER SET utf8mb3 COLLATE utf8mb3_general_ci DEFAULT 'MarketingLink',
  `LastEdited` datetime DEFAULT NULL,
  `Created` datetime DEFAULT NULL,
  `Title` varchar(255) CHARACTER SET utf8mb3 COLLATE utf8mb3_general_ci DEFAULT NULL,
  `Link` mediumtext CHARACTER SET utf8mb3 COLLATE utf8mb3_general_ci,
  `Group` varchar(255) CHARACTER SET utf8mb3 COLLATE utf8mb3_general_ci DEFAULT NULL,
  `SortOrder` int NOT NULL DEFAULT '0',
  `CollateralID` int DEFAULT NULL,
  PRIMARY KEY (`ID`),
  KEY `ClassName` (`ClassName`),
  KEY `CollateralID` (`CollateralID`)
) ENGINE=InnoDB DEFAULT CHARSET=latin1;
/*!40101 SET character_set_client = @saved_cs_client */;

--
-- Dumping data for table `MarketingLink`
--

LOCK TABLES `MarketingLink` WRITE;
/*!40000 ALTER TABLE `MarketingLink` DISABLE KEYS */;
/*!40000 ALTER TABLE `MarketingLink` ENABLE KEYS */;
UNLOCK TABLES;

--
-- Table structure for table `MarketingPage`
--

DROP TABLE IF EXISTS `MarketingPage`;
/*!40101 SET @saved_cs_client     = @@character_set_client */;
/*!50503 SET character_set_client = utf8mb4 */;
CREATE TABLE `MarketingPage` (
  `ID` int NOT NULL AUTO_INCREMENT,
  `HeaderTitle` varchar(255) CHARACTER SET utf8mb3 COLLATE utf8mb3_general_ci DEFAULT NULL,
  `HeaderText` mediumtext CHARACTER SET utf8mb3 COLLATE utf8mb3_general_ci,
  `InvolvedText` mediumtext CHARACTER SET utf8mb3 COLLATE utf8mb3_general_ci,
  `EventsIntroText` mediumtext CHARACTER SET utf8mb3 COLLATE utf8mb3_general_ci,
  `CollateralIntroText` mediumtext CHARACTER SET utf8mb3 COLLATE utf8mb3_general_ci,
  `SoftwareIntroText` mediumtext CHARACTER SET utf8mb3 COLLATE utf8mb3_general_ci,
  `GraphicsIntroText` mediumtext CHARACTER SET utf8mb3 COLLATE utf8mb3_general_ci,
  `PromoteProductIntroText` mediumtext CHARACTER SET utf8mb3 COLLATE utf8mb3_general_ci,
  PRIMARY KEY (`ID`)
) ENGINE=InnoDB DEFAULT CHARSET=latin1;
/*!40101 SET character_set_client = @saved_cs_client */;

--
-- Dumping data for table `MarketingPage`
--

LOCK TABLES `MarketingPage` WRITE;
/*!40000 ALTER TABLE `MarketingPage` DISABLE KEYS */;
/*!40000 ALTER TABLE `MarketingPage` ENABLE KEYS */;
UNLOCK TABLES;

--
-- Table structure for table `MarketingPage_Live`
--

DROP TABLE IF EXISTS `MarketingPage_Live`;
/*!40101 SET @saved_cs_client     = @@character_set_client */;
/*!50503 SET character_set_client = utf8mb4 */;
CREATE TABLE `MarketingPage_Live` (
  `ID` int NOT NULL AUTO_INCREMENT,
  `HeaderTitle` varchar(255) CHARACTER SET utf8mb3 COLLATE utf8mb3_general_ci DEFAULT NULL,
  `HeaderText` mediumtext CHARACTER SET utf8mb3 COLLATE utf8mb3_general_ci,
  `InvolvedText` mediumtext CHARACTER SET utf8mb3 COLLATE utf8mb3_general_ci,
  `EventsIntroText` mediumtext CHARACTER SET utf8mb3 COLLATE utf8mb3_general_ci,
  `CollateralIntroText` mediumtext CHARACTER SET utf8mb3 COLLATE utf8mb3_general_ci,
  `SoftwareIntroText` mediumtext CHARACTER SET utf8mb3 COLLATE utf8mb3_general_ci,
  `GraphicsIntroText` mediumtext CHARACTER SET utf8mb3 COLLATE utf8mb3_general_ci,
  `PromoteProductIntroText` mediumtext CHARACTER SET utf8mb3 COLLATE utf8mb3_general_ci,
  PRIMARY KEY (`ID`)
) ENGINE=InnoDB DEFAULT CHARSET=latin1;
/*!40101 SET character_set_client = @saved_cs_client */;

--
-- Dumping data for table `MarketingPage_Live`
--

LOCK TABLES `MarketingPage_Live` WRITE;
/*!40000 ALTER TABLE `MarketingPage_Live` DISABLE KEYS */;
/*!40000 ALTER TABLE `MarketingPage_Live` ENABLE KEYS */;
UNLOCK TABLES;

--
-- Table structure for table `MarketingPage_versions`
--

DROP TABLE IF EXISTS `MarketingPage_versions`;
/*!40101 SET @saved_cs_client     = @@character_set_client */;
/*!50503 SET character_set_client = utf8mb4 */;
CREATE TABLE `MarketingPage_versions` (
  `ID` int NOT NULL AUTO_INCREMENT,
  `RecordID` int NOT NULL DEFAULT '0',
  `Version` int NOT NULL DEFAULT '0',
  `HeaderTitle` varchar(255) CHARACTER SET utf8mb3 COLLATE utf8mb3_general_ci DEFAULT NULL,
  `HeaderText` mediumtext CHARACTER SET utf8mb3 COLLATE utf8mb3_general_ci,
  `InvolvedText` mediumtext CHARACTER SET utf8mb3 COLLATE utf8mb3_general_ci,
  `EventsIntroText` mediumtext CHARACTER SET utf8mb3 COLLATE utf8mb3_general_ci,
  `CollateralIntroText` mediumtext CHARACTER SET utf8mb3 COLLATE utf8mb3_general_ci,
  `SoftwareIntroText` mediumtext CHARACTER SET utf8mb3 COLLATE utf8mb3_general_ci,
  `GraphicsIntroText` mediumtext CHARACTER SET utf8mb3 COLLATE utf8mb3_general_ci,
  `PromoteProductIntroText` mediumtext CHARACTER SET utf8mb3 COLLATE utf8mb3_general_ci,
  PRIMARY KEY (`ID`),
  UNIQUE KEY `RecordID_Version` (`RecordID`,`Version`),
  KEY `RecordID` (`RecordID`),
  KEY `Version` (`Version`)
) ENGINE=InnoDB DEFAULT CHARSET=latin1;
/*!40101 SET character_set_client = @saved_cs_client */;

--
-- Dumping data for table `MarketingPage_versions`
--

LOCK TABLES `MarketingPage_versions` WRITE;
/*!40000 ALTER TABLE `MarketingPage_versions` DISABLE KEYS */;
/*!40000 ALTER TABLE `MarketingPage_versions` ENABLE KEYS */;
UNLOCK TABLES;

--
-- Table structure for table `MarketingSoftware`
--

DROP TABLE IF EXISTS `MarketingSoftware`;
/*!40101 SET @saved_cs_client     = @@character_set_client */;
/*!50503 SET character_set_client = utf8mb4 */;
CREATE TABLE `MarketingSoftware` (
  `ID` int NOT NULL AUTO_INCREMENT,
  `ClassName` enum('MarketingSoftware') CHARACTER SET utf8mb3 COLLATE utf8mb3_general_ci DEFAULT 'MarketingSoftware',
  `LastEdited` datetime DEFAULT NULL,
  `Created` datetime DEFAULT NULL,
  `Name` varchar(255) CHARACTER SET utf8mb3 COLLATE utf8mb3_general_ci DEFAULT NULL,
  `Description` mediumtext CHARACTER SET utf8mb3 COLLATE utf8mb3_general_ci,
  `YoutubeID` varchar(255) CHARACTER SET utf8mb3 COLLATE utf8mb3_general_ci DEFAULT NULL,
  `ReleaseLink` varchar(255) CHARACTER SET utf8mb3 COLLATE utf8mb3_general_ci DEFAULT NULL,
  `SortOrder` int NOT NULL DEFAULT '0',
  `ParentPageID` int DEFAULT NULL,
  `LogoID` int DEFAULT NULL,
  `PresentationID` int DEFAULT NULL,
  PRIMARY KEY (`ID`),
  KEY `ClassName` (`ClassName`),
  KEY `LogoID` (`LogoID`),
  KEY `ParentPageID` (`ParentPageID`),
  KEY `PresentationID` (`PresentationID`),
  KEY `SortOrder` (`SortOrder`)
) ENGINE=InnoDB DEFAULT CHARSET=latin1;
/*!40101 SET character_set_client = @saved_cs_client */;

--
-- Dumping data for table `MarketingSoftware`
--

LOCK TABLES `MarketingSoftware` WRITE;
/*!40000 ALTER TABLE `MarketingSoftware` DISABLE KEYS */;
/*!40000 ALTER TABLE `MarketingSoftware` ENABLE KEYS */;
UNLOCK TABLES;

--
-- Table structure for table `MarketingVideo`
--

DROP TABLE IF EXISTS `MarketingVideo`;
/*!40101 SET @saved_cs_client     = @@character_set_client */;
/*!50503 SET character_set_client = utf8mb4 */;
CREATE TABLE `MarketingVideo` (
  `ID` int NOT NULL AUTO_INCREMENT,
  `Active` tinyint unsigned NOT NULL DEFAULT '0',
  `VideosID` int DEFAULT NULL,
  `ParentPageID` int DEFAULT NULL,
  PRIMARY KEY (`ID`),
  KEY `ParentPageID` (`ParentPageID`),
  KEY `VideosID` (`VideosID`)
) ENGINE=InnoDB DEFAULT CHARSET=latin1;
/*!40101 SET character_set_client = @saved_cs_client */;

--
-- Dumping data for table `MarketingVideo`
--

LOCK TABLES `MarketingVideo` WRITE;
/*!40000 ALTER TABLE `MarketingVideo` DISABLE KEYS */;
/*!40000 ALTER TABLE `MarketingVideo` ENABLE KEYS */;
UNLOCK TABLES;

--
-- Table structure for table `MarketplaceContractTemplate`
--

DROP TABLE IF EXISTS `MarketplaceContractTemplate`;
/*!40101 SET @saved_cs_client     = @@character_set_client */;
/*!50503 SET character_set_client = utf8mb4 */;
CREATE TABLE `MarketplaceContractTemplate` (
  `ID` int NOT NULL AUTO_INCREMENT,
  `MarketPlaceTypeID` int DEFAULT NULL,
  PRIMARY KEY (`ID`),
  KEY `MarketPlaceTypeID` (`MarketPlaceTypeID`)
) ENGINE=InnoDB DEFAULT CHARSET=latin1;
/*!40101 SET character_set_client = @saved_cs_client */;

--
-- Dumping data for table `MarketplaceContractTemplate`
--

LOCK TABLES `MarketplaceContractTemplate` WRITE;
/*!40000 ALTER TABLE `MarketplaceContractTemplate` DISABLE KEYS */;
/*!40000 ALTER TABLE `MarketplaceContractTemplate` ENABLE KEYS */;
UNLOCK TABLES;

--
-- Table structure for table `Mascot`
--

DROP TABLE IF EXISTS `Mascot`;
/*!40101 SET @saved_cs_client     = @@character_set_client */;
/*!50503 SET character_set_client = utf8mb4 */;
CREATE TABLE `Mascot` (
  `ID` int NOT NULL AUTO_INCREMENT,
  `ClassName` enum('Mascot') CHARACTER SET utf8mb3 COLLATE utf8mb3_general_ci DEFAULT 'Mascot',
  `LastEdited` datetime DEFAULT NULL,
  `Created` datetime DEFAULT NULL,
  `Name` varchar(255) CHARACTER SET utf8mb3 COLLATE utf8mb3_general_ci DEFAULT NULL,
  `CodeName` varchar(255) CHARACTER SET utf8mb3 COLLATE utf8mb3_general_ci DEFAULT NULL,
  `Hide` tinyint unsigned NOT NULL DEFAULT '0',
  PRIMARY KEY (`ID`),
  KEY `ClassName` (`ClassName`)
) ENGINE=InnoDB DEFAULT CHARSET=latin1;
/*!40101 SET character_set_client = @saved_cs_client */;

--
-- Dumping data for table `Mascot`
--

LOCK TABLES `Mascot` WRITE;
/*!40000 ALTER TABLE `Mascot` DISABLE KEYS */;
/*!40000 ALTER TABLE `Mascot` ENABLE KEYS */;
UNLOCK TABLES;

--
-- Table structure for table `Member`
--

DROP TABLE IF EXISTS `Member`;
/*!40101 SET @saved_cs_client     = @@character_set_client */;
/*!50503 SET character_set_client = utf8mb4 */;
CREATE TABLE `Member` (
  `ID` int NOT NULL AUTO_INCREMENT,
  `ClassName` enum('Member') CHARACTER SET utf8mb3 COLLATE utf8mb3_general_ci DEFAULT 'Member',
  `LastEdited` datetime DEFAULT NULL,
  `Created` datetime DEFAULT NULL,
  `FirstName` varchar(50) CHARACTER SET utf8mb3 COLLATE utf8mb3_general_ci DEFAULT NULL,
  `Surname` varchar(50) CHARACTER SET utf8mb3 COLLATE utf8mb3_general_ci DEFAULT NULL,
  `Email` varchar(254) CHARACTER SET utf8mb3 COLLATE utf8mb3_general_ci DEFAULT NULL,
  `TempIDHash` varchar(160) CHARACTER SET utf8mb3 COLLATE utf8mb3_general_ci DEFAULT NULL,
  `TempIDExpired` datetime DEFAULT NULL,
  `Password` varchar(160) CHARACTER SET utf8mb3 COLLATE utf8mb3_general_ci DEFAULT NULL,
  `RememberLoginToken` varchar(160) CHARACTER SET utf8mb3 COLLATE utf8mb3_general_ci DEFAULT NULL,
  `NumVisit` int NOT NULL DEFAULT '0',
  `LastVisited` datetime DEFAULT NULL,
  `AutoLoginHash` varchar(160) CHARACTER SET utf8mb3 COLLATE utf8mb3_general_ci DEFAULT NULL,
  `AutoLoginExpired` datetime DEFAULT NULL,
  `PasswordEncryption` varchar(50) CHARACTER SET utf8mb3 COLLATE utf8mb3_general_ci DEFAULT NULL,
  `Salt` varchar(50) CHARACTER SET utf8mb3 COLLATE utf8mb3_general_ci DEFAULT NULL,
  `PasswordExpiry` date DEFAULT NULL,
  `LockedOutUntil` datetime DEFAULT NULL,
  `Locale` varchar(6) CHARACTER SET utf8mb3 COLLATE utf8mb3_general_ci DEFAULT NULL,
  `FailedLoginCount` int NOT NULL DEFAULT '0',
  `DateFormat` varchar(30) CHARACTER SET utf8mb3 COLLATE utf8mb3_general_ci DEFAULT NULL,
  `TimeFormat` varchar(30) CHARACTER SET utf8mb3 COLLATE utf8mb3_general_ci DEFAULT NULL,
  `IdentityURL` varchar(255) CHARACTER SET utf8mb3 COLLATE utf8mb3_general_ci DEFAULT NULL,
  `PresentationList` mediumtext CHARACTER SET utf8mb3 COLLATE utf8mb3_general_ci,
  `AuthenticationToken` varchar(128) CHARACTER SET utf8mb3 COLLATE utf8mb3_general_ci DEFAULT NULL,
  `AuthenticationTokenExpire` int NOT NULL DEFAULT '0',
  `SecondEmail` varchar(254) CHARACTER SET utf8mb3 COLLATE utf8mb3_general_ci DEFAULT NULL,
  `ThirdEmail` varchar(254) CHARACTER SET utf8mb3 COLLATE utf8mb3_general_ci DEFAULT NULL,
  `HasBeenEmailed` tinyint unsigned NOT NULL DEFAULT '0',
  `ShirtSize` enum('Extra Small','Small','Medium','Large','XL','XXL','WS','WM','WL','WXL','WXXL') CHARACTER SET utf8mb3 COLLATE utf8mb3_general_ci DEFAULT 'Extra Small',
  `StatementOfInterest` mediumtext CHARACTER SET utf8mb3 COLLATE utf8mb3_general_ci,
  `Bio` mediumtext CHARACTER SET utf8mb3 COLLATE utf8mb3_general_ci,
  `FoodPreference` mediumtext CHARACTER SET utf8mb3 COLLATE utf8mb3_general_ci,
  `OtherFood` mediumtext CHARACTER SET utf8mb3 COLLATE utf8mb3_general_ci,
  `GitHubUser` mediumtext CHARACTER SET utf8mb3 COLLATE utf8mb3_general_ci,
  `IRCHandle` mediumtext CHARACTER SET utf8mb3 COLLATE utf8mb3_general_ci,
  `TwitterName` mediumtext CHARACTER SET utf8mb3 COLLATE utf8mb3_general_ci,
  `ContactEmail` mediumtext CHARACTER SET utf8mb3 COLLATE utf8mb3_general_ci,
  `WeChatUser` mediumtext CHARACTER SET utf8mb3 COLLATE utf8mb3_general_ci,
  `Projects` mediumtext CHARACTER SET utf8mb3 COLLATE utf8mb3_general_ci,
  `OtherProject` mediumtext CHARACTER SET utf8mb3 COLLATE utf8mb3_general_ci,
  `SubscribedToNewsletter` tinyint unsigned NOT NULL DEFAULT '0',
  `JobTitle` mediumtext CHARACTER SET utf8mb3 COLLATE utf8mb3_general_ci,
  `DisplayOnSite` tinyint unsigned NOT NULL DEFAULT '0',
  `Role` mediumtext CHARACTER SET utf8mb3 COLLATE utf8mb3_general_ci,
  `LinkedInProfile` mediumtext CHARACTER SET utf8mb3 COLLATE utf8mb3_general_ci,
  `Address` varchar(255) CHARACTER SET utf8mb3 COLLATE utf8mb3_general_ci DEFAULT NULL,
  `Suburb` varchar(64) CHARACTER SET utf8mb3 COLLATE utf8mb3_general_ci DEFAULT NULL,
  `State` varchar(64) CHARACTER SET utf8mb3 COLLATE utf8mb3_general_ci DEFAULT NULL,
  `Postcode` varchar(64) CHARACTER SET utf8mb3 COLLATE utf8mb3_general_ci DEFAULT NULL,
  `Country` varchar(2) CHARACTER SET utf8mb3 COLLATE utf8mb3_general_ci DEFAULT NULL,
  `City` varchar(64) CHARACTER SET utf8mb3 COLLATE utf8mb3_general_ci DEFAULT NULL,
  `Gender` varchar(32) CHARACTER SET utf8mb3 COLLATE utf8mb3_general_ci DEFAULT NULL,
  `TypeOfDirector` mediumtext CHARACTER SET utf8mb3 COLLATE utf8mb3_general_ci,
  `Active` tinyint unsigned NOT NULL DEFAULT '0',
  `EmailVerified` tinyint unsigned NOT NULL DEFAULT '0',
  `EmailVerifiedTokenHash` mediumtext CHARACTER SET utf8mb3 COLLATE utf8mb3_general_ci,
  `EmailVerifiedDate` datetime DEFAULT NULL,
  `LegacyMember` tinyint unsigned NOT NULL DEFAULT '0',
  `ProfileLastUpdate` datetime DEFAULT NULL,
  `Type` enum('None','Ham','Spam') CHARACTER SET utf8mb3 COLLATE utf8mb3_general_ci DEFAULT 'None',
  `ShowDupesOnProfile` tinyint unsigned NOT NULL DEFAULT '0',
  `ResignDate` datetime DEFAULT NULL,
  `AskOpenStackUsername` varchar(50) CHARACTER SET utf8mb3 COLLATE utf8mb3_general_ci DEFAULT NULL,
  `VotingListID` int DEFAULT NULL,
  `PhotoID` int DEFAULT NULL,
  `OrgID` int DEFAULT NULL,
  `ExternalUserId` int DEFAULT NULL,
  `ExternalUserIdentifier` longtext,
  `MembershipType` enum('Foundation','Community','None') CHARACTER SET utf8mb3 COLLATE utf8mb3_general_ci DEFAULT 'None',
  `ExternalPic` varchar(512) DEFAULT NULL,
  `Company` varchar(255) DEFAULT NULL,
  PRIMARY KEY (`ID`),
  UNIQUE KEY `Email` (`Email`),
  UNIQUE KEY `ExternalUserId` (`ExternalUserId`),
  KEY `AuthenticationToken` (`AuthenticationToken`),
  KEY `ClassName` (`ClassName`),
  KEY `FirstName` (`FirstName`),
  KEY `FirstName_Surname` (`FirstName`,`Surname`),
  KEY `OrgID` (`OrgID`),
  KEY `PhotoID` (`PhotoID`),
  KEY `SecondEmail` (`SecondEmail`),
  KEY `Surname` (`Surname`),
  KEY `ThirdEmail` (`ThirdEmail`),
  KEY `VotingListID` (`VotingListID`)
) ENGINE=InnoDB AUTO_INCREMENT=39 DEFAULT CHARSET=latin1;
/*!40101 SET character_set_client = @saved_cs_client */;

--
-- Dumping data for table `Member`
--

LOCK TABLES `Member` WRITE;
/*!40000 ALTER TABLE `Member` DISABLE KEYS */;
INSERT INTO `Member` VALUES (1,'Member','2024-06-21 04:31:07','2024-06-21 04:31:07','Sebastian','Marcet','smarcet+qccnc9xun8@gmail.com',NULL,NULL,NULL,NULL,0,NULL,NULL,NULL,NULL,NULL,NULL,NULL,NULL,0,NULL,NULL,NULL,NULL,NULL,0,NULL,NULL,0,NULL,NULL,NULL,NULL,NULL,NULL,NULL,NULL,NULL,NULL,NULL,NULL,0,NULL,0,NULL,NULL,NULL,NULL,NULL,NULL,NULL,NULL,NULL,NULL,1,1,NULL,NULL,0,NULL,'None',0,NULL,NULL,NULL,NULL,NULL,1157430611,NULL,'None',NULL,NULL),(2,'Member','2024-06-21 04:31:07','2024-06-21 04:31:07','Sebastian','Marcet Summit Admin','smarcet+qccnc9xun8_admin@gmail.com',NULL,NULL,NULL,NULL,0,NULL,NULL,NULL,NULL,NULL,NULL,NULL,NULL,0,NULL,NULL,NULL,NULL,NULL,0,NULL,NULL,0,NULL,NULL,NULL,NULL,NULL,NULL,NULL,NULL,NULL,NULL,NULL,NULL,0,NULL,0,NULL,NULL,NULL,NULL,NULL,NULL,NULL,NULL,NULL,NULL,1,1,NULL,NULL,0,NULL,'None',0,NULL,NULL,NULL,NULL,NULL,1347927480,NULL,'None',NULL,NULL),(3,'Member','2024-06-21 04:31:54','2024-06-21 04:31:54','Sebastian','Marcet','smarcet+opmck2vfxg@gmail.com',NULL,NULL,NULL,NULL,0,NULL,NULL,NULL,NULL,NULL,NULL,NULL,NULL,0,NULL,NULL,NULL,NULL,NULL,0,NULL,NULL,0,NULL,NULL,NULL,NULL,NULL,NULL,NULL,NULL,NULL,NULL,NULL,NULL,0,NULL,0,NULL,NULL,NULL,NULL,NULL,NULL,NULL,NULL,NULL,NULL,1,1,NULL,NULL,0,NULL,'None',0,NULL,NULL,NULL,NULL,NULL,1822796176,NULL,'None',NULL,NULL),(4,'Member','2024-06-21 04:31:54','2024-06-21 04:31:54','Sebastian','Marcet Summit Admin','smarcet+opmck2vfxg_admin@gmail.com',NULL,NULL,NULL,NULL,0,NULL,NULL,NULL,NULL,NULL,NULL,NULL,NULL,0,NULL,NULL,NULL,NULL,NULL,0,NULL,NULL,0,NULL,NULL,NULL,NULL,NULL,NULL,NULL,NULL,NULL,NULL,NULL,NULL,0,NULL,0,NULL,NULL,NULL,NULL,NULL,NULL,NULL,NULL,NULL,NULL,1,1,NULL,NULL,0,NULL,'None',0,NULL,NULL,NULL,NULL,NULL,1072191816,NULL,'None',NULL,NULL),(5,'Member','2024-06-21 04:33:58','2024-06-21 04:33:41','Sebastian','Marcet','smarcet+tckqvhsnho@gmail.com',NULL,NULL,NULL,NULL,0,NULL,NULL,NULL,NULL,NULL,NULL,NULL,NULL,0,NULL,NULL,NULL,NULL,NULL,0,NULL,NULL,0,NULL,NULL,NULL,NULL,NULL,NULL,NULL,NULL,NULL,NULL,NULL,NULL,0,NULL,0,NULL,NULL,NULL,NULL,NULL,NULL,NULL,NULL,NULL,NULL,1,0,NULL,NULL,0,NULL,'None',0,NULL,NULL,NULL,NULL,NULL,358322371,NULL,'None',NULL,NULL),(6,'Member','2024-06-21 04:33:41','2024-06-21 04:33:41','Sebastian','Marcet Summit Admin','smarcet+tckqvhsnho_admin@gmail.com',NULL,NULL,NULL,NULL,0,NULL,NULL,NULL,NULL,NULL,NULL,NULL,NULL,0,NULL,NULL,NULL,NULL,NULL,0,NULL,NULL,0,NULL,NULL,NULL,NULL,NULL,NULL,NULL,NULL,NULL,NULL,NULL,NULL,0,NULL,0,NULL,NULL,NULL,NULL,NULL,NULL,NULL,NULL,NULL,NULL,1,1,NULL,NULL,0,NULL,'None',0,NULL,NULL,NULL,NULL,NULL,1456745277,NULL,'None',NULL,NULL),(7,'Member','2024-06-21 04:38:06','2024-06-21 04:38:05','Sebastian','Marcet','smarcet+4shj0f74fy@gmail.com',NULL,NULL,NULL,NULL,0,NULL,NULL,NULL,NULL,NULL,NULL,NULL,NULL,0,NULL,NULL,NULL,NULL,NULL,0,NULL,NULL,0,NULL,NULL,NULL,NULL,NULL,NULL,NULL,NULL,NULL,NULL,NULL,NULL,0,NULL,0,NULL,NULL,NULL,NULL,NULL,NULL,NULL,NULL,NULL,NULL,1,0,NULL,NULL,0,NULL,'None',0,NULL,NULL,NULL,NULL,NULL,2143599133,NULL,'None',NULL,NULL),(8,'Member','2024-06-21 04:38:05','2024-06-21 04:38:05','Sebastian','Marcet Summit Admin','smarcet+4shj0f74fy_admin@gmail.com',NULL,NULL,NULL,NULL,0,NULL,NULL,NULL,NULL,NULL,NULL,NULL,NULL,0,NULL,NULL,NULL,NULL,NULL,0,NULL,NULL,0,NULL,NULL,NULL,NULL,NULL,NULL,NULL,NULL,NULL,NULL,NULL,NULL,0,NULL,0,NULL,NULL,NULL,NULL,NULL,NULL,NULL,NULL,NULL,NULL,1,1,NULL,NULL,0,NULL,'None',0,NULL,NULL,NULL,NULL,NULL,1140917756,NULL,'None',NULL,NULL),(9,'Member','2024-06-21 04:38:36','2024-06-21 04:38:32','Sebastian','Marcet','smarcet+cwptnhydr5@gmail.com',NULL,NULL,NULL,NULL,0,NULL,NULL,NULL,NULL,NULL,NULL,NULL,NULL,0,NULL,NULL,NULL,NULL,NULL,0,NULL,NULL,0,NULL,NULL,NULL,NULL,NULL,NULL,NULL,NULL,NULL,NULL,NULL,NULL,0,NULL,0,NULL,NULL,NULL,NULL,NULL,NULL,NULL,NULL,NULL,NULL,1,0,NULL,NULL,0,NULL,'None',0,NULL,NULL,NULL,NULL,NULL,1825439295,NULL,'None',NULL,NULL),(10,'Member','2024-06-21 04:38:32','2024-06-21 04:38:32','Sebastian','Marcet Summit Admin','smarcet+cwptnhydr5_admin@gmail.com',NULL,NULL,NULL,NULL,0,NULL,NULL,NULL,NULL,NULL,NULL,NULL,NULL,0,NULL,NULL,NULL,NULL,NULL,0,NULL,NULL,0,NULL,NULL,NULL,NULL,NULL,NULL,NULL,NULL,NULL,NULL,NULL,NULL,0,NULL,0,NULL,NULL,NULL,NULL,NULL,NULL,NULL,NULL,NULL,NULL,1,1,NULL,NULL,0,NULL,'None',0,NULL,NULL,NULL,NULL,NULL,969876321,NULL,'None',NULL,NULL),(11,'Member','2024-06-21 04:39:42','2024-06-21 04:39:39','Sebastian','Marcet','smarcet+r9gu01shq2@gmail.com',NULL,NULL,NULL,NULL,0,NULL,NULL,NULL,NULL,NULL,NULL,NULL,NULL,0,NULL,NULL,NULL,NULL,NULL,0,NULL,NULL,0,NULL,NULL,NULL,NULL,NULL,NULL,NULL,NULL,NULL,NULL,NULL,NULL,0,NULL,0,NULL,NULL,NULL,NULL,NULL,NULL,NULL,NULL,NULL,NULL,1,0,NULL,NULL,0,NULL,'None',0,NULL,NULL,NULL,NULL,NULL,643866018,NULL,'None',NULL,NULL),(12,'Member','2024-06-21 04:39:39','2024-06-21 04:39:39','Sebastian','Marcet Summit Admin','smarcet+r9gu01shq2_admin@gmail.com',NULL,NULL,NULL,NULL,0,NULL,NULL,NULL,NULL,NULL,NULL,NULL,NULL,0,NULL,NULL,NULL,NULL,NULL,0,NULL,NULL,0,NULL,NULL,NULL,NULL,NULL,NULL,NULL,NULL,NULL,NULL,NULL,NULL,0,NULL,0,NULL,NULL,NULL,NULL,NULL,NULL,NULL,NULL,NULL,NULL,1,1,NULL,NULL,0,NULL,'None',0,NULL,NULL,NULL,NULL,NULL,1642408752,NULL,'None',NULL,NULL),(13,'Member','2024-06-21 04:40:08','2024-06-21 04:40:05','Sebastian','Marcet','smarcet+ex3ptpfltf@gmail.com',NULL,NULL,NULL,NULL,0,NULL,NULL,NULL,NULL,NULL,NULL,NULL,NULL,0,NULL,NULL,NULL,NULL,NULL,0,NULL,NULL,0,NULL,NULL,NULL,NULL,NULL,NULL,NULL,NULL,NULL,NULL,NULL,NULL,0,NULL,0,NULL,NULL,NULL,NULL,NULL,NULL,NULL,NULL,NULL,NULL,1,0,NULL,NULL,0,NULL,'None',0,NULL,NULL,NULL,NULL,NULL,1453144021,NULL,'None',NULL,NULL),(14,'Member','2024-06-21 04:40:05','2024-06-21 04:40:05','Sebastian','Marcet Summit Admin','smarcet+ex3ptpfltf_admin@gmail.com',NULL,NULL,NULL,NULL,0,NULL,NULL,NULL,NULL,NULL,NULL,NULL,NULL,0,NULL,NULL,NULL,NULL,NULL,0,NULL,NULL,0,NULL,NULL,NULL,NULL,NULL,NULL,NULL,NULL,NULL,NULL,NULL,NULL,0,NULL,0,NULL,NULL,NULL,NULL,NULL,NULL,NULL,NULL,NULL,NULL,1,1,NULL,NULL,0,NULL,'None',0,NULL,NULL,NULL,NULL,NULL,736639468,NULL,'None',NULL,NULL),(15,'Member','2024-06-21 11:14:03','2024-06-21 11:13:55','Sebastian','Marcet','smarcet+llfzamxif5@gmail.com',NULL,NULL,NULL,NULL,0,NULL,NULL,NULL,NULL,NULL,NULL,NULL,NULL,0,NULL,NULL,NULL,NULL,NULL,0,NULL,NULL,0,NULL,NULL,NULL,NULL,NULL,NULL,NULL,NULL,NULL,NULL,NULL,NULL,0,NULL,0,NULL,NULL,NULL,NULL,NULL,NULL,NULL,NULL,NULL,NULL,1,0,NULL,NULL,0,NULL,'None',0,NULL,NULL,NULL,NULL,NULL,1543883758,NULL,'None',NULL,NULL),(16,'Member','2024-06-21 11:13:55','2024-06-21 11:13:55','Sebastian','Marcet Summit Admin','smarcet+llfzamxif5_admin@gmail.com',NULL,NULL,NULL,NULL,0,NULL,NULL,NULL,NULL,NULL,NULL,NULL,NULL,0,NULL,NULL,NULL,NULL,NULL,0,NULL,NULL,0,NULL,NULL,NULL,NULL,NULL,NULL,NULL,NULL,NULL,NULL,NULL,NULL,0,NULL,0,NULL,NULL,NULL,NULL,NULL,NULL,NULL,NULL,NULL,NULL,1,1,NULL,NULL,0,NULL,'None',0,NULL,NULL,NULL,NULL,NULL,1496454883,NULL,'None',NULL,NULL),(17,'Member','2024-06-21 11:15:06','2024-06-21 11:15:03','Sebastian','Marcet','smarcet+gc5hniauzq@gmail.com',NULL,NULL,NULL,NULL,0,NULL,NULL,NULL,NULL,NULL,NULL,NULL,NULL,0,NULL,NULL,NULL,NULL,NULL,0,NULL,NULL,0,NULL,NULL,NULL,NULL,NULL,NULL,NULL,NULL,NULL,NULL,NULL,NULL,0,NULL,0,NULL,NULL,NULL,NULL,NULL,NULL,NULL,NULL,NULL,NULL,1,0,NULL,NULL,0,NULL,'None',0,NULL,NULL,NULL,NULL,NULL,1703583255,NULL,'None',NULL,NULL),(18,'Member','2024-06-21 11:15:03','2024-06-21 11:15:03','Sebastian','Marcet Summit Admin','smarcet+gc5hniauzq_admin@gmail.com',NULL,NULL,NULL,NULL,0,NULL,NULL,NULL,NULL,NULL,NULL,NULL,NULL,0,NULL,NULL,NULL,NULL,NULL,0,NULL,NULL,0,NULL,NULL,NULL,NULL,NULL,NULL,NULL,NULL,NULL,NULL,NULL,NULL,0,NULL,0,NULL,NULL,NULL,NULL,NULL,NULL,NULL,NULL,NULL,NULL,1,1,NULL,NULL,0,NULL,'None',0,NULL,NULL,NULL,NULL,NULL,1324819309,NULL,'None',NULL,NULL),(19,'Member','2024-06-21 11:15:22','2024-06-21 11:15:16','Sebastian','Marcet','smarcet+2gurizutsk@gmail.com',NULL,NULL,NULL,NULL,0,NULL,NULL,NULL,NULL,NULL,NULL,NULL,NULL,0,NULL,NULL,NULL,NULL,NULL,0,NULL,NULL,0,NULL,NULL,NULL,NULL,NULL,NULL,NULL,NULL,NULL,NULL,NULL,NULL,0,NULL,0,NULL,NULL,NULL,NULL,NULL,NULL,NULL,NULL,NULL,NULL,1,0,NULL,NULL,0,NULL,'None',0,NULL,NULL,NULL,NULL,NULL,1504902709,NULL,'None',NULL,NULL),(20,'Member','2024-06-21 11:15:16','2024-06-21 11:15:16','Sebastian','Marcet Summit Admin','smarcet+2gurizutsk_admin@gmail.com',NULL,NULL,NULL,NULL,0,NULL,NULL,NULL,NULL,NULL,NULL,NULL,NULL,0,NULL,NULL,NULL,NULL,NULL,0,NULL,NULL,0,NULL,NULL,NULL,NULL,NULL,NULL,NULL,NULL,NULL,NULL,NULL,NULL,0,NULL,0,NULL,NULL,NULL,NULL,NULL,NULL,NULL,NULL,NULL,NULL,1,1,NULL,NULL,0,NULL,'None',0,NULL,NULL,NULL,NULL,NULL,1211349956,NULL,'None',NULL,NULL),(21,'Member','2024-06-21 11:17:04','2024-06-21 11:17:02','Sebastian','Marcet','smarcet+qop7qvyjpl@gmail.com',NULL,NULL,NULL,NULL,0,NULL,NULL,NULL,NULL,NULL,NULL,NULL,NULL,0,NULL,NULL,NULL,NULL,NULL,0,NULL,NULL,0,NULL,NULL,NULL,NULL,NULL,NULL,NULL,NULL,NULL,NULL,NULL,NULL,0,NULL,0,NULL,NULL,NULL,NULL,NULL,NULL,NULL,NULL,NULL,NULL,1,0,NULL,NULL,0,NULL,'None',0,NULL,NULL,NULL,NULL,NULL,52525165,NULL,'None',NULL,NULL),(22,'Member','2024-06-21 11:17:02','2024-06-21 11:17:02','Sebastian','Marcet Summit Admin','smarcet+qop7qvyjpl_admin@gmail.com',NULL,NULL,NULL,NULL,0,NULL,NULL,NULL,NULL,NULL,NULL,NULL,NULL,0,NULL,NULL,NULL,NULL,NULL,0,NULL,NULL,0,NULL,NULL,NULL,NULL,NULL,NULL,NULL,NULL,NULL,NULL,NULL,NULL,0,NULL,0,NULL,NULL,NULL,NULL,NULL,NULL,NULL,NULL,NULL,NULL,1,1,NULL,NULL,0,NULL,'None',0,NULL,NULL,NULL,NULL,NULL,1406947949,NULL,'None',NULL,NULL),(23,'Member','2024-06-21 11:18:33','2024-06-21 11:18:31','Sebastian','Marcet','smarcet+j75uuizoci@gmail.com',NULL,NULL,NULL,NULL,0,NULL,NULL,NULL,NULL,NULL,NULL,NULL,NULL,0,NULL,NULL,NULL,NULL,NULL,0,NULL,NULL,0,NULL,NULL,NULL,NULL,NULL,NULL,NULL,NULL,NULL,NULL,NULL,NULL,0,NULL,0,NULL,NULL,NULL,NULL,NULL,NULL,NULL,NULL,NULL,NULL,1,0,NULL,NULL,0,NULL,'None',0,NULL,NULL,NULL,NULL,NULL,1829245142,NULL,'None',NULL,NULL),(24,'Member','2024-06-21 11:18:31','2024-06-21 11:18:31','Sebastian','Marcet Summit Admin','smarcet+j75uuizoci_admin@gmail.com',NULL,NULL,NULL,NULL,0,NULL,NULL,NULL,NULL,NULL,NULL,NULL,NULL,0,NULL,NULL,NULL,NULL,NULL,0,NULL,NULL,0,NULL,NULL,NULL,NULL,NULL,NULL,NULL,NULL,NULL,NULL,NULL,NULL,0,NULL,0,NULL,NULL,NULL,NULL,NULL,NULL,NULL,NULL,NULL,NULL,1,1,NULL,NULL,0,NULL,'None',0,NULL,NULL,NULL,NULL,NULL,599208941,NULL,'None',NULL,NULL),(25,'Member','2024-06-21 11:33:12','2024-06-21 11:33:07','Sebastian','Marcet','smarcet+c7pje3bn7v@gmail.com',NULL,NULL,NULL,NULL,0,NULL,NULL,NULL,NULL,NULL,NULL,NULL,NULL,0,NULL,NULL,NULL,NULL,NULL,0,NULL,NULL,0,NULL,NULL,NULL,NULL,NULL,NULL,NULL,NULL,NULL,NULL,NULL,NULL,0,NULL,0,NULL,NULL,NULL,NULL,NULL,NULL,NULL,NULL,NULL,NULL,1,0,NULL,NULL,0,NULL,'None',0,NULL,NULL,NULL,NULL,NULL,834165846,NULL,'None',NULL,NULL),(26,'Member','2024-06-21 11:33:07','2024-06-21 11:33:07','Sebastian','Marcet Summit Admin','smarcet+c7pje3bn7v_admin@gmail.com',NULL,NULL,NULL,NULL,0,NULL,NULL,NULL,NULL,NULL,NULL,NULL,NULL,0,NULL,NULL,NULL,NULL,NULL,0,NULL,NULL,0,NULL,NULL,NULL,NULL,NULL,NULL,NULL,NULL,NULL,NULL,NULL,NULL,0,NULL,0,NULL,NULL,NULL,NULL,NULL,NULL,NULL,NULL,NULL,NULL,1,1,NULL,NULL,0,NULL,'None',0,NULL,NULL,NULL,NULL,NULL,648810708,NULL,'None',NULL,NULL),(27,'Member','2024-06-21 11:34:15','2024-06-21 11:34:09','Sebastian','Marcet','smarcet+yagbfwcmdo@gmail.com',NULL,NULL,NULL,NULL,0,NULL,NULL,NULL,NULL,NULL,NULL,NULL,NULL,0,NULL,NULL,NULL,NULL,NULL,0,NULL,NULL,0,NULL,NULL,NULL,NULL,NULL,NULL,NULL,NULL,NULL,NULL,NULL,NULL,0,NULL,0,NULL,NULL,NULL,NULL,NULL,NULL,NULL,NULL,NULL,NULL,1,0,NULL,NULL,0,NULL,'None',0,NULL,NULL,NULL,NULL,NULL,1238163784,NULL,'None',NULL,NULL),(28,'Member','2024-06-21 11:34:09','2024-06-21 11:34:09','Sebastian','Marcet Summit Admin','smarcet+yagbfwcmdo_admin@gmail.com',NULL,NULL,NULL,NULL,0,NULL,NULL,NULL,NULL,NULL,NULL,NULL,NULL,0,NULL,NULL,NULL,NULL,NULL,0,NULL,NULL,0,NULL,NULL,NULL,NULL,NULL,NULL,NULL,NULL,NULL,NULL,NULL,NULL,0,NULL,0,NULL,NULL,NULL,NULL,NULL,NULL,NULL,NULL,NULL,NULL,1,1,NULL,NULL,0,NULL,'None',0,NULL,NULL,NULL,NULL,NULL,1453761183,NULL,'None',NULL,NULL),(29,'Member','2024-06-24 07:17:28','2024-06-24 07:17:28','Sebastian','Marcet','smarcet+vabylakitk@gmail.com',NULL,NULL,NULL,NULL,0,NULL,NULL,NULL,NULL,NULL,NULL,NULL,NULL,0,NULL,NULL,NULL,NULL,NULL,0,NULL,NULL,0,NULL,NULL,NULL,NULL,NULL,NULL,NULL,NULL,NULL,NULL,NULL,NULL,0,NULL,0,NULL,NULL,NULL,NULL,NULL,NULL,NULL,NULL,NULL,NULL,1,1,NULL,NULL,0,NULL,'None',0,NULL,NULL,NULL,NULL,NULL,672038397,NULL,'None',NULL,NULL),(30,'Member','2024-06-24 07:17:28','2024-06-24 07:17:28','Sebastian','Marcet Summit Admin','smarcet+vabylakitk_admin@gmail.com',NULL,NULL,NULL,NULL,0,NULL,NULL,NULL,NULL,NULL,NULL,NULL,NULL,0,NULL,NULL,NULL,NULL,NULL,0,NULL,NULL,0,NULL,NULL,NULL,NULL,NULL,NULL,NULL,NULL,NULL,NULL,NULL,NULL,0,NULL,0,NULL,NULL,NULL,NULL,NULL,NULL,NULL,NULL,NULL,NULL,1,1,NULL,NULL,0,NULL,'None',0,NULL,NULL,NULL,NULL,NULL,909262037,NULL,'None',NULL,NULL),(31,'Member','2024-06-24 07:19:13','2024-06-24 07:19:13','Sebastian','Marcet','smarcet+yij5ixkayx@gmail.com',NULL,NULL,NULL,NULL,0,NULL,NULL,NULL,NULL,NULL,NULL,NULL,NULL,0,NULL,NULL,NULL,NULL,NULL,0,NULL,NULL,0,NULL,NULL,NULL,NULL,NULL,NULL,NULL,NULL,NULL,NULL,NULL,NULL,0,NULL,0,NULL,NULL,NULL,NULL,NULL,NULL,NULL,NULL,NULL,NULL,1,1,NULL,NULL,0,NULL,'None',0,NULL,NULL,NULL,NULL,NULL,1659679519,NULL,'None',NULL,NULL),(32,'Member','2024-06-24 07:19:13','2024-06-24 07:19:13','Sebastian','Marcet Summit Admin','smarcet+yij5ixkayx_admin@gmail.com',NULL,NULL,NULL,NULL,0,NULL,NULL,NULL,NULL,NULL,NULL,NULL,NULL,0,NULL,NULL,NULL,NULL,NULL,0,NULL,NULL,0,NULL,NULL,NULL,NULL,NULL,NULL,NULL,NULL,NULL,NULL,NULL,NULL,0,NULL,0,NULL,NULL,NULL,NULL,NULL,NULL,NULL,NULL,NULL,NULL,1,1,NULL,NULL,0,NULL,'None',0,NULL,NULL,NULL,NULL,NULL,1125543592,NULL,'None',NULL,NULL),(33,'Member','2024-06-24 07:20:18','2024-06-24 07:20:18','Sebastian','Marcet','smarcet+xxx0uu0jh9@gmail.com',NULL,NULL,NULL,NULL,0,NULL,NULL,NULL,NULL,NULL,NULL,NULL,NULL,0,NULL,NULL,NULL,NULL,NULL,0,NULL,NULL,0,NULL,NULL,NULL,NULL,NULL,NULL,NULL,NULL,NULL,NULL,NULL,NULL,0,NULL,0,NULL,NULL,NULL,NULL,NULL,NULL,NULL,NULL,NULL,NULL,1,1,NULL,NULL,0,NULL,'None',0,NULL,NULL,NULL,NULL,NULL,1544423026,NULL,'None',NULL,NULL),(34,'Member','2024-06-24 07:20:18','2024-06-24 07:20:18','Sebastian','Marcet Summit Admin','smarcet+xxx0uu0jh9_admin@gmail.com',NULL,NULL,NULL,NULL,0,NULL,NULL,NULL,NULL,NULL,NULL,NULL,NULL,0,NULL,NULL,NULL,NULL,NULL,0,NULL,NULL,0,NULL,NULL,NULL,NULL,NULL,NULL,NULL,NULL,NULL,NULL,NULL,NULL,0,NULL,0,NULL,NULL,NULL,NULL,NULL,NULL,NULL,NULL,NULL,NULL,1,1,NULL,NULL,0,NULL,'None',0,NULL,NULL,NULL,NULL,NULL,1793824030,NULL,'None',NULL,NULL),(35,'Member','2024-06-24 07:23:07','2024-06-24 07:23:07','Sebastian','Marcet','smarcet+ukrwftwhyj@gmail.com',NULL,NULL,NULL,NULL,0,NULL,NULL,NULL,NULL,NULL,NULL,NULL,NULL,0,NULL,NULL,NULL,NULL,NULL,0,NULL,NULL,0,NULL,NULL,NULL,NULL,NULL,NULL,NULL,NULL,NULL,NULL,NULL,NULL,0,NULL,0,NULL,NULL,NULL,NULL,NULL,NULL,NULL,NULL,NULL,NULL,1,1,NULL,NULL,0,NULL,'None',0,NULL,NULL,NULL,NULL,NULL,1705380231,NULL,'None',NULL,NULL),(36,'Member','2024-06-24 07:23:07','2024-06-24 07:23:07','Sebastian','Marcet Summit Admin','smarcet+ukrwftwhyj_admin@gmail.com',NULL,NULL,NULL,NULL,0,NULL,NULL,NULL,NULL,NULL,NULL,NULL,NULL,0,NULL,NULL,NULL,NULL,NULL,0,NULL,NULL,0,NULL,NULL,NULL,NULL,NULL,NULL,NULL,NULL,NULL,NULL,NULL,NULL,0,NULL,0,NULL,NULL,NULL,NULL,NULL,NULL,NULL,NULL,NULL,NULL,1,1,NULL,NULL,0,NULL,'None',0,NULL,NULL,NULL,NULL,NULL,1900991492,NULL,'None',NULL,NULL),(37,'Member','2024-06-24 07:25:41','2024-06-24 07:25:41','Sebastian','Marcet','smarcet+6cvbkdhugs@gmail.com',NULL,NULL,NULL,NULL,0,NULL,NULL,NULL,NULL,NULL,NULL,NULL,NULL,0,NULL,NULL,NULL,NULL,NULL,0,NULL,NULL,0,NULL,NULL,NULL,NULL,NULL,NULL,NULL,NULL,NULL,NULL,NULL,NULL,0,NULL,0,NULL,NULL,NULL,NULL,NULL,NULL,NULL,NULL,NULL,NULL,1,1,NULL,NULL,0,NULL,'None',0,NULL,NULL,NULL,NULL,NULL,1297086987,NULL,'None',NULL,NULL),(38,'Member','2024-06-24 07:25:41','2024-06-24 07:25:41','Sebastian','Marcet Summit Admin','smarcet+6cvbkdhugs_admin@gmail.com',NULL,NULL,NULL,NULL,0,NULL,NULL,NULL,NULL,NULL,NULL,NULL,NULL,0,NULL,NULL,NULL,NULL,NULL,0,NULL,NULL,0,NULL,NULL,NULL,NULL,NULL,NULL,NULL,NULL,NULL,NULL,NULL,NULL,0,NULL,0,NULL,NULL,NULL,NULL,NULL,NULL,NULL,NULL,NULL,NULL,1,1,NULL,NULL,0,NULL,'None',0,NULL,NULL,NULL,NULL,NULL,899382459,NULL,'None',NULL,NULL);
/*!40000 ALTER TABLE `Member` ENABLE KEYS */;
UNLOCK TABLES;

--
-- Table structure for table `MemberCalendarScheduleSummitActionSyncWorkRequest`
--

DROP TABLE IF EXISTS `MemberCalendarScheduleSummitActionSyncWorkRequest`;
/*!40101 SET @saved_cs_client     = @@character_set_client */;
/*!50503 SET character_set_client = utf8mb4 */;
CREATE TABLE `MemberCalendarScheduleSummitActionSyncWorkRequest` (
  `ID` int NOT NULL AUTO_INCREMENT,
  `CalendarId` varchar(255) CHARACTER SET utf8mb3 COLLATE utf8mb3_general_ci DEFAULT NULL,
  `CalendarName` varchar(255) CHARACTER SET utf8mb3 COLLATE utf8mb3_general_ci DEFAULT NULL,
  `CalendarDescription` varchar(255) CHARACTER SET utf8mb3 COLLATE utf8mb3_general_ci DEFAULT NULL,
  PRIMARY KEY (`ID`)
) ENGINE=InnoDB DEFAULT CHARSET=latin1;
/*!40101 SET character_set_client = @saved_cs_client */;

--
-- Dumping data for table `MemberCalendarScheduleSummitActionSyncWorkRequest`
--

LOCK TABLES `MemberCalendarScheduleSummitActionSyncWorkRequest` WRITE;
/*!40000 ALTER TABLE `MemberCalendarScheduleSummitActionSyncWorkRequest` DISABLE KEYS */;
/*!40000 ALTER TABLE `MemberCalendarScheduleSummitActionSyncWorkRequest` ENABLE KEYS */;
UNLOCK TABLES;

--
-- Table structure for table `MemberDeleted`
--

DROP TABLE IF EXISTS `MemberDeleted`;
/*!40101 SET @saved_cs_client     = @@character_set_client */;
/*!50503 SET character_set_client = utf8mb4 */;
CREATE TABLE `MemberDeleted` (
  `ID` int NOT NULL AUTO_INCREMENT,
  `ClassName` enum('MemberDeleted') CHARACTER SET utf8mb3 COLLATE utf8mb3_general_ci DEFAULT 'MemberDeleted',
  `LastEdited` datetime DEFAULT NULL,
  `Created` datetime DEFAULT NULL,
  `FirstName` varchar(50) CHARACTER SET utf8mb3 COLLATE utf8mb3_general_ci DEFAULT NULL,
  `Surname` varchar(50) CHARACTER SET utf8mb3 COLLATE utf8mb3_general_ci DEFAULT NULL,
  `Email` varchar(254) CHARACTER SET utf8mb3 COLLATE utf8mb3_general_ci DEFAULT NULL,
  `OriginalID` int NOT NULL DEFAULT '0',
  `FromUrl` mediumtext CHARACTER SET utf8mb3 COLLATE utf8mb3_general_ci,
  `MembershipType` enum('Foundation','Community','None') CHARACTER SET utf8mb3 COLLATE utf8mb3_general_ci DEFAULT 'None',
  PRIMARY KEY (`ID`),
  KEY `ClassName` (`ClassName`)
) ENGINE=InnoDB DEFAULT CHARSET=latin1;
/*!40101 SET character_set_client = @saved_cs_client */;

--
-- Dumping data for table `MemberDeleted`
--

LOCK TABLES `MemberDeleted` WRITE;
/*!40000 ALTER TABLE `MemberDeleted` DISABLE KEYS */;
/*!40000 ALTER TABLE `MemberDeleted` ENABLE KEYS */;
UNLOCK TABLES;

--
-- Table structure for table `MemberEmailChange`
--

DROP TABLE IF EXISTS `MemberEmailChange`;
/*!40101 SET @saved_cs_client     = @@character_set_client */;
/*!50503 SET character_set_client = utf8mb4 */;
CREATE TABLE `MemberEmailChange` (
  `ID` int NOT NULL AUTO_INCREMENT,
  `ClassName` enum('MemberEmailChange') CHARACTER SET utf8mb3 COLLATE utf8mb3_general_ci DEFAULT 'MemberEmailChange',
  `LastEdited` datetime DEFAULT NULL,
  `Created` datetime DEFAULT NULL,
  `OldValue` varchar(254) CHARACTER SET utf8mb3 COLLATE utf8mb3_general_ci DEFAULT NULL,
  `NewValue` varchar(254) CHARACTER SET utf8mb3 COLLATE utf8mb3_general_ci DEFAULT NULL,
  `MemberID` int DEFAULT NULL,
  `PerformedByID` int DEFAULT NULL,
  PRIMARY KEY (`ID`),
  KEY `ClassName` (`ClassName`),
  KEY `MemberID` (`MemberID`),
  KEY `PerformedByID` (`PerformedByID`)
) ENGINE=InnoDB DEFAULT CHARSET=latin1;
/*!40101 SET character_set_client = @saved_cs_client */;

--
-- Dumping data for table `MemberEmailChange`
--

LOCK TABLES `MemberEmailChange` WRITE;
/*!40000 ALTER TABLE `MemberEmailChange` DISABLE KEYS */;
/*!40000 ALTER TABLE `MemberEmailChange` ENABLE KEYS */;
UNLOCK TABLES;

--
-- Table structure for table `MemberEstimatorFeed`
--

DROP TABLE IF EXISTS `MemberEstimatorFeed`;
/*!40101 SET @saved_cs_client     = @@character_set_client */;
/*!50503 SET character_set_client = utf8mb4 */;
CREATE TABLE `MemberEstimatorFeed` (
  `ID` int NOT NULL AUTO_INCREMENT,
  `ClassName` enum('MemberEstimatorFeed') CHARACTER SET utf8mb3 COLLATE utf8mb3_general_ci DEFAULT 'MemberEstimatorFeed',
  `LastEdited` datetime DEFAULT NULL,
  `Created` datetime DEFAULT NULL,
  `FirstName` varchar(50) CHARACTER SET utf8mb3 COLLATE utf8mb3_general_ci DEFAULT NULL,
  `Surname` varchar(50) CHARACTER SET utf8mb3 COLLATE utf8mb3_general_ci DEFAULT NULL,
  `Email` varchar(254) CHARACTER SET utf8mb3 COLLATE utf8mb3_general_ci DEFAULT NULL,
  `Bio` mediumtext CHARACTER SET utf8mb3 COLLATE utf8mb3_general_ci,
  `Type` enum('None','Ham','Spam') CHARACTER SET utf8mb3 COLLATE utf8mb3_general_ci DEFAULT 'None',
  PRIMARY KEY (`ID`),
  KEY `ClassName` (`ClassName`)
) ENGINE=InnoDB DEFAULT CHARSET=latin1;
/*!40101 SET character_set_client = @saved_cs_client */;

--
-- Dumping data for table `MemberEstimatorFeed`
--

LOCK TABLES `MemberEstimatorFeed` WRITE;
/*!40000 ALTER TABLE `MemberEstimatorFeed` DISABLE KEYS */;
/*!40000 ALTER TABLE `MemberEstimatorFeed` ENABLE KEYS */;
UNLOCK TABLES;

--
-- Table structure for table `MemberEventScheduleSummitActionSyncWorkRequest`
--

DROP TABLE IF EXISTS `MemberEventScheduleSummitActionSyncWorkRequest`;
/*!40101 SET @saved_cs_client     = @@character_set_client */;
/*!50503 SET character_set_client = utf8mb4 */;
CREATE TABLE `MemberEventScheduleSummitActionSyncWorkRequest` (
  `ID` int NOT NULL AUTO_INCREMENT,
  `SummitEventID` int DEFAULT NULL,
  PRIMARY KEY (`ID`),
  KEY `SummitEventID` (`SummitEventID`)
) ENGINE=InnoDB DEFAULT CHARSET=latin1;
/*!40101 SET character_set_client = @saved_cs_client */;

--
-- Dumping data for table `MemberEventScheduleSummitActionSyncWorkRequest`
--

LOCK TABLES `MemberEventScheduleSummitActionSyncWorkRequest` WRITE;
/*!40000 ALTER TABLE `MemberEventScheduleSummitActionSyncWorkRequest` DISABLE KEYS */;
/*!40000 ALTER TABLE `MemberEventScheduleSummitActionSyncWorkRequest` ENABLE KEYS */;
UNLOCK TABLES;

--
-- Table structure for table `MemberPassword`
--

DROP TABLE IF EXISTS `MemberPassword`;
/*!40101 SET @saved_cs_client     = @@character_set_client */;
/*!50503 SET character_set_client = utf8mb4 */;
CREATE TABLE `MemberPassword` (
  `ID` int NOT NULL AUTO_INCREMENT,
  `ClassName` enum('MemberPassword') CHARACTER SET utf8mb3 COLLATE utf8mb3_general_ci DEFAULT 'MemberPassword',
  `LastEdited` datetime DEFAULT NULL,
  `Created` datetime DEFAULT NULL,
  `Password` varchar(160) CHARACTER SET utf8mb3 COLLATE utf8mb3_general_ci DEFAULT NULL,
  `Salt` varchar(50) CHARACTER SET utf8mb3 COLLATE utf8mb3_general_ci DEFAULT NULL,
  `PasswordEncryption` varchar(50) CHARACTER SET utf8mb3 COLLATE utf8mb3_general_ci DEFAULT NULL,
  `MemberID` int DEFAULT NULL,
  PRIMARY KEY (`ID`),
  KEY `ClassName` (`ClassName`),
  KEY `MemberID` (`MemberID`)
) ENGINE=InnoDB DEFAULT CHARSET=latin1;
/*!40101 SET character_set_client = @saved_cs_client */;

--
-- Dumping data for table `MemberPassword`
--

LOCK TABLES `MemberPassword` WRITE;
/*!40000 ALTER TABLE `MemberPassword` DISABLE KEYS */;
/*!40000 ALTER TABLE `MemberPassword` ENABLE KEYS */;
UNLOCK TABLES;

--
-- Table structure for table `MemberPasswordChange`
--

DROP TABLE IF EXISTS `MemberPasswordChange`;
/*!40101 SET @saved_cs_client     = @@character_set_client */;
/*!50503 SET character_set_client = utf8mb4 */;
CREATE TABLE `MemberPasswordChange` (
  `ID` int NOT NULL AUTO_INCREMENT,
  `ClassName` enum('MemberPasswordChange') CHARACTER SET utf8mb3 COLLATE utf8mb3_general_ci DEFAULT 'MemberPasswordChange',
  `LastEdited` datetime DEFAULT NULL,
  `Created` datetime DEFAULT NULL,
  `OldValue` varchar(160) CHARACTER SET utf8mb3 COLLATE utf8mb3_general_ci DEFAULT NULL,
  `NewValue` varchar(160) CHARACTER SET utf8mb3 COLLATE utf8mb3_general_ci DEFAULT NULL,
  `MemberID` int DEFAULT NULL,
  `PerformedByID` int DEFAULT NULL,
  PRIMARY KEY (`ID`),
  KEY `ClassName` (`ClassName`),
  KEY `MemberID` (`MemberID`),
  KEY `PerformedByID` (`PerformedByID`)
) ENGINE=InnoDB DEFAULT CHARSET=latin1;
/*!40101 SET character_set_client = @saved_cs_client */;

--
-- Dumping data for table `MemberPasswordChange`
--

LOCK TABLES `MemberPasswordChange` WRITE;
/*!40000 ALTER TABLE `MemberPasswordChange` DISABLE KEYS */;
/*!40000 ALTER TABLE `MemberPasswordChange` ENABLE KEYS */;
UNLOCK TABLES;

--
-- Table structure for table `MemberPromoCodeEmailCreationRequest`
--

DROP TABLE IF EXISTS `MemberPromoCodeEmailCreationRequest`;
/*!40101 SET @saved_cs_client     = @@character_set_client */;
/*!50503 SET character_set_client = utf8mb4 */;
CREATE TABLE `MemberPromoCodeEmailCreationRequest` (
  `ID` int NOT NULL AUTO_INCREMENT,
  `Name` varchar(254) CHARACTER SET utf8mb3 COLLATE utf8mb3_general_ci DEFAULT NULL,
  `Email` varchar(254) CHARACTER SET utf8mb3 COLLATE utf8mb3_general_ci DEFAULT NULL,
  `PromoCodeID` int DEFAULT NULL,
  PRIMARY KEY (`ID`),
  KEY `PromoCodeID` (`PromoCodeID`)
) ENGINE=InnoDB DEFAULT CHARSET=latin1;
/*!40101 SET character_set_client = @saved_cs_client */;

--
-- Dumping data for table `MemberPromoCodeEmailCreationRequest`
--

LOCK TABLES `MemberPromoCodeEmailCreationRequest` WRITE;
/*!40000 ALTER TABLE `MemberPromoCodeEmailCreationRequest` DISABLE KEYS */;
/*!40000 ALTER TABLE `MemberPromoCodeEmailCreationRequest` ENABLE KEYS */;
UNLOCK TABLES;

--
-- Table structure for table `MemberScheduleSummitActionSyncWorkRequest`
--

DROP TABLE IF EXISTS `MemberScheduleSummitActionSyncWorkRequest`;
/*!40101 SET @saved_cs_client     = @@character_set_client */;
/*!50503 SET character_set_client = utf8mb4 */;
CREATE TABLE `MemberScheduleSummitActionSyncWorkRequest` (
  `ID` int NOT NULL AUTO_INCREMENT,
  `OwnerID` int DEFAULT NULL,
  `CalendarSyncInfoID` int DEFAULT NULL,
  PRIMARY KEY (`ID`),
  KEY `CalendarSyncInfoID` (`CalendarSyncInfoID`),
  KEY `OwnerID` (`OwnerID`)
) ENGINE=InnoDB DEFAULT CHARSET=latin1;
/*!40101 SET character_set_client = @saved_cs_client */;

--
-- Dumping data for table `MemberScheduleSummitActionSyncWorkRequest`
--

LOCK TABLES `MemberScheduleSummitActionSyncWorkRequest` WRITE;
/*!40000 ALTER TABLE `MemberScheduleSummitActionSyncWorkRequest` DISABLE KEYS */;
/*!40000 ALTER TABLE `MemberScheduleSummitActionSyncWorkRequest` ENABLE KEYS */;
UNLOCK TABLES;

--
-- Table structure for table `MemberSummitRegistrationDiscountCode`
--

DROP TABLE IF EXISTS `MemberSummitRegistrationDiscountCode`;
/*!40101 SET @saved_cs_client     = @@character_set_client */;
/*!50503 SET character_set_client = utf8mb4 */;
CREATE TABLE `MemberSummitRegistrationDiscountCode` (
  `ID` int NOT NULL AUTO_INCREMENT,
  `FirstName` varchar(50) CHARACTER SET utf8mb3 COLLATE utf8mb3_general_ci DEFAULT NULL,
  `LastName` varchar(50) CHARACTER SET utf8mb3 COLLATE utf8mb3_general_ci DEFAULT NULL,
  `Email` varchar(50) CHARACTER SET utf8mb3 COLLATE utf8mb3_general_ci DEFAULT NULL,
  `Type` enum('VIP','ATC','MEDIA ANALYST','SPONSOR') CHARACTER SET utf8mb3 COLLATE utf8mb3_general_ci DEFAULT 'VIP',
  `OwnerID` int DEFAULT NULL,
  PRIMARY KEY (`ID`),
  KEY `OwnerID` (`OwnerID`),
  CONSTRAINT `FK_4A51DE511D3633A` FOREIGN KEY (`ID`) REFERENCES `SummitRegistrationPromoCode` (`ID`) ON DELETE CASCADE
) ENGINE=InnoDB DEFAULT CHARSET=latin1;
/*!40101 SET character_set_client = @saved_cs_client */;

--
-- Dumping data for table `MemberSummitRegistrationDiscountCode`
--

LOCK TABLES `MemberSummitRegistrationDiscountCode` WRITE;
/*!40000 ALTER TABLE `MemberSummitRegistrationDiscountCode` DISABLE KEYS */;
/*!40000 ALTER TABLE `MemberSummitRegistrationDiscountCode` ENABLE KEYS */;
UNLOCK TABLES;

--
-- Table structure for table `MemberSummitRegistrationPromoCode`
--

DROP TABLE IF EXISTS `MemberSummitRegistrationPromoCode`;
/*!40101 SET @saved_cs_client     = @@character_set_client */;
/*!50503 SET character_set_client = utf8mb4 */;
CREATE TABLE `MemberSummitRegistrationPromoCode` (
  `ID` int NOT NULL AUTO_INCREMENT,
  `FirstName` varchar(50) CHARACTER SET utf8mb3 COLLATE utf8mb3_general_ci DEFAULT NULL,
  `LastName` varchar(50) CHARACTER SET utf8mb3 COLLATE utf8mb3_general_ci DEFAULT NULL,
  `Email` varchar(254) CHARACTER SET utf8mb3 COLLATE utf8mb3_general_ci DEFAULT NULL,
  `Type` enum('VIP','ATC','MEDIA ANALYST','SPONSOR') CHARACTER SET utf8mb3 COLLATE utf8mb3_general_ci DEFAULT 'VIP',
  `OwnerID` int DEFAULT NULL,
  PRIMARY KEY (`ID`),
  KEY `OwnerID` (`OwnerID`),
  CONSTRAINT `FK_MemberSummitRegistrationPromoCode_PromoCode` FOREIGN KEY (`ID`) REFERENCES `SummitRegistrationPromoCode` (`ID`) ON DELETE CASCADE
) ENGINE=InnoDB DEFAULT CHARSET=latin1;
/*!40101 SET character_set_client = @saved_cs_client */;

--
-- Dumping data for table `MemberSummitRegistrationPromoCode`
--

LOCK TABLES `MemberSummitRegistrationPromoCode` WRITE;
/*!40000 ALTER TABLE `MemberSummitRegistrationPromoCode` DISABLE KEYS */;
/*!40000 ALTER TABLE `MemberSummitRegistrationPromoCode` ENABLE KEYS */;
UNLOCK TABLES;

--
-- Table structure for table `Member_FavoriteSummitEvents`
--

DROP TABLE IF EXISTS `Member_FavoriteSummitEvents`;
/*!40101 SET @saved_cs_client     = @@character_set_client */;
/*!50503 SET character_set_client = utf8mb4 */;
CREATE TABLE `Member_FavoriteSummitEvents` (
  `ID` int NOT NULL AUTO_INCREMENT,
  `MemberID` int NOT NULL DEFAULT '0',
  `SummitEventID` int NOT NULL DEFAULT '0',
  PRIMARY KEY (`ID`),
  KEY `MemberID` (`MemberID`),
  KEY `SummitEventID` (`SummitEventID`)
) ENGINE=InnoDB DEFAULT CHARSET=latin1;
/*!40101 SET character_set_client = @saved_cs_client */;

--
-- Dumping data for table `Member_FavoriteSummitEvents`
--

LOCK TABLES `Member_FavoriteSummitEvents` WRITE;
/*!40000 ALTER TABLE `Member_FavoriteSummitEvents` DISABLE KEYS */;
/*!40000 ALTER TABLE `Member_FavoriteSummitEvents` ENABLE KEYS */;
UNLOCK TABLES;

--
-- Table structure for table `Member_Schedule`
--

DROP TABLE IF EXISTS `Member_Schedule`;
/*!40101 SET @saved_cs_client     = @@character_set_client */;
/*!50503 SET character_set_client = utf8mb4 */;
CREATE TABLE `Member_Schedule` (
  `ID` int NOT NULL AUTO_INCREMENT,
  `MemberID` int NOT NULL DEFAULT '0',
  `SummitEventID` int NOT NULL DEFAULT '0',
  PRIMARY KEY (`ID`),
  KEY `MemberID` (`MemberID`),
  KEY `SummitEventID` (`SummitEventID`)
) ENGINE=InnoDB DEFAULT CHARSET=latin1;
/*!40101 SET character_set_client = @saved_cs_client */;

--
-- Dumping data for table `Member_Schedule`
--

LOCK TABLES `Member_Schedule` WRITE;
/*!40000 ALTER TABLE `Member_Schedule` DISABLE KEYS */;
/*!40000 ALTER TABLE `Member_Schedule` ENABLE KEYS */;
UNLOCK TABLES;

--
-- Table structure for table `Migration`
--

DROP TABLE IF EXISTS `Migration`;
/*!40101 SET @saved_cs_client     = @@character_set_client */;
/*!50503 SET character_set_client = utf8mb4 */;
CREATE TABLE `Migration` (
  `ID` int NOT NULL AUTO_INCREMENT,
  `ClassName` enum('Migration') CHARACTER SET utf8mb3 COLLATE utf8mb3_general_ci DEFAULT 'Migration',
  `LastEdited` datetime DEFAULT NULL,
  `Created` datetime DEFAULT NULL,
  `Name` mediumtext CHARACTER SET utf8mb3 COLLATE utf8mb3_general_ci,
  `Description` mediumtext CHARACTER SET utf8mb3 COLLATE utf8mb3_general_ci,
  PRIMARY KEY (`ID`),
  KEY `ClassName` (`ClassName`)
) ENGINE=InnoDB DEFAULT CHARSET=latin1;
/*!40101 SET character_set_client = @saved_cs_client */;

--
-- Dumping data for table `Migration`
--

LOCK TABLES `Migration` WRITE;
/*!40000 ALTER TABLE `Migration` DISABLE KEYS */;
/*!40000 ALTER TABLE `Migration` ENABLE KEYS */;
UNLOCK TABLES;

--
-- Table structure for table `MissingAttendees`
--

DROP TABLE IF EXISTS `MissingAttendees`;
/*!40101 SET @saved_cs_client     = @@character_set_client */;
/*!50503 SET character_set_client = utf8mb4 */;
CREATE TABLE `MissingAttendees` (
  `ID` int NOT NULL,
  `Email` varchar(255) NOT NULL,
  `attendee_checked_in` int NOT NULL
) ENGINE=InnoDB DEFAULT CHARSET=utf8mb4 COLLATE=utf8mb4_0900_ai_ci;
/*!40101 SET character_set_client = @saved_cs_client */;

--
-- Dumping data for table `MissingAttendees`
--

LOCK TABLES `MissingAttendees` WRITE;
/*!40000 ALTER TABLE `MissingAttendees` DISABLE KEYS */;
/*!40000 ALTER TABLE `MissingAttendees` ENABLE KEYS */;
UNLOCK TABLES;

--
-- Table structure for table `NewDataModelSurveyMigrationMapping`
--

DROP TABLE IF EXISTS `NewDataModelSurveyMigrationMapping`;
/*!40101 SET @saved_cs_client     = @@character_set_client */;
/*!50503 SET character_set_client = utf8mb4 */;
CREATE TABLE `NewDataModelSurveyMigrationMapping` (
  `ID` int NOT NULL AUTO_INCREMENT,
  `OriginFieldID` int DEFAULT NULL,
  `OriginSurveyID` int DEFAULT NULL,
  PRIMARY KEY (`ID`),
  KEY `OriginFieldID` (`OriginFieldID`),
  KEY `OriginSurveyID` (`OriginSurveyID`)
) ENGINE=InnoDB DEFAULT CHARSET=latin1;
/*!40101 SET character_set_client = @saved_cs_client */;

--
-- Dumping data for table `NewDataModelSurveyMigrationMapping`
--

LOCK TABLES `NewDataModelSurveyMigrationMapping` WRITE;
/*!40000 ALTER TABLE `NewDataModelSurveyMigrationMapping` DISABLE KEYS */;
/*!40000 ALTER TABLE `NewDataModelSurveyMigrationMapping` ENABLE KEYS */;
UNLOCK TABLES;

--
-- Table structure for table `NewSchedulePage`
--

DROP TABLE IF EXISTS `NewSchedulePage`;
/*!40101 SET @saved_cs_client     = @@character_set_client */;
/*!50503 SET character_set_client = utf8mb4 */;
CREATE TABLE `NewSchedulePage` (
  `ID` int NOT NULL AUTO_INCREMENT,
  `EnableMobileSupport` tinyint unsigned NOT NULL DEFAULT '0',
  PRIMARY KEY (`ID`)
) ENGINE=InnoDB DEFAULT CHARSET=latin1;
/*!40101 SET character_set_client = @saved_cs_client */;

--
-- Dumping data for table `NewSchedulePage`
--

LOCK TABLES `NewSchedulePage` WRITE;
/*!40000 ALTER TABLE `NewSchedulePage` DISABLE KEYS */;
/*!40000 ALTER TABLE `NewSchedulePage` ENABLE KEYS */;
UNLOCK TABLES;

--
-- Table structure for table `NewSchedulePage_Live`
--

DROP TABLE IF EXISTS `NewSchedulePage_Live`;
/*!40101 SET @saved_cs_client     = @@character_set_client */;
/*!50503 SET character_set_client = utf8mb4 */;
CREATE TABLE `NewSchedulePage_Live` (
  `ID` int NOT NULL AUTO_INCREMENT,
  `EnableMobileSupport` tinyint unsigned NOT NULL DEFAULT '0',
  PRIMARY KEY (`ID`)
) ENGINE=InnoDB DEFAULT CHARSET=latin1;
/*!40101 SET character_set_client = @saved_cs_client */;

--
-- Dumping data for table `NewSchedulePage_Live`
--

LOCK TABLES `NewSchedulePage_Live` WRITE;
/*!40000 ALTER TABLE `NewSchedulePage_Live` DISABLE KEYS */;
/*!40000 ALTER TABLE `NewSchedulePage_Live` ENABLE KEYS */;
UNLOCK TABLES;

--
-- Table structure for table `NewSchedulePage_versions`
--

DROP TABLE IF EXISTS `NewSchedulePage_versions`;
/*!40101 SET @saved_cs_client     = @@character_set_client */;
/*!50503 SET character_set_client = utf8mb4 */;
CREATE TABLE `NewSchedulePage_versions` (
  `ID` int NOT NULL AUTO_INCREMENT,
  `RecordID` int NOT NULL DEFAULT '0',
  `Version` int NOT NULL DEFAULT '0',
  `EnableMobileSupport` tinyint unsigned NOT NULL DEFAULT '0',
  PRIMARY KEY (`ID`),
  UNIQUE KEY `RecordID_Version` (`RecordID`,`Version`),
  KEY `RecordID` (`RecordID`),
  KEY `Version` (`Version`)
) ENGINE=InnoDB DEFAULT CHARSET=latin1;
/*!40101 SET character_set_client = @saved_cs_client */;

--
-- Dumping data for table `NewSchedulePage_versions`
--

LOCK TABLES `NewSchedulePage_versions` WRITE;
/*!40000 ALTER TABLE `NewSchedulePage_versions` DISABLE KEYS */;
/*!40000 ALTER TABLE `NewSchedulePage_versions` ENABLE KEYS */;
UNLOCK TABLES;

--
-- Table structure for table `News`
--

DROP TABLE IF EXISTS `News`;
/*!40101 SET @saved_cs_client     = @@character_set_client */;
/*!50503 SET character_set_client = utf8mb4 */;
CREATE TABLE `News` (
  `ID` int NOT NULL AUTO_INCREMENT,
  `ClassName` enum('News') CHARACTER SET utf8mb3 COLLATE utf8mb3_general_ci DEFAULT 'News',
  `LastEdited` datetime DEFAULT NULL,
  `Created` datetime DEFAULT NULL,
  `Date` datetime DEFAULT NULL,
  `Headline` mediumtext CHARACTER SET utf8mb3 COLLATE utf8mb3_general_ci,
  `Summary` mediumtext CHARACTER SET utf8mb3 COLLATE utf8mb3_general_ci,
  `SummaryHtmlFree` mediumtext CHARACTER SET utf8mb3 COLLATE utf8mb3_general_ci,
  `City` mediumtext CHARACTER SET utf8mb3 COLLATE utf8mb3_general_ci,
  `State` mediumtext CHARACTER SET utf8mb3 COLLATE utf8mb3_general_ci,
  `Country` mediumtext CHARACTER SET utf8mb3 COLLATE utf8mb3_general_ci,
  `Body` mediumtext CHARACTER SET utf8mb3 COLLATE utf8mb3_general_ci,
  `BodyHtmlFree` mediumtext CHARACTER SET utf8mb3 COLLATE utf8mb3_general_ci,
  `Link` mediumtext CHARACTER SET utf8mb3 COLLATE utf8mb3_general_ci,
  `DateEmbargo` datetime DEFAULT NULL,
  `DateExpire` datetime DEFAULT NULL,
  `Rank` int NOT NULL DEFAULT '0',
  `Featured` tinyint unsigned NOT NULL DEFAULT '0',
  `Slider` tinyint unsigned NOT NULL DEFAULT '0',
  `Approved` tinyint unsigned NOT NULL DEFAULT '0',
  `PreApproved` tinyint unsigned NOT NULL DEFAULT '0',
  `ShowDeclaimer` tinyint unsigned NOT NULL DEFAULT '0',
  `IsLandscape` tinyint unsigned NOT NULL DEFAULT '0',
  `Archived` tinyint unsigned NOT NULL DEFAULT '0',
  `Restored` tinyint unsigned NOT NULL DEFAULT '0',
  `Deleted` tinyint unsigned NOT NULL DEFAULT '0',
  `EmailSent` tinyint unsigned NOT NULL DEFAULT '0',
  `Priority` varchar(5) CHARACTER SET utf8mb3 COLLATE utf8mb3_general_ci DEFAULT NULL,
  `SubmitterID` int DEFAULT NULL,
  `DocumentID` int DEFAULT NULL,
  `ImageID` int DEFAULT NULL,
  PRIMARY KEY (`ID`),
  KEY `ClassName` (`ClassName`),
  KEY `DocumentID` (`DocumentID`),
  KEY `ImageID` (`ImageID`),
  KEY `SubmitterID` (`SubmitterID`)
) ENGINE=InnoDB DEFAULT CHARSET=latin1;
/*!40101 SET character_set_client = @saved_cs_client */;

--
-- Dumping data for table `News`
--

LOCK TABLES `News` WRITE;
/*!40000 ALTER TABLE `News` DISABLE KEYS */;
/*!40000 ALTER TABLE `News` ENABLE KEYS */;
UNLOCK TABLES;

--
-- Table structure for table `NewsTag`
--

DROP TABLE IF EXISTS `NewsTag`;
/*!40101 SET @saved_cs_client     = @@character_set_client */;
/*!50503 SET character_set_client = utf8mb4 */;
CREATE TABLE `NewsTag` (
  `ID` int NOT NULL AUTO_INCREMENT,
  `ClassName` enum('NewsTag') CHARACTER SET utf8mb3 COLLATE utf8mb3_general_ci DEFAULT 'NewsTag',
  `LastEdited` datetime DEFAULT NULL,
  `Created` datetime DEFAULT NULL,
  `Tag` varchar(50) CHARACTER SET utf8mb3 COLLATE utf8mb3_general_ci DEFAULT NULL,
  PRIMARY KEY (`ID`),
  KEY `ClassName` (`ClassName`)
) ENGINE=InnoDB DEFAULT CHARSET=latin1;
/*!40101 SET character_set_client = @saved_cs_client */;

--
-- Dumping data for table `NewsTag`
--

LOCK TABLES `NewsTag` WRITE;
/*!40000 ALTER TABLE `NewsTag` DISABLE KEYS */;
/*!40000 ALTER TABLE `NewsTag` ENABLE KEYS */;
UNLOCK TABLES;

--
-- Table structure for table `News_Tags`
--

DROP TABLE IF EXISTS `News_Tags`;
/*!40101 SET @saved_cs_client     = @@character_set_client */;
/*!50503 SET character_set_client = utf8mb4 */;
CREATE TABLE `News_Tags` (
  `ID` int NOT NULL AUTO_INCREMENT,
  `NewsID` int NOT NULL DEFAULT '0',
  `NewsTagID` int NOT NULL DEFAULT '0',
  PRIMARY KEY (`ID`),
  KEY `NewsID` (`NewsID`),
  KEY `NewsTagID` (`NewsTagID`)
) ENGINE=InnoDB DEFAULT CHARSET=latin1;
/*!40101 SET character_set_client = @saved_cs_client */;

--
-- Dumping data for table `News_Tags`
--

LOCK TABLES `News_Tags` WRITE;
/*!40000 ALTER TABLE `News_Tags` DISABLE KEYS */;
/*!40000 ALTER TABLE `News_Tags` ENABLE KEYS */;
UNLOCK TABLES;

--
-- Table structure for table `NotMyAccountAction`
--

DROP TABLE IF EXISTS `NotMyAccountAction`;
/*!40101 SET @saved_cs_client     = @@character_set_client */;
/*!50503 SET character_set_client = utf8mb4 */;
CREATE TABLE `NotMyAccountAction` (
  `ID` int NOT NULL AUTO_INCREMENT,
  `ClassName` enum('NotMyAccountAction') CHARACTER SET utf8mb3 COLLATE utf8mb3_general_ci DEFAULT 'NotMyAccountAction',
  `LastEdited` datetime DEFAULT NULL,
  `Created` datetime DEFAULT NULL,
  `PrimaryAccountID` int DEFAULT NULL,
  `ForeignAccountID` int DEFAULT NULL,
  PRIMARY KEY (`ID`),
  KEY `ClassName` (`ClassName`),
  KEY `ForeignAccountID` (`ForeignAccountID`),
  KEY `PrimaryAccountID` (`PrimaryAccountID`)
) ENGINE=InnoDB DEFAULT CHARSET=latin1;
/*!40101 SET character_set_client = @saved_cs_client */;

--
-- Dumping data for table `NotMyAccountAction`
--

LOCK TABLES `NotMyAccountAction` WRITE;
/*!40000 ALTER TABLE `NotMyAccountAction` DISABLE KEYS */;
/*!40000 ALTER TABLE `NotMyAccountAction` ENABLE KEYS */;
UNLOCK TABLES;

--
-- Table structure for table `OSLogoProgramResponse`
--

DROP TABLE IF EXISTS `OSLogoProgramResponse`;
/*!40101 SET @saved_cs_client     = @@character_set_client */;
/*!50503 SET character_set_client = utf8mb4 */;
CREATE TABLE `OSLogoProgramResponse` (
  `ID` int NOT NULL AUTO_INCREMENT,
  `ClassName` enum('OSLogoProgramResponse') CHARACTER SET utf8mb3 COLLATE utf8mb3_general_ci DEFAULT 'OSLogoProgramResponse',
  `LastEdited` datetime DEFAULT NULL,
  `Created` datetime DEFAULT NULL,
  `FirstName` mediumtext CHARACTER SET utf8mb3 COLLATE utf8mb3_general_ci,
  `Surname` mediumtext CHARACTER SET utf8mb3 COLLATE utf8mb3_general_ci,
  `Email` mediumtext CHARACTER SET utf8mb3 COLLATE utf8mb3_general_ci,
  `Phone` mediumtext CHARACTER SET utf8mb3 COLLATE utf8mb3_general_ci,
  `Program` mediumtext CHARACTER SET utf8mb3 COLLATE utf8mb3_general_ci,
  `CurrentSponsor` tinyint unsigned NOT NULL DEFAULT '0',
  `CompanyDetails` mediumtext CHARACTER SET utf8mb3 COLLATE utf8mb3_general_ci,
  `Product` mediumtext CHARACTER SET utf8mb3 COLLATE utf8mb3_general_ci,
  `Category` mediumtext CHARACTER SET utf8mb3 COLLATE utf8mb3_general_ci,
  `Regions` mediumtext CHARACTER SET utf8mb3 COLLATE utf8mb3_general_ci,
  `APIExposed` tinyint unsigned NOT NULL DEFAULT '0',
  `OtherCompany` mediumtext CHARACTER SET utf8mb3 COLLATE utf8mb3_general_ci,
  `Projects` mediumtext CHARACTER SET utf8mb3 COLLATE utf8mb3_general_ci,
  `CompanyID` int DEFAULT NULL,
  PRIMARY KEY (`ID`),
  KEY `ClassName` (`ClassName`),
  KEY `CompanyID` (`CompanyID`)
) ENGINE=InnoDB DEFAULT CHARSET=latin1;
/*!40101 SET character_set_client = @saved_cs_client */;

--
-- Dumping data for table `OSLogoProgramResponse`
--

LOCK TABLES `OSLogoProgramResponse` WRITE;
/*!40000 ALTER TABLE `OSLogoProgramResponse` DISABLE KEYS */;
/*!40000 ALTER TABLE `OSLogoProgramResponse` ENABLE KEYS */;
UNLOCK TABLES;

--
-- Table structure for table `OSUpstreamInstituteStudent`
--

DROP TABLE IF EXISTS `OSUpstreamInstituteStudent`;
/*!40101 SET @saved_cs_client     = @@character_set_client */;
/*!50503 SET character_set_client = utf8mb4 */;
CREATE TABLE `OSUpstreamInstituteStudent` (
  `ID` int NOT NULL AUTO_INCREMENT,
  `ClassName` enum('OSUpstreamInstituteStudent') CHARACTER SET utf8mb3 COLLATE utf8mb3_general_ci DEFAULT 'OSUpstreamInstituteStudent',
  `LastEdited` datetime DEFAULT NULL,
  `Created` datetime DEFAULT NULL,
  `FirstName` varchar(50) CHARACTER SET utf8mb3 COLLATE utf8mb3_general_ci DEFAULT NULL,
  `LastName` varchar(50) CHARACTER SET utf8mb3 COLLATE utf8mb3_general_ci DEFAULT NULL,
  `Email` varchar(50) CHARACTER SET utf8mb3 COLLATE utf8mb3_general_ci DEFAULT NULL,
  `MemberID` int DEFAULT NULL,
  PRIMARY KEY (`ID`),
  KEY `ClassName` (`ClassName`),
  KEY `MemberID` (`MemberID`)
) ENGINE=InnoDB DEFAULT CHARSET=latin1;
/*!40101 SET character_set_client = @saved_cs_client */;

--
-- Dumping data for table `OSUpstreamInstituteStudent`
--

LOCK TABLES `OSUpstreamInstituteStudent` WRITE;
/*!40000 ALTER TABLE `OSUpstreamInstituteStudent` DISABLE KEYS */;
/*!40000 ALTER TABLE `OSUpstreamInstituteStudent` ENABLE KEYS */;
UNLOCK TABLES;

--
-- Table structure for table `Office`
--

DROP TABLE IF EXISTS `Office`;
/*!40101 SET @saved_cs_client     = @@character_set_client */;
/*!50503 SET character_set_client = utf8mb4 */;
CREATE TABLE `Office` (
  `ID` int NOT NULL AUTO_INCREMENT,
  `ClassName` enum('Office') CHARACTER SET utf8mb3 COLLATE utf8mb3_general_ci DEFAULT 'Office',
  `LastEdited` datetime DEFAULT NULL,
  `Created` datetime DEFAULT NULL,
  `Address` varchar(50) CHARACTER SET utf8mb3 COLLATE utf8mb3_general_ci DEFAULT NULL,
  `Address2` varchar(50) CHARACTER SET utf8mb3 COLLATE utf8mb3_general_ci DEFAULT NULL,
  `State` varchar(50) CHARACTER SET utf8mb3 COLLATE utf8mb3_general_ci DEFAULT NULL,
  `ZipCode` varchar(50) CHARACTER SET utf8mb3 COLLATE utf8mb3_general_ci DEFAULT NULL,
  `City` varchar(50) CHARACTER SET utf8mb3 COLLATE utf8mb3_general_ci DEFAULT NULL,
  `Country` varchar(50) CHARACTER SET utf8mb3 COLLATE utf8mb3_general_ci DEFAULT NULL,
  `Lat` decimal(9,2) NOT NULL DEFAULT '0.00',
  `Lng` decimal(9,2) NOT NULL DEFAULT '0.00',
  `Order` int NOT NULL DEFAULT '0',
  `ConsultantID` int DEFAULT NULL,
  PRIMARY KEY (`ID`),
  KEY `ClassName` (`ClassName`),
  KEY `ConsultantID` (`ConsultantID`)
) ENGINE=InnoDB DEFAULT CHARSET=latin1;
/*!40101 SET character_set_client = @saved_cs_client */;

--
-- Dumping data for table `Office`
--

LOCK TABLES `Office` WRITE;
/*!40000 ALTER TABLE `Office` DISABLE KEYS */;
/*!40000 ALTER TABLE `Office` ENABLE KEYS */;
UNLOCK TABLES;

--
-- Table structure for table `OfficeDraft`
--

DROP TABLE IF EXISTS `OfficeDraft`;
/*!40101 SET @saved_cs_client     = @@character_set_client */;
/*!50503 SET character_set_client = utf8mb4 */;
CREATE TABLE `OfficeDraft` (
  `ID` int NOT NULL AUTO_INCREMENT,
  `ClassName` enum('OfficeDraft') CHARACTER SET utf8mb3 COLLATE utf8mb3_general_ci DEFAULT 'OfficeDraft',
  `LastEdited` datetime DEFAULT NULL,
  `Created` datetime DEFAULT NULL,
  `Address` varchar(50) CHARACTER SET utf8mb3 COLLATE utf8mb3_general_ci DEFAULT NULL,
  `Address2` varchar(50) CHARACTER SET utf8mb3 COLLATE utf8mb3_general_ci DEFAULT NULL,
  `State` varchar(50) CHARACTER SET utf8mb3 COLLATE utf8mb3_general_ci DEFAULT NULL,
  `ZipCode` varchar(50) CHARACTER SET utf8mb3 COLLATE utf8mb3_general_ci DEFAULT NULL,
  `City` varchar(50) CHARACTER SET utf8mb3 COLLATE utf8mb3_general_ci DEFAULT NULL,
  `Country` varchar(50) CHARACTER SET utf8mb3 COLLATE utf8mb3_general_ci DEFAULT NULL,
  `Lat` decimal(9,2) NOT NULL DEFAULT '0.00',
  `Lng` decimal(9,2) NOT NULL DEFAULT '0.00',
  `Order` int NOT NULL DEFAULT '0',
  `ConsultantID` int DEFAULT NULL,
  PRIMARY KEY (`ID`),
  KEY `ClassName` (`ClassName`),
  KEY `ConsultantID` (`ConsultantID`)
) ENGINE=InnoDB DEFAULT CHARSET=latin1;
/*!40101 SET character_set_client = @saved_cs_client */;

--
-- Dumping data for table `OfficeDraft`
--

LOCK TABLES `OfficeDraft` WRITE;
/*!40000 ALTER TABLE `OfficeDraft` DISABLE KEYS */;
/*!40000 ALTER TABLE `OfficeDraft` ENABLE KEYS */;
UNLOCK TABLES;

--
-- Table structure for table `OldDataModelSurveyMigrationMapping`
--

DROP TABLE IF EXISTS `OldDataModelSurveyMigrationMapping`;
/*!40101 SET @saved_cs_client     = @@character_set_client */;
/*!50503 SET character_set_client = utf8mb4 */;
CREATE TABLE `OldDataModelSurveyMigrationMapping` (
  `ID` int NOT NULL AUTO_INCREMENT,
  `OriginTable` mediumtext CHARACTER SET utf8mb3 COLLATE utf8mb3_general_ci,
  `OriginField` mediumtext CHARACTER SET utf8mb3 COLLATE utf8mb3_general_ci,
  PRIMARY KEY (`ID`)
) ENGINE=InnoDB DEFAULT CHARSET=latin1;
/*!40101 SET character_set_client = @saved_cs_client */;

--
-- Dumping data for table `OldDataModelSurveyMigrationMapping`
--

LOCK TABLES `OldDataModelSurveyMigrationMapping` WRITE;
/*!40000 ALTER TABLE `OldDataModelSurveyMigrationMapping` DISABLE KEYS */;
/*!40000 ALTER TABLE `OldDataModelSurveyMigrationMapping` ENABLE KEYS */;
UNLOCK TABLES;

--
-- Table structure for table `OpenStackApiVersion`
--

DROP TABLE IF EXISTS `OpenStackApiVersion`;
/*!40101 SET @saved_cs_client     = @@character_set_client */;
/*!50503 SET character_set_client = utf8mb4 */;
CREATE TABLE `OpenStackApiVersion` (
  `ID` int NOT NULL AUTO_INCREMENT,
  `ClassName` enum('OpenStackApiVersion') CHARACTER SET utf8mb3 COLLATE utf8mb3_general_ci DEFAULT 'OpenStackApiVersion',
  `LastEdited` datetime DEFAULT NULL,
  `Created` datetime DEFAULT NULL,
  `Version` varchar(50) CHARACTER SET utf8mb3 COLLATE utf8mb3_general_ci DEFAULT NULL,
  `Status` enum('Deprecated','Supported','Current','Beta','Alpha') CHARACTER SET utf8mb3 COLLATE utf8mb3_general_ci DEFAULT 'Deprecated',
  `CreatedFromTask` tinyint unsigned NOT NULL DEFAULT '0',
  `OpenStackComponentID` int DEFAULT NULL,
  PRIMARY KEY (`ID`),
  UNIQUE KEY `Version_Component` (`Version`,`OpenStackComponentID`),
  KEY `ClassName` (`ClassName`),
  KEY `OpenStackComponentID` (`OpenStackComponentID`)
) ENGINE=InnoDB DEFAULT CHARSET=latin1;
/*!40101 SET character_set_client = @saved_cs_client */;

--
-- Dumping data for table `OpenStackApiVersion`
--

LOCK TABLES `OpenStackApiVersion` WRITE;
/*!40000 ALTER TABLE `OpenStackApiVersion` DISABLE KEYS */;
/*!40000 ALTER TABLE `OpenStackApiVersion` ENABLE KEYS */;
UNLOCK TABLES;

--
-- Table structure for table `OpenStackComponent`
--

DROP TABLE IF EXISTS `OpenStackComponent`;
/*!40101 SET @saved_cs_client     = @@character_set_client */;
/*!50503 SET character_set_client = utf8mb4 */;
CREATE TABLE `OpenStackComponent` (
  `ID` int NOT NULL AUTO_INCREMENT,
  `ClassName` enum('OpenStackComponent') CHARACTER SET utf8mb3 COLLATE utf8mb3_general_ci DEFAULT 'OpenStackComponent',
  `LastEdited` datetime DEFAULT NULL,
  `Created` datetime DEFAULT NULL,
  `Name` varchar(255) CHARACTER SET utf8mb3 COLLATE utf8mb3_general_ci DEFAULT NULL,
  `CodeName` varchar(255) CHARACTER SET utf8mb3 COLLATE utf8mb3_general_ci DEFAULT NULL,
  `ProjectTeam` varchar(255) CHARACTER SET utf8mb3 COLLATE utf8mb3_general_ci DEFAULT NULL,
  `Description` mediumtext CHARACTER SET utf8mb3 COLLATE utf8mb3_general_ci,
  `SupportsVersioning` tinyint unsigned NOT NULL DEFAULT '0',
  `SupportsExtensions` tinyint unsigned NOT NULL DEFAULT '0',
  `IsCoreService` tinyint unsigned NOT NULL DEFAULT '0',
  `WikiUrl` mediumtext CHARACTER SET utf8mb3 COLLATE utf8mb3_general_ci,
  `Order` int NOT NULL DEFAULT '1',
  `YouTubeID` varchar(50) CHARACTER SET utf8mb3 COLLATE utf8mb3_general_ci DEFAULT NULL,
  `VideoDescription` mediumtext CHARACTER SET utf8mb3 COLLATE utf8mb3_general_ci,
  `VideoTitle` varchar(50) CHARACTER SET utf8mb3 COLLATE utf8mb3_general_ci DEFAULT NULL,
  `ShowOnMarketplace` tinyint unsigned NOT NULL DEFAULT '1',
  `Slug` varchar(255) CHARACTER SET utf8mb3 COLLATE utf8mb3_general_ci DEFAULT NULL,
  `Since` varchar(255) CHARACTER SET utf8mb3 COLLATE utf8mb3_general_ci DEFAULT NULL,
  `LatestReleasePTLID` int DEFAULT NULL,
  `MascotID` int DEFAULT NULL,
  `CategoryID` int DEFAULT NULL,
  `DocsLinkID` int DEFAULT NULL,
  `DownloadLinkID` int DEFAULT NULL,
  PRIMARY KEY (`ID`),
  UNIQUE KEY `NameCodeName` (`Name`,`CodeName`),
  UNIQUE KEY `Slug` (`Slug`),
  KEY `CategoryID` (`CategoryID`),
  KEY `ClassName` (`ClassName`),
  KEY `CodeName` (`CodeName`),
  KEY `DocsLinkID` (`DocsLinkID`),
  KEY `DownloadLinkID` (`DownloadLinkID`),
  KEY `LatestReleasePTLID` (`LatestReleasePTLID`),
  KEY `MascotID` (`MascotID`),
  KEY `Name` (`Name`)
) ENGINE=InnoDB DEFAULT CHARSET=latin1;
/*!40101 SET character_set_client = @saved_cs_client */;

--
-- Dumping data for table `OpenStackComponent`
--

LOCK TABLES `OpenStackComponent` WRITE;
/*!40000 ALTER TABLE `OpenStackComponent` DISABLE KEYS */;
/*!40000 ALTER TABLE `OpenStackComponent` ENABLE KEYS */;
UNLOCK TABLES;

--
-- Table structure for table `OpenStackComponentCapabilityCategory`
--

DROP TABLE IF EXISTS `OpenStackComponentCapabilityCategory`;
/*!40101 SET @saved_cs_client     = @@character_set_client */;
/*!50503 SET character_set_client = utf8mb4 */;
CREATE TABLE `OpenStackComponentCapabilityCategory` (
  `ID` int NOT NULL AUTO_INCREMENT,
  `ClassName` enum('OpenStackComponentCapabilityCategory') CHARACTER SET utf8mb3 COLLATE utf8mb3_general_ci DEFAULT 'OpenStackComponentCapabilityCategory',
  `LastEdited` datetime DEFAULT NULL,
  `Created` datetime DEFAULT NULL,
  `Name` varchar(255) CHARACTER SET utf8mb3 COLLATE utf8mb3_general_ci DEFAULT NULL,
  `Description` mediumtext CHARACTER SET utf8mb3 COLLATE utf8mb3_general_ci,
  `Enabled` tinyint unsigned NOT NULL DEFAULT '1',
  PRIMARY KEY (`ID`),
  KEY `ClassName` (`ClassName`)
) ENGINE=InnoDB DEFAULT CHARSET=latin1;
/*!40101 SET character_set_client = @saved_cs_client */;

--
-- Dumping data for table `OpenStackComponentCapabilityCategory`
--

LOCK TABLES `OpenStackComponentCapabilityCategory` WRITE;
/*!40000 ALTER TABLE `OpenStackComponentCapabilityCategory` DISABLE KEYS */;
/*!40000 ALTER TABLE `OpenStackComponentCapabilityCategory` ENABLE KEYS */;
UNLOCK TABLES;

--
-- Table structure for table `OpenStackComponentCapabilityTag`
--

DROP TABLE IF EXISTS `OpenStackComponentCapabilityTag`;
/*!40101 SET @saved_cs_client     = @@character_set_client */;
/*!50503 SET character_set_client = utf8mb4 */;
CREATE TABLE `OpenStackComponentCapabilityTag` (
  `ID` int NOT NULL AUTO_INCREMENT,
  `ClassName` enum('OpenStackComponentCapabilityTag') CHARACTER SET utf8mb3 COLLATE utf8mb3_general_ci DEFAULT 'OpenStackComponentCapabilityTag',
  `LastEdited` datetime DEFAULT NULL,
  `Created` datetime DEFAULT NULL,
  `Name` varchar(255) CHARACTER SET utf8mb3 COLLATE utf8mb3_general_ci DEFAULT NULL,
  `Description` mediumtext CHARACTER SET utf8mb3 COLLATE utf8mb3_general_ci,
  `Enabled` tinyint unsigned NOT NULL DEFAULT '1',
  `CategoryID` int DEFAULT NULL,
  PRIMARY KEY (`ID`),
  KEY `CategoryID` (`CategoryID`),
  KEY `ClassName` (`ClassName`)
) ENGINE=InnoDB DEFAULT CHARSET=latin1;
/*!40101 SET character_set_client = @saved_cs_client */;

--
-- Dumping data for table `OpenStackComponentCapabilityTag`
--

LOCK TABLES `OpenStackComponentCapabilityTag` WRITE;
/*!40000 ALTER TABLE `OpenStackComponentCapabilityTag` DISABLE KEYS */;
/*!40000 ALTER TABLE `OpenStackComponentCapabilityTag` ENABLE KEYS */;
UNLOCK TABLES;

--
-- Table structure for table `OpenStackComponentCategory`
--

DROP TABLE IF EXISTS `OpenStackComponentCategory`;
/*!40101 SET @saved_cs_client     = @@character_set_client */;
/*!50503 SET character_set_client = utf8mb4 */;
CREATE TABLE `OpenStackComponentCategory` (
  `ID` int NOT NULL AUTO_INCREMENT,
  `ClassName` enum('OpenStackComponentCategory') CHARACTER SET utf8mb3 COLLATE utf8mb3_general_ci DEFAULT 'OpenStackComponentCategory',
  `LastEdited` datetime DEFAULT NULL,
  `Created` datetime DEFAULT NULL,
  `Name` varchar(255) CHARACTER SET utf8mb3 COLLATE utf8mb3_general_ci DEFAULT NULL,
  `Label` varchar(255) CHARACTER SET utf8mb3 COLLATE utf8mb3_general_ci DEFAULT NULL,
  `Description` mediumtext CHARACTER SET utf8mb3 COLLATE utf8mb3_general_ci,
  `Slug` varchar(255) CHARACTER SET utf8mb3 COLLATE utf8mb3_general_ci DEFAULT NULL,
  `Order` int NOT NULL DEFAULT '0',
  `Enabled` tinyint unsigned NOT NULL DEFAULT '1',
  `ParentCategoryID` int DEFAULT NULL,
  PRIMARY KEY (`ID`),
  KEY `ClassName` (`ClassName`),
  KEY `ParentCategoryID` (`ParentCategoryID`)
) ENGINE=InnoDB DEFAULT CHARSET=latin1;
/*!40101 SET character_set_client = @saved_cs_client */;

--
-- Dumping data for table `OpenStackComponentCategory`
--

LOCK TABLES `OpenStackComponentCategory` WRITE;
/*!40000 ALTER TABLE `OpenStackComponentCategory` DISABLE KEYS */;
/*!40000 ALTER TABLE `OpenStackComponentCategory` ENABLE KEYS */;
UNLOCK TABLES;

--
-- Table structure for table `OpenStackComponentLink`
--

DROP TABLE IF EXISTS `OpenStackComponentLink`;
/*!40101 SET @saved_cs_client     = @@character_set_client */;
/*!50503 SET character_set_client = utf8mb4 */;
CREATE TABLE `OpenStackComponentLink` (
  `ID` int NOT NULL AUTO_INCREMENT,
  `LinksID` int DEFAULT NULL,
  PRIMARY KEY (`ID`),
  KEY `LinksID` (`LinksID`)
) ENGINE=InnoDB DEFAULT CHARSET=latin1;
/*!40101 SET character_set_client = @saved_cs_client */;

--
-- Dumping data for table `OpenStackComponentLink`
--

LOCK TABLES `OpenStackComponentLink` WRITE;
/*!40000 ALTER TABLE `OpenStackComponentLink` DISABLE KEYS */;
/*!40000 ALTER TABLE `OpenStackComponentLink` ENABLE KEYS */;
UNLOCK TABLES;

--
-- Table structure for table `OpenStackComponentRelatedContent`
--

DROP TABLE IF EXISTS `OpenStackComponentRelatedContent`;
/*!40101 SET @saved_cs_client     = @@character_set_client */;
/*!50503 SET character_set_client = utf8mb4 */;
CREATE TABLE `OpenStackComponentRelatedContent` (
  `ID` int NOT NULL AUTO_INCREMENT,
  `ClassName` enum('OpenStackComponentRelatedContent') CHARACTER SET utf8mb3 COLLATE utf8mb3_general_ci DEFAULT 'OpenStackComponentRelatedContent',
  `LastEdited` datetime DEFAULT NULL,
  `Created` datetime DEFAULT NULL,
  `Title` mediumtext CHARACTER SET utf8mb3 COLLATE utf8mb3_general_ci,
  `Url` mediumtext CHARACTER SET utf8mb3 COLLATE utf8mb3_general_ci,
  `Order` int NOT NULL DEFAULT '0',
  `OpenStackComponentID` int DEFAULT NULL,
  PRIMARY KEY (`ID`),
  KEY `ClassName` (`ClassName`),
  KEY `OpenStackComponentID` (`OpenStackComponentID`)
) ENGINE=InnoDB DEFAULT CHARSET=latin1;
/*!40101 SET character_set_client = @saved_cs_client */;

--
-- Dumping data for table `OpenStackComponentRelatedContent`
--

LOCK TABLES `OpenStackComponentRelatedContent` WRITE;
/*!40000 ALTER TABLE `OpenStackComponentRelatedContent` DISABLE KEYS */;
/*!40000 ALTER TABLE `OpenStackComponentRelatedContent` ENABLE KEYS */;
UNLOCK TABLES;

--
-- Table structure for table `OpenStackComponentReleaseCaveat`
--

DROP TABLE IF EXISTS `OpenStackComponentReleaseCaveat`;
/*!40101 SET @saved_cs_client     = @@character_set_client */;
/*!50503 SET character_set_client = utf8mb4 */;
CREATE TABLE `OpenStackComponentReleaseCaveat` (
  `ID` int NOT NULL AUTO_INCREMENT,
  `ClassName` enum('OpenStackComponentReleaseCaveat') CHARACTER SET utf8mb3 COLLATE utf8mb3_general_ci DEFAULT 'OpenStackComponentReleaseCaveat',
  `LastEdited` datetime DEFAULT NULL,
  `Created` datetime DEFAULT NULL,
  `Status` mediumtext CHARACTER SET utf8mb3 COLLATE utf8mb3_general_ci,
  `Label` mediumtext CHARACTER SET utf8mb3 COLLATE utf8mb3_general_ci,
  `Description` mediumtext CHARACTER SET utf8mb3 COLLATE utf8mb3_general_ci,
  `Type` enum('NotSet','InstallationGuide','QualityOfPackages','ProductionUse','SDKSupport') CHARACTER SET utf8mb3 COLLATE utf8mb3_general_ci DEFAULT 'NotSet',
  `ReleaseID` int DEFAULT NULL,
  `ComponentID` int DEFAULT NULL,
  PRIMARY KEY (`ID`),
  KEY `ClassName` (`ClassName`),
  KEY `ComponentID` (`ComponentID`),
  KEY `ReleaseID` (`ReleaseID`)
) ENGINE=InnoDB DEFAULT CHARSET=latin1;
/*!40101 SET character_set_client = @saved_cs_client */;

--
-- Dumping data for table `OpenStackComponentReleaseCaveat`
--

LOCK TABLES `OpenStackComponentReleaseCaveat` WRITE;
/*!40000 ALTER TABLE `OpenStackComponentReleaseCaveat` DISABLE KEYS */;
/*!40000 ALTER TABLE `OpenStackComponentReleaseCaveat` ENABLE KEYS */;
UNLOCK TABLES;

--
-- Table structure for table `OpenStackComponentTag`
--

DROP TABLE IF EXISTS `OpenStackComponentTag`;
/*!40101 SET @saved_cs_client     = @@character_set_client */;
/*!50503 SET character_set_client = utf8mb4 */;
CREATE TABLE `OpenStackComponentTag` (
  `ID` int NOT NULL AUTO_INCREMENT,
  `ClassName` enum('OpenStackComponentTag') CHARACTER SET utf8mb3 COLLATE utf8mb3_general_ci DEFAULT 'OpenStackComponentTag',
  `LastEdited` datetime DEFAULT NULL,
  `Created` datetime DEFAULT NULL,
  `Name` varchar(255) CHARACTER SET utf8mb3 COLLATE utf8mb3_general_ci DEFAULT NULL,
  `Type` enum('maturity','info') CHARACTER SET utf8mb3 COLLATE utf8mb3_general_ci DEFAULT 'maturity',
  `Label` varchar(255) CHARACTER SET utf8mb3 COLLATE utf8mb3_general_ci DEFAULT NULL,
  `Description` mediumtext CHARACTER SET utf8mb3 COLLATE utf8mb3_general_ci,
  `Link` varchar(255) CHARACTER SET utf8mb3 COLLATE utf8mb3_general_ci DEFAULT NULL,
  `LabelTranslationKey` varchar(255) CHARACTER SET utf8mb3 COLLATE utf8mb3_general_ci DEFAULT NULL,
  `DescriptionTranslationKey` varchar(255) CHARACTER SET utf8mb3 COLLATE utf8mb3_general_ci DEFAULT NULL,
  `Enabled` tinyint unsigned NOT NULL DEFAULT '1',
  PRIMARY KEY (`ID`),
  KEY `ClassName` (`ClassName`)
) ENGINE=InnoDB DEFAULT CHARSET=latin1;
/*!40101 SET character_set_client = @saved_cs_client */;

--
-- Dumping data for table `OpenStackComponentTag`
--

LOCK TABLES `OpenStackComponentTag` WRITE;
/*!40000 ALTER TABLE `OpenStackComponentTag` DISABLE KEYS */;
/*!40000 ALTER TABLE `OpenStackComponentTag` ENABLE KEYS */;
UNLOCK TABLES;

--
-- Table structure for table `OpenStackComponent_CapabilityTags`
--

DROP TABLE IF EXISTS `OpenStackComponent_CapabilityTags`;
/*!40101 SET @saved_cs_client     = @@character_set_client */;
/*!50503 SET character_set_client = utf8mb4 */;
CREATE TABLE `OpenStackComponent_CapabilityTags` (
  `ID` int NOT NULL AUTO_INCREMENT,
  `OpenStackComponentID` int NOT NULL DEFAULT '0',
  `OpenStackComponentCapabilityTagID` int NOT NULL DEFAULT '0',
  PRIMARY KEY (`ID`),
  KEY `OpenStackComponentCapabilityTagID` (`OpenStackComponentCapabilityTagID`),
  KEY `OpenStackComponentID` (`OpenStackComponentID`)
) ENGINE=InnoDB DEFAULT CHARSET=latin1;
/*!40101 SET character_set_client = @saved_cs_client */;

--
-- Dumping data for table `OpenStackComponent_CapabilityTags`
--

LOCK TABLES `OpenStackComponent_CapabilityTags` WRITE;
/*!40000 ALTER TABLE `OpenStackComponent_CapabilityTags` DISABLE KEYS */;
/*!40000 ALTER TABLE `OpenStackComponent_CapabilityTags` ENABLE KEYS */;
UNLOCK TABLES;

--
-- Table structure for table `OpenStackComponent_Dependencies`
--

DROP TABLE IF EXISTS `OpenStackComponent_Dependencies`;
/*!40101 SET @saved_cs_client     = @@character_set_client */;
/*!50503 SET character_set_client = utf8mb4 */;
CREATE TABLE `OpenStackComponent_Dependencies` (
  `ID` int NOT NULL AUTO_INCREMENT,
  `OpenStackComponentID` int NOT NULL DEFAULT '0',
  `ChildID` int NOT NULL DEFAULT '0',
  PRIMARY KEY (`ID`),
  KEY `ChildID` (`ChildID`),
  KEY `OpenStackComponentID` (`OpenStackComponentID`)
) ENGINE=InnoDB DEFAULT CHARSET=latin1;
/*!40101 SET character_set_client = @saved_cs_client */;

--
-- Dumping data for table `OpenStackComponent_Dependencies`
--

LOCK TABLES `OpenStackComponent_Dependencies` WRITE;
/*!40000 ALTER TABLE `OpenStackComponent_Dependencies` DISABLE KEYS */;
/*!40000 ALTER TABLE `OpenStackComponent_Dependencies` ENABLE KEYS */;
UNLOCK TABLES;

--
-- Table structure for table `OpenStackComponent_RelatedComponents`
--

DROP TABLE IF EXISTS `OpenStackComponent_RelatedComponents`;
/*!40101 SET @saved_cs_client     = @@character_set_client */;
/*!50503 SET character_set_client = utf8mb4 */;
CREATE TABLE `OpenStackComponent_RelatedComponents` (
  `ID` int NOT NULL AUTO_INCREMENT,
  `OpenStackComponentID` int NOT NULL DEFAULT '0',
  `ChildID` int NOT NULL DEFAULT '0',
  PRIMARY KEY (`ID`),
  KEY `ChildID` (`ChildID`),
  KEY `OpenStackComponentID` (`OpenStackComponentID`)
) ENGINE=InnoDB DEFAULT CHARSET=latin1;
/*!40101 SET character_set_client = @saved_cs_client */;

--
-- Dumping data for table `OpenStackComponent_RelatedComponents`
--

LOCK TABLES `OpenStackComponent_RelatedComponents` WRITE;
/*!40000 ALTER TABLE `OpenStackComponent_RelatedComponents` DISABLE KEYS */;
/*!40000 ALTER TABLE `OpenStackComponent_RelatedComponents` ENABLE KEYS */;
UNLOCK TABLES;

--
-- Table structure for table `OpenStackComponent_SupportTeams`
--

DROP TABLE IF EXISTS `OpenStackComponent_SupportTeams`;
/*!40101 SET @saved_cs_client     = @@character_set_client */;
/*!50503 SET character_set_client = utf8mb4 */;
CREATE TABLE `OpenStackComponent_SupportTeams` (
  `ID` int NOT NULL AUTO_INCREMENT,
  `OpenStackComponentID` int NOT NULL DEFAULT '0',
  `ChildID` int NOT NULL DEFAULT '0',
  PRIMARY KEY (`ID`),
  KEY `ChildID` (`ChildID`),
  KEY `OpenStackComponentID` (`OpenStackComponentID`)
) ENGINE=InnoDB DEFAULT CHARSET=latin1;
/*!40101 SET character_set_client = @saved_cs_client */;

--
-- Dumping data for table `OpenStackComponent_SupportTeams`
--

LOCK TABLES `OpenStackComponent_SupportTeams` WRITE;
/*!40000 ALTER TABLE `OpenStackComponent_SupportTeams` DISABLE KEYS */;
/*!40000 ALTER TABLE `OpenStackComponent_SupportTeams` ENABLE KEYS */;
UNLOCK TABLES;

--
-- Table structure for table `OpenStackComponent_Tags`
--

DROP TABLE IF EXISTS `OpenStackComponent_Tags`;
/*!40101 SET @saved_cs_client     = @@character_set_client */;
/*!50503 SET character_set_client = utf8mb4 */;
CREATE TABLE `OpenStackComponent_Tags` (
  `ID` int NOT NULL AUTO_INCREMENT,
  `OpenStackComponentID` int NOT NULL DEFAULT '0',
  `OpenStackComponentTagID` int NOT NULL DEFAULT '0',
  `SortOrder` int NOT NULL DEFAULT '0',
  PRIMARY KEY (`ID`),
  KEY `OpenStackComponentID` (`OpenStackComponentID`),
  KEY `OpenStackComponentTagID` (`OpenStackComponentTagID`)
) ENGINE=InnoDB DEFAULT CHARSET=latin1;
/*!40101 SET character_set_client = @saved_cs_client */;

--
-- Dumping data for table `OpenStackComponent_Tags`
--

LOCK TABLES `OpenStackComponent_Tags` WRITE;
/*!40000 ALTER TABLE `OpenStackComponent_Tags` DISABLE KEYS */;
/*!40000 ALTER TABLE `OpenStackComponent_Tags` ENABLE KEYS */;
UNLOCK TABLES;

--
-- Table structure for table `OpenStackDaysDoc`
--

DROP TABLE IF EXISTS `OpenStackDaysDoc`;
/*!40101 SET @saved_cs_client     = @@character_set_client */;
/*!50503 SET character_set_client = utf8mb4 */;
CREATE TABLE `OpenStackDaysDoc` (
  `ID` int NOT NULL AUTO_INCREMENT,
  `ClassName` enum('OpenStackDaysDoc') CHARACTER SET utf8mb3 COLLATE utf8mb3_general_ci DEFAULT 'OpenStackDaysDoc',
  `LastEdited` datetime DEFAULT NULL,
  `Created` datetime DEFAULT NULL,
  `Label` varchar(255) CHARACTER SET utf8mb3 COLLATE utf8mb3_general_ci DEFAULT NULL,
  `Group` varchar(255) CHARACTER SET utf8mb3 COLLATE utf8mb3_general_ci DEFAULT NULL,
  `SortOrder` int NOT NULL DEFAULT '0',
  `OfficialGuidelinesID` int DEFAULT NULL,
  `PlanningToolsID` int DEFAULT NULL,
  `ArtworkID` int DEFAULT NULL,
  `MediaID` int DEFAULT NULL,
  `CollateralsID` int DEFAULT NULL,
  `DocID` int DEFAULT NULL,
  `ThumbnailID` int DEFAULT NULL,
  `ParentPageID` int DEFAULT NULL,
  PRIMARY KEY (`ID`),
  KEY `ArtworkID` (`ArtworkID`),
  KEY `ClassName` (`ClassName`),
  KEY `CollateralsID` (`CollateralsID`),
  KEY `DocID` (`DocID`),
  KEY `MediaID` (`MediaID`),
  KEY `OfficialGuidelinesID` (`OfficialGuidelinesID`),
  KEY `ParentPageID` (`ParentPageID`),
  KEY `PlanningToolsID` (`PlanningToolsID`),
  KEY `ThumbnailID` (`ThumbnailID`)
) ENGINE=InnoDB DEFAULT CHARSET=latin1;
/*!40101 SET character_set_client = @saved_cs_client */;

--
-- Dumping data for table `OpenStackDaysDoc`
--

LOCK TABLES `OpenStackDaysDoc` WRITE;
/*!40000 ALTER TABLE `OpenStackDaysDoc` DISABLE KEYS */;
/*!40000 ALTER TABLE `OpenStackDaysDoc` ENABLE KEYS */;
UNLOCK TABLES;

--
-- Table structure for table `OpenStackDaysImage`
--

DROP TABLE IF EXISTS `OpenStackDaysImage`;
/*!40101 SET @saved_cs_client     = @@character_set_client */;
/*!50503 SET character_set_client = utf8mb4 */;
CREATE TABLE `OpenStackDaysImage` (
  `ID` int NOT NULL AUTO_INCREMENT,
  `SortOrder` int NOT NULL DEFAULT '0',
  `HeaderPicsID` int DEFAULT NULL,
  `ParentPageID` int DEFAULT NULL,
  PRIMARY KEY (`ID`),
  KEY `HeaderPicsID` (`HeaderPicsID`),
  KEY `ParentPageID` (`ParentPageID`)
) ENGINE=InnoDB DEFAULT CHARSET=latin1;
/*!40101 SET character_set_client = @saved_cs_client */;

--
-- Dumping data for table `OpenStackDaysImage`
--

LOCK TABLES `OpenStackDaysImage` WRITE;
/*!40000 ALTER TABLE `OpenStackDaysImage` DISABLE KEYS */;
/*!40000 ALTER TABLE `OpenStackDaysImage` ENABLE KEYS */;
UNLOCK TABLES;

--
-- Table structure for table `OpenStackDaysPage`
--

DROP TABLE IF EXISTS `OpenStackDaysPage`;
/*!40101 SET @saved_cs_client     = @@character_set_client */;
/*!50503 SET character_set_client = utf8mb4 */;
CREATE TABLE `OpenStackDaysPage` (
  `ID` int NOT NULL AUTO_INCREMENT,
  `AboutDescription` mediumtext CHARACTER SET utf8mb3 COLLATE utf8mb3_general_ci,
  `HostIntro` mediumtext CHARACTER SET utf8mb3 COLLATE utf8mb3_general_ci,
  `HostFAQs` mediumtext CHARACTER SET utf8mb3 COLLATE utf8mb3_general_ci,
  `ToolkitDesc` mediumtext CHARACTER SET utf8mb3 COLLATE utf8mb3_general_ci,
  `ArtworkIntro` mediumtext CHARACTER SET utf8mb3 COLLATE utf8mb3_general_ci,
  `CollateralIntro` mediumtext CHARACTER SET utf8mb3 COLLATE utf8mb3_general_ci,
  PRIMARY KEY (`ID`)
) ENGINE=InnoDB DEFAULT CHARSET=latin1;
/*!40101 SET character_set_client = @saved_cs_client */;

--
-- Dumping data for table `OpenStackDaysPage`
--

LOCK TABLES `OpenStackDaysPage` WRITE;
/*!40000 ALTER TABLE `OpenStackDaysPage` DISABLE KEYS */;
/*!40000 ALTER TABLE `OpenStackDaysPage` ENABLE KEYS */;
UNLOCK TABLES;

--
-- Table structure for table `OpenStackDaysPage_Live`
--

DROP TABLE IF EXISTS `OpenStackDaysPage_Live`;
/*!40101 SET @saved_cs_client     = @@character_set_client */;
/*!50503 SET character_set_client = utf8mb4 */;
CREATE TABLE `OpenStackDaysPage_Live` (
  `ID` int NOT NULL AUTO_INCREMENT,
  `AboutDescription` mediumtext CHARACTER SET utf8mb3 COLLATE utf8mb3_general_ci,
  `HostIntro` mediumtext CHARACTER SET utf8mb3 COLLATE utf8mb3_general_ci,
  `HostFAQs` mediumtext CHARACTER SET utf8mb3 COLLATE utf8mb3_general_ci,
  `ToolkitDesc` mediumtext CHARACTER SET utf8mb3 COLLATE utf8mb3_general_ci,
  `ArtworkIntro` mediumtext CHARACTER SET utf8mb3 COLLATE utf8mb3_general_ci,
  `CollateralIntro` mediumtext CHARACTER SET utf8mb3 COLLATE utf8mb3_general_ci,
  PRIMARY KEY (`ID`)
) ENGINE=InnoDB DEFAULT CHARSET=latin1;
/*!40101 SET character_set_client = @saved_cs_client */;

--
-- Dumping data for table `OpenStackDaysPage_Live`
--

LOCK TABLES `OpenStackDaysPage_Live` WRITE;
/*!40000 ALTER TABLE `OpenStackDaysPage_Live` DISABLE KEYS */;
/*!40000 ALTER TABLE `OpenStackDaysPage_Live` ENABLE KEYS */;
UNLOCK TABLES;

--
-- Table structure for table `OpenStackDaysPage_versions`
--

DROP TABLE IF EXISTS `OpenStackDaysPage_versions`;
/*!40101 SET @saved_cs_client     = @@character_set_client */;
/*!50503 SET character_set_client = utf8mb4 */;
CREATE TABLE `OpenStackDaysPage_versions` (
  `ID` int NOT NULL AUTO_INCREMENT,
  `RecordID` int NOT NULL DEFAULT '0',
  `Version` int NOT NULL DEFAULT '0',
  `AboutDescription` mediumtext CHARACTER SET utf8mb3 COLLATE utf8mb3_general_ci,
  `HostIntro` mediumtext CHARACTER SET utf8mb3 COLLATE utf8mb3_general_ci,
  `HostFAQs` mediumtext CHARACTER SET utf8mb3 COLLATE utf8mb3_general_ci,
  `ToolkitDesc` mediumtext CHARACTER SET utf8mb3 COLLATE utf8mb3_general_ci,
  `ArtworkIntro` mediumtext CHARACTER SET utf8mb3 COLLATE utf8mb3_general_ci,
  `CollateralIntro` mediumtext CHARACTER SET utf8mb3 COLLATE utf8mb3_general_ci,
  PRIMARY KEY (`ID`),
  UNIQUE KEY `RecordID_Version` (`RecordID`,`Version`),
  KEY `RecordID` (`RecordID`),
  KEY `Version` (`Version`)
) ENGINE=InnoDB DEFAULT CHARSET=latin1;
/*!40101 SET character_set_client = @saved_cs_client */;

--
-- Dumping data for table `OpenStackDaysPage_versions`
--

LOCK TABLES `OpenStackDaysPage_versions` WRITE;
/*!40000 ALTER TABLE `OpenStackDaysPage_versions` DISABLE KEYS */;
/*!40000 ALTER TABLE `OpenStackDaysPage_versions` ENABLE KEYS */;
UNLOCK TABLES;

--
-- Table structure for table `OpenStackDaysVideo`
--

DROP TABLE IF EXISTS `OpenStackDaysVideo`;
/*!40101 SET @saved_cs_client     = @@character_set_client */;
/*!50503 SET character_set_client = utf8mb4 */;
CREATE TABLE `OpenStackDaysVideo` (
  `ID` int NOT NULL AUTO_INCREMENT,
  `Active` tinyint unsigned NOT NULL DEFAULT '0',
  `AboutID` int DEFAULT NULL,
  `AboutHackID` int DEFAULT NULL,
  `CollateralsID` int DEFAULT NULL,
  `ParentPageID` int DEFAULT NULL,
  PRIMARY KEY (`ID`),
  KEY `AboutHackID` (`AboutHackID`),
  KEY `AboutID` (`AboutID`),
  KEY `CollateralsID` (`CollateralsID`),
  KEY `ParentPageID` (`ParentPageID`)
) ENGINE=InnoDB DEFAULT CHARSET=latin1;
/*!40101 SET character_set_client = @saved_cs_client */;

--
-- Dumping data for table `OpenStackDaysVideo`
--

LOCK TABLES `OpenStackDaysVideo` WRITE;
/*!40000 ALTER TABLE `OpenStackDaysVideo` DISABLE KEYS */;
/*!40000 ALTER TABLE `OpenStackDaysVideo` ENABLE KEYS */;
UNLOCK TABLES;

--
-- Table structure for table `OpenStackFoundationStaffPage`
--

DROP TABLE IF EXISTS `OpenStackFoundationStaffPage`;
/*!40101 SET @saved_cs_client     = @@character_set_client */;
/*!50503 SET character_set_client = utf8mb4 */;
CREATE TABLE `OpenStackFoundationStaffPage` (
  `ID` int NOT NULL AUTO_INCREMENT,
  `ExtraFoundation` mediumtext CHARACTER SET utf8mb3 COLLATE utf8mb3_general_ci,
  `ExtraSupporting` mediumtext CHARACTER SET utf8mb3 COLLATE utf8mb3_general_ci,
  `ExtraFooter` mediumtext CHARACTER SET utf8mb3 COLLATE utf8mb3_general_ci,
  PRIMARY KEY (`ID`)
) ENGINE=InnoDB DEFAULT CHARSET=latin1;
/*!40101 SET character_set_client = @saved_cs_client */;

--
-- Dumping data for table `OpenStackFoundationStaffPage`
--

LOCK TABLES `OpenStackFoundationStaffPage` WRITE;
/*!40000 ALTER TABLE `OpenStackFoundationStaffPage` DISABLE KEYS */;
/*!40000 ALTER TABLE `OpenStackFoundationStaffPage` ENABLE KEYS */;
UNLOCK TABLES;

--
-- Table structure for table `OpenStackFoundationStaffPage_Live`
--

DROP TABLE IF EXISTS `OpenStackFoundationStaffPage_Live`;
/*!40101 SET @saved_cs_client     = @@character_set_client */;
/*!50503 SET character_set_client = utf8mb4 */;
CREATE TABLE `OpenStackFoundationStaffPage_Live` (
  `ID` int NOT NULL AUTO_INCREMENT,
  `ExtraFoundation` mediumtext CHARACTER SET utf8mb3 COLLATE utf8mb3_general_ci,
  `ExtraSupporting` mediumtext CHARACTER SET utf8mb3 COLLATE utf8mb3_general_ci,
  `ExtraFooter` mediumtext CHARACTER SET utf8mb3 COLLATE utf8mb3_general_ci,
  PRIMARY KEY (`ID`)
) ENGINE=InnoDB DEFAULT CHARSET=latin1;
/*!40101 SET character_set_client = @saved_cs_client */;

--
-- Dumping data for table `OpenStackFoundationStaffPage_Live`
--

LOCK TABLES `OpenStackFoundationStaffPage_Live` WRITE;
/*!40000 ALTER TABLE `OpenStackFoundationStaffPage_Live` DISABLE KEYS */;
/*!40000 ALTER TABLE `OpenStackFoundationStaffPage_Live` ENABLE KEYS */;
UNLOCK TABLES;

--
-- Table structure for table `OpenStackFoundationStaffPage_versions`
--

DROP TABLE IF EXISTS `OpenStackFoundationStaffPage_versions`;
/*!40101 SET @saved_cs_client     = @@character_set_client */;
/*!50503 SET character_set_client = utf8mb4 */;
CREATE TABLE `OpenStackFoundationStaffPage_versions` (
  `ID` int NOT NULL AUTO_INCREMENT,
  `RecordID` int NOT NULL DEFAULT '0',
  `Version` int NOT NULL DEFAULT '0',
  `ExtraFoundation` mediumtext CHARACTER SET utf8mb3 COLLATE utf8mb3_general_ci,
  `ExtraSupporting` mediumtext CHARACTER SET utf8mb3 COLLATE utf8mb3_general_ci,
  `ExtraFooter` mediumtext CHARACTER SET utf8mb3 COLLATE utf8mb3_general_ci,
  PRIMARY KEY (`ID`),
  UNIQUE KEY `RecordID_Version` (`RecordID`,`Version`),
  KEY `RecordID` (`RecordID`),
  KEY `Version` (`Version`)
) ENGINE=InnoDB DEFAULT CHARSET=latin1;
/*!40101 SET character_set_client = @saved_cs_client */;

--
-- Dumping data for table `OpenStackFoundationStaffPage_versions`
--

LOCK TABLES `OpenStackFoundationStaffPage_versions` WRITE;
/*!40000 ALTER TABLE `OpenStackFoundationStaffPage_versions` DISABLE KEYS */;
/*!40000 ALTER TABLE `OpenStackFoundationStaffPage_versions` ENABLE KEYS */;
UNLOCK TABLES;

--
-- Table structure for table `OpenStackImplementation`
--

DROP TABLE IF EXISTS `OpenStackImplementation`;
/*!40101 SET @saved_cs_client     = @@character_set_client */;
/*!50503 SET character_set_client = utf8mb4 */;
CREATE TABLE `OpenStackImplementation` (
  `ID` int NOT NULL AUTO_INCREMENT,
  `CompatibleWithCompute` tinyint unsigned NOT NULL DEFAULT '0',
  `CompatibleWithStorage` tinyint unsigned NOT NULL DEFAULT '0',
  `CompatibleWithFederatedIdentity` tinyint unsigned NOT NULL DEFAULT '0',
  `UsesIronic` tinyint unsigned NOT NULL DEFAULT '0',
  `ExpiryDate` datetime DEFAULT NULL,
  `Notes` mediumtext CHARACTER SET utf8mb3 COLLATE utf8mb3_general_ci,
  `ProgramVersionID` int DEFAULT NULL,
  `ReportedReleaseID` int DEFAULT NULL,
  `PassedReleaseID` int DEFAULT NULL,
  PRIMARY KEY (`ID`),
  KEY `PassedReleaseID` (`PassedReleaseID`),
  KEY `ProgramVersionID` (`ProgramVersionID`),
  KEY `ReportedReleaseID` (`ReportedReleaseID`)
) ENGINE=InnoDB DEFAULT CHARSET=latin1;
/*!40101 SET character_set_client = @saved_cs_client */;

--
-- Dumping data for table `OpenStackImplementation`
--

LOCK TABLES `OpenStackImplementation` WRITE;
/*!40000 ALTER TABLE `OpenStackImplementation` DISABLE KEYS */;
/*!40000 ALTER TABLE `OpenStackImplementation` ENABLE KEYS */;
UNLOCK TABLES;

--
-- Table structure for table `OpenStackImplementationApiCoverage`
--

DROP TABLE IF EXISTS `OpenStackImplementationApiCoverage`;
/*!40101 SET @saved_cs_client     = @@character_set_client */;
/*!50503 SET character_set_client = utf8mb4 */;
CREATE TABLE `OpenStackImplementationApiCoverage` (
  `ID` int NOT NULL AUTO_INCREMENT,
  `ClassName` enum('OpenStackImplementationApiCoverage','CloudServiceOffered') CHARACTER SET utf8mb3 COLLATE utf8mb3_general_ci DEFAULT 'OpenStackImplementationApiCoverage',
  `LastEdited` datetime DEFAULT NULL,
  `Created` datetime DEFAULT NULL,
  `CoveragePercent` int NOT NULL DEFAULT '0',
  `ImplementationID` int DEFAULT NULL,
  `ReleaseSupportedApiVersionID` int DEFAULT NULL,
  PRIMARY KEY (`ID`),
  KEY `ClassName` (`ClassName`),
  KEY `ImplementationID` (`ImplementationID`),
  KEY `ReleaseSupportedApiVersionID` (`ReleaseSupportedApiVersionID`)
) ENGINE=InnoDB DEFAULT CHARSET=latin1;
/*!40101 SET character_set_client = @saved_cs_client */;

--
-- Dumping data for table `OpenStackImplementationApiCoverage`
--

LOCK TABLES `OpenStackImplementationApiCoverage` WRITE;
/*!40000 ALTER TABLE `OpenStackImplementationApiCoverage` DISABLE KEYS */;
/*!40000 ALTER TABLE `OpenStackImplementationApiCoverage` ENABLE KEYS */;
UNLOCK TABLES;

--
-- Table structure for table `OpenStackImplementationApiCoverageDraft`
--

DROP TABLE IF EXISTS `OpenStackImplementationApiCoverageDraft`;
/*!40101 SET @saved_cs_client     = @@character_set_client */;
/*!50503 SET character_set_client = utf8mb4 */;
CREATE TABLE `OpenStackImplementationApiCoverageDraft` (
  `ID` int NOT NULL AUTO_INCREMENT,
  `ClassName` enum('OpenStackImplementationApiCoverageDraft','CloudServiceOfferedDraft') CHARACTER SET utf8mb3 COLLATE utf8mb3_general_ci DEFAULT 'OpenStackImplementationApiCoverageDraft',
  `LastEdited` datetime DEFAULT NULL,
  `Created` datetime DEFAULT NULL,
  `CoveragePercent` int NOT NULL DEFAULT '0',
  `ImplementationID` int DEFAULT NULL,
  `ReleaseSupportedApiVersionID` int DEFAULT NULL,
  PRIMARY KEY (`ID`),
  KEY `ClassName` (`ClassName`),
  KEY `ImplementationID` (`ImplementationID`),
  KEY `ReleaseSupportedApiVersionID` (`ReleaseSupportedApiVersionID`)
) ENGINE=InnoDB DEFAULT CHARSET=latin1;
/*!40101 SET character_set_client = @saved_cs_client */;

--
-- Dumping data for table `OpenStackImplementationApiCoverageDraft`
--

LOCK TABLES `OpenStackImplementationApiCoverageDraft` WRITE;
/*!40000 ALTER TABLE `OpenStackImplementationApiCoverageDraft` DISABLE KEYS */;
/*!40000 ALTER TABLE `OpenStackImplementationApiCoverageDraft` ENABLE KEYS */;
UNLOCK TABLES;

--
-- Table structure for table `OpenStackImplementationDraft`
--

DROP TABLE IF EXISTS `OpenStackImplementationDraft`;
/*!40101 SET @saved_cs_client     = @@character_set_client */;
/*!50503 SET character_set_client = utf8mb4 */;
CREATE TABLE `OpenStackImplementationDraft` (
  `ID` int NOT NULL AUTO_INCREMENT,
  `CompatibleWithCompute` tinyint unsigned NOT NULL DEFAULT '0',
  `CompatibleWithStorage` tinyint unsigned NOT NULL DEFAULT '0',
  `CompatibleWithPlatform` tinyint unsigned NOT NULL DEFAULT '0',
  `ExpiryDate` datetime DEFAULT NULL,
  `CompatibleWithFederatedIdentity` tinyint unsigned NOT NULL DEFAULT '0',
  `ProgramVersionID` int DEFAULT NULL,
  PRIMARY KEY (`ID`),
  KEY `ProgramVersionID` (`ProgramVersionID`)
) ENGINE=InnoDB DEFAULT CHARSET=latin1;
/*!40101 SET character_set_client = @saved_cs_client */;

--
-- Dumping data for table `OpenStackImplementationDraft`
--

LOCK TABLES `OpenStackImplementationDraft` WRITE;
/*!40000 ALTER TABLE `OpenStackImplementationDraft` DISABLE KEYS */;
/*!40000 ALTER TABLE `OpenStackImplementationDraft` ENABLE KEYS */;
UNLOCK TABLES;

--
-- Table structure for table `OpenStackImplementationDraft_Guests`
--

DROP TABLE IF EXISTS `OpenStackImplementationDraft_Guests`;
/*!40101 SET @saved_cs_client     = @@character_set_client */;
/*!50503 SET character_set_client = utf8mb4 */;
CREATE TABLE `OpenStackImplementationDraft_Guests` (
  `ID` int NOT NULL AUTO_INCREMENT,
  `OpenStackImplementationDraftID` int NOT NULL DEFAULT '0',
  `GuestOSTypeID` int NOT NULL DEFAULT '0',
  PRIMARY KEY (`ID`),
  KEY `GuestOSTypeID` (`GuestOSTypeID`),
  KEY `OpenStackImplementationDraftID` (`OpenStackImplementationDraftID`)
) ENGINE=InnoDB DEFAULT CHARSET=latin1;
/*!40101 SET character_set_client = @saved_cs_client */;

--
-- Dumping data for table `OpenStackImplementationDraft_Guests`
--

LOCK TABLES `OpenStackImplementationDraft_Guests` WRITE;
/*!40000 ALTER TABLE `OpenStackImplementationDraft_Guests` DISABLE KEYS */;
/*!40000 ALTER TABLE `OpenStackImplementationDraft_Guests` ENABLE KEYS */;
UNLOCK TABLES;

--
-- Table structure for table `OpenStackImplementationDraft_HyperVisors`
--

DROP TABLE IF EXISTS `OpenStackImplementationDraft_HyperVisors`;
/*!40101 SET @saved_cs_client     = @@character_set_client */;
/*!50503 SET character_set_client = utf8mb4 */;
CREATE TABLE `OpenStackImplementationDraft_HyperVisors` (
  `ID` int NOT NULL AUTO_INCREMENT,
  `OpenStackImplementationDraftID` int NOT NULL DEFAULT '0',
  `HyperVisorTypeID` int NOT NULL DEFAULT '0',
  PRIMARY KEY (`ID`),
  KEY `HyperVisorTypeID` (`HyperVisorTypeID`),
  KEY `OpenStackImplementationDraftID` (`OpenStackImplementationDraftID`)
) ENGINE=InnoDB DEFAULT CHARSET=latin1;
/*!40101 SET character_set_client = @saved_cs_client */;

--
-- Dumping data for table `OpenStackImplementationDraft_HyperVisors`
--

LOCK TABLES `OpenStackImplementationDraft_HyperVisors` WRITE;
/*!40000 ALTER TABLE `OpenStackImplementationDraft_HyperVisors` DISABLE KEYS */;
/*!40000 ALTER TABLE `OpenStackImplementationDraft_HyperVisors` ENABLE KEYS */;
UNLOCK TABLES;

--
-- Table structure for table `OpenStackImplementation_Guests`
--

DROP TABLE IF EXISTS `OpenStackImplementation_Guests`;
/*!40101 SET @saved_cs_client     = @@character_set_client */;
/*!50503 SET character_set_client = utf8mb4 */;
CREATE TABLE `OpenStackImplementation_Guests` (
  `ID` int NOT NULL AUTO_INCREMENT,
  `OpenStackImplementationID` int NOT NULL DEFAULT '0',
  `GuestOSTypeID` int NOT NULL DEFAULT '0',
  PRIMARY KEY (`ID`),
  KEY `GuestOSTypeID` (`GuestOSTypeID`),
  KEY `OpenStackImplementationID` (`OpenStackImplementationID`)
) ENGINE=InnoDB DEFAULT CHARSET=latin1;
/*!40101 SET character_set_client = @saved_cs_client */;

--
-- Dumping data for table `OpenStackImplementation_Guests`
--

LOCK TABLES `OpenStackImplementation_Guests` WRITE;
/*!40000 ALTER TABLE `OpenStackImplementation_Guests` DISABLE KEYS */;
/*!40000 ALTER TABLE `OpenStackImplementation_Guests` ENABLE KEYS */;
UNLOCK TABLES;

--
-- Table structure for table `OpenStackImplementation_HyperVisors`
--

DROP TABLE IF EXISTS `OpenStackImplementation_HyperVisors`;
/*!40101 SET @saved_cs_client     = @@character_set_client */;
/*!50503 SET character_set_client = utf8mb4 */;
CREATE TABLE `OpenStackImplementation_HyperVisors` (
  `ID` int NOT NULL AUTO_INCREMENT,
  `OpenStackImplementationID` int NOT NULL DEFAULT '0',
  `HyperVisorTypeID` int NOT NULL DEFAULT '0',
  PRIMARY KEY (`ID`),
  KEY `HyperVisorTypeID` (`HyperVisorTypeID`),
  KEY `OpenStackImplementationID` (`OpenStackImplementationID`)
) ENGINE=InnoDB DEFAULT CHARSET=latin1;
/*!40101 SET character_set_client = @saved_cs_client */;

--
-- Dumping data for table `OpenStackImplementation_HyperVisors`
--

LOCK TABLES `OpenStackImplementation_HyperVisors` WRITE;
/*!40000 ALTER TABLE `OpenStackImplementation_HyperVisors` DISABLE KEYS */;
/*!40000 ALTER TABLE `OpenStackImplementation_HyperVisors` ENABLE KEYS */;
UNLOCK TABLES;

--
-- Table structure for table `OpenStackPoweredProgramHistory`
--

DROP TABLE IF EXISTS `OpenStackPoweredProgramHistory`;
/*!40101 SET @saved_cs_client     = @@character_set_client */;
/*!50503 SET character_set_client = utf8mb4 */;
CREATE TABLE `OpenStackPoweredProgramHistory` (
  `ID` int NOT NULL AUTO_INCREMENT,
  `ClassName` enum('OpenStackPoweredProgramHistory') CHARACTER SET utf8mb3 COLLATE utf8mb3_general_ci DEFAULT 'OpenStackPoweredProgramHistory',
  `LastEdited` datetime DEFAULT NULL,
  `Created` datetime DEFAULT NULL,
  `CompatibleWithComputeBefore` tinyint unsigned NOT NULL DEFAULT '0',
  `CompatibleWithStorageBefore` tinyint unsigned NOT NULL DEFAULT '0',
  `ExpiryDateBefore` datetime DEFAULT NULL,
  `ProgramVersionIDBefore` int NOT NULL DEFAULT '0',
  `ProgramVersionNameBefore` varchar(50) CHARACTER SET utf8mb3 COLLATE utf8mb3_general_ci DEFAULT NULL,
  `CompatibleWithComputeCurrent` tinyint unsigned NOT NULL DEFAULT '0',
  `CompatibleWithStorageCurrent` tinyint unsigned NOT NULL DEFAULT '0',
  `ExpiryDateCurrent` datetime DEFAULT NULL,
  `ProgramVersionIDCurrent` int NOT NULL DEFAULT '0',
  `ProgramVersionNameCurrent` varchar(50) CHARACTER SET utf8mb3 COLLATE utf8mb3_general_ci DEFAULT NULL,
  `ReportedReleaseIDBefore` int NOT NULL DEFAULT '0',
  `ReportedReleaseIDCurrent` int NOT NULL DEFAULT '0',
  `ReportedReleaseNameBefore` varchar(50) CHARACTER SET utf8mb3 COLLATE utf8mb3_general_ci DEFAULT NULL,
  `ReportedReleaseNameCurrent` varchar(50) CHARACTER SET utf8mb3 COLLATE utf8mb3_general_ci DEFAULT NULL,
  `PassedReleaseIDBefore` int NOT NULL DEFAULT '0',
  `PassedReleaseIDCurrent` int NOT NULL DEFAULT '0',
  `PassedReleaseNameBefore` varchar(50) CHARACTER SET utf8mb3 COLLATE utf8mb3_general_ci DEFAULT NULL,
  `PassedReleaseNameCurrent` varchar(50) CHARACTER SET utf8mb3 COLLATE utf8mb3_general_ci DEFAULT NULL,
  `NotesBefore` mediumtext CHARACTER SET utf8mb3 COLLATE utf8mb3_general_ci,
  `NotesCurrent` mediumtext CHARACTER SET utf8mb3 COLLATE utf8mb3_general_ci,
  `OpenStackImplementationID` int DEFAULT NULL,
  `OwnerID` int DEFAULT NULL,
  PRIMARY KEY (`ID`),
  KEY `ClassName` (`ClassName`),
  KEY `OpenStackImplementationID` (`OpenStackImplementationID`),
  KEY `OwnerID` (`OwnerID`)
) ENGINE=InnoDB DEFAULT CHARSET=latin1;
/*!40101 SET character_set_client = @saved_cs_client */;

--
-- Dumping data for table `OpenStackPoweredProgramHistory`
--

LOCK TABLES `OpenStackPoweredProgramHistory` WRITE;
/*!40000 ALTER TABLE `OpenStackPoweredProgramHistory` DISABLE KEYS */;
/*!40000 ALTER TABLE `OpenStackPoweredProgramHistory` ENABLE KEYS */;
UNLOCK TABLES;

--
-- Table structure for table `OpenStackRelease`
--

DROP TABLE IF EXISTS `OpenStackRelease`;
/*!40101 SET @saved_cs_client     = @@character_set_client */;
/*!50503 SET character_set_client = utf8mb4 */;
CREATE TABLE `OpenStackRelease` (
  `ID` int NOT NULL AUTO_INCREMENT,
  `ClassName` enum('OpenStackRelease') CHARACTER SET utf8mb3 COLLATE utf8mb3_general_ci DEFAULT 'OpenStackRelease',
  `LastEdited` datetime DEFAULT NULL,
  `Created` datetime DEFAULT NULL,
  `Name` varchar(50) CHARACTER SET utf8mb3 COLLATE utf8mb3_general_ci DEFAULT NULL,
  `ReleaseNumber` varchar(50) CHARACTER SET utf8mb3 COLLATE utf8mb3_general_ci DEFAULT NULL,
  `ReleaseDate` date DEFAULT NULL,
  `ReleaseNotesUrl` mediumtext CHARACTER SET utf8mb3 COLLATE utf8mb3_general_ci,
  `Status` enum('Deprecated','EOL','SecuritySupported','Current','UnderDevelopment','Future') CHARACTER SET utf8mb3 COLLATE utf8mb3_general_ci DEFAULT 'Deprecated',
  `HasStatistics` tinyint unsigned NOT NULL DEFAULT '0',
  PRIMARY KEY (`ID`),
  UNIQUE KEY `Name` (`Name`),
  UNIQUE KEY `ReleaseDate` (`ReleaseDate`),
  UNIQUE KEY `ReleaseNumber` (`ReleaseNumber`),
  KEY `ClassName` (`ClassName`)
) ENGINE=InnoDB DEFAULT CHARSET=latin1;
/*!40101 SET character_set_client = @saved_cs_client */;

--
-- Dumping data for table `OpenStackRelease`
--

LOCK TABLES `OpenStackRelease` WRITE;
/*!40000 ALTER TABLE `OpenStackRelease` DISABLE KEYS */;
/*!40000 ALTER TABLE `OpenStackRelease` ENABLE KEYS */;
UNLOCK TABLES;

--
-- Table structure for table `OpenStackReleaseSupportedApiVersion`
--

DROP TABLE IF EXISTS `OpenStackReleaseSupportedApiVersion`;
/*!40101 SET @saved_cs_client     = @@character_set_client */;
/*!50503 SET character_set_client = utf8mb4 */;
CREATE TABLE `OpenStackReleaseSupportedApiVersion` (
  `ID` int NOT NULL AUTO_INCREMENT,
  `ClassName` enum('OpenStackReleaseSupportedApiVersion') CHARACTER SET utf8mb3 COLLATE utf8mb3_general_ci DEFAULT 'OpenStackReleaseSupportedApiVersion',
  `LastEdited` datetime DEFAULT NULL,
  `Created` datetime DEFAULT NULL,
  `ReleaseVersion` mediumtext CHARACTER SET utf8mb3 COLLATE utf8mb3_general_ci,
  `Status` enum('Deprecated','Supported','Current','Beta','Alpha') CHARACTER SET utf8mb3 COLLATE utf8mb3_general_ci DEFAULT 'Current',
  `CreatedFromTask` tinyint unsigned NOT NULL DEFAULT '0',
  `OpenStackComponentID` int DEFAULT NULL,
  `ApiVersionID` int DEFAULT NULL,
  `ReleaseID` int DEFAULT NULL,
  PRIMARY KEY (`ID`),
  UNIQUE KEY `Component_ApiVersion_Release` (`OpenStackComponentID`,`ApiVersionID`,`ReleaseID`),
  KEY `ApiVersionID` (`ApiVersionID`),
  KEY `ClassName` (`ClassName`),
  KEY `OpenStackComponentID` (`OpenStackComponentID`),
  KEY `ReleaseID` (`ReleaseID`)
) ENGINE=InnoDB DEFAULT CHARSET=latin1;
/*!40101 SET character_set_client = @saved_cs_client */;

--
-- Dumping data for table `OpenStackReleaseSupportedApiVersion`
--

LOCK TABLES `OpenStackReleaseSupportedApiVersion` WRITE;
/*!40000 ALTER TABLE `OpenStackReleaseSupportedApiVersion` DISABLE KEYS */;
/*!40000 ALTER TABLE `OpenStackReleaseSupportedApiVersion` ENABLE KEYS */;
UNLOCK TABLES;

--
-- Table structure for table `OpenStackRelease_OpenStackComponents`
--

DROP TABLE IF EXISTS `OpenStackRelease_OpenStackComponents`;
/*!40101 SET @saved_cs_client     = @@character_set_client */;
/*!50503 SET character_set_client = utf8mb4 */;
CREATE TABLE `OpenStackRelease_OpenStackComponents` (
  `ID` int NOT NULL AUTO_INCREMENT,
  `OpenStackReleaseID` int NOT NULL DEFAULT '0',
  `OpenStackComponentID` int NOT NULL DEFAULT '0',
  `Adoption` int NOT NULL DEFAULT '0',
  `MaturityPoints` int NOT NULL DEFAULT '0',
  `HasInstallationGuide` tinyint unsigned NOT NULL DEFAULT '0',
  `SDKSupport` int NOT NULL DEFAULT '0',
  `QualityOfPackages` mediumtext CHARACTER SET utf8mb3 COLLATE utf8mb3_general_ci,
  `MostActiveContributorsByCompanyJson` mediumtext CHARACTER SET utf8mb3 COLLATE utf8mb3_general_ci,
  `MostActiveContributorsByIndividualJson` mediumtext CHARACTER SET utf8mb3 COLLATE utf8mb3_general_ci,
  `ContributionsJson` mediumtext CHARACTER SET utf8mb3 COLLATE utf8mb3_general_ci,
  `ReleaseMileStones` tinyint unsigned NOT NULL DEFAULT '0',
  `ReleaseCycleWithIntermediary` tinyint unsigned NOT NULL DEFAULT '0',
  `ReleaseIndependent` tinyint unsigned NOT NULL DEFAULT '0',
  `ReleaseTrailing` tinyint unsigned NOT NULL DEFAULT '0',
  `ReleasesNotes` mediumtext CHARACTER SET utf8mb3 COLLATE utf8mb3_general_ci,
  `CustomTeamYAMLFileName` mediumtext CHARACTER SET utf8mb3 COLLATE utf8mb3_general_ci,
  PRIMARY KEY (`ID`),
  KEY `OpenStackComponentID` (`OpenStackComponentID`),
  KEY `OpenStackReleaseID` (`OpenStackReleaseID`)
) ENGINE=InnoDB DEFAULT CHARSET=latin1;
/*!40101 SET character_set_client = @saved_cs_client */;

--
-- Dumping data for table `OpenStackRelease_OpenStackComponents`
--

LOCK TABLES `OpenStackRelease_OpenStackComponents` WRITE;
/*!40000 ALTER TABLE `OpenStackRelease_OpenStackComponents` DISABLE KEYS */;
/*!40000 ALTER TABLE `OpenStackRelease_OpenStackComponents` ENABLE KEYS */;
UNLOCK TABLES;

--
-- Table structure for table `OpenStackSampleConfig`
--

DROP TABLE IF EXISTS `OpenStackSampleConfig`;
/*!40101 SET @saved_cs_client     = @@character_set_client */;
/*!50503 SET character_set_client = utf8mb4 */;
CREATE TABLE `OpenStackSampleConfig` (
  `ID` int NOT NULL AUTO_INCREMENT,
  `ClassName` enum('OpenStackSampleConfig') CHARACTER SET utf8mb3 COLLATE utf8mb3_general_ci DEFAULT 'OpenStackSampleConfig',
  `LastEdited` datetime DEFAULT NULL,
  `Created` datetime DEFAULT NULL,
  `Title` varchar(50) CHARACTER SET utf8mb3 COLLATE utf8mb3_general_ci DEFAULT NULL,
  `Summary` mediumtext CHARACTER SET utf8mb3 COLLATE utf8mb3_general_ci,
  `Description` mediumtext CHARACTER SET utf8mb3 COLLATE utf8mb3_general_ci,
  `IsDefault` tinyint unsigned NOT NULL DEFAULT '0',
  `Order` int NOT NULL DEFAULT '0',
  `CuratorID` int DEFAULT NULL,
  `ReleaseID` int DEFAULT NULL,
  `TypeID` int DEFAULT NULL,
  PRIMARY KEY (`ID`),
  KEY `ClassName` (`ClassName`),
  KEY `CuratorID` (`CuratorID`),
  KEY `ReleaseID` (`ReleaseID`),
  KEY `TypeID` (`TypeID`)
) ENGINE=InnoDB DEFAULT CHARSET=latin1;
/*!40101 SET character_set_client = @saved_cs_client */;

--
-- Dumping data for table `OpenStackSampleConfig`
--

LOCK TABLES `OpenStackSampleConfig` WRITE;
/*!40000 ALTER TABLE `OpenStackSampleConfig` DISABLE KEYS */;
/*!40000 ALTER TABLE `OpenStackSampleConfig` ENABLE KEYS */;
UNLOCK TABLES;

--
-- Table structure for table `OpenStackSampleConfigRelatedNote`
--

DROP TABLE IF EXISTS `OpenStackSampleConfigRelatedNote`;
/*!40101 SET @saved_cs_client     = @@character_set_client */;
/*!50503 SET character_set_client = utf8mb4 */;
CREATE TABLE `OpenStackSampleConfigRelatedNote` (
  `ID` int NOT NULL AUTO_INCREMENT,
  `ClassName` enum('OpenStackSampleConfigRelatedNote') CHARACTER SET utf8mb3 COLLATE utf8mb3_general_ci DEFAULT 'OpenStackSampleConfigRelatedNote',
  `LastEdited` datetime DEFAULT NULL,
  `Created` datetime DEFAULT NULL,
  `Title` mediumtext CHARACTER SET utf8mb3 COLLATE utf8mb3_general_ci,
  `Link` mediumtext CHARACTER SET utf8mb3 COLLATE utf8mb3_general_ci,
  `Order` int NOT NULL DEFAULT '0',
  `ConfigID` int DEFAULT NULL,
  PRIMARY KEY (`ID`),
  KEY `ClassName` (`ClassName`),
  KEY `ConfigID` (`ConfigID`)
) ENGINE=InnoDB DEFAULT CHARSET=latin1;
/*!40101 SET character_set_client = @saved_cs_client */;

--
-- Dumping data for table `OpenStackSampleConfigRelatedNote`
--

LOCK TABLES `OpenStackSampleConfigRelatedNote` WRITE;
/*!40000 ALTER TABLE `OpenStackSampleConfigRelatedNote` DISABLE KEYS */;
/*!40000 ALTER TABLE `OpenStackSampleConfigRelatedNote` ENABLE KEYS */;
UNLOCK TABLES;

--
-- Table structure for table `OpenStackSampleConfig_OpenStackComponents`
--

DROP TABLE IF EXISTS `OpenStackSampleConfig_OpenStackComponents`;
/*!40101 SET @saved_cs_client     = @@character_set_client */;
/*!50503 SET character_set_client = utf8mb4 */;
CREATE TABLE `OpenStackSampleConfig_OpenStackComponents` (
  `ID` int NOT NULL AUTO_INCREMENT,
  `OpenStackSampleConfigID` int NOT NULL DEFAULT '0',
  `OpenStackComponentID` int NOT NULL DEFAULT '0',
  `Order` int NOT NULL DEFAULT '0',
  PRIMARY KEY (`ID`),
  KEY `OpenStackComponentID` (`OpenStackComponentID`),
  KEY `OpenStackSampleConfigID` (`OpenStackSampleConfigID`)
) ENGINE=InnoDB DEFAULT CHARSET=latin1;
/*!40101 SET character_set_client = @saved_cs_client */;

--
-- Dumping data for table `OpenStackSampleConfig_OpenStackComponents`
--

LOCK TABLES `OpenStackSampleConfig_OpenStackComponents` WRITE;
/*!40000 ALTER TABLE `OpenStackSampleConfig_OpenStackComponents` DISABLE KEYS */;
/*!40000 ALTER TABLE `OpenStackSampleConfig_OpenStackComponents` ENABLE KEYS */;
UNLOCK TABLES;

--
-- Table structure for table `OpenStackSampleConfigurationType`
--

DROP TABLE IF EXISTS `OpenStackSampleConfigurationType`;
/*!40101 SET @saved_cs_client     = @@character_set_client */;
/*!50503 SET character_set_client = utf8mb4 */;
CREATE TABLE `OpenStackSampleConfigurationType` (
  `ID` int NOT NULL AUTO_INCREMENT,
  `ClassName` enum('OpenStackSampleConfigurationType') CHARACTER SET utf8mb3 COLLATE utf8mb3_general_ci DEFAULT 'OpenStackSampleConfigurationType',
  `LastEdited` datetime DEFAULT NULL,
  `Created` datetime DEFAULT NULL,
  `Type` mediumtext CHARACTER SET utf8mb3 COLLATE utf8mb3_general_ci,
  `Order` int NOT NULL DEFAULT '0',
  `IsDefault` tinyint unsigned NOT NULL DEFAULT '0',
  `ReleaseID` int DEFAULT NULL,
  PRIMARY KEY (`ID`),
  KEY `ClassName` (`ClassName`),
  KEY `ReleaseID` (`ReleaseID`)
) ENGINE=InnoDB DEFAULT CHARSET=latin1;
/*!40101 SET character_set_client = @saved_cs_client */;

--
-- Dumping data for table `OpenStackSampleConfigurationType`
--

LOCK TABLES `OpenStackSampleConfigurationType` WRITE;
/*!40000 ALTER TABLE `OpenStackSampleConfigurationType` DISABLE KEYS */;
/*!40000 ALTER TABLE `OpenStackSampleConfigurationType` ENABLE KEYS */;
UNLOCK TABLES;

--
-- Table structure for table `OpenStackUserRequest`
--

DROP TABLE IF EXISTS `OpenStackUserRequest`;
/*!40101 SET @saved_cs_client     = @@character_set_client */;
/*!50503 SET character_set_client = utf8mb4 */;
CREATE TABLE `OpenStackUserRequest` (
  `ID` int NOT NULL AUTO_INCREMENT,
  `ClassName` enum('OpenStackUserRequest') CHARACTER SET utf8mb3 COLLATE utf8mb3_general_ci DEFAULT 'OpenStackUserRequest',
  `LastEdited` datetime DEFAULT NULL,
  `Created` datetime DEFAULT NULL,
  `Name` mediumtext CHARACTER SET utf8mb3 COLLATE utf8mb3_general_ci,
  `Company` mediumtext CHARACTER SET utf8mb3 COLLATE utf8mb3_general_ci,
  `Email` mediumtext CHARACTER SET utf8mb3 COLLATE utf8mb3_general_ci,
  PRIMARY KEY (`ID`),
  KEY `ClassName` (`ClassName`)
) ENGINE=InnoDB DEFAULT CHARSET=latin1;
/*!40101 SET character_set_client = @saved_cs_client */;

--
-- Dumping data for table `OpenStackUserRequest`
--

LOCK TABLES `OpenStackUserRequest` WRITE;
/*!40000 ALTER TABLE `OpenStackUserRequest` DISABLE KEYS */;
/*!40000 ALTER TABLE `OpenStackUserRequest` ENABLE KEYS */;
UNLOCK TABLES;

--
-- Table structure for table `OpenstackUser`
--

DROP TABLE IF EXISTS `OpenstackUser`;
/*!40101 SET @saved_cs_client     = @@character_set_client */;
/*!50503 SET character_set_client = utf8mb4 */;
CREATE TABLE `OpenstackUser` (
  `ID` int NOT NULL AUTO_INCREMENT,
  `ListedOnSite` tinyint unsigned NOT NULL DEFAULT '0',
  `FeaturedOnSite` tinyint unsigned NOT NULL DEFAULT '0',
  `Objectives` mediumtext CHARACTER SET utf8mb3 COLLATE utf8mb3_general_ci,
  `PullQuote` mediumtext CHARACTER SET utf8mb3 COLLATE utf8mb3_general_ci,
  `PullQuoteAuthor` varchar(255) CHARACTER SET utf8mb3 COLLATE utf8mb3_general_ci DEFAULT NULL,
  `URL` varchar(255) CHARACTER SET utf8mb3 COLLATE utf8mb3_general_ci DEFAULT NULL,
  `Industry` varchar(255) CHARACTER SET utf8mb3 COLLATE utf8mb3_general_ci DEFAULT NULL,
  `Headquarters` mediumtext CHARACTER SET utf8mb3 COLLATE utf8mb3_general_ci,
  `Size` varchar(255) CHARACTER SET utf8mb3 COLLATE utf8mb3_general_ci DEFAULT NULL,
  `Category` enum('StartupSMB','Enterprise','ServiceProvider','AcademicGovResearch') CHARACTER SET utf8mb3 COLLATE utf8mb3_general_ci DEFAULT 'StartupSMB',
  `UseCase` enum('Unknown','Saas','TestDev','BigDataAnalytics') CHARACTER SET utf8mb3 COLLATE utf8mb3_general_ci DEFAULT 'Unknown',
  `LogoID` int DEFAULT NULL,
  PRIMARY KEY (`ID`),
  KEY `LogoID` (`LogoID`)
) ENGINE=InnoDB DEFAULT CHARSET=latin1;
/*!40101 SET character_set_client = @saved_cs_client */;

--
-- Dumping data for table `OpenstackUser`
--

LOCK TABLES `OpenstackUser` WRITE;
/*!40000 ALTER TABLE `OpenstackUser` DISABLE KEYS */;
/*!40000 ALTER TABLE `OpenstackUser` ENABLE KEYS */;
UNLOCK TABLES;

--
-- Table structure for table `OpenstackUser_Live`
--

DROP TABLE IF EXISTS `OpenstackUser_Live`;
/*!40101 SET @saved_cs_client     = @@character_set_client */;
/*!50503 SET character_set_client = utf8mb4 */;
CREATE TABLE `OpenstackUser_Live` (
  `ID` int NOT NULL AUTO_INCREMENT,
  `ListedOnSite` tinyint unsigned NOT NULL DEFAULT '0',
  `FeaturedOnSite` tinyint unsigned NOT NULL DEFAULT '0',
  `Objectives` mediumtext CHARACTER SET utf8mb3 COLLATE utf8mb3_general_ci,
  `PullQuote` mediumtext CHARACTER SET utf8mb3 COLLATE utf8mb3_general_ci,
  `PullQuoteAuthor` varchar(255) CHARACTER SET utf8mb3 COLLATE utf8mb3_general_ci DEFAULT NULL,
  `URL` varchar(255) CHARACTER SET utf8mb3 COLLATE utf8mb3_general_ci DEFAULT NULL,
  `Industry` varchar(255) CHARACTER SET utf8mb3 COLLATE utf8mb3_general_ci DEFAULT NULL,
  `Headquarters` mediumtext CHARACTER SET utf8mb3 COLLATE utf8mb3_general_ci,
  `Size` varchar(255) CHARACTER SET utf8mb3 COLLATE utf8mb3_general_ci DEFAULT NULL,
  `Category` enum('StartupSMB','Enterprise','ServiceProvider','AcademicGovResearch') CHARACTER SET utf8mb3 COLLATE utf8mb3_general_ci DEFAULT 'StartupSMB',
  `UseCase` enum('Unknown','Saas','TestDev','BigDataAnalytics') CHARACTER SET utf8mb3 COLLATE utf8mb3_general_ci DEFAULT 'Unknown',
  `LogoID` int DEFAULT NULL,
  PRIMARY KEY (`ID`),
  KEY `LogoID` (`LogoID`)
) ENGINE=InnoDB DEFAULT CHARSET=latin1;
/*!40101 SET character_set_client = @saved_cs_client */;

--
-- Dumping data for table `OpenstackUser_Live`
--

LOCK TABLES `OpenstackUser_Live` WRITE;
/*!40000 ALTER TABLE `OpenstackUser_Live` DISABLE KEYS */;
/*!40000 ALTER TABLE `OpenstackUser_Live` ENABLE KEYS */;
UNLOCK TABLES;

--
-- Table structure for table `OpenstackUser_Projects`
--

DROP TABLE IF EXISTS `OpenstackUser_Projects`;
/*!40101 SET @saved_cs_client     = @@character_set_client */;
/*!50503 SET character_set_client = utf8mb4 */;
CREATE TABLE `OpenstackUser_Projects` (
  `ID` int NOT NULL AUTO_INCREMENT,
  `OpenstackUserID` int NOT NULL DEFAULT '0',
  `ProjectID` int NOT NULL DEFAULT '0',
  PRIMARY KEY (`ID`),
  KEY `OpenstackUserID` (`OpenstackUserID`),
  KEY `ProjectID` (`ProjectID`)
) ENGINE=InnoDB DEFAULT CHARSET=latin1;
/*!40101 SET character_set_client = @saved_cs_client */;

--
-- Dumping data for table `OpenstackUser_Projects`
--

LOCK TABLES `OpenstackUser_Projects` WRITE;
/*!40000 ALTER TABLE `OpenstackUser_Projects` DISABLE KEYS */;
/*!40000 ALTER TABLE `OpenstackUser_Projects` ENABLE KEYS */;
UNLOCK TABLES;

--
-- Table structure for table `OpenstackUser_versions`
--

DROP TABLE IF EXISTS `OpenstackUser_versions`;
/*!40101 SET @saved_cs_client     = @@character_set_client */;
/*!50503 SET character_set_client = utf8mb4 */;
CREATE TABLE `OpenstackUser_versions` (
  `ID` int NOT NULL AUTO_INCREMENT,
  `RecordID` int NOT NULL DEFAULT '0',
  `Version` int NOT NULL DEFAULT '0',
  `ListedOnSite` tinyint unsigned NOT NULL DEFAULT '0',
  `FeaturedOnSite` tinyint unsigned NOT NULL DEFAULT '0',
  `Objectives` mediumtext CHARACTER SET utf8mb3 COLLATE utf8mb3_general_ci,
  `PullQuote` mediumtext CHARACTER SET utf8mb3 COLLATE utf8mb3_general_ci,
  `PullQuoteAuthor` varchar(255) CHARACTER SET utf8mb3 COLLATE utf8mb3_general_ci DEFAULT NULL,
  `URL` varchar(255) CHARACTER SET utf8mb3 COLLATE utf8mb3_general_ci DEFAULT NULL,
  `Industry` varchar(255) CHARACTER SET utf8mb3 COLLATE utf8mb3_general_ci DEFAULT NULL,
  `Headquarters` mediumtext CHARACTER SET utf8mb3 COLLATE utf8mb3_general_ci,
  `Size` varchar(255) CHARACTER SET utf8mb3 COLLATE utf8mb3_general_ci DEFAULT NULL,
  `Category` enum('StartupSMB','Enterprise','ServiceProvider','AcademicGovResearch') CHARACTER SET utf8mb3 COLLATE utf8mb3_general_ci DEFAULT 'StartupSMB',
  `UseCase` enum('Unknown','Saas','TestDev','BigDataAnalytics') CHARACTER SET utf8mb3 COLLATE utf8mb3_general_ci DEFAULT 'Unknown',
  `LogoID` int DEFAULT NULL,
  PRIMARY KEY (`ID`),
  UNIQUE KEY `RecordID_Version` (`RecordID`,`Version`),
  KEY `LogoID` (`LogoID`),
  KEY `RecordID` (`RecordID`),
  KEY `Version` (`Version`)
) ENGINE=InnoDB DEFAULT CHARSET=latin1;
/*!40101 SET character_set_client = @saved_cs_client */;

--
-- Dumping data for table `OpenstackUser_versions`
--

LOCK TABLES `OpenstackUser_versions` WRITE;
/*!40000 ALTER TABLE `OpenstackUser_versions` DISABLE KEYS */;
/*!40000 ALTER TABLE `OpenstackUser_versions` ENABLE KEYS */;
UNLOCK TABLES;

--
-- Table structure for table `Org`
--

DROP TABLE IF EXISTS `Org`;
/*!40101 SET @saved_cs_client     = @@character_set_client */;
/*!50503 SET character_set_client = utf8mb4 */;
CREATE TABLE `Org` (
  `ID` int NOT NULL AUTO_INCREMENT,
  `ClassName` enum('Org') CHARACTER SET utf8mb3 COLLATE utf8mb3_general_ci DEFAULT 'Org',
  `LastEdited` datetime DEFAULT NULL,
  `Created` datetime DEFAULT NULL,
  `Name` mediumtext CHARACTER SET utf8mb3 COLLATE utf8mb3_general_ci,
  `IsStandardizedOrg` tinyint unsigned NOT NULL DEFAULT '0',
  `FoundationSupportLevel` enum('Platinum Member','Gold Member','Corporate Sponsor','Startup Sponsor','Supporting Organization') CHARACTER SET utf8mb3 COLLATE utf8mb3_general_ci DEFAULT 'Platinum Member',
  `OrgProfileID` int DEFAULT NULL,
  PRIMARY KEY (`ID`),
  KEY `ClassName` (`ClassName`),
  KEY `OrgProfileID` (`OrgProfileID`),
  FULLTEXT KEY `SearchFields` (`Name`)
) ENGINE=InnoDB DEFAULT CHARSET=latin1;
/*!40101 SET character_set_client = @saved_cs_client */;

--
-- Dumping data for table `Org`
--

LOCK TABLES `Org` WRITE;
/*!40000 ALTER TABLE `Org` DISABLE KEYS */;
/*!40000 ALTER TABLE `Org` ENABLE KEYS */;
UNLOCK TABLES;

--
-- Table structure for table `Org_InvolvementTypes`
--

DROP TABLE IF EXISTS `Org_InvolvementTypes`;
/*!40101 SET @saved_cs_client     = @@character_set_client */;
/*!50503 SET character_set_client = utf8mb4 */;
CREATE TABLE `Org_InvolvementTypes` (
  `ID` int NOT NULL AUTO_INCREMENT,
  `OrgID` int NOT NULL DEFAULT '0',
  `InvolvementTypeID` int NOT NULL DEFAULT '0',
  PRIMARY KEY (`ID`),
  KEY `InvolvementTypeID` (`InvolvementTypeID`),
  KEY `OrgID` (`OrgID`)
) ENGINE=InnoDB DEFAULT CHARSET=latin1;
/*!40101 SET character_set_client = @saved_cs_client */;

--
-- Dumping data for table `Org_InvolvementTypes`
--

LOCK TABLES `Org_InvolvementTypes` WRITE;
/*!40000 ALTER TABLE `Org_InvolvementTypes` DISABLE KEYS */;
/*!40000 ALTER TABLE `Org_InvolvementTypes` ENABLE KEYS */;
UNLOCK TABLES;

--
-- Table structure for table `OrganizationRegistrationRequest`
--

DROP TABLE IF EXISTS `OrganizationRegistrationRequest`;
/*!40101 SET @saved_cs_client     = @@character_set_client */;
/*!50503 SET character_set_client = utf8mb4 */;
CREATE TABLE `OrganizationRegistrationRequest` (
  `ID` int NOT NULL AUTO_INCREMENT,
  `ClassName` enum('OrganizationRegistrationRequest') CHARACTER SET utf8mb3 COLLATE utf8mb3_general_ci DEFAULT 'OrganizationRegistrationRequest',
  `LastEdited` datetime DEFAULT NULL,
  `Created` datetime DEFAULT NULL,
  `MemberID` int DEFAULT NULL,
  `OrganizationID` int DEFAULT NULL,
  PRIMARY KEY (`ID`),
  KEY `ClassName` (`ClassName`),
  KEY `MemberID` (`MemberID`),
  KEY `OrganizationID` (`OrganizationID`)
) ENGINE=InnoDB DEFAULT CHARSET=latin1;
/*!40101 SET character_set_client = @saved_cs_client */;

--
-- Dumping data for table `OrganizationRegistrationRequest`
--

LOCK TABLES `OrganizationRegistrationRequest` WRITE;
/*!40000 ALTER TABLE `OrganizationRegistrationRequest` DISABLE KEYS */;
/*!40000 ALTER TABLE `OrganizationRegistrationRequest` ENABLE KEYS */;
UNLOCK TABLES;

--
-- Table structure for table `PTGDynamic`
--

DROP TABLE IF EXISTS `PTGDynamic`;
/*!40101 SET @saved_cs_client     = @@character_set_client */;
/*!50503 SET character_set_client = utf8mb4 */;
CREATE TABLE `PTGDynamic` (
  `ID` int NOT NULL AUTO_INCREMENT,
  `Summary` mediumtext CHARACTER SET utf8mb3 COLLATE utf8mb3_general_ci,
  `WhyTheChange` mediumtext CHARACTER SET utf8mb3 COLLATE utf8mb3_general_ci,
  `HotelAndTravel` mediumtext CHARACTER SET utf8mb3 COLLATE utf8mb3_general_ci,
  `HotelLink` varchar(255) CHARACTER SET utf8mb3 COLLATE utf8mb3_general_ci DEFAULT NULL,
  `WhoShouldAttend` mediumtext CHARACTER SET utf8mb3 COLLATE utf8mb3_general_ci,
  `WhoShouldNotAttend` mediumtext CHARACTER SET utf8mb3 COLLATE utf8mb3_general_ci,
  `Benefits` mediumtext CHARACTER SET utf8mb3 COLLATE utf8mb3_general_ci,
  `SponsorLogos` mediumtext CHARACTER SET utf8mb3 COLLATE utf8mb3_general_ci,
  `Sponsor` mediumtext CHARACTER SET utf8mb3 COLLATE utf8mb3_general_ci,
  `SponsorSteps` mediumtext CHARACTER SET utf8mb3 COLLATE utf8mb3_general_ci,
  `TravelSupport` mediumtext CHARACTER SET utf8mb3 COLLATE utf8mb3_general_ci,
  `TravelSupportApply` mediumtext CHARACTER SET utf8mb3 COLLATE utf8mb3_general_ci,
  `RegisterToAttend` mediumtext CHARACTER SET utf8mb3 COLLATE utf8mb3_general_ci,
  `PTGSchedule` mediumtext CHARACTER SET utf8mb3 COLLATE utf8mb3_general_ci,
  `CodeOfConduct` mediumtext CHARACTER SET utf8mb3 COLLATE utf8mb3_general_ci,
  `FindOutMore` mediumtext CHARACTER SET utf8mb3 COLLATE utf8mb3_general_ci,
  `FAQText` mediumtext CHARACTER SET utf8mb3 COLLATE utf8mb3_general_ci,
  `GraphID` int DEFAULT NULL,
  `ScheduleImageID` int DEFAULT NULL,
  PRIMARY KEY (`ID`),
  KEY `GraphID` (`GraphID`),
  KEY `ScheduleImageID` (`ScheduleImageID`)
) ENGINE=InnoDB DEFAULT CHARSET=latin1;
/*!40101 SET character_set_client = @saved_cs_client */;

--
-- Dumping data for table `PTGDynamic`
--

LOCK TABLES `PTGDynamic` WRITE;
/*!40000 ALTER TABLE `PTGDynamic` DISABLE KEYS */;
/*!40000 ALTER TABLE `PTGDynamic` ENABLE KEYS */;
UNLOCK TABLES;

--
-- Table structure for table `PTGDynamic_Live`
--

DROP TABLE IF EXISTS `PTGDynamic_Live`;
/*!40101 SET @saved_cs_client     = @@character_set_client */;
/*!50503 SET character_set_client = utf8mb4 */;
CREATE TABLE `PTGDynamic_Live` (
  `ID` int NOT NULL AUTO_INCREMENT,
  `Summary` mediumtext CHARACTER SET utf8mb3 COLLATE utf8mb3_general_ci,
  `WhyTheChange` mediumtext CHARACTER SET utf8mb3 COLLATE utf8mb3_general_ci,
  `HotelAndTravel` mediumtext CHARACTER SET utf8mb3 COLLATE utf8mb3_general_ci,
  `HotelLink` varchar(255) CHARACTER SET utf8mb3 COLLATE utf8mb3_general_ci DEFAULT NULL,
  `WhoShouldAttend` mediumtext CHARACTER SET utf8mb3 COLLATE utf8mb3_general_ci,
  `WhoShouldNotAttend` mediumtext CHARACTER SET utf8mb3 COLLATE utf8mb3_general_ci,
  `Benefits` mediumtext CHARACTER SET utf8mb3 COLLATE utf8mb3_general_ci,
  `SponsorLogos` mediumtext CHARACTER SET utf8mb3 COLLATE utf8mb3_general_ci,
  `Sponsor` mediumtext CHARACTER SET utf8mb3 COLLATE utf8mb3_general_ci,
  `SponsorSteps` mediumtext CHARACTER SET utf8mb3 COLLATE utf8mb3_general_ci,
  `TravelSupport` mediumtext CHARACTER SET utf8mb3 COLLATE utf8mb3_general_ci,
  `TravelSupportApply` mediumtext CHARACTER SET utf8mb3 COLLATE utf8mb3_general_ci,
  `RegisterToAttend` mediumtext CHARACTER SET utf8mb3 COLLATE utf8mb3_general_ci,
  `PTGSchedule` mediumtext CHARACTER SET utf8mb3 COLLATE utf8mb3_general_ci,
  `CodeOfConduct` mediumtext CHARACTER SET utf8mb3 COLLATE utf8mb3_general_ci,
  `FindOutMore` mediumtext CHARACTER SET utf8mb3 COLLATE utf8mb3_general_ci,
  `FAQText` mediumtext CHARACTER SET utf8mb3 COLLATE utf8mb3_general_ci,
  `GraphID` int DEFAULT NULL,
  `ScheduleImageID` int DEFAULT NULL,
  PRIMARY KEY (`ID`),
  KEY `GraphID` (`GraphID`),
  KEY `ScheduleImageID` (`ScheduleImageID`)
) ENGINE=InnoDB DEFAULT CHARSET=latin1;
/*!40101 SET character_set_client = @saved_cs_client */;

--
-- Dumping data for table `PTGDynamic_Live`
--

LOCK TABLES `PTGDynamic_Live` WRITE;
/*!40000 ALTER TABLE `PTGDynamic_Live` DISABLE KEYS */;
/*!40000 ALTER TABLE `PTGDynamic_Live` ENABLE KEYS */;
UNLOCK TABLES;

--
-- Table structure for table `PTGDynamic_versions`
--

DROP TABLE IF EXISTS `PTGDynamic_versions`;
/*!40101 SET @saved_cs_client     = @@character_set_client */;
/*!50503 SET character_set_client = utf8mb4 */;
CREATE TABLE `PTGDynamic_versions` (
  `ID` int NOT NULL AUTO_INCREMENT,
  `RecordID` int NOT NULL DEFAULT '0',
  `Version` int NOT NULL DEFAULT '0',
  `Summary` mediumtext CHARACTER SET utf8mb3 COLLATE utf8mb3_general_ci,
  `WhyTheChange` mediumtext CHARACTER SET utf8mb3 COLLATE utf8mb3_general_ci,
  `HotelAndTravel` mediumtext CHARACTER SET utf8mb3 COLLATE utf8mb3_general_ci,
  `HotelLink` varchar(255) CHARACTER SET utf8mb3 COLLATE utf8mb3_general_ci DEFAULT NULL,
  `WhoShouldAttend` mediumtext CHARACTER SET utf8mb3 COLLATE utf8mb3_general_ci,
  `WhoShouldNotAttend` mediumtext CHARACTER SET utf8mb3 COLLATE utf8mb3_general_ci,
  `Benefits` mediumtext CHARACTER SET utf8mb3 COLLATE utf8mb3_general_ci,
  `SponsorLogos` mediumtext CHARACTER SET utf8mb3 COLLATE utf8mb3_general_ci,
  `Sponsor` mediumtext CHARACTER SET utf8mb3 COLLATE utf8mb3_general_ci,
  `SponsorSteps` mediumtext CHARACTER SET utf8mb3 COLLATE utf8mb3_general_ci,
  `TravelSupport` mediumtext CHARACTER SET utf8mb3 COLLATE utf8mb3_general_ci,
  `TravelSupportApply` mediumtext CHARACTER SET utf8mb3 COLLATE utf8mb3_general_ci,
  `RegisterToAttend` mediumtext CHARACTER SET utf8mb3 COLLATE utf8mb3_general_ci,
  `PTGSchedule` mediumtext CHARACTER SET utf8mb3 COLLATE utf8mb3_general_ci,
  `CodeOfConduct` mediumtext CHARACTER SET utf8mb3 COLLATE utf8mb3_general_ci,
  `FindOutMore` mediumtext CHARACTER SET utf8mb3 COLLATE utf8mb3_general_ci,
  `FAQText` mediumtext CHARACTER SET utf8mb3 COLLATE utf8mb3_general_ci,
  `GraphID` int DEFAULT NULL,
  `ScheduleImageID` int DEFAULT NULL,
  PRIMARY KEY (`ID`),
  UNIQUE KEY `RecordID_Version` (`RecordID`,`Version`),
  KEY `GraphID` (`GraphID`),
  KEY `RecordID` (`RecordID`),
  KEY `ScheduleImageID` (`ScheduleImageID`),
  KEY `Version` (`Version`)
) ENGINE=InnoDB DEFAULT CHARSET=latin1;
/*!40101 SET character_set_client = @saved_cs_client */;

--
-- Dumping data for table `PTGDynamic_versions`
--

LOCK TABLES `PTGDynamic_versions` WRITE;
/*!40000 ALTER TABLE `PTGDynamic_versions` DISABLE KEYS */;
/*!40000 ALTER TABLE `PTGDynamic_versions` ENABLE KEYS */;
UNLOCK TABLES;

--
-- Table structure for table `Page`
--

DROP TABLE IF EXISTS `Page`;
/*!40101 SET @saved_cs_client     = @@character_set_client */;
/*!50503 SET character_set_client = utf8mb4 */;
CREATE TABLE `Page` (
  `ID` int NOT NULL AUTO_INCREMENT,
  `IncludeJquery` tinyint unsigned NOT NULL DEFAULT '0',
  `PageJavaScript` mediumtext CHARACTER SET utf8mb3 COLLATE utf8mb3_general_ci,
  `IncludeShadowBox` tinyint unsigned NOT NULL DEFAULT '0',
  `MetaTitle` varchar(255) CHARACTER SET utf8mb3 COLLATE utf8mb3_general_ci DEFAULT NULL,
  `PublishDate` datetime DEFAULT NULL,
  `MetaImageID` int DEFAULT NULL,
  PRIMARY KEY (`ID`),
  KEY `MetaImageID` (`MetaImageID`)
) ENGINE=InnoDB DEFAULT CHARSET=latin1;
/*!40101 SET character_set_client = @saved_cs_client */;

--
-- Dumping data for table `Page`
--

LOCK TABLES `Page` WRITE;
/*!40000 ALTER TABLE `Page` DISABLE KEYS */;
/*!40000 ALTER TABLE `Page` ENABLE KEYS */;
UNLOCK TABLES;

--
-- Table structure for table `PageLink`
--

DROP TABLE IF EXISTS `PageLink`;
/*!40101 SET @saved_cs_client     = @@character_set_client */;
/*!50503 SET character_set_client = utf8mb4 */;
CREATE TABLE `PageLink` (
  `ID` int NOT NULL AUTO_INCREMENT,
  `PageID` int DEFAULT NULL,
  PRIMARY KEY (`ID`),
  KEY `PageID` (`PageID`)
) ENGINE=InnoDB DEFAULT CHARSET=latin1;
/*!40101 SET character_set_client = @saved_cs_client */;

--
-- Dumping data for table `PageLink`
--

LOCK TABLES `PageLink` WRITE;
/*!40000 ALTER TABLE `PageLink` DISABLE KEYS */;
/*!40000 ALTER TABLE `PageLink` ENABLE KEYS */;
UNLOCK TABLES;

--
-- Table structure for table `PageSection`
--

DROP TABLE IF EXISTS `PageSection`;
/*!40101 SET @saved_cs_client     = @@character_set_client */;
/*!50503 SET character_set_client = utf8mb4 */;
CREATE TABLE `PageSection` (
  `ID` int NOT NULL AUTO_INCREMENT,
  `ClassName` enum('PageSection','PageSectionMovement','PageSectionText','PageSectionBoxes','PageSectionLinks','PageSectionPicture','PageSectionSpeakers','PageSectionSponsors','PageSectionVideos') CHARACTER SET utf8mb3 COLLATE utf8mb3_general_ci DEFAULT 'PageSection',
  `LastEdited` datetime DEFAULT NULL,
  `Created` datetime DEFAULT NULL,
  `Name` varchar(100) CHARACTER SET utf8mb3 COLLATE utf8mb3_general_ci DEFAULT NULL,
  `Title` varchar(255) CHARACTER SET utf8mb3 COLLATE utf8mb3_general_ci DEFAULT NULL,
  `IconClass` varchar(50) CHARACTER SET utf8mb3 COLLATE utf8mb3_general_ci DEFAULT NULL,
  `WrapperClass` varchar(100) CHARACTER SET utf8mb3 COLLATE utf8mb3_general_ci DEFAULT NULL,
  `ShowInNav` tinyint unsigned NOT NULL DEFAULT '0',
  `Enabled` tinyint unsigned NOT NULL DEFAULT '1',
  `Order` int NOT NULL DEFAULT '0',
  `ParentPageID` int DEFAULT NULL,
  PRIMARY KEY (`ID`),
  KEY `ClassName` (`ClassName`),
  KEY `ParentPageID` (`ParentPageID`)
) ENGINE=InnoDB DEFAULT CHARSET=latin1;
/*!40101 SET character_set_client = @saved_cs_client */;

--
-- Dumping data for table `PageSection`
--

LOCK TABLES `PageSection` WRITE;
/*!40000 ALTER TABLE `PageSection` DISABLE KEYS */;
/*!40000 ALTER TABLE `PageSection` ENABLE KEYS */;
UNLOCK TABLES;

--
-- Table structure for table `PageSectionBox`
--

DROP TABLE IF EXISTS `PageSectionBox`;
/*!40101 SET @saved_cs_client     = @@character_set_client */;
/*!50503 SET character_set_client = utf8mb4 */;
CREATE TABLE `PageSectionBox` (
  `ID` int NOT NULL AUTO_INCREMENT,
  `ClassName` enum('PageSectionBox','PageSectionBoxQuote','PageSectionBoxVideo') CHARACTER SET utf8mb3 COLLATE utf8mb3_general_ci DEFAULT 'PageSectionBox',
  `LastEdited` datetime DEFAULT NULL,
  `Created` datetime DEFAULT NULL,
  `Title` varchar(255) CHARACTER SET utf8mb3 COLLATE utf8mb3_general_ci DEFAULT NULL,
  `Text` mediumtext CHARACTER SET utf8mb3 COLLATE utf8mb3_general_ci,
  `ButtonLink` varchar(255) CHARACTER SET utf8mb3 COLLATE utf8mb3_general_ci DEFAULT NULL,
  `ButtonText` varchar(100) CHARACTER SET utf8mb3 COLLATE utf8mb3_general_ci DEFAULT NULL,
  `Size` int NOT NULL DEFAULT '0',
  `Order` int NOT NULL DEFAULT '0',
  `ParentSectionID` int DEFAULT NULL,
  PRIMARY KEY (`ID`),
  KEY `ClassName` (`ClassName`),
  KEY `ParentSectionID` (`ParentSectionID`)
) ENGINE=InnoDB DEFAULT CHARSET=latin1;
/*!40101 SET character_set_client = @saved_cs_client */;

--
-- Dumping data for table `PageSectionBox`
--

LOCK TABLES `PageSectionBox` WRITE;
/*!40000 ALTER TABLE `PageSectionBox` DISABLE KEYS */;
/*!40000 ALTER TABLE `PageSectionBox` ENABLE KEYS */;
UNLOCK TABLES;

--
-- Table structure for table `PageSectionBoxQuote`
--

DROP TABLE IF EXISTS `PageSectionBoxQuote`;
/*!40101 SET @saved_cs_client     = @@character_set_client */;
/*!50503 SET character_set_client = utf8mb4 */;
CREATE TABLE `PageSectionBoxQuote` (
  `ID` int NOT NULL AUTO_INCREMENT,
  `SpeakerID` int DEFAULT NULL,
  PRIMARY KEY (`ID`),
  KEY `SpeakerID` (`SpeakerID`)
) ENGINE=InnoDB DEFAULT CHARSET=latin1;
/*!40101 SET character_set_client = @saved_cs_client */;

--
-- Dumping data for table `PageSectionBoxQuote`
--

LOCK TABLES `PageSectionBoxQuote` WRITE;
/*!40000 ALTER TABLE `PageSectionBoxQuote` DISABLE KEYS */;
/*!40000 ALTER TABLE `PageSectionBoxQuote` ENABLE KEYS */;
UNLOCK TABLES;

--
-- Table structure for table `PageSectionBoxVideo`
--

DROP TABLE IF EXISTS `PageSectionBoxVideo`;
/*!40101 SET @saved_cs_client     = @@character_set_client */;
/*!50503 SET character_set_client = utf8mb4 */;
CREATE TABLE `PageSectionBoxVideo` (
  `ID` int NOT NULL AUTO_INCREMENT,
  `YoutubeID` varchar(100) CHARACTER SET utf8mb3 COLLATE utf8mb3_general_ci DEFAULT NULL,
  `ThumbnailID` int DEFAULT NULL,
  PRIMARY KEY (`ID`),
  KEY `ThumbnailID` (`ThumbnailID`)
) ENGINE=InnoDB DEFAULT CHARSET=latin1;
/*!40101 SET character_set_client = @saved_cs_client */;

--
-- Dumping data for table `PageSectionBoxVideo`
--

LOCK TABLES `PageSectionBoxVideo` WRITE;
/*!40000 ALTER TABLE `PageSectionBoxVideo` DISABLE KEYS */;
/*!40000 ALTER TABLE `PageSectionBoxVideo` ENABLE KEYS */;
UNLOCK TABLES;

--
-- Table structure for table `PageSectionLinks_Links`
--

DROP TABLE IF EXISTS `PageSectionLinks_Links`;
/*!40101 SET @saved_cs_client     = @@character_set_client */;
/*!50503 SET character_set_client = utf8mb4 */;
CREATE TABLE `PageSectionLinks_Links` (
  `ID` int NOT NULL AUTO_INCREMENT,
  `PageSectionLinksID` int NOT NULL DEFAULT '0',
  `LinkID` int NOT NULL DEFAULT '0',
  `Order` int NOT NULL DEFAULT '0',
  PRIMARY KEY (`ID`),
  KEY `LinkID` (`LinkID`),
  KEY `PageSectionLinksID` (`PageSectionLinksID`)
) ENGINE=InnoDB DEFAULT CHARSET=latin1;
/*!40101 SET character_set_client = @saved_cs_client */;

--
-- Dumping data for table `PageSectionLinks_Links`
--

LOCK TABLES `PageSectionLinks_Links` WRITE;
/*!40000 ALTER TABLE `PageSectionLinks_Links` DISABLE KEYS */;
/*!40000 ALTER TABLE `PageSectionLinks_Links` ENABLE KEYS */;
UNLOCK TABLES;

--
-- Table structure for table `PageSectionMovement`
--

DROP TABLE IF EXISTS `PageSectionMovement`;
/*!40101 SET @saved_cs_client     = @@character_set_client */;
/*!50503 SET character_set_client = utf8mb4 */;
CREATE TABLE `PageSectionMovement` (
  `ID` int NOT NULL AUTO_INCREMENT,
  `TextTop` mediumtext CHARACTER SET utf8mb3 COLLATE utf8mb3_general_ci,
  `TextBottom` mediumtext CHARACTER SET utf8mb3 COLLATE utf8mb3_general_ci,
  `PictureID` int DEFAULT NULL,
  PRIMARY KEY (`ID`),
  KEY `PictureID` (`PictureID`)
) ENGINE=InnoDB DEFAULT CHARSET=latin1;
/*!40101 SET character_set_client = @saved_cs_client */;

--
-- Dumping data for table `PageSectionMovement`
--

LOCK TABLES `PageSectionMovement` WRITE;
/*!40000 ALTER TABLE `PageSectionMovement` DISABLE KEYS */;
/*!40000 ALTER TABLE `PageSectionMovement` ENABLE KEYS */;
UNLOCK TABLES;

--
-- Table structure for table `PageSectionPicture`
--

DROP TABLE IF EXISTS `PageSectionPicture`;
/*!40101 SET @saved_cs_client     = @@character_set_client */;
/*!50503 SET character_set_client = utf8mb4 */;
CREATE TABLE `PageSectionPicture` (
  `ID` int NOT NULL AUTO_INCREMENT,
  `PictureID` int DEFAULT NULL,
  PRIMARY KEY (`ID`),
  KEY `PictureID` (`PictureID`)
) ENGINE=InnoDB DEFAULT CHARSET=latin1;
/*!40101 SET character_set_client = @saved_cs_client */;

--
-- Dumping data for table `PageSectionPicture`
--

LOCK TABLES `PageSectionPicture` WRITE;
/*!40000 ALTER TABLE `PageSectionPicture` DISABLE KEYS */;
/*!40000 ALTER TABLE `PageSectionPicture` ENABLE KEYS */;
UNLOCK TABLES;

--
-- Table structure for table `PageSectionSpeakers_Speakers`
--

DROP TABLE IF EXISTS `PageSectionSpeakers_Speakers`;
/*!40101 SET @saved_cs_client     = @@character_set_client */;
/*!50503 SET character_set_client = utf8mb4 */;
CREATE TABLE `PageSectionSpeakers_Speakers` (
  `ID` int NOT NULL AUTO_INCREMENT,
  `PageSectionSpeakersID` int NOT NULL DEFAULT '0',
  `PresentationSpeakerID` int NOT NULL DEFAULT '0',
  `Order` int NOT NULL DEFAULT '0',
  PRIMARY KEY (`ID`),
  KEY `PageSectionSpeakersID` (`PageSectionSpeakersID`),
  KEY `PresentationSpeakerID` (`PresentationSpeakerID`)
) ENGINE=InnoDB DEFAULT CHARSET=latin1;
/*!40101 SET character_set_client = @saved_cs_client */;

--
-- Dumping data for table `PageSectionSpeakers_Speakers`
--

LOCK TABLES `PageSectionSpeakers_Speakers` WRITE;
/*!40000 ALTER TABLE `PageSectionSpeakers_Speakers` DISABLE KEYS */;
/*!40000 ALTER TABLE `PageSectionSpeakers_Speakers` ENABLE KEYS */;
UNLOCK TABLES;

--
-- Table structure for table `PageSectionSponsors_Sponsors`
--

DROP TABLE IF EXISTS `PageSectionSponsors_Sponsors`;
/*!40101 SET @saved_cs_client     = @@character_set_client */;
/*!50503 SET character_set_client = utf8mb4 */;
CREATE TABLE `PageSectionSponsors_Sponsors` (
  `ID` int NOT NULL AUTO_INCREMENT,
  `PageSectionSponsorsID` int NOT NULL DEFAULT '0',
  `CompanyID` int NOT NULL DEFAULT '0',
  `Order` int NOT NULL DEFAULT '0',
  PRIMARY KEY (`ID`),
  KEY `CompanyID` (`CompanyID`),
  KEY `PageSectionSponsorsID` (`PageSectionSponsorsID`)
) ENGINE=InnoDB DEFAULT CHARSET=latin1;
/*!40101 SET character_set_client = @saved_cs_client */;

--
-- Dumping data for table `PageSectionSponsors_Sponsors`
--

LOCK TABLES `PageSectionSponsors_Sponsors` WRITE;
/*!40000 ALTER TABLE `PageSectionSponsors_Sponsors` DISABLE KEYS */;
/*!40000 ALTER TABLE `PageSectionSponsors_Sponsors` ENABLE KEYS */;
UNLOCK TABLES;

--
-- Table structure for table `PageSectionText`
--

DROP TABLE IF EXISTS `PageSectionText`;
/*!40101 SET @saved_cs_client     = @@character_set_client */;
/*!50503 SET character_set_client = utf8mb4 */;
CREATE TABLE `PageSectionText` (
  `ID` int NOT NULL AUTO_INCREMENT,
  `Text` mediumtext CHARACTER SET utf8mb3 COLLATE utf8mb3_general_ci,
  PRIMARY KEY (`ID`)
) ENGINE=InnoDB DEFAULT CHARSET=latin1;
/*!40101 SET character_set_client = @saved_cs_client */;

--
-- Dumping data for table `PageSectionText`
--

LOCK TABLES `PageSectionText` WRITE;
/*!40000 ALTER TABLE `PageSectionText` DISABLE KEYS */;
/*!40000 ALTER TABLE `PageSectionText` ENABLE KEYS */;
UNLOCK TABLES;

--
-- Table structure for table `PageSectionVideos_Videos`
--

DROP TABLE IF EXISTS `PageSectionVideos_Videos`;
/*!40101 SET @saved_cs_client     = @@character_set_client */;
/*!50503 SET character_set_client = utf8mb4 */;
CREATE TABLE `PageSectionVideos_Videos` (
  `ID` int NOT NULL AUTO_INCREMENT,
  `PageSectionVideosID` int NOT NULL DEFAULT '0',
  `VideoLinkID` int NOT NULL DEFAULT '0',
  `Order` int NOT NULL DEFAULT '0',
  PRIMARY KEY (`ID`),
  KEY `PageSectionVideosID` (`PageSectionVideosID`),
  KEY `VideoLinkID` (`VideoLinkID`)
) ENGINE=InnoDB DEFAULT CHARSET=latin1;
/*!40101 SET character_set_client = @saved_cs_client */;

--
-- Dumping data for table `PageSectionVideos_Videos`
--

LOCK TABLES `PageSectionVideos_Videos` WRITE;
/*!40000 ALTER TABLE `PageSectionVideos_Videos` DISABLE KEYS */;
/*!40000 ALTER TABLE `PageSectionVideos_Videos` ENABLE KEYS */;
UNLOCK TABLES;

--
-- Table structure for table `Page_Live`
--

DROP TABLE IF EXISTS `Page_Live`;
/*!40101 SET @saved_cs_client     = @@character_set_client */;
/*!50503 SET character_set_client = utf8mb4 */;
CREATE TABLE `Page_Live` (
  `ID` int NOT NULL AUTO_INCREMENT,
  `IncludeJquery` tinyint unsigned NOT NULL DEFAULT '0',
  `PageJavaScript` mediumtext CHARACTER SET utf8mb3 COLLATE utf8mb3_general_ci,
  `IncludeShadowBox` tinyint unsigned NOT NULL DEFAULT '0',
  `MetaTitle` varchar(255) CHARACTER SET utf8mb3 COLLATE utf8mb3_general_ci DEFAULT NULL,
  `PublishDate` datetime DEFAULT NULL,
  `MetaImageID` int DEFAULT NULL,
  PRIMARY KEY (`ID`),
  KEY `MetaImageID` (`MetaImageID`)
) ENGINE=InnoDB DEFAULT CHARSET=latin1;
/*!40101 SET character_set_client = @saved_cs_client */;

--
-- Dumping data for table `Page_Live`
--

LOCK TABLES `Page_Live` WRITE;
/*!40000 ALTER TABLE `Page_Live` DISABLE KEYS */;
/*!40000 ALTER TABLE `Page_Live` ENABLE KEYS */;
UNLOCK TABLES;

--
-- Table structure for table `Page_versions`
--

DROP TABLE IF EXISTS `Page_versions`;
/*!40101 SET @saved_cs_client     = @@character_set_client */;
/*!50503 SET character_set_client = utf8mb4 */;
CREATE TABLE `Page_versions` (
  `ID` int NOT NULL AUTO_INCREMENT,
  `RecordID` int NOT NULL DEFAULT '0',
  `Version` int NOT NULL DEFAULT '0',
  `IncludeJquery` tinyint unsigned NOT NULL DEFAULT '0',
  `PageJavaScript` mediumtext CHARACTER SET utf8mb3 COLLATE utf8mb3_general_ci,
  `IncludeShadowBox` tinyint unsigned NOT NULL DEFAULT '0',
  `MetaTitle` varchar(255) CHARACTER SET utf8mb3 COLLATE utf8mb3_general_ci DEFAULT NULL,
  `PublishDate` datetime DEFAULT NULL,
  `MetaImageID` int DEFAULT NULL,
  PRIMARY KEY (`ID`),
  UNIQUE KEY `RecordID_Version` (`RecordID`,`Version`),
  KEY `MetaImageID` (`MetaImageID`),
  KEY `RecordID` (`RecordID`),
  KEY `Version` (`Version`)
) ENGINE=InnoDB DEFAULT CHARSET=latin1;
/*!40101 SET character_set_client = @saved_cs_client */;

--
-- Dumping data for table `Page_versions`
--

LOCK TABLES `Page_versions` WRITE;
/*!40000 ALTER TABLE `Page_versions` DISABLE KEYS */;
/*!40000 ALTER TABLE `Page_versions` ENABLE KEYS */;
UNLOCK TABLES;

--
-- Table structure for table `Paper`
--

DROP TABLE IF EXISTS `Paper`;
/*!40101 SET @saved_cs_client     = @@character_set_client */;
/*!50503 SET character_set_client = utf8mb4 */;
CREATE TABLE `Paper` (
  `ID` int NOT NULL AUTO_INCREMENT,
  `ClassName` enum('Paper') CHARACTER SET utf8mb3 COLLATE utf8mb3_general_ci DEFAULT 'Paper',
  `LastEdited` datetime DEFAULT NULL,
  `Created` datetime DEFAULT NULL,
  `Title` mediumtext CHARACTER SET utf8mb3 COLLATE utf8mb3_general_ci,
  `Subtitle` mediumtext CHARACTER SET utf8mb3 COLLATE utf8mb3_general_ci,
  `Abstract` mediumtext CHARACTER SET utf8mb3 COLLATE utf8mb3_general_ci,
  `Footer` mediumtext CHARACTER SET utf8mb3 COLLATE utf8mb3_general_ci,
  `CreatorID` int DEFAULT NULL,
  `UpdatedByID` int DEFAULT NULL,
  `BackgroundImageID` int DEFAULT NULL,
  PRIMARY KEY (`ID`),
  KEY `BackgroundImageID` (`BackgroundImageID`),
  KEY `ClassName` (`ClassName`),
  KEY `CreatorID` (`CreatorID`),
  KEY `UpdatedByID` (`UpdatedByID`)
) ENGINE=InnoDB DEFAULT CHARSET=latin1;
/*!40101 SET character_set_client = @saved_cs_client */;

--
-- Dumping data for table `Paper`
--

LOCK TABLES `Paper` WRITE;
/*!40000 ALTER TABLE `Paper` DISABLE KEYS */;
/*!40000 ALTER TABLE `Paper` ENABLE KEYS */;
UNLOCK TABLES;

--
-- Table structure for table `PaperParagraph`
--

DROP TABLE IF EXISTS `PaperParagraph`;
/*!40101 SET @saved_cs_client     = @@character_set_client */;
/*!50503 SET character_set_client = utf8mb4 */;
CREATE TABLE `PaperParagraph` (
  `ID` int NOT NULL AUTO_INCREMENT,
  `ClassName` enum('PaperParagraph','PaperParagraphList') CHARACTER SET utf8mb3 COLLATE utf8mb3_general_ci DEFAULT 'PaperParagraph',
  `LastEdited` datetime DEFAULT NULL,
  `Created` datetime DEFAULT NULL,
  `Type` enum('P','LIST','IMG','H5','H4') CHARACTER SET utf8mb3 COLLATE utf8mb3_general_ci DEFAULT 'P',
  `Content` mediumtext CHARACTER SET utf8mb3 COLLATE utf8mb3_general_ci,
  `Order` int NOT NULL DEFAULT '0',
  `SectionID` int DEFAULT NULL,
  PRIMARY KEY (`ID`),
  KEY `ClassName` (`ClassName`),
  KEY `SectionID` (`SectionID`)
) ENGINE=InnoDB DEFAULT CHARSET=latin1;
/*!40101 SET character_set_client = @saved_cs_client */;

--
-- Dumping data for table `PaperParagraph`
--

LOCK TABLES `PaperParagraph` WRITE;
/*!40000 ALTER TABLE `PaperParagraph` DISABLE KEYS */;
/*!40000 ALTER TABLE `PaperParagraph` ENABLE KEYS */;
UNLOCK TABLES;

--
-- Table structure for table `PaperParagraphList`
--

DROP TABLE IF EXISTS `PaperParagraphList`;
/*!40101 SET @saved_cs_client     = @@character_set_client */;
/*!50503 SET character_set_client = utf8mb4 */;
CREATE TABLE `PaperParagraphList` (
  `ID` int NOT NULL AUTO_INCREMENT,
  `SubType` enum('UL','OL') CHARACTER SET utf8mb3 COLLATE utf8mb3_general_ci DEFAULT 'UL',
  PRIMARY KEY (`ID`)
) ENGINE=InnoDB DEFAULT CHARSET=latin1;
/*!40101 SET character_set_client = @saved_cs_client */;

--
-- Dumping data for table `PaperParagraphList`
--

LOCK TABLES `PaperParagraphList` WRITE;
/*!40000 ALTER TABLE `PaperParagraphList` DISABLE KEYS */;
/*!40000 ALTER TABLE `PaperParagraphList` ENABLE KEYS */;
UNLOCK TABLES;

--
-- Table structure for table `PaperParagraphListItem`
--

DROP TABLE IF EXISTS `PaperParagraphListItem`;
/*!40101 SET @saved_cs_client     = @@character_set_client */;
/*!50503 SET character_set_client = utf8mb4 */;
CREATE TABLE `PaperParagraphListItem` (
  `ID` int NOT NULL AUTO_INCREMENT,
  `ClassName` enum('PaperParagraphListItem') CHARACTER SET utf8mb3 COLLATE utf8mb3_general_ci DEFAULT 'PaperParagraphListItem',
  `LastEdited` datetime DEFAULT NULL,
  `Created` datetime DEFAULT NULL,
  `SubItemsContainerType` enum('UL','OL','NONE') CHARACTER SET utf8mb3 COLLATE utf8mb3_general_ci DEFAULT 'NONE',
  `Content` mediumtext CHARACTER SET utf8mb3 COLLATE utf8mb3_general_ci,
  `Order` int NOT NULL DEFAULT '0',
  `OwnerID` int DEFAULT NULL,
  `ParentID` int DEFAULT NULL,
  PRIMARY KEY (`ID`),
  KEY `ClassName` (`ClassName`),
  KEY `OwnerID` (`OwnerID`),
  KEY `ParentID` (`ParentID`)
) ENGINE=InnoDB DEFAULT CHARSET=latin1;
/*!40101 SET character_set_client = @saved_cs_client */;

--
-- Dumping data for table `PaperParagraphListItem`
--

LOCK TABLES `PaperParagraphListItem` WRITE;
/*!40000 ALTER TABLE `PaperParagraphListItem` DISABLE KEYS */;
/*!40000 ALTER TABLE `PaperParagraphListItem` ENABLE KEYS */;
UNLOCK TABLES;

--
-- Table structure for table `PaperSection`
--

DROP TABLE IF EXISTS `PaperSection`;
/*!40101 SET @saved_cs_client     = @@character_set_client */;
/*!50503 SET character_set_client = utf8mb4 */;
CREATE TABLE `PaperSection` (
  `ID` int NOT NULL AUTO_INCREMENT,
  `ClassName` enum('PaperSection','CaseOfStudy','CaseOfStudySection','IndexSection') CHARACTER SET utf8mb3 COLLATE utf8mb3_general_ci DEFAULT 'PaperSection',
  `LastEdited` datetime DEFAULT NULL,
  `Created` datetime DEFAULT NULL,
  `Title` mediumtext CHARACTER SET utf8mb3 COLLATE utf8mb3_general_ci,
  `Subtitle` mediumtext CHARACTER SET utf8mb3 COLLATE utf8mb3_general_ci,
  `Order` int NOT NULL DEFAULT '0',
  `PaperID` int DEFAULT NULL,
  `ParentSectionID` int DEFAULT NULL,
  PRIMARY KEY (`ID`),
  KEY `ClassName` (`ClassName`),
  KEY `PaperID` (`PaperID`),
  KEY `ParentSectionID` (`ParentSectionID`)
) ENGINE=InnoDB DEFAULT CHARSET=latin1;
/*!40101 SET character_set_client = @saved_cs_client */;

--
-- Dumping data for table `PaperSection`
--

LOCK TABLES `PaperSection` WRITE;
/*!40000 ALTER TABLE `PaperSection` DISABLE KEYS */;
/*!40000 ALTER TABLE `PaperSection` ENABLE KEYS */;
UNLOCK TABLES;

--
-- Table structure for table `PaperTranslator`
--

DROP TABLE IF EXISTS `PaperTranslator`;
/*!40101 SET @saved_cs_client     = @@character_set_client */;
/*!50503 SET character_set_client = utf8mb4 */;
CREATE TABLE `PaperTranslator` (
  `ID` int NOT NULL AUTO_INCREMENT,
  `ClassName` enum('PaperTranslator') CHARACTER SET utf8mb3 COLLATE utf8mb3_general_ci DEFAULT 'PaperTranslator',
  `LastEdited` datetime DEFAULT NULL,
  `Created` datetime DEFAULT NULL,
  `DisplayName` mediumtext CHARACTER SET utf8mb3 COLLATE utf8mb3_general_ci,
  `LanguageCode` mediumtext CHARACTER SET utf8mb3 COLLATE utf8mb3_general_ci,
  `PaperID` int DEFAULT NULL,
  PRIMARY KEY (`ID`),
  KEY `ClassName` (`ClassName`),
  KEY `PaperID` (`PaperID`)
) ENGINE=InnoDB DEFAULT CHARSET=latin1;
/*!40101 SET character_set_client = @saved_cs_client */;

--
-- Dumping data for table `PaperTranslator`
--

LOCK TABLES `PaperTranslator` WRITE;
/*!40000 ALTER TABLE `PaperTranslator` DISABLE KEYS */;
/*!40000 ALTER TABLE `PaperTranslator` ENABLE KEYS */;
UNLOCK TABLES;

--
-- Table structure for table `PaperViewerPage`
--

DROP TABLE IF EXISTS `PaperViewerPage`;
/*!40101 SET @saved_cs_client     = @@character_set_client */;
/*!50503 SET character_set_client = utf8mb4 */;
CREATE TABLE `PaperViewerPage` (
  `ID` int NOT NULL AUTO_INCREMENT,
  `PaperID` int DEFAULT NULL,
  PRIMARY KEY (`ID`),
  KEY `PaperID` (`PaperID`)
) ENGINE=InnoDB DEFAULT CHARSET=latin1;
/*!40101 SET character_set_client = @saved_cs_client */;

--
-- Dumping data for table `PaperViewerPage`
--

LOCK TABLES `PaperViewerPage` WRITE;
/*!40000 ALTER TABLE `PaperViewerPage` DISABLE KEYS */;
/*!40000 ALTER TABLE `PaperViewerPage` ENABLE KEYS */;
UNLOCK TABLES;

--
-- Table structure for table `PaperViewerPage_Live`
--

DROP TABLE IF EXISTS `PaperViewerPage_Live`;
/*!40101 SET @saved_cs_client     = @@character_set_client */;
/*!50503 SET character_set_client = utf8mb4 */;
CREATE TABLE `PaperViewerPage_Live` (
  `ID` int NOT NULL AUTO_INCREMENT,
  `PaperID` int DEFAULT NULL,
  PRIMARY KEY (`ID`),
  KEY `PaperID` (`PaperID`)
) ENGINE=InnoDB DEFAULT CHARSET=latin1;
/*!40101 SET character_set_client = @saved_cs_client */;

--
-- Dumping data for table `PaperViewerPage_Live`
--

LOCK TABLES `PaperViewerPage_Live` WRITE;
/*!40000 ALTER TABLE `PaperViewerPage_Live` DISABLE KEYS */;
/*!40000 ALTER TABLE `PaperViewerPage_Live` ENABLE KEYS */;
UNLOCK TABLES;

--
-- Table structure for table `PaperViewerPage_versions`
--

DROP TABLE IF EXISTS `PaperViewerPage_versions`;
/*!40101 SET @saved_cs_client     = @@character_set_client */;
/*!50503 SET character_set_client = utf8mb4 */;
CREATE TABLE `PaperViewerPage_versions` (
  `ID` int NOT NULL AUTO_INCREMENT,
  `RecordID` int NOT NULL DEFAULT '0',
  `Version` int NOT NULL DEFAULT '0',
  `PaperID` int DEFAULT NULL,
  PRIMARY KEY (`ID`),
  UNIQUE KEY `RecordID_Version` (`RecordID`,`Version`),
  KEY `PaperID` (`PaperID`),
  KEY `RecordID` (`RecordID`),
  KEY `Version` (`Version`)
) ENGINE=InnoDB DEFAULT CHARSET=latin1;
/*!40101 SET character_set_client = @saved_cs_client */;

--
-- Dumping data for table `PaperViewerPage_versions`
--

LOCK TABLES `PaperViewerPage_versions` WRITE;
/*!40000 ALTER TABLE `PaperViewerPage_versions` DISABLE KEYS */;
/*!40000 ALTER TABLE `PaperViewerPage_versions` ENABLE KEYS */;
UNLOCK TABLES;

--
-- Table structure for table `PaymentGatewayProfile`
--

DROP TABLE IF EXISTS `PaymentGatewayProfile`;
/*!40101 SET @saved_cs_client     = @@character_set_client */;
/*!50503 SET character_set_client = utf8mb4 */;
CREATE TABLE `PaymentGatewayProfile` (
  `ID` int NOT NULL AUTO_INCREMENT,
  `Created` datetime NOT NULL,
  `LastEdited` datetime NOT NULL,
  `ClassName` enum('PaymentGatewayProfile','StripePaymentProfile','LawPayPaymentProfile') COLLATE utf8mb3_unicode_ci DEFAULT 'PaymentGatewayProfile',
  `ApplicationType` enum('Registration','Meetings') COLLATE utf8mb3_unicode_ci DEFAULT 'Registration',
  `Provider` enum('Stripe','LawPay') COLLATE utf8mb3_unicode_ci DEFAULT 'Stripe',
  `IsActive` tinyint(1) NOT NULL,
  `SummitID` int DEFAULT NULL,
  `IsTestModeEnabled` tinyint(1) NOT NULL DEFAULT '0',
  `LiveSecretKey` longtext COLLATE utf8mb3_unicode_ci,
  `LivePublishableKey` longtext COLLATE utf8mb3_unicode_ci,
  `TestSecretKey` longtext COLLATE utf8mb3_unicode_ci,
  `TestPublishableKey` longtext COLLATE utf8mb3_unicode_ci,
  PRIMARY KEY (`ID`),
  KEY `SummitID` (`SummitID`),
  CONSTRAINT `FK_DAED06B790CF7278` FOREIGN KEY (`SummitID`) REFERENCES `Summit` (`ID`) ON DELETE CASCADE
) ENGINE=InnoDB AUTO_INCREMENT=8 DEFAULT CHARSET=utf8mb3 COLLATE=utf8mb3_unicode_ci;
/*!40101 SET character_set_client = @saved_cs_client */;

--
-- Dumping data for table `PaymentGatewayProfile`
--

LOCK TABLES `PaymentGatewayProfile` WRITE;
/*!40000 ALTER TABLE `PaymentGatewayProfile` DISABLE KEYS */;
INSERT INTO `PaymentGatewayProfile` VALUES (7,'2024-06-21 11:34:11','2024-06-21 11:34:11','StripePaymentProfile','Registration','Stripe',0,27,1,NULL,NULL,'sk_test_5rV89SlVQ3jJNukTSatNdCqi00pmKul0dQ','pk_test_dEqwlwACjl7fD9iu3AsT3zmx00eXl9fL1w');
/*!40000 ALTER TABLE `PaymentGatewayProfile` ENABLE KEYS */;
UNLOCK TABLES;

--
-- Table structure for table `PdfPage`
--

DROP TABLE IF EXISTS `PdfPage`;
/*!40101 SET @saved_cs_client     = @@character_set_client */;
/*!50503 SET character_set_client = utf8mb4 */;
CREATE TABLE `PdfPage` (
  `ID` int NOT NULL AUTO_INCREMENT,
  `Sidebar` mediumtext CHARACTER SET utf8mb3 COLLATE utf8mb3_general_ci,
  `SubTitle` mediumtext CHARACTER SET utf8mb3 COLLATE utf8mb3_general_ci,
  PRIMARY KEY (`ID`)
) ENGINE=InnoDB DEFAULT CHARSET=latin1;
/*!40101 SET character_set_client = @saved_cs_client */;

--
-- Dumping data for table `PdfPage`
--

LOCK TABLES `PdfPage` WRITE;
/*!40000 ALTER TABLE `PdfPage` DISABLE KEYS */;
/*!40000 ALTER TABLE `PdfPage` ENABLE KEYS */;
UNLOCK TABLES;

--
-- Table structure for table `PdfPage_Live`
--

DROP TABLE IF EXISTS `PdfPage_Live`;
/*!40101 SET @saved_cs_client     = @@character_set_client */;
/*!50503 SET character_set_client = utf8mb4 */;
CREATE TABLE `PdfPage_Live` (
  `ID` int NOT NULL AUTO_INCREMENT,
  `Sidebar` mediumtext CHARACTER SET utf8mb3 COLLATE utf8mb3_general_ci,
  `SubTitle` mediumtext CHARACTER SET utf8mb3 COLLATE utf8mb3_general_ci,
  PRIMARY KEY (`ID`)
) ENGINE=InnoDB DEFAULT CHARSET=latin1;
/*!40101 SET character_set_client = @saved_cs_client */;

--
-- Dumping data for table `PdfPage_Live`
--

LOCK TABLES `PdfPage_Live` WRITE;
/*!40000 ALTER TABLE `PdfPage_Live` DISABLE KEYS */;
/*!40000 ALTER TABLE `PdfPage_Live` ENABLE KEYS */;
UNLOCK TABLES;

--
-- Table structure for table `PdfPage_versions`
--

DROP TABLE IF EXISTS `PdfPage_versions`;
/*!40101 SET @saved_cs_client     = @@character_set_client */;
/*!50503 SET character_set_client = utf8mb4 */;
CREATE TABLE `PdfPage_versions` (
  `ID` int NOT NULL AUTO_INCREMENT,
  `RecordID` int NOT NULL DEFAULT '0',
  `Version` int NOT NULL DEFAULT '0',
  `Sidebar` mediumtext CHARACTER SET utf8mb3 COLLATE utf8mb3_general_ci,
  `SubTitle` mediumtext CHARACTER SET utf8mb3 COLLATE utf8mb3_general_ci,
  PRIMARY KEY (`ID`),
  UNIQUE KEY `RecordID_Version` (`RecordID`,`Version`),
  KEY `RecordID` (`RecordID`),
  KEY `Version` (`Version`)
) ENGINE=InnoDB DEFAULT CHARSET=latin1;
/*!40101 SET character_set_client = @saved_cs_client */;

--
-- Dumping data for table `PdfPage_versions`
--

LOCK TABLES `PdfPage_versions` WRITE;
/*!40000 ALTER TABLE `PdfPage_versions` DISABLE KEYS */;
/*!40000 ALTER TABLE `PdfPage_versions` ENABLE KEYS */;
UNLOCK TABLES;

--
-- Table structure for table `PermamailTemplate`
--

DROP TABLE IF EXISTS `PermamailTemplate`;
/*!40101 SET @saved_cs_client     = @@character_set_client */;
/*!50503 SET character_set_client = utf8mb4 */;
CREATE TABLE `PermamailTemplate` (
  `ID` int NOT NULL AUTO_INCREMENT,
  `ClassName` enum('PermamailTemplate') CHARACTER SET utf8mb3 COLLATE utf8mb3_general_ci DEFAULT 'PermamailTemplate',
  `LastEdited` datetime DEFAULT NULL,
  `Created` datetime DEFAULT NULL,
  `Identifier` varchar(50) CHARACTER SET utf8mb3 COLLATE utf8mb3_general_ci DEFAULT NULL,
  `Subject` varchar(255) CHARACTER SET utf8mb3 COLLATE utf8mb3_general_ci DEFAULT NULL,
  `From` varchar(50) CHARACTER SET utf8mb3 COLLATE utf8mb3_general_ci DEFAULT NULL,
  `Content` mediumtext CHARACTER SET utf8mb3 COLLATE utf8mb3_general_ci,
  `TestEmailAddress` varchar(50) CHARACTER SET utf8mb3 COLLATE utf8mb3_general_ci DEFAULT NULL,
  PRIMARY KEY (`ID`),
  KEY `ClassName` (`ClassName`),
  KEY `Identifier` (`Identifier`)
) ENGINE=InnoDB DEFAULT CHARSET=latin1;
/*!40101 SET character_set_client = @saved_cs_client */;

--
-- Dumping data for table `PermamailTemplate`
--

LOCK TABLES `PermamailTemplate` WRITE;
/*!40000 ALTER TABLE `PermamailTemplate` DISABLE KEYS */;
/*!40000 ALTER TABLE `PermamailTemplate` ENABLE KEYS */;
UNLOCK TABLES;

--
-- Table structure for table `PermamailTemplateVariable`
--

DROP TABLE IF EXISTS `PermamailTemplateVariable`;
/*!40101 SET @saved_cs_client     = @@character_set_client */;
/*!50503 SET character_set_client = utf8mb4 */;
CREATE TABLE `PermamailTemplateVariable` (
  `ID` int NOT NULL AUTO_INCREMENT,
  `ClassName` enum('PermamailTemplateVariable') CHARACTER SET utf8mb3 COLLATE utf8mb3_general_ci DEFAULT 'PermamailTemplateVariable',
  `LastEdited` datetime DEFAULT NULL,
  `Created` datetime DEFAULT NULL,
  `Variable` varchar(50) CHARACTER SET utf8mb3 COLLATE utf8mb3_general_ci DEFAULT NULL,
  `ValueType` enum('static','random','query') CHARACTER SET utf8mb3 COLLATE utf8mb3_general_ci DEFAULT 'static',
  `RecordClass` varchar(50) CHARACTER SET utf8mb3 COLLATE utf8mb3_general_ci DEFAULT NULL,
  `Value` varchar(50) CHARACTER SET utf8mb3 COLLATE utf8mb3_general_ci DEFAULT NULL,
  `Query` varchar(50) CHARACTER SET utf8mb3 COLLATE utf8mb3_general_ci DEFAULT NULL,
  `List` tinyint unsigned NOT NULL DEFAULT '0',
  `PermamailTemplateID` int DEFAULT NULL,
  PRIMARY KEY (`ID`),
  KEY `ClassName` (`ClassName`),
  KEY `PermamailTemplateID` (`PermamailTemplateID`)
) ENGINE=InnoDB DEFAULT CHARSET=latin1;
/*!40101 SET character_set_client = @saved_cs_client */;

--
-- Dumping data for table `PermamailTemplateVariable`
--

LOCK TABLES `PermamailTemplateVariable` WRITE;
/*!40000 ALTER TABLE `PermamailTemplateVariable` DISABLE KEYS */;
/*!40000 ALTER TABLE `PermamailTemplateVariable` ENABLE KEYS */;
UNLOCK TABLES;

--
-- Table structure for table `Permission`
--

DROP TABLE IF EXISTS `Permission`;
/*!40101 SET @saved_cs_client     = @@character_set_client */;
/*!50503 SET character_set_client = utf8mb4 */;
CREATE TABLE `Permission` (
  `ID` int NOT NULL AUTO_INCREMENT,
  `ClassName` enum('Permission') CHARACTER SET utf8mb3 COLLATE utf8mb3_general_ci DEFAULT 'Permission',
  `LastEdited` datetime DEFAULT NULL,
  `Created` datetime DEFAULT NULL,
  `Code` varchar(255) CHARACTER SET utf8mb3 COLLATE utf8mb3_general_ci DEFAULT NULL,
  `Arg` int NOT NULL DEFAULT '0',
  `Type` int NOT NULL DEFAULT '1',
  `GroupID` int DEFAULT NULL,
  PRIMARY KEY (`ID`),
  KEY `ClassName` (`ClassName`),
  KEY `Code` (`Code`),
  KEY `GroupID` (`GroupID`)
) ENGINE=InnoDB DEFAULT CHARSET=latin1;
/*!40101 SET character_set_client = @saved_cs_client */;

--
-- Dumping data for table `Permission`
--

LOCK TABLES `Permission` WRITE;
/*!40000 ALTER TABLE `Permission` DISABLE KEYS */;
/*!40000 ALTER TABLE `Permission` ENABLE KEYS */;
UNLOCK TABLES;

--
-- Table structure for table `PermissionRole`
--

DROP TABLE IF EXISTS `PermissionRole`;
/*!40101 SET @saved_cs_client     = @@character_set_client */;
/*!50503 SET character_set_client = utf8mb4 */;
CREATE TABLE `PermissionRole` (
  `ID` int NOT NULL AUTO_INCREMENT,
  `ClassName` enum('PermissionRole') CHARACTER SET utf8mb3 COLLATE utf8mb3_general_ci DEFAULT 'PermissionRole',
  `LastEdited` datetime DEFAULT NULL,
  `Created` datetime DEFAULT NULL,
  `Title` varchar(50) CHARACTER SET utf8mb3 COLLATE utf8mb3_general_ci DEFAULT NULL,
  `OnlyAdminCanApply` tinyint unsigned NOT NULL DEFAULT '0',
  PRIMARY KEY (`ID`),
  KEY `ClassName` (`ClassName`),
  KEY `Title` (`Title`)
) ENGINE=InnoDB DEFAULT CHARSET=latin1;
/*!40101 SET character_set_client = @saved_cs_client */;

--
-- Dumping data for table `PermissionRole`
--

LOCK TABLES `PermissionRole` WRITE;
/*!40000 ALTER TABLE `PermissionRole` DISABLE KEYS */;
/*!40000 ALTER TABLE `PermissionRole` ENABLE KEYS */;
UNLOCK TABLES;

--
-- Table structure for table `PermissionRoleCode`
--

DROP TABLE IF EXISTS `PermissionRoleCode`;
/*!40101 SET @saved_cs_client     = @@character_set_client */;
/*!50503 SET character_set_client = utf8mb4 */;
CREATE TABLE `PermissionRoleCode` (
  `ID` int NOT NULL AUTO_INCREMENT,
  `ClassName` enum('PermissionRoleCode') CHARACTER SET utf8mb3 COLLATE utf8mb3_general_ci DEFAULT 'PermissionRoleCode',
  `LastEdited` datetime DEFAULT NULL,
  `Created` datetime DEFAULT NULL,
  `Code` varchar(50) CHARACTER SET utf8mb3 COLLATE utf8mb3_general_ci DEFAULT NULL,
  `RoleID` int DEFAULT NULL,
  PRIMARY KEY (`ID`),
  KEY `ClassName` (`ClassName`),
  KEY `RoleID` (`RoleID`)
) ENGINE=InnoDB DEFAULT CHARSET=latin1;
/*!40101 SET character_set_client = @saved_cs_client */;

--
-- Dumping data for table `PermissionRoleCode`
--

LOCK TABLES `PermissionRoleCode` WRITE;
/*!40000 ALTER TABLE `PermissionRoleCode` DISABLE KEYS */;
/*!40000 ALTER TABLE `PermissionRoleCode` ENABLE KEYS */;
UNLOCK TABLES;

--
-- Table structure for table `PersonalCalendarShareInfo`
--

DROP TABLE IF EXISTS `PersonalCalendarShareInfo`;
/*!40101 SET @saved_cs_client     = @@character_set_client */;
/*!50503 SET character_set_client = utf8mb4 */;
CREATE TABLE `PersonalCalendarShareInfo` (
  `ID` int NOT NULL AUTO_INCREMENT,
  `ClassName` enum('PersonalCalendarShareInfo') CHARACTER SET utf8mb3 COLLATE utf8mb3_general_ci DEFAULT 'PersonalCalendarShareInfo',
  `LastEdited` datetime DEFAULT NULL,
  `Created` datetime DEFAULT NULL,
  `Hash` varchar(512) CHARACTER SET utf8mb3 COLLATE utf8mb3_general_ci DEFAULT NULL,
  `Revoked` tinyint unsigned NOT NULL DEFAULT '0',
  `SummitID` int DEFAULT NULL,
  `OwnerID` int DEFAULT NULL,
  PRIMARY KEY (`ID`),
  KEY `ClassName` (`ClassName`),
  KEY `OwnerID` (`OwnerID`),
  KEY `SummitID` (`SummitID`)
) ENGINE=InnoDB DEFAULT CHARSET=latin1;
/*!40101 SET character_set_client = @saved_cs_client */;

--
-- Dumping data for table `PersonalCalendarShareInfo`
--

LOCK TABLES `PersonalCalendarShareInfo` WRITE;
/*!40000 ALTER TABLE `PersonalCalendarShareInfo` DISABLE KEYS */;
/*!40000 ALTER TABLE `PersonalCalendarShareInfo` ENABLE KEYS */;
UNLOCK TABLES;

--
-- Table structure for table `PrePaidSummitRegistrationDiscountCode`
--

DROP TABLE IF EXISTS `PrePaidSummitRegistrationDiscountCode`;
/*!40101 SET @saved_cs_client     = @@character_set_client */;
/*!50503 SET character_set_client = utf8mb4 */;
CREATE TABLE `PrePaidSummitRegistrationDiscountCode` (
  `ID` int NOT NULL AUTO_INCREMENT,
  PRIMARY KEY (`ID`),
  CONSTRAINT `FK_PrePaidRegDiscountCode_SummitRegPromoCode` FOREIGN KEY (`ID`) REFERENCES `SummitRegistrationPromoCode` (`ID`) ON DELETE CASCADE
) ENGINE=InnoDB AUTO_INCREMENT=302 DEFAULT CHARSET=utf8mb3 COLLATE=utf8mb3_unicode_ci;
/*!40101 SET character_set_client = @saved_cs_client */;

--
-- Dumping data for table `PrePaidSummitRegistrationDiscountCode`
--

LOCK TABLES `PrePaidSummitRegistrationDiscountCode` WRITE;
/*!40000 ALTER TABLE `PrePaidSummitRegistrationDiscountCode` DISABLE KEYS */;
INSERT INTO `PrePaidSummitRegistrationDiscountCode` VALUES (301);
/*!40000 ALTER TABLE `PrePaidSummitRegistrationDiscountCode` ENABLE KEYS */;
UNLOCK TABLES;

--
-- Table structure for table `PrePaidSummitRegistrationPromoCode`
--

DROP TABLE IF EXISTS `PrePaidSummitRegistrationPromoCode`;
/*!40101 SET @saved_cs_client     = @@character_set_client */;
/*!50503 SET character_set_client = utf8mb4 */;
CREATE TABLE `PrePaidSummitRegistrationPromoCode` (
  `ID` int NOT NULL AUTO_INCREMENT,
  PRIMARY KEY (`ID`),
  CONSTRAINT `FK_PrePaidRegPromoCode_SummitRegPromoCode` FOREIGN KEY (`ID`) REFERENCES `SummitRegistrationPromoCode` (`ID`) ON DELETE CASCADE
) ENGINE=InnoDB AUTO_INCREMENT=301 DEFAULT CHARSET=utf8mb3 COLLATE=utf8mb3_unicode_ci;
/*!40101 SET character_set_client = @saved_cs_client */;

--
-- Dumping data for table `PrePaidSummitRegistrationPromoCode`
--

LOCK TABLES `PrePaidSummitRegistrationPromoCode` WRITE;
/*!40000 ALTER TABLE `PrePaidSummitRegistrationPromoCode` DISABLE KEYS */;
INSERT INTO `PrePaidSummitRegistrationPromoCode` VALUES (300);
/*!40000 ALTER TABLE `PrePaidSummitRegistrationPromoCode` ENABLE KEYS */;
UNLOCK TABLES;

--
-- Table structure for table `Presentation`
--

DROP TABLE IF EXISTS `Presentation`;
/*!40101 SET @saved_cs_client     = @@character_set_client */;
/*!50503 SET character_set_client = utf8mb4 */;
CREATE TABLE `Presentation` (
  `ID` int NOT NULL AUTO_INCREMENT,
  `Status` varchar(50) CHARACTER SET utf8mb3 COLLATE utf8mb3_general_ci DEFAULT NULL,
  `OtherTopic` varchar(50) CHARACTER SET utf8mb3 COLLATE utf8mb3_general_ci DEFAULT NULL,
  `Progress` int NOT NULL DEFAULT '0',
  `Views` int NOT NULL DEFAULT '0',
  `BeenEmailed` tinyint unsigned NOT NULL DEFAULT '0',
  `ProblemAddressed` mediumtext CHARACTER SET utf8mb3 COLLATE utf8mb3_general_ci,
  `AttendeesExpectedLearnt` mediumtext CHARACTER SET utf8mb3 COLLATE utf8mb3_general_ci,
  `Legacy` tinyint unsigned NOT NULL DEFAULT '0',
  `ToRecord` tinyint unsigned NOT NULL DEFAULT '0',
  `AttendingMedia` tinyint unsigned NOT NULL DEFAULT '0',
  `Slug` varchar(255) CHARACTER SET utf8mb3 COLLATE utf8mb3_general_ci DEFAULT NULL,
  `ModeratorID` int DEFAULT NULL,
  `SelectionPlanID` int DEFAULT NULL,
  `WillAllSpeakersAttend` tinyint(1) NOT NULL DEFAULT '0',
  `DisclaimerAcceptedDate` datetime DEFAULT NULL,
  `CustomOrder` int NOT NULL DEFAULT '0',
  PRIMARY KEY (`ID`),
  KEY `ModeratorID` (`ModeratorID`),
  KEY `SelectionPlanID` (`SelectionPlanID`),
  KEY `Slug` (`Slug`),
  CONSTRAINT `FK_Presentation_Moderator` FOREIGN KEY (`ModeratorID`) REFERENCES `PresentationSpeaker` (`ID`) ON DELETE SET NULL,
  CONSTRAINT `FK_Presentation_SummitEvent` FOREIGN KEY (`ID`) REFERENCES `SummitEvent` (`ID`) ON DELETE CASCADE,
  CONSTRAINT `FK_PresentationSelectionPlan` FOREIGN KEY (`SelectionPlanID`) REFERENCES `SelectionPlan` (`ID`) ON DELETE SET NULL
) ENGINE=InnoDB AUTO_INCREMENT=1101 DEFAULT CHARSET=latin1;
/*!40101 SET character_set_client = @saved_cs_client */;

--
-- Dumping data for table `Presentation`
--

LOCK TABLES `Presentation` WRITE;
/*!40000 ALTER TABLE `Presentation` DISABLE KEYS */;
INSERT INTO `Presentation` VALUES (161,'Received',NULL,5,0,0,NULL,NULL,0,0,0,'Presentation-Title-0-VOfBKVzylRDV6ICL',NULL,5,0,NULL,0),(162,'Received',NULL,5,0,0,NULL,NULL,0,0,0,'Presentation-Title-1-GZGh53nxOXPVG7Tj',NULL,5,0,NULL,0),(163,'Received',NULL,5,0,0,NULL,NULL,0,0,0,'Presentation-Title-2-rAZO7ehSUBFQQXYH',NULL,5,0,NULL,0),(164,'Received',NULL,5,0,0,NULL,NULL,0,0,0,'Presentation-Title-3-Iq9AYF4jFsXN8GlM',NULL,5,0,NULL,0),(165,'Received',NULL,5,0,0,NULL,NULL,0,0,0,'Presentation-Title-4-TvXsgX6UbP9y8i3C',NULL,5,0,NULL,0),(166,'Received',NULL,5,0,0,NULL,NULL,0,0,0,'Presentation-Title-5-OXUprEb7SkDI7Atb',NULL,5,0,NULL,0),(167,'Received',NULL,5,0,0,NULL,NULL,0,0,0,'Presentation-Title-6-GDBnp8F3q8QSopFK',NULL,5,0,NULL,0),(168,'Received',NULL,5,0,0,NULL,NULL,0,0,0,'Presentation-Title-7-AgsZHA7TKu7fkuj4',NULL,5,0,NULL,0),(169,'Received',NULL,5,0,0,NULL,NULL,0,0,0,'Presentation-Title-8-bDu1XOELdgevocrq',NULL,5,0,NULL,0),(170,'Received',NULL,5,0,0,NULL,NULL,0,0,0,'Presentation-Title-9-kRMsePmoXF7OJKNE',NULL,5,0,NULL,0),(171,'Received',NULL,5,0,0,NULL,NULL,0,0,0,'Presentation-Title-10-gTWLgA72jICTZVSf',NULL,5,0,NULL,0),(172,'Received',NULL,5,0,0,NULL,NULL,0,0,0,'Presentation-Title-11-3qHuK1E0H5dKClwc',NULL,5,0,NULL,0),(173,'Received',NULL,5,0,0,NULL,NULL,0,0,0,'Presentation-Title-12-gkwvJf6dgcMqlruz',NULL,5,0,NULL,0),(174,'Received',NULL,5,0,0,NULL,NULL,0,0,0,'Presentation-Title-13-2NrpCSzsg8XQyhjn',NULL,5,0,NULL,0),(175,'Received',NULL,5,0,0,NULL,NULL,0,0,0,'Presentation-Title-14-u86SUBhgex3IIoAJ',NULL,5,0,NULL,0),(176,'Received',NULL,5,0,0,NULL,NULL,0,0,0,'Presentation-Title-15-Mgv9TZ2Bc934Vcz8',NULL,5,0,NULL,0),(177,'Received',NULL,5,0,0,NULL,NULL,0,0,0,'Presentation-Title-16-cLW6HDpusWeOyL9U',NULL,5,0,NULL,0),(178,'Received',NULL,5,0,0,NULL,NULL,0,0,0,'Presentation-Title-17-loLlJ8IzERCEe8At',NULL,5,0,NULL,0),(179,'Received',NULL,5,0,0,NULL,NULL,0,0,0,'Presentation-Title-18-Tg44qtd4hkTcKQFG',NULL,5,0,NULL,0),(180,'Received',NULL,5,0,0,NULL,NULL,0,0,0,'Presentation-Title-19-6NLCjYW8ndJfdAwT',NULL,5,0,NULL,0),(181,'Received',NULL,5,0,0,NULL,NULL,0,0,0,'Presentation-Title-20-H1sGDUWAC2lb04t0',NULL,6,0,NULL,0),(182,'Received',NULL,5,0,0,NULL,NULL,0,0,0,'Presentation-Title-21-SNY5irp34SQBuWLH',NULL,6,0,NULL,0),(183,'Received',NULL,5,0,0,NULL,NULL,0,0,0,'Presentation-Title-22-012CC7O1PQUmhGX2',NULL,6,0,NULL,0),(184,'Received',NULL,5,0,0,NULL,NULL,0,0,0,'Presentation-Title-23-yfIZanfbxtXAMw2a',NULL,6,0,NULL,0),(185,'Received',NULL,5,0,0,NULL,NULL,0,0,0,'Presentation-Title-24-Yuw64MjwioSQ0SIr',NULL,6,0,NULL,0),(186,'Received',NULL,5,0,0,NULL,NULL,0,0,0,'Presentation-Title-25-1Mrlj7Q6LAtWYuYL',NULL,6,0,NULL,0),(187,'Received',NULL,5,0,0,NULL,NULL,0,0,0,'Presentation-Title-26-VMa3M8j7DFElebJw',NULL,6,0,NULL,0),(188,'Received',NULL,5,0,0,NULL,NULL,0,0,0,'Presentation-Title-27-ZnZdZIsyOCSNyszN',NULL,6,0,NULL,0),(189,'Received',NULL,5,0,0,NULL,NULL,0,0,0,'Presentation-Title-28-khO8BOgR77oW3egG',NULL,6,0,NULL,0),(190,'Received',NULL,5,0,0,NULL,NULL,0,0,0,'Presentation-Title-29-vc3Lev4kRX5VQiEN',NULL,6,0,NULL,0),(191,'Received',NULL,5,0,0,NULL,NULL,0,0,0,'Presentation-Title-30-oafh9V4gprGWRQTH',NULL,6,0,NULL,0),(192,'Received',NULL,5,0,0,NULL,NULL,0,0,0,'Presentation-Title-31-yp44zrTu0rBFaCFI',NULL,6,0,NULL,0),(193,'Received',NULL,5,0,0,NULL,NULL,0,0,0,'Presentation-Title-32-a1wUvq6OHdvK9zFt',NULL,6,0,NULL,0),(194,'Received',NULL,5,0,0,NULL,NULL,0,0,0,'Presentation-Title-33-tcoTfLc9KNS8zNsx',NULL,6,0,NULL,0),(195,'Received',NULL,5,0,0,NULL,NULL,0,0,0,'Presentation-Title-34-wBFCgrFa6euli2wm',NULL,6,0,NULL,0),(196,'Received',NULL,5,0,0,NULL,NULL,0,0,0,'Presentation-Title-35-2oSkF8CmXoakVKeq',NULL,6,0,NULL,0),(197,'Received',NULL,5,0,0,NULL,NULL,0,0,0,'Presentation-Title-36-4pMNCkDAQ2ln9f1I',NULL,6,0,NULL,0),(198,'Received',NULL,5,0,0,NULL,NULL,0,0,0,'Presentation-Title-37-A9YSRAbb7URog27E',NULL,6,0,NULL,0),(199,'Received',NULL,5,0,0,NULL,NULL,0,0,0,'Presentation-Title-38-VQALKFcufEkjzbud',NULL,6,0,NULL,0),(200,'Received',NULL,5,0,0,NULL,NULL,0,0,0,'Presentation-Title-39-0jgaHbWX3bLopNMK',NULL,6,0,NULL,0),(201,'Received',NULL,5,0,0,NULL,NULL,0,0,0,'Presentation-Title-0-UFsRCCASGdk5CNrj-Votable',NULL,NULL,0,NULL,0),(202,'Received',NULL,5,0,0,NULL,NULL,0,0,0,'Presentation-Title-1-xSq6mFIUjJ6h6gSO-Votable',NULL,NULL,0,NULL,0),(203,'Received',NULL,5,0,0,NULL,NULL,0,0,0,'Presentation-Title-2-ZO4aYwdypIZY7fX3-Votable',NULL,NULL,0,NULL,0),(204,'Received',NULL,5,0,0,NULL,NULL,0,0,0,'Presentation-Title-3-tFtaZVB7HuwcV7M1-Votable',NULL,NULL,0,NULL,0),(205,'Received',NULL,5,0,0,NULL,NULL,0,0,0,'Presentation-Title-4-VqPUyvpXajh1j75a-Votable',NULL,NULL,0,NULL,0),(206,'Received',NULL,5,0,0,NULL,NULL,0,0,0,'Presentation-Title-5-ooByWRAICtCfjH1i-Votable',NULL,NULL,0,NULL,0),(207,'Received',NULL,5,0,0,NULL,NULL,0,0,0,'Presentation-Title-6-W4RqcMERYZsVPhxL-Votable',NULL,NULL,0,NULL,0),(208,'Received',NULL,5,0,0,NULL,NULL,0,0,0,'Presentation-Title-7-e6xriZ38xCWlUsdP-Votable',NULL,NULL,0,NULL,0),(209,'Received',NULL,5,0,0,NULL,NULL,0,0,0,'Presentation-Title-8-mow3Boh0PODAPgp3-Votable',NULL,NULL,0,NULL,0),(210,'Received',NULL,5,0,0,NULL,NULL,0,0,0,'Presentation-Title-9-0Mb3XGnnxAhohc5M-Votable',NULL,NULL,0,NULL,0),(211,'Received',NULL,5,0,0,NULL,NULL,0,0,0,'Presentation-Title-10-l76Z4HBnHUhQIS3f-Votable',NULL,NULL,0,NULL,0),(212,'Received',NULL,5,0,0,NULL,NULL,0,0,0,'Presentation-Title-11-7pc8W9hQOv2SCjfy-Votable',NULL,NULL,0,NULL,0),(213,'Received',NULL,5,0,0,NULL,NULL,0,0,0,'Presentation-Title-12-PulGnP6wFtmDJ4C7-Votable',NULL,NULL,0,NULL,0),(214,'Received',NULL,5,0,0,NULL,NULL,0,0,0,'Presentation-Title-13-i2hdlgLszsFCFRYE-Votable',NULL,NULL,0,NULL,0),(215,'Received',NULL,5,0,0,NULL,NULL,0,0,0,'Presentation-Title-14-FzJEBTHujy4YzWwY-Votable',NULL,NULL,0,NULL,0),(216,'Received',NULL,5,0,0,NULL,NULL,0,0,0,'Presentation-Title-15-exIJfWUpSzyFx3tm-Votable',NULL,NULL,0,NULL,0),(217,'Received',NULL,5,0,0,NULL,NULL,0,0,0,'Presentation-Title-16-iCWIYyJC9CeDZLVi-Votable',NULL,NULL,0,NULL,0),(218,'Received',NULL,5,0,0,NULL,NULL,0,0,0,'Presentation-Title-17-MdkWjjYCgm6UQIIL-Votable',NULL,NULL,0,NULL,0),(219,'Received',NULL,5,0,0,NULL,NULL,0,0,0,'Presentation-Title-18-uKS62cdOQG4Bq47e-Votable',NULL,NULL,0,NULL,0),(220,'Received',NULL,5,0,0,NULL,NULL,0,0,0,'Presentation-Title-19-wYv0XRHSeg5uEjua-Votable',NULL,NULL,0,NULL,0),(241,'Received',NULL,5,0,0,NULL,NULL,0,0,0,'Presentation-Title-0-UBMA2h2UdFwpTbig',NULL,7,0,NULL,0),(242,'Received',NULL,5,0,0,NULL,NULL,0,0,0,'Presentation-Title-1-I63QcKZ2J2YAE43e',NULL,7,0,NULL,0),(243,'Received',NULL,5,0,0,NULL,NULL,0,0,0,'Presentation-Title-2-pBuvn63EAoXJ9hm2',NULL,7,0,NULL,0),(244,'Received',NULL,5,0,0,NULL,NULL,0,0,0,'Presentation-Title-3-x7VnI36V4GWPAZqo',NULL,7,0,NULL,0),(245,'Received',NULL,5,0,0,NULL,NULL,0,0,0,'Presentation-Title-4-XNiJoL2rd89zc0it',NULL,7,0,NULL,0),(246,'Received',NULL,5,0,0,NULL,NULL,0,0,0,'Presentation-Title-5-j9vdvTIIJdcnlYQn',NULL,7,0,NULL,0),(247,'Received',NULL,5,0,0,NULL,NULL,0,0,0,'Presentation-Title-6-fXqF56horrbx9X7Y',NULL,7,0,NULL,0),(248,'Received',NULL,5,0,0,NULL,NULL,0,0,0,'Presentation-Title-7-d21NlDZPZa6olv41',NULL,7,0,NULL,0),(249,'Received',NULL,5,0,0,NULL,NULL,0,0,0,'Presentation-Title-8-QwUhv0kCPdvOqbUJ',NULL,7,0,NULL,0),(250,'Received',NULL,5,0,0,NULL,NULL,0,0,0,'Presentation-Title-9-MVHwSCVVEq5I1thX',NULL,7,0,NULL,0),(251,'Received',NULL,5,0,0,NULL,NULL,0,0,0,'Presentation-Title-10-yKpME2T5cYmid85Z',NULL,7,0,NULL,0),(252,'Received',NULL,5,0,0,NULL,NULL,0,0,0,'Presentation-Title-11-zxYLND6aAL2OFfy0',NULL,7,0,NULL,0),(253,'Received',NULL,5,0,0,NULL,NULL,0,0,0,'Presentation-Title-12-k6MmGnYhuNLvf66k',NULL,7,0,NULL,0),(254,'Received',NULL,5,0,0,NULL,NULL,0,0,0,'Presentation-Title-13-85JXB3eC2QYIf8R2',NULL,7,0,NULL,0),(255,'Received',NULL,5,0,0,NULL,NULL,0,0,0,'Presentation-Title-14-CyMpkLyahY9Aw84U',NULL,7,0,NULL,0),(256,'Received',NULL,5,0,0,NULL,NULL,0,0,0,'Presentation-Title-15-1m97tPiavFvJ0r3L',NULL,7,0,NULL,0),(257,'Received',NULL,5,0,0,NULL,NULL,0,0,0,'Presentation-Title-16-h0yznFVpiXIhcXss',NULL,7,0,NULL,0),(258,'Received',NULL,5,0,0,NULL,NULL,0,0,0,'Presentation-Title-17-Hg0RhBe6sl6oQJRR',NULL,7,0,NULL,0),(259,'Received',NULL,5,0,0,NULL,NULL,0,0,0,'Presentation-Title-18-XEBj45MEodOFKz9d',NULL,7,0,NULL,0),(260,'Received',NULL,5,0,0,NULL,NULL,0,0,0,'Presentation-Title-19-jCuQGQyebJpj5zRF',NULL,7,0,NULL,0),(261,'Received',NULL,5,0,0,NULL,NULL,0,0,0,'Presentation-Title-20-PqaijD38IPALuGLj',NULL,8,0,NULL,0),(262,'Received',NULL,5,0,0,NULL,NULL,0,0,0,'Presentation-Title-21-63v0uNckLI5t8pyc',NULL,8,0,NULL,0),(263,'Received',NULL,5,0,0,NULL,NULL,0,0,0,'Presentation-Title-22-GXmsPo5LvxyzNRH2',NULL,8,0,NULL,0),(264,'Received',NULL,5,0,0,NULL,NULL,0,0,0,'Presentation-Title-23-1t2V2Wh9tmYEV1se',NULL,8,0,NULL,0),(265,'Received',NULL,5,0,0,NULL,NULL,0,0,0,'Presentation-Title-24-fLJ8LlSV7M2AExH8',NULL,8,0,NULL,0),(266,'Received',NULL,5,0,0,NULL,NULL,0,0,0,'Presentation-Title-25-pntMeR2i27HEQl0U',NULL,8,0,NULL,0),(267,'Received',NULL,5,0,0,NULL,NULL,0,0,0,'Presentation-Title-26-KpmiALydOJDLG8i7',NULL,8,0,NULL,0),(268,'Received',NULL,5,0,0,NULL,NULL,0,0,0,'Presentation-Title-27-xm6tytZfxmdPFfT8',NULL,8,0,NULL,0),(269,'Received',NULL,5,0,0,NULL,NULL,0,0,0,'Presentation-Title-28-C1VcP6pJC6Sh6y8A',NULL,8,0,NULL,0),(270,'Received',NULL,5,0,0,NULL,NULL,0,0,0,'Presentation-Title-29-ZFYSbdDoNWjiC03r',NULL,8,0,NULL,0),(271,'Received',NULL,5,0,0,NULL,NULL,0,0,0,'Presentation-Title-30-CwIcl11jNSoZp1PY',NULL,8,0,NULL,0),(272,'Received',NULL,5,0,0,NULL,NULL,0,0,0,'Presentation-Title-31-2PnOnQChmDyKoFKd',NULL,8,0,NULL,0),(273,'Received',NULL,5,0,0,NULL,NULL,0,0,0,'Presentation-Title-32-s2o5endxyuiYZziu',NULL,8,0,NULL,0),(274,'Received',NULL,5,0,0,NULL,NULL,0,0,0,'Presentation-Title-33-Vr4juU47ulDjN9Hz',NULL,8,0,NULL,0),(275,'Received',NULL,5,0,0,NULL,NULL,0,0,0,'Presentation-Title-34-EoeBtC4idyJhm8dB',NULL,8,0,NULL,0),(276,'Received',NULL,5,0,0,NULL,NULL,0,0,0,'Presentation-Title-35-gMDwfvEAmApHkPkY',NULL,8,0,NULL,0),(277,'Received',NULL,5,0,0,NULL,NULL,0,0,0,'Presentation-Title-36-XC0pMmviTk9CKmUR',NULL,8,0,NULL,0),(278,'Received',NULL,5,0,0,NULL,NULL,0,0,0,'Presentation-Title-37-TBRjD8RZRHWw5etu',NULL,8,0,NULL,0),(279,'Received',NULL,5,0,0,NULL,NULL,0,0,0,'Presentation-Title-38-q8Rih6luZ7fQpevp',NULL,8,0,NULL,0),(280,'Received',NULL,5,0,0,NULL,NULL,0,0,0,'Presentation-Title-39-ipJDSIcxwPcd0w0h',NULL,8,0,NULL,0),(281,'Received',NULL,5,0,0,NULL,NULL,0,0,0,'Presentation-Title-0-BYk1nkThKkGIAOze-Votable',NULL,NULL,0,NULL,0),(282,'Received',NULL,5,0,0,NULL,NULL,0,0,0,'Presentation-Title-1-HbyO26H3xnOpHYCX-Votable',NULL,NULL,0,NULL,0),(283,'Received',NULL,5,0,0,NULL,NULL,0,0,0,'Presentation-Title-2-OuSj8XZnYamAuZzr-Votable',NULL,NULL,0,NULL,0),(284,'Received',NULL,5,0,0,NULL,NULL,0,0,0,'Presentation-Title-3-l5it6KMnEBgaPe8W-Votable',NULL,NULL,0,NULL,0),(285,'Received',NULL,5,0,0,NULL,NULL,0,0,0,'Presentation-Title-4-cOPWGEEuqcw43ETr-Votable',NULL,NULL,0,NULL,0),(286,'Received',NULL,5,0,0,NULL,NULL,0,0,0,'Presentation-Title-5-RYdOuS2RusrHzbD6-Votable',NULL,NULL,0,NULL,0),(287,'Received',NULL,5,0,0,NULL,NULL,0,0,0,'Presentation-Title-6-sWrmzCe1yu1bgIQE-Votable',NULL,NULL,0,NULL,0),(288,'Received',NULL,5,0,0,NULL,NULL,0,0,0,'Presentation-Title-7-5ayR9anADTHgeN4M-Votable',NULL,NULL,0,NULL,0),(289,'Received',NULL,5,0,0,NULL,NULL,0,0,0,'Presentation-Title-8-B6ugQI01vU2cturg-Votable',NULL,NULL,0,NULL,0),(290,'Received',NULL,5,0,0,NULL,NULL,0,0,0,'Presentation-Title-9-4Ox0Zovgn1pxNHjw-Votable',NULL,NULL,0,NULL,0),(291,'Received',NULL,5,0,0,NULL,NULL,0,0,0,'Presentation-Title-10-QMYXt0jXk13ziLbu-Votable',NULL,NULL,0,NULL,0),(292,'Received',NULL,5,0,0,NULL,NULL,0,0,0,'Presentation-Title-11-SzvVwNkGKrOOxD92-Votable',NULL,NULL,0,NULL,0),(293,'Received',NULL,5,0,0,NULL,NULL,0,0,0,'Presentation-Title-12-pw1iARNId5qPUlrB-Votable',NULL,NULL,0,NULL,0),(294,'Received',NULL,5,0,0,NULL,NULL,0,0,0,'Presentation-Title-13-eDG435bj3SHBGgtk-Votable',NULL,NULL,0,NULL,0),(295,'Received',NULL,5,0,0,NULL,NULL,0,0,0,'Presentation-Title-14-uTUSlpc5bSCFDXTZ-Votable',NULL,NULL,0,NULL,0),(296,'Received',NULL,5,0,0,NULL,NULL,0,0,0,'Presentation-Title-15-BaTSmguFAAWcjiNW-Votable',NULL,NULL,0,NULL,0),(297,'Received',NULL,5,0,0,NULL,NULL,0,0,0,'Presentation-Title-16-0QNnuIE1xiE5FFxg-Votable',NULL,NULL,0,NULL,0),(298,'Received',NULL,5,0,0,NULL,NULL,0,0,0,'Presentation-Title-17-ITHChIAkLT9AlGtD-Votable',NULL,NULL,0,NULL,0),(299,'Received',NULL,5,0,0,NULL,NULL,0,0,0,'Presentation-Title-18-VoUAcEjgyL4RW8wV-Votable',NULL,NULL,0,NULL,0),(300,'Received',NULL,5,0,0,NULL,NULL,0,0,0,'Presentation-Title-19-znh5Hv9PTHWOYnMs-Votable',NULL,NULL,0,NULL,0),(321,'Received',NULL,5,0,0,NULL,NULL,0,0,0,'Presentation-Title-0-00CtMWuND1zDD7Sd',NULL,9,0,NULL,0),(322,'Received',NULL,5,0,0,NULL,NULL,0,0,0,'Presentation-Title-1-BduusmpzQ59YB57f',NULL,9,0,NULL,0),(323,'Received',NULL,5,0,0,NULL,NULL,0,0,0,'Presentation-Title-2-C40LpF7eWcK2vAva',NULL,9,0,NULL,0),(324,'Received',NULL,5,0,0,NULL,NULL,0,0,0,'Presentation-Title-3-zf8pAY9iQCaVrWgw',NULL,9,0,NULL,0),(325,'Received',NULL,5,0,0,NULL,NULL,0,0,0,'Presentation-Title-4-7VPaKVNnOvPfbLzK',NULL,9,0,NULL,0),(326,'Received',NULL,5,0,0,NULL,NULL,0,0,0,'Presentation-Title-5-XhjcRAe9IiXFAlLX',NULL,9,0,NULL,0),(327,'Received',NULL,5,0,0,NULL,NULL,0,0,0,'Presentation-Title-6-iwO0XIcgYjEYcLQ3',NULL,9,0,NULL,0),(328,'Received',NULL,5,0,0,NULL,NULL,0,0,0,'Presentation-Title-7-tPD2CH9WZa3eUQLj',NULL,9,0,NULL,0),(329,'Received',NULL,5,0,0,NULL,NULL,0,0,0,'Presentation-Title-8-zDVI0VjtOxKGZs3x',NULL,9,0,NULL,0),(330,'Received',NULL,5,0,0,NULL,NULL,0,0,0,'Presentation-Title-9-dKa9tUOtZCfMDa3n',NULL,9,0,NULL,0),(331,'Received',NULL,5,0,0,NULL,NULL,0,0,0,'Presentation-Title-10-Z2z6ciqeRMIcy3pe',NULL,9,0,NULL,0),(332,'Received',NULL,5,0,0,NULL,NULL,0,0,0,'Presentation-Title-11-uaOD3St4eRcBYjWO',NULL,9,0,NULL,0),(333,'Received',NULL,5,0,0,NULL,NULL,0,0,0,'Presentation-Title-12-YjxtDVNAH7qPjV0A',NULL,9,0,NULL,0),(334,'Received',NULL,5,0,0,NULL,NULL,0,0,0,'Presentation-Title-13-Od0BG10fKzE61veO',NULL,9,0,NULL,0),(335,'Received',NULL,5,0,0,NULL,NULL,0,0,0,'Presentation-Title-14-jJYtCvZnjnTHuOH8',NULL,9,0,NULL,0),(336,'Received',NULL,5,0,0,NULL,NULL,0,0,0,'Presentation-Title-15-pEzoCHqKAXdjluHM',NULL,9,0,NULL,0),(337,'Received',NULL,5,0,0,NULL,NULL,0,0,0,'Presentation-Title-16-CWZOdRnBcNKBAxnP',NULL,9,0,NULL,0),(338,'Received',NULL,5,0,0,NULL,NULL,0,0,0,'Presentation-Title-17-CW3s1CneYodDfspF',NULL,9,0,NULL,0),(339,'Received',NULL,5,0,0,NULL,NULL,0,0,0,'Presentation-Title-18-FyN6WgUGNUy5kStI',NULL,9,0,NULL,0),(340,'Received',NULL,5,0,0,NULL,NULL,0,0,0,'Presentation-Title-19-fr7G9UgToEycelDM',NULL,9,0,NULL,0),(341,'Received',NULL,5,0,0,NULL,NULL,0,0,0,'Presentation-Title-20-wwDhDgKwXCXhc8Ei',NULL,10,0,NULL,0),(342,'Received',NULL,5,0,0,NULL,NULL,0,0,0,'Presentation-Title-21-skga6lK6IsC1bbAb',NULL,10,0,NULL,0),(343,'Received',NULL,5,0,0,NULL,NULL,0,0,0,'Presentation-Title-22-UDkVuddZPsX8NHT9',NULL,10,0,NULL,0),(344,'Received',NULL,5,0,0,NULL,NULL,0,0,0,'Presentation-Title-23-JenZv9sptCZSnjbr',NULL,10,0,NULL,0),(345,'Received',NULL,5,0,0,NULL,NULL,0,0,0,'Presentation-Title-24-HBlVvelpR3WRtdG8',NULL,10,0,NULL,0),(346,'Received',NULL,5,0,0,NULL,NULL,0,0,0,'Presentation-Title-25-9ZnvGpPVkUBYnWwz',NULL,10,0,NULL,0),(347,'Received',NULL,5,0,0,NULL,NULL,0,0,0,'Presentation-Title-26-GpfliOQoCYDhwKQv',NULL,10,0,NULL,0),(348,'Received',NULL,5,0,0,NULL,NULL,0,0,0,'Presentation-Title-27-Imq7HQJzfgTh9QC3',NULL,10,0,NULL,0),(349,'Received',NULL,5,0,0,NULL,NULL,0,0,0,'Presentation-Title-28-GUJrfjfY2wTjB35j',NULL,10,0,NULL,0),(350,'Received',NULL,5,0,0,NULL,NULL,0,0,0,'Presentation-Title-29-O67NsZVE4CSHuMLZ',NULL,10,0,NULL,0),(351,'Received',NULL,5,0,0,NULL,NULL,0,0,0,'Presentation-Title-30-pmezQPkXBwgE20rw',NULL,10,0,NULL,0),(352,'Received',NULL,5,0,0,NULL,NULL,0,0,0,'Presentation-Title-31-62WRpjCp6QcBuRF9',NULL,10,0,NULL,0),(353,'Received',NULL,5,0,0,NULL,NULL,0,0,0,'Presentation-Title-32-7PfjNzoSZAnHc4La',NULL,10,0,NULL,0),(354,'Received',NULL,5,0,0,NULL,NULL,0,0,0,'Presentation-Title-33-D0kz5YXLMbOU80mR',NULL,10,0,NULL,0),(355,'Received',NULL,5,0,0,NULL,NULL,0,0,0,'Presentation-Title-34-Qylrn3li9NpHIAWt',NULL,10,0,NULL,0),(356,'Received',NULL,5,0,0,NULL,NULL,0,0,0,'Presentation-Title-35-aMCRXXurGhEbVECW',NULL,10,0,NULL,0),(357,'Received',NULL,5,0,0,NULL,NULL,0,0,0,'Presentation-Title-36-uThyuhi23g4GSMht',NULL,10,0,NULL,0),(358,'Received',NULL,5,0,0,NULL,NULL,0,0,0,'Presentation-Title-37-Z8X4IhBO0Y6IFxjk',NULL,10,0,NULL,0),(359,'Received',NULL,5,0,0,NULL,NULL,0,0,0,'Presentation-Title-38-s4XFM66RmmeKNihA',NULL,10,0,NULL,0),(360,'Received',NULL,5,0,0,NULL,NULL,0,0,0,'Presentation-Title-39-H8ZVWN0H3ibAnL0C',NULL,10,0,NULL,0),(361,'Received',NULL,5,0,0,NULL,NULL,0,0,0,'Presentation-Title-0-0RZAgnURhU2omKuz-Votable',NULL,NULL,0,NULL,0),(362,'Received',NULL,5,0,0,NULL,NULL,0,0,0,'Presentation-Title-1-KOCXWTsxw7NyD4E2-Votable',NULL,NULL,0,NULL,0),(363,'Received',NULL,5,0,0,NULL,NULL,0,0,0,'Presentation-Title-2-arRFR6TDkRO5THAL-Votable',NULL,NULL,0,NULL,0),(364,'Received',NULL,5,0,0,NULL,NULL,0,0,0,'Presentation-Title-3-i9ohgFeU4Ld8m6sC-Votable',NULL,NULL,0,NULL,0),(365,'Received',NULL,5,0,0,NULL,NULL,0,0,0,'Presentation-Title-4-wv3h6Grgew1OsBYV-Votable',NULL,NULL,0,NULL,0),(366,'Received',NULL,5,0,0,NULL,NULL,0,0,0,'Presentation-Title-5-cx0UAVKI6aTqmbr6-Votable',NULL,NULL,0,NULL,0),(367,'Received',NULL,5,0,0,NULL,NULL,0,0,0,'Presentation-Title-6-bTviwk9E9FcOco1B-Votable',NULL,NULL,0,NULL,0),(368,'Received',NULL,5,0,0,NULL,NULL,0,0,0,'Presentation-Title-7-dqo1xv2BzHQICON8-Votable',NULL,NULL,0,NULL,0),(369,'Received',NULL,5,0,0,NULL,NULL,0,0,0,'Presentation-Title-8-kLOns3NMvJ7jsQHJ-Votable',NULL,NULL,0,NULL,0),(370,'Received',NULL,5,0,0,NULL,NULL,0,0,0,'Presentation-Title-9-OpGVBWYbdzmjdX7m-Votable',NULL,NULL,0,NULL,0),(371,'Received',NULL,5,0,0,NULL,NULL,0,0,0,'Presentation-Title-10-QEDWvn6FQkRc3XF5-Votable',NULL,NULL,0,NULL,0),(372,'Received',NULL,5,0,0,NULL,NULL,0,0,0,'Presentation-Title-11-raeXLZCGMUsCXUBo-Votable',NULL,NULL,0,NULL,0),(373,'Received',NULL,5,0,0,NULL,NULL,0,0,0,'Presentation-Title-12-cA3F5cESDqWfvj08-Votable',NULL,NULL,0,NULL,0),(374,'Received',NULL,5,0,0,NULL,NULL,0,0,0,'Presentation-Title-13-o3WMhRHlA9l2cYvf-Votable',NULL,NULL,0,NULL,0),(375,'Received',NULL,5,0,0,NULL,NULL,0,0,0,'Presentation-Title-14-isJWJdXtYAKSWKjk-Votable',NULL,NULL,0,NULL,0),(376,'Received',NULL,5,0,0,NULL,NULL,0,0,0,'Presentation-Title-15-u4cb4uGWG6w71xpx-Votable',NULL,NULL,0,NULL,0),(377,'Received',NULL,5,0,0,NULL,NULL,0,0,0,'Presentation-Title-16-sVmLqFekQ68ZiSbk-Votable',NULL,NULL,0,NULL,0),(378,'Received',NULL,5,0,0,NULL,NULL,0,0,0,'Presentation-Title-17-OpJ8tAYiPCPmW36N-Votable',NULL,NULL,0,NULL,0),(379,'Received',NULL,5,0,0,NULL,NULL,0,0,0,'Presentation-Title-18-Q5ZngmdMvqRTSsI6-Votable',NULL,NULL,0,NULL,0),(380,'Received',NULL,5,0,0,NULL,NULL,0,0,0,'Presentation-Title-19-c3FmR4LGnRxL0OxJ-Votable',NULL,NULL,0,NULL,0),(401,'Received',NULL,5,0,0,NULL,NULL,0,0,0,'Presentation-Title-0-qGawSWFt5zDrguac',NULL,11,0,NULL,0),(402,'Received',NULL,5,0,0,NULL,NULL,0,0,0,'Presentation-Title-1-4i4jDImi455bqaOq',NULL,11,0,NULL,0),(403,'Received',NULL,5,0,0,NULL,NULL,0,0,0,'Presentation-Title-2-n9wkZVwqyIJKswih',NULL,11,0,NULL,0),(404,'Received',NULL,5,0,0,NULL,NULL,0,0,0,'Presentation-Title-3-muHGlzAmKqcXVJY8',NULL,11,0,NULL,0),(405,'Received',NULL,5,0,0,NULL,NULL,0,0,0,'Presentation-Title-4-vZ8G56xA9Ki8Kytf',NULL,11,0,NULL,0),(406,'Received',NULL,5,0,0,NULL,NULL,0,0,0,'Presentation-Title-5-5jI1WazD0ypvEx9Z',NULL,11,0,NULL,0),(407,'Received',NULL,5,0,0,NULL,NULL,0,0,0,'Presentation-Title-6-EYK1vB8W9qQzdoNK',NULL,11,0,NULL,0),(408,'Received',NULL,5,0,0,NULL,NULL,0,0,0,'Presentation-Title-7-8GUwb5b680w9zOfs',NULL,11,0,NULL,0),(409,'Received',NULL,5,0,0,NULL,NULL,0,0,0,'Presentation-Title-8-Xxfk6ACDsfID3W41',NULL,11,0,NULL,0),(410,'Received',NULL,5,0,0,NULL,NULL,0,0,0,'Presentation-Title-9-8zHByC6JqMXK2CeN',NULL,11,0,NULL,0),(411,'Received',NULL,5,0,0,NULL,NULL,0,0,0,'Presentation-Title-10-ZMIEtJyhJfxFc8aU',NULL,11,0,NULL,0),(412,'Received',NULL,5,0,0,NULL,NULL,0,0,0,'Presentation-Title-11-6WkJMv5Cx9yqTsya',NULL,11,0,NULL,0),(413,'Received',NULL,5,0,0,NULL,NULL,0,0,0,'Presentation-Title-12-IJcRtqRuPmPBkHbi',NULL,11,0,NULL,0),(414,'Received',NULL,5,0,0,NULL,NULL,0,0,0,'Presentation-Title-13-UFhUWc1H3W7Qr394',NULL,11,0,NULL,0),(415,'Received',NULL,5,0,0,NULL,NULL,0,0,0,'Presentation-Title-14-B2ueHVmoujZQPE3W',NULL,11,0,NULL,0),(416,'Received',NULL,5,0,0,NULL,NULL,0,0,0,'Presentation-Title-15-noMMydplfENKJcLe',NULL,11,0,NULL,0),(417,'Received',NULL,5,0,0,NULL,NULL,0,0,0,'Presentation-Title-16-S8lJvUWVmOj7Q8vl',NULL,11,0,NULL,0),(418,'Received',NULL,5,0,0,NULL,NULL,0,0,0,'Presentation-Title-17-HWZLohmQjXg99BLj',NULL,11,0,NULL,0),(419,'Received',NULL,5,0,0,NULL,NULL,0,0,0,'Presentation-Title-18-OAIHW6sdhukDWb2r',NULL,11,0,NULL,0),(420,'Received',NULL,5,0,0,NULL,NULL,0,0,0,'Presentation-Title-19-DyyQFiegJoQG1KEM',NULL,11,0,NULL,0),(421,'Received',NULL,5,0,0,NULL,NULL,0,0,0,'Presentation-Title-20-i34vB7ANu5O20vaL',NULL,12,0,NULL,0),(422,'Received',NULL,5,0,0,NULL,NULL,0,0,0,'Presentation-Title-21-ZghDX3MXHIB4mB9k',NULL,12,0,NULL,0),(423,'Received',NULL,5,0,0,NULL,NULL,0,0,0,'Presentation-Title-22-YnaAMypCssyjkeDy',NULL,12,0,NULL,0),(424,'Received',NULL,5,0,0,NULL,NULL,0,0,0,'Presentation-Title-23-BQxalLPhLl1bvBCI',NULL,12,0,NULL,0),(425,'Received',NULL,5,0,0,NULL,NULL,0,0,0,'Presentation-Title-24-z7kO4Cg3291BOBGq',NULL,12,0,NULL,0),(426,'Received',NULL,5,0,0,NULL,NULL,0,0,0,'Presentation-Title-25-eBDhu1UrpPSddCOn',NULL,12,0,NULL,0),(427,'Received',NULL,5,0,0,NULL,NULL,0,0,0,'Presentation-Title-26-pSVWdIlkgNSS4v5m',NULL,12,0,NULL,0),(428,'Received',NULL,5,0,0,NULL,NULL,0,0,0,'Presentation-Title-27-KafF3q6wkAyHxPLW',NULL,12,0,NULL,0),(429,'Received',NULL,5,0,0,NULL,NULL,0,0,0,'Presentation-Title-28-LKEW4gcX51MRlVh1',NULL,12,0,NULL,0),(430,'Received',NULL,5,0,0,NULL,NULL,0,0,0,'Presentation-Title-29-DUp78U1sBFFr1yFu',NULL,12,0,NULL,0),(431,'Received',NULL,5,0,0,NULL,NULL,0,0,0,'Presentation-Title-30-hCqAHP300eVq2zNM',NULL,12,0,NULL,0),(432,'Received',NULL,5,0,0,NULL,NULL,0,0,0,'Presentation-Title-31-W4cJckSGYE0faNp8',NULL,12,0,NULL,0),(433,'Received',NULL,5,0,0,NULL,NULL,0,0,0,'Presentation-Title-32-HZrbjU1QeTdUIKvh',NULL,12,0,NULL,0),(434,'Received',NULL,5,0,0,NULL,NULL,0,0,0,'Presentation-Title-33-N8hNP2b6torpgyhV',NULL,12,0,NULL,0),(435,'Received',NULL,5,0,0,NULL,NULL,0,0,0,'Presentation-Title-34-NoqK6R9jRI3AtN9Z',NULL,12,0,NULL,0),(436,'Received',NULL,5,0,0,NULL,NULL,0,0,0,'Presentation-Title-35-jg1XUVPm3eEOEeKW',NULL,12,0,NULL,0),(437,'Received',NULL,5,0,0,NULL,NULL,0,0,0,'Presentation-Title-36-ulIR4rUkYKA2I0r3',NULL,12,0,NULL,0),(438,'Received',NULL,5,0,0,NULL,NULL,0,0,0,'Presentation-Title-37-8xd0PlANkOh2ozpE',NULL,12,0,NULL,0),(439,'Received',NULL,5,0,0,NULL,NULL,0,0,0,'Presentation-Title-38-Gt12Aub2q3Up1XxM',NULL,12,0,NULL,0),(440,'Received',NULL,5,0,0,NULL,NULL,0,0,0,'Presentation-Title-39-kaCKIBVl2Opry1UW',NULL,12,0,NULL,0),(441,'Received',NULL,5,0,0,NULL,NULL,0,0,0,'Presentation-Title-0-gBybD3MDQiX191nS-Votable',NULL,NULL,0,NULL,0),(442,'Received',NULL,5,0,0,NULL,NULL,0,0,0,'Presentation-Title-1-eAlNCGzE5AwGF6kY-Votable',NULL,NULL,0,NULL,0),(443,'Received',NULL,5,0,0,NULL,NULL,0,0,0,'Presentation-Title-2-h2NRzo7vYRpZ17K5-Votable',NULL,NULL,0,NULL,0),(444,'Received',NULL,5,0,0,NULL,NULL,0,0,0,'Presentation-Title-3-d8ulYu4WDqMWJ416-Votable',NULL,NULL,0,NULL,0),(445,'Received',NULL,5,0,0,NULL,NULL,0,0,0,'Presentation-Title-4-qTHaQRsRrzHNxFU7-Votable',NULL,NULL,0,NULL,0),(446,'Received',NULL,5,0,0,NULL,NULL,0,0,0,'Presentation-Title-5-YWsI95SJBRDdfNLR-Votable',NULL,NULL,0,NULL,0),(447,'Received',NULL,5,0,0,NULL,NULL,0,0,0,'Presentation-Title-6-ui5CEQldZwqLafAm-Votable',NULL,NULL,0,NULL,0),(448,'Received',NULL,5,0,0,NULL,NULL,0,0,0,'Presentation-Title-7-OgraKvqP6sXB1Cev-Votable',NULL,NULL,0,NULL,0),(449,'Received',NULL,5,0,0,NULL,NULL,0,0,0,'Presentation-Title-8-YFbRi5IzxIfm1saw-Votable',NULL,NULL,0,NULL,0),(450,'Received',NULL,5,0,0,NULL,NULL,0,0,0,'Presentation-Title-9-vLueZlDi8nN5hdcf-Votable',NULL,NULL,0,NULL,0),(451,'Received',NULL,5,0,0,NULL,NULL,0,0,0,'Presentation-Title-10-2Jp7Mt6G3uXny9AW-Votable',NULL,NULL,0,NULL,0),(452,'Received',NULL,5,0,0,NULL,NULL,0,0,0,'Presentation-Title-11-qdKm9RjL6dxZYG7s-Votable',NULL,NULL,0,NULL,0),(453,'Received',NULL,5,0,0,NULL,NULL,0,0,0,'Presentation-Title-12-LJNgM1OsotmhUCOh-Votable',NULL,NULL,0,NULL,0),(454,'Received',NULL,5,0,0,NULL,NULL,0,0,0,'Presentation-Title-13-AruaWVE5W7waFrgc-Votable',NULL,NULL,0,NULL,0),(455,'Received',NULL,5,0,0,NULL,NULL,0,0,0,'Presentation-Title-14-lJrJvl9dPHz3WvwO-Votable',NULL,NULL,0,NULL,0),(456,'Received',NULL,5,0,0,NULL,NULL,0,0,0,'Presentation-Title-15-7TqakV4HQp7QrPm9-Votable',NULL,NULL,0,NULL,0),(457,'Received',NULL,5,0,0,NULL,NULL,0,0,0,'Presentation-Title-16-oNqxaPaIOafGhTaX-Votable',NULL,NULL,0,NULL,0),(458,'Received',NULL,5,0,0,NULL,NULL,0,0,0,'Presentation-Title-17-iZXqqVFWh0HLNp1z-Votable',NULL,NULL,0,NULL,0),(459,'Received',NULL,5,0,0,NULL,NULL,0,0,0,'Presentation-Title-18-EPk3Kuj97QgUxXGb-Votable',NULL,NULL,0,NULL,0),(460,'Received',NULL,5,0,0,NULL,NULL,0,0,0,'Presentation-Title-19-bqYGsnVDnegPWFKR-Votable',NULL,NULL,0,NULL,0),(481,'Received',NULL,5,0,0,NULL,NULL,0,0,0,'Presentation-Title-0-uUdGxPzkRnh2FZSu',NULL,13,0,NULL,0),(482,'Received',NULL,5,0,0,NULL,NULL,0,0,0,'Presentation-Title-1-nIBK9TprkWZ9oL1G',NULL,13,0,NULL,0),(483,'Received',NULL,5,0,0,NULL,NULL,0,0,0,'Presentation-Title-2-SQ8iRSLSsnVUouuZ',NULL,13,0,NULL,0),(484,'Received',NULL,5,0,0,NULL,NULL,0,0,0,'Presentation-Title-3-xIHna7STnE4JwIJk',NULL,13,0,NULL,0),(485,'Received',NULL,5,0,0,NULL,NULL,0,0,0,'Presentation-Title-4-6Nx7Upks2Twp6J5s',NULL,13,0,NULL,0),(486,'Received',NULL,5,0,0,NULL,NULL,0,0,0,'Presentation-Title-5-0I7ulcKMnjEzYxsR',NULL,13,0,NULL,0),(487,'Received',NULL,5,0,0,NULL,NULL,0,0,0,'Presentation-Title-6-bTG73PCwRmHX4Zls',NULL,13,0,NULL,0),(488,'Received',NULL,5,0,0,NULL,NULL,0,0,0,'Presentation-Title-7-fb6m5pRVpda7Kknv',NULL,13,0,NULL,0),(489,'Received',NULL,5,0,0,NULL,NULL,0,0,0,'Presentation-Title-8-dcVsOnlGqCdZ4ZwH',NULL,13,0,NULL,0),(490,'Received',NULL,5,0,0,NULL,NULL,0,0,0,'Presentation-Title-9-dmzaKtsbNc7eXOwC',NULL,13,0,NULL,0),(491,'Received',NULL,5,0,0,NULL,NULL,0,0,0,'Presentation-Title-10-2agZ99YF5TlHPADz',NULL,13,0,NULL,0),(492,'Received',NULL,5,0,0,NULL,NULL,0,0,0,'Presentation-Title-11-i2uNITLxGXcageqH',NULL,13,0,NULL,0),(493,'Received',NULL,5,0,0,NULL,NULL,0,0,0,'Presentation-Title-12-JY5kofBzj7GqD2Bd',NULL,13,0,NULL,0),(494,'Received',NULL,5,0,0,NULL,NULL,0,0,0,'Presentation-Title-13-OIEEvfbXGo9jdi6B',NULL,13,0,NULL,0),(495,'Received',NULL,5,0,0,NULL,NULL,0,0,0,'Presentation-Title-14-bLUfGJw5cbkPK7bR',NULL,13,0,NULL,0),(496,'Received',NULL,5,0,0,NULL,NULL,0,0,0,'Presentation-Title-15-QHOvpUF8E2vI5YxG',NULL,13,0,NULL,0),(497,'Received',NULL,5,0,0,NULL,NULL,0,0,0,'Presentation-Title-16-TbYbixtlkLzAf2qY',NULL,13,0,NULL,0),(498,'Received',NULL,5,0,0,NULL,NULL,0,0,0,'Presentation-Title-17-671jX4Z0WAqGocxM',NULL,13,0,NULL,0),(499,'Received',NULL,5,0,0,NULL,NULL,0,0,0,'Presentation-Title-18-vqwwksA2lZrQM6Bo',NULL,13,0,NULL,0),(500,'Received',NULL,5,0,0,NULL,NULL,0,0,0,'Presentation-Title-19-JH0aVpkfFy1dHA05',NULL,13,0,NULL,0),(501,'Received',NULL,5,0,0,NULL,NULL,0,0,0,'Presentation-Title-20-ELDNXjTSBWUi62Bh',NULL,14,0,NULL,0),(502,'Received',NULL,5,0,0,NULL,NULL,0,0,0,'Presentation-Title-21-FLz4SHsVURUbKOVP',NULL,14,0,NULL,0),(503,'Received',NULL,5,0,0,NULL,NULL,0,0,0,'Presentation-Title-22-MP6g9d8pPCF4BGgV',NULL,14,0,NULL,0),(504,'Received',NULL,5,0,0,NULL,NULL,0,0,0,'Presentation-Title-23-GdyNOOHdFBa6s3WO',NULL,14,0,NULL,0),(505,'Received',NULL,5,0,0,NULL,NULL,0,0,0,'Presentation-Title-24-T4ZeO6X8qm1FB9ne',NULL,14,0,NULL,0),(506,'Received',NULL,5,0,0,NULL,NULL,0,0,0,'Presentation-Title-25-Ufpa9q0LJU8PTJ0I',NULL,14,0,NULL,0),(507,'Received',NULL,5,0,0,NULL,NULL,0,0,0,'Presentation-Title-26-ms6e7PNypK7IPzTP',NULL,14,0,NULL,0),(508,'Received',NULL,5,0,0,NULL,NULL,0,0,0,'Presentation-Title-27-qVG0GsRDj27Dyibv',NULL,14,0,NULL,0),(509,'Received',NULL,5,0,0,NULL,NULL,0,0,0,'Presentation-Title-28-mCzHmGUChuHP76OO',NULL,14,0,NULL,0),(510,'Received',NULL,5,0,0,NULL,NULL,0,0,0,'Presentation-Title-29-r1ptbUgaFFBGQEce',NULL,14,0,NULL,0),(511,'Received',NULL,5,0,0,NULL,NULL,0,0,0,'Presentation-Title-30-VH43mhyR8ELvRnFU',NULL,14,0,NULL,0),(512,'Received',NULL,5,0,0,NULL,NULL,0,0,0,'Presentation-Title-31-vuN6iD0HvPQs9mVl',NULL,14,0,NULL,0),(513,'Received',NULL,5,0,0,NULL,NULL,0,0,0,'Presentation-Title-32-QvX816sQD5y8ir5P',NULL,14,0,NULL,0),(514,'Received',NULL,5,0,0,NULL,NULL,0,0,0,'Presentation-Title-33-1yRuDlrSZWEL4VYL',NULL,14,0,NULL,0),(515,'Received',NULL,5,0,0,NULL,NULL,0,0,0,'Presentation-Title-34-nZ7IoDIA65Xj11UI',NULL,14,0,NULL,0),(516,'Received',NULL,5,0,0,NULL,NULL,0,0,0,'Presentation-Title-35-qNE3OQjzOcJcRqDn',NULL,14,0,NULL,0),(517,'Received',NULL,5,0,0,NULL,NULL,0,0,0,'Presentation-Title-36-kHvziUsyqNN2USvv',NULL,14,0,NULL,0),(518,'Received',NULL,5,0,0,NULL,NULL,0,0,0,'Presentation-Title-37-YWeujm2mMCCiirPt',NULL,14,0,NULL,0),(519,'Received',NULL,5,0,0,NULL,NULL,0,0,0,'Presentation-Title-38-SHNBq4SIIWvdM6TY',NULL,14,0,NULL,0),(520,'Received',NULL,5,0,0,NULL,NULL,0,0,0,'Presentation-Title-39-CzOeg1gIZey2zWyx',NULL,14,0,NULL,0),(521,'Received',NULL,5,0,0,NULL,NULL,0,0,0,'Presentation-Title-0-5i7V0UzMAmlcxkyQ-Votable',NULL,NULL,0,NULL,0),(522,'Received',NULL,5,0,0,NULL,NULL,0,0,0,'Presentation-Title-1-83WlEoeEUJ0sH6Mn-Votable',NULL,NULL,0,NULL,0),(523,'Received',NULL,5,0,0,NULL,NULL,0,0,0,'Presentation-Title-2-6lPt4FC3LVvUsver-Votable',NULL,NULL,0,NULL,0),(524,'Received',NULL,5,0,0,NULL,NULL,0,0,0,'Presentation-Title-3-lBOVe1EKlJwfnedh-Votable',NULL,NULL,0,NULL,0),(525,'Received',NULL,5,0,0,NULL,NULL,0,0,0,'Presentation-Title-4-gx8lpPt88ezD1KTS-Votable',NULL,NULL,0,NULL,0),(526,'Received',NULL,5,0,0,NULL,NULL,0,0,0,'Presentation-Title-5-vl2nPBHf45oOP3pe-Votable',NULL,NULL,0,NULL,0),(527,'Received',NULL,5,0,0,NULL,NULL,0,0,0,'Presentation-Title-6-1Ckql94ewX0sYv1S-Votable',NULL,NULL,0,NULL,0),(528,'Received',NULL,5,0,0,NULL,NULL,0,0,0,'Presentation-Title-7-0VicgioHhdWozHbn-Votable',NULL,NULL,0,NULL,0),(529,'Received',NULL,5,0,0,NULL,NULL,0,0,0,'Presentation-Title-8-hlo72nLW2L6y371K-Votable',NULL,NULL,0,NULL,0),(530,'Received',NULL,5,0,0,NULL,NULL,0,0,0,'Presentation-Title-9-FF3OiHaFHhnucy6M-Votable',NULL,NULL,0,NULL,0),(531,'Received',NULL,5,0,0,NULL,NULL,0,0,0,'Presentation-Title-10-lZnPvquUovgFtt4T-Votable',NULL,NULL,0,NULL,0),(532,'Received',NULL,5,0,0,NULL,NULL,0,0,0,'Presentation-Title-11-5J7IhxpEHcR0DNk8-Votable',NULL,NULL,0,NULL,0),(533,'Received',NULL,5,0,0,NULL,NULL,0,0,0,'Presentation-Title-12-cWRgE7xd4XlcKK2j-Votable',NULL,NULL,0,NULL,0),(534,'Received',NULL,5,0,0,NULL,NULL,0,0,0,'Presentation-Title-13-PNPVdmauEwEIIKuy-Votable',NULL,NULL,0,NULL,0),(535,'Received',NULL,5,0,0,NULL,NULL,0,0,0,'Presentation-Title-14-qA5w51yqNtm4u2y4-Votable',NULL,NULL,0,NULL,0),(536,'Received',NULL,5,0,0,NULL,NULL,0,0,0,'Presentation-Title-15-gxAYSw9BbMT8qBsI-Votable',NULL,NULL,0,NULL,0),(537,'Received',NULL,5,0,0,NULL,NULL,0,0,0,'Presentation-Title-16-FiRW2sbhTJ2R6bXg-Votable',NULL,NULL,0,NULL,0),(538,'Received',NULL,5,0,0,NULL,NULL,0,0,0,'Presentation-Title-17-Qz66ZPGSGsH4IFLV-Votable',NULL,NULL,0,NULL,0),(539,'Received',NULL,5,0,0,NULL,NULL,0,0,0,'Presentation-Title-18-NH4XzqmzQzp4u04u-Votable',NULL,NULL,0,NULL,0),(540,'Received',NULL,5,0,0,NULL,NULL,0,0,0,'Presentation-Title-19-CVOlhi5ak39cerqr-Votable',NULL,NULL,0,NULL,0),(561,'Received',NULL,5,0,0,NULL,NULL,0,0,0,'Presentation-Title-0-PwYSmJaQwg8a4Zvy',NULL,15,0,NULL,0),(562,'Received',NULL,5,0,0,NULL,NULL,0,0,0,'Presentation-Title-1-6BAUZdHL2C72wwCX',NULL,15,0,NULL,0),(563,'Received',NULL,5,0,0,NULL,NULL,0,0,0,'Presentation-Title-2-3BoAZdaObyARaUIc',NULL,15,0,NULL,0),(564,'Received',NULL,5,0,0,NULL,NULL,0,0,0,'Presentation-Title-3-b7luLavab4DLwabN',NULL,15,0,NULL,0),(565,'Received',NULL,5,0,0,NULL,NULL,0,0,0,'Presentation-Title-4-vEF9rud7PqHh3O40',NULL,15,0,NULL,0),(566,'Received',NULL,5,0,0,NULL,NULL,0,0,0,'Presentation-Title-5-SNEvfJDQS7F8UCIC',NULL,15,0,NULL,0),(567,'Received',NULL,5,0,0,NULL,NULL,0,0,0,'Presentation-Title-6-D1O6baLq1kYXGnSC',NULL,15,0,NULL,0),(568,'Received',NULL,5,0,0,NULL,NULL,0,0,0,'Presentation-Title-7-3klqburRWlC1Nlnl',NULL,15,0,NULL,0),(569,'Received',NULL,5,0,0,NULL,NULL,0,0,0,'Presentation-Title-8-u0G2neF8t8ow5lCj',NULL,15,0,NULL,0),(570,'Received',NULL,5,0,0,NULL,NULL,0,0,0,'Presentation-Title-9-Mjlm5xbXCkcJdEJv',NULL,15,0,NULL,0),(571,'Received',NULL,5,0,0,NULL,NULL,0,0,0,'Presentation-Title-10-F46XPAQUwgNXWtKO',NULL,15,0,NULL,0),(572,'Received',NULL,5,0,0,NULL,NULL,0,0,0,'Presentation-Title-11-oKbeuZEpjViSLsb8',NULL,15,0,NULL,0),(573,'Received',NULL,5,0,0,NULL,NULL,0,0,0,'Presentation-Title-12-IGW5NjDGjIVfUPjz',NULL,15,0,NULL,0),(574,'Received',NULL,5,0,0,NULL,NULL,0,0,0,'Presentation-Title-13-8hPMoMFzreFn0Yvc',NULL,15,0,NULL,0),(575,'Received',NULL,5,0,0,NULL,NULL,0,0,0,'Presentation-Title-14-6yDVjVLLjWnNv3Ca',NULL,15,0,NULL,0),(576,'Received',NULL,5,0,0,NULL,NULL,0,0,0,'Presentation-Title-15-KDgsNnR6NHAb1XtH',NULL,15,0,NULL,0),(577,'Received',NULL,5,0,0,NULL,NULL,0,0,0,'Presentation-Title-16-L0kxRG8qDiZ4X0tF',NULL,15,0,NULL,0),(578,'Received',NULL,5,0,0,NULL,NULL,0,0,0,'Presentation-Title-17-XUOxjJRWpAa5wXDT',NULL,15,0,NULL,0),(579,'Received',NULL,5,0,0,NULL,NULL,0,0,0,'Presentation-Title-18-E7dGbz3sv6AzseLd',NULL,15,0,NULL,0),(580,'Received',NULL,5,0,0,NULL,NULL,0,0,0,'Presentation-Title-19-1XyYseQwWmG9Obcb',NULL,15,0,NULL,0),(581,'Received',NULL,5,0,0,NULL,NULL,0,0,0,'Presentation-Title-20-GSFD8TnCruXHgfAH',NULL,16,0,NULL,0),(582,'Received',NULL,5,0,0,NULL,NULL,0,0,0,'Presentation-Title-21-by6AjLynfu4NS12N',NULL,16,0,NULL,0),(583,'Received',NULL,5,0,0,NULL,NULL,0,0,0,'Presentation-Title-22-6bMOHCqlbRG7ShbL',NULL,16,0,NULL,0),(584,'Received',NULL,5,0,0,NULL,NULL,0,0,0,'Presentation-Title-23-UqmFtPdL167Eckpc',NULL,16,0,NULL,0),(585,'Received',NULL,5,0,0,NULL,NULL,0,0,0,'Presentation-Title-24-v4cO9lcxGOLu7xeY',NULL,16,0,NULL,0),(586,'Received',NULL,5,0,0,NULL,NULL,0,0,0,'Presentation-Title-25-E61Y4goI14gKk2oa',NULL,16,0,NULL,0),(587,'Received',NULL,5,0,0,NULL,NULL,0,0,0,'Presentation-Title-26-wA9f45TcjKVwxOE8',NULL,16,0,NULL,0),(588,'Received',NULL,5,0,0,NULL,NULL,0,0,0,'Presentation-Title-27-MkT1Nx9bKruOl8xe',NULL,16,0,NULL,0),(589,'Received',NULL,5,0,0,NULL,NULL,0,0,0,'Presentation-Title-28-ifgF9Z738J6OgnKh',NULL,16,0,NULL,0),(590,'Received',NULL,5,0,0,NULL,NULL,0,0,0,'Presentation-Title-29-8sBTMy2pEQWdDkRh',NULL,16,0,NULL,0),(591,'Received',NULL,5,0,0,NULL,NULL,0,0,0,'Presentation-Title-30-9pkO1h226uYSwTEc',NULL,16,0,NULL,0),(592,'Received',NULL,5,0,0,NULL,NULL,0,0,0,'Presentation-Title-31-K8Fn6z42MBgFUAGN',NULL,16,0,NULL,0),(593,'Received',NULL,5,0,0,NULL,NULL,0,0,0,'Presentation-Title-32-XT9CDgpuGhHoU8YR',NULL,16,0,NULL,0),(594,'Received',NULL,5,0,0,NULL,NULL,0,0,0,'Presentation-Title-33-6iLghsDzLhXuxumK',NULL,16,0,NULL,0),(595,'Received',NULL,5,0,0,NULL,NULL,0,0,0,'Presentation-Title-34-shs4d9TuC2f10vKC',NULL,16,0,NULL,0),(596,'Received',NULL,5,0,0,NULL,NULL,0,0,0,'Presentation-Title-35-SqudF3yha9dlAAL2',NULL,16,0,NULL,0),(597,'Received',NULL,5,0,0,NULL,NULL,0,0,0,'Presentation-Title-36-pCDr8u24V4kMz5Cn',NULL,16,0,NULL,0),(598,'Received',NULL,5,0,0,NULL,NULL,0,0,0,'Presentation-Title-37-ya3beN2c1DgmJJBl',NULL,16,0,NULL,0),(599,'Received',NULL,5,0,0,NULL,NULL,0,0,0,'Presentation-Title-38-kfIqOsRfFMvL7S6L',NULL,16,0,NULL,0),(600,'Received',NULL,5,0,0,NULL,NULL,0,0,0,'Presentation-Title-39-leYKMWucYhT3mNAO',NULL,16,0,NULL,0),(601,'Received',NULL,5,0,0,NULL,NULL,0,0,0,'Presentation-Title-0-cxaB3rZirR0j6GL0-Votable',NULL,NULL,0,NULL,0),(602,'Received',NULL,5,0,0,NULL,NULL,0,0,0,'Presentation-Title-1-omGow6TTBn3oKPXo-Votable',NULL,NULL,0,NULL,0),(603,'Received',NULL,5,0,0,NULL,NULL,0,0,0,'Presentation-Title-2-TFFmJYC7WfZ9P5qG-Votable',NULL,NULL,0,NULL,0),(604,'Received',NULL,5,0,0,NULL,NULL,0,0,0,'Presentation-Title-3-ekNuMV6TgJrAZWuo-Votable',NULL,NULL,0,NULL,0),(605,'Received',NULL,5,0,0,NULL,NULL,0,0,0,'Presentation-Title-4-oWCOOOZi8wc3kuG6-Votable',NULL,NULL,0,NULL,0),(606,'Received',NULL,5,0,0,NULL,NULL,0,0,0,'Presentation-Title-5-i0uAbvJNdv2tnk9n-Votable',NULL,NULL,0,NULL,0),(607,'Received',NULL,5,0,0,NULL,NULL,0,0,0,'Presentation-Title-6-lXEeiFvqAc2VJXEV-Votable',NULL,NULL,0,NULL,0),(608,'Received',NULL,5,0,0,NULL,NULL,0,0,0,'Presentation-Title-7-xKxFfi3MoI1rDS8P-Votable',NULL,NULL,0,NULL,0),(609,'Received',NULL,5,0,0,NULL,NULL,0,0,0,'Presentation-Title-8-kxYVEDIka1qzn51x-Votable',NULL,NULL,0,NULL,0),(610,'Received',NULL,5,0,0,NULL,NULL,0,0,0,'Presentation-Title-9-k6dYKdtMJlq5vxjD-Votable',NULL,NULL,0,NULL,0),(611,'Received',NULL,5,0,0,NULL,NULL,0,0,0,'Presentation-Title-10-gs4wIRHWKwHnAstQ-Votable',NULL,NULL,0,NULL,0),(612,'Received',NULL,5,0,0,NULL,NULL,0,0,0,'Presentation-Title-11-tFx7t4GpWpoFzrR2-Votable',NULL,NULL,0,NULL,0),(613,'Received',NULL,5,0,0,NULL,NULL,0,0,0,'Presentation-Title-12-JaDJRfTUMM6eC6dq-Votable',NULL,NULL,0,NULL,0),(614,'Received',NULL,5,0,0,NULL,NULL,0,0,0,'Presentation-Title-13-lwLx2f7iAqZgFPZk-Votable',NULL,NULL,0,NULL,0),(615,'Received',NULL,5,0,0,NULL,NULL,0,0,0,'Presentation-Title-14-28BToXaD9Gw1bWEp-Votable',NULL,NULL,0,NULL,0),(616,'Received',NULL,5,0,0,NULL,NULL,0,0,0,'Presentation-Title-15-IxLKqgkAYYAWjZqE-Votable',NULL,NULL,0,NULL,0),(617,'Received',NULL,5,0,0,NULL,NULL,0,0,0,'Presentation-Title-16-gFTB0v5h7CWqEBnX-Votable',NULL,NULL,0,NULL,0),(618,'Received',NULL,5,0,0,NULL,NULL,0,0,0,'Presentation-Title-17-LBxGNwnFQJ5ehi6G-Votable',NULL,NULL,0,NULL,0),(619,'Received',NULL,5,0,0,NULL,NULL,0,0,0,'Presentation-Title-18-nCvDy9I2lkijpi7K-Votable',NULL,NULL,0,NULL,0),(620,'Received',NULL,5,0,0,NULL,NULL,0,0,0,'Presentation-Title-19-CfbomLxmqXrmXjdC-Votable',NULL,NULL,0,NULL,0),(641,'Received',NULL,5,0,0,NULL,NULL,0,0,0,'Presentation-Title-0-1yR7sJnGgcdWWQfX',NULL,17,0,NULL,0),(642,'Received',NULL,5,0,0,NULL,NULL,0,0,0,'Presentation-Title-1-PPrcjR4Xhk9jlATE',NULL,17,0,NULL,0),(643,'Received',NULL,5,0,0,NULL,NULL,0,0,0,'Presentation-Title-2-Ut3icIAMenuVZbbZ',NULL,17,0,NULL,0),(644,'Received',NULL,5,0,0,NULL,NULL,0,0,0,'Presentation-Title-3-7kEx1klyYhwgWyzm',NULL,17,0,NULL,0),(645,'Received',NULL,5,0,0,NULL,NULL,0,0,0,'Presentation-Title-4-7IYjBsXwcBb6KTu3',NULL,17,0,NULL,0),(646,'Received',NULL,5,0,0,NULL,NULL,0,0,0,'Presentation-Title-5-XUSRcXehzPmnUloh',NULL,17,0,NULL,0),(647,'Received',NULL,5,0,0,NULL,NULL,0,0,0,'Presentation-Title-6-5quJv4JdnxzMbXIT',NULL,17,0,NULL,0),(648,'Received',NULL,5,0,0,NULL,NULL,0,0,0,'Presentation-Title-7-Zg3dpM8rAbG4wp5o',NULL,17,0,NULL,0),(649,'Received',NULL,5,0,0,NULL,NULL,0,0,0,'Presentation-Title-8-ZYg6scx95i5lcpwo',NULL,17,0,NULL,0),(650,'Received',NULL,5,0,0,NULL,NULL,0,0,0,'Presentation-Title-9-LQN0AB4SX7uKvQOu',NULL,17,0,NULL,0),(651,'Received',NULL,5,0,0,NULL,NULL,0,0,0,'Presentation-Title-10-mETGO16nejIE8mdu',NULL,17,0,NULL,0),(652,'Received',NULL,5,0,0,NULL,NULL,0,0,0,'Presentation-Title-11-tdaIoBZestqtUShu',NULL,17,0,NULL,0),(653,'Received',NULL,5,0,0,NULL,NULL,0,0,0,'Presentation-Title-12-0wKDXhYHDPFMLUOi',NULL,17,0,NULL,0),(654,'Received',NULL,5,0,0,NULL,NULL,0,0,0,'Presentation-Title-13-7skljj8dFghyw1mT',NULL,17,0,NULL,0),(655,'Received',NULL,5,0,0,NULL,NULL,0,0,0,'Presentation-Title-14-J2t6kJ5qnU3mHLeA',NULL,17,0,NULL,0),(656,'Received',NULL,5,0,0,NULL,NULL,0,0,0,'Presentation-Title-15-Pf8Vyy0JfLxbcJBo',NULL,17,0,NULL,0),(657,'Received',NULL,5,0,0,NULL,NULL,0,0,0,'Presentation-Title-16-lS0Dg0WJWqp0n4Dh',NULL,17,0,NULL,0),(658,'Received',NULL,5,0,0,NULL,NULL,0,0,0,'Presentation-Title-17-67KiCjczoVAge0Rz',NULL,17,0,NULL,0),(659,'Received',NULL,5,0,0,NULL,NULL,0,0,0,'Presentation-Title-18-iFg1uFkQ1I0Cs48T',NULL,17,0,NULL,0),(660,'Received',NULL,5,0,0,NULL,NULL,0,0,0,'Presentation-Title-19-eR5uPbvAuhPPJjqt',NULL,17,0,NULL,0),(661,'Received',NULL,5,0,0,NULL,NULL,0,0,0,'Presentation-Title-20-Cq1vGS0tMq7NOSrW',NULL,18,0,NULL,0),(662,'Received',NULL,5,0,0,NULL,NULL,0,0,0,'Presentation-Title-21-2Z5NdFn5Mn62HDsb',NULL,18,0,NULL,0),(663,'Received',NULL,5,0,0,NULL,NULL,0,0,0,'Presentation-Title-22-ZBmajQheQrCj4E9V',NULL,18,0,NULL,0),(664,'Received',NULL,5,0,0,NULL,NULL,0,0,0,'Presentation-Title-23-M2qzyrTmWPEGMEx3',NULL,18,0,NULL,0),(665,'Received',NULL,5,0,0,NULL,NULL,0,0,0,'Presentation-Title-24-pr3kHx0a9KZUW78D',NULL,18,0,NULL,0),(666,'Received',NULL,5,0,0,NULL,NULL,0,0,0,'Presentation-Title-25-aZWOBYNMHHZe4R1p',NULL,18,0,NULL,0),(667,'Received',NULL,5,0,0,NULL,NULL,0,0,0,'Presentation-Title-26-6q4TyBsQhOuok4eD',NULL,18,0,NULL,0),(668,'Received',NULL,5,0,0,NULL,NULL,0,0,0,'Presentation-Title-27-oHRqbOgdYmmffO1w',NULL,18,0,NULL,0),(669,'Received',NULL,5,0,0,NULL,NULL,0,0,0,'Presentation-Title-28-iKB1rsIDLPCbg9jS',NULL,18,0,NULL,0),(670,'Received',NULL,5,0,0,NULL,NULL,0,0,0,'Presentation-Title-29-SaklaVZ9UkgT05AV',NULL,18,0,NULL,0),(671,'Received',NULL,5,0,0,NULL,NULL,0,0,0,'Presentation-Title-30-Nirfh0RpO6a1Kxc1',NULL,18,0,NULL,0),(672,'Received',NULL,5,0,0,NULL,NULL,0,0,0,'Presentation-Title-31-iH9agE6TY2Iib7hj',NULL,18,0,NULL,0),(673,'Received',NULL,5,0,0,NULL,NULL,0,0,0,'Presentation-Title-32-Kz7x3vEEGafaMO8i',NULL,18,0,NULL,0),(674,'Received',NULL,5,0,0,NULL,NULL,0,0,0,'Presentation-Title-33-ZnPM6LOVjifbjPre',NULL,18,0,NULL,0),(675,'Received',NULL,5,0,0,NULL,NULL,0,0,0,'Presentation-Title-34-F7vfc5XaQtv0odOE',NULL,18,0,NULL,0),(676,'Received',NULL,5,0,0,NULL,NULL,0,0,0,'Presentation-Title-35-SxuJveH4cIKjzKfk',NULL,18,0,NULL,0),(677,'Received',NULL,5,0,0,NULL,NULL,0,0,0,'Presentation-Title-36-NvWzQzRmcZ2KEldw',NULL,18,0,NULL,0),(678,'Received',NULL,5,0,0,NULL,NULL,0,0,0,'Presentation-Title-37-MPuunX2lw6Ov4gCq',NULL,18,0,NULL,0),(679,'Received',NULL,5,0,0,NULL,NULL,0,0,0,'Presentation-Title-38-jgVeFtPnnLMSzVRq',NULL,18,0,NULL,0),(680,'Received',NULL,5,0,0,NULL,NULL,0,0,0,'Presentation-Title-39-ysgheRtyQmv6N7gm',NULL,18,0,NULL,0),(681,'Received',NULL,5,0,0,NULL,NULL,0,0,0,'Presentation-Title-0-F9k6A2IPmrm04TxR-Votable',NULL,NULL,0,NULL,0),(682,'Received',NULL,5,0,0,NULL,NULL,0,0,0,'Presentation-Title-1-XJB1dOR1biRYxYkc-Votable',NULL,NULL,0,NULL,0),(683,'Received',NULL,5,0,0,NULL,NULL,0,0,0,'Presentation-Title-2-3ysOuFP45nQhIf1D-Votable',NULL,NULL,0,NULL,0),(684,'Received',NULL,5,0,0,NULL,NULL,0,0,0,'Presentation-Title-3-W3s6p20Km1XD6HP6-Votable',NULL,NULL,0,NULL,0),(685,'Received',NULL,5,0,0,NULL,NULL,0,0,0,'Presentation-Title-4-8660gijHv6bA48zd-Votable',NULL,NULL,0,NULL,0),(686,'Received',NULL,5,0,0,NULL,NULL,0,0,0,'Presentation-Title-5-p3oqZqJCRPh3aRO9-Votable',NULL,NULL,0,NULL,0),(687,'Received',NULL,5,0,0,NULL,NULL,0,0,0,'Presentation-Title-6-xfM4PyD5PQTkq6YX-Votable',NULL,NULL,0,NULL,0),(688,'Received',NULL,5,0,0,NULL,NULL,0,0,0,'Presentation-Title-7-FDD5Xk4vcCoesKIX-Votable',NULL,NULL,0,NULL,0),(689,'Received',NULL,5,0,0,NULL,NULL,0,0,0,'Presentation-Title-8-9xrsxbToTJn7Fch3-Votable',NULL,NULL,0,NULL,0),(690,'Received',NULL,5,0,0,NULL,NULL,0,0,0,'Presentation-Title-9-QSklRBUH25rKILCt-Votable',NULL,NULL,0,NULL,0),(691,'Received',NULL,5,0,0,NULL,NULL,0,0,0,'Presentation-Title-10-RZngqvRhVUxKHUYH-Votable',NULL,NULL,0,NULL,0),(692,'Received',NULL,5,0,0,NULL,NULL,0,0,0,'Presentation-Title-11-IhnBTvZUKLDdNSQ6-Votable',NULL,NULL,0,NULL,0),(693,'Received',NULL,5,0,0,NULL,NULL,0,0,0,'Presentation-Title-12-DvUF1yRjqqjaDBCg-Votable',NULL,NULL,0,NULL,0),(694,'Received',NULL,5,0,0,NULL,NULL,0,0,0,'Presentation-Title-13-X3XQk3H2PHTaUudG-Votable',NULL,NULL,0,NULL,0),(695,'Received',NULL,5,0,0,NULL,NULL,0,0,0,'Presentation-Title-14-AK3qmnTdY5qmp2Gq-Votable',NULL,NULL,0,NULL,0),(696,'Received',NULL,5,0,0,NULL,NULL,0,0,0,'Presentation-Title-15-eosD6JheqzwOZAzO-Votable',NULL,NULL,0,NULL,0),(697,'Received',NULL,5,0,0,NULL,NULL,0,0,0,'Presentation-Title-16-ygnvGWsOI2K486XT-Votable',NULL,NULL,0,NULL,0),(698,'Received',NULL,5,0,0,NULL,NULL,0,0,0,'Presentation-Title-17-QWUsDRTazMNJI8X5-Votable',NULL,NULL,0,NULL,0),(699,'Received',NULL,5,0,0,NULL,NULL,0,0,0,'Presentation-Title-18-ITIIGM9dE7n67eMo-Votable',NULL,NULL,0,NULL,0),(700,'Received',NULL,5,0,0,NULL,NULL,0,0,0,'Presentation-Title-19-TeCyQzEqdhlOaUno-Votable',NULL,NULL,0,NULL,0),(721,'Received',NULL,5,0,0,NULL,NULL,0,0,0,'Presentation-Title-0-QaY5bQarUc0eRZFE',NULL,19,0,NULL,0),(722,'Received',NULL,5,0,0,NULL,NULL,0,0,0,'Presentation-Title-1-9YQYiNmBjn7pJ6TB',NULL,19,0,NULL,0),(723,'Received',NULL,5,0,0,NULL,NULL,0,0,0,'Presentation-Title-2-zMAg4wEY6pC8qm0F',NULL,19,0,NULL,0),(724,'Received',NULL,5,0,0,NULL,NULL,0,0,0,'Presentation-Title-3-Z7iaKS95LVcQcAvB',NULL,19,0,NULL,0),(725,'Received',NULL,5,0,0,NULL,NULL,0,0,0,'Presentation-Title-4-4vV90sbOuPXf07YI',NULL,19,0,NULL,0),(726,'Received',NULL,5,0,0,NULL,NULL,0,0,0,'Presentation-Title-5-15fvR4gupn7ddgLe',NULL,19,0,NULL,0),(727,'Received',NULL,5,0,0,NULL,NULL,0,0,0,'Presentation-Title-6-7C1T4bjCAFSotVjv',NULL,19,0,NULL,0),(728,'Received',NULL,5,0,0,NULL,NULL,0,0,0,'Presentation-Title-7-ktN6w7g0rt1JqHUj',NULL,19,0,NULL,0),(729,'Received',NULL,5,0,0,NULL,NULL,0,0,0,'Presentation-Title-8-ni7a2N6dDOJhtVZH',NULL,19,0,NULL,0),(730,'Received',NULL,5,0,0,NULL,NULL,0,0,0,'Presentation-Title-9-Fd8fvEwnjcBPrkdx',NULL,19,0,NULL,0),(731,'Received',NULL,5,0,0,NULL,NULL,0,0,0,'Presentation-Title-10-6Qly7OI8tblPxkob',NULL,19,0,NULL,0),(732,'Received',NULL,5,0,0,NULL,NULL,0,0,0,'Presentation-Title-11-DMKwBDDPbaQn1Py5',NULL,19,0,NULL,0),(733,'Received',NULL,5,0,0,NULL,NULL,0,0,0,'Presentation-Title-12-kVVKg5wbpM5Oeo4b',NULL,19,0,NULL,0),(734,'Received',NULL,5,0,0,NULL,NULL,0,0,0,'Presentation-Title-13-4vIk7F69j0SjmOfL',NULL,19,0,NULL,0),(735,'Received',NULL,5,0,0,NULL,NULL,0,0,0,'Presentation-Title-14-67pxBIySAPtyhQfB',NULL,19,0,NULL,0),(736,'Received',NULL,5,0,0,NULL,NULL,0,0,0,'Presentation-Title-15-HEScit6Ixk1FmGfI',NULL,19,0,NULL,0),(737,'Received',NULL,5,0,0,NULL,NULL,0,0,0,'Presentation-Title-16-qgN0vWkdxYM7tEDF',NULL,19,0,NULL,0),(738,'Received',NULL,5,0,0,NULL,NULL,0,0,0,'Presentation-Title-17-mEEaiDFPFZMIZ7Dh',NULL,19,0,NULL,0),(739,'Received',NULL,5,0,0,NULL,NULL,0,0,0,'Presentation-Title-18-M0YzDEZMoj6iRXmF',NULL,19,0,NULL,0),(740,'Received',NULL,5,0,0,NULL,NULL,0,0,0,'Presentation-Title-19-DtTP8JwcCK1B4Nwi',NULL,19,0,NULL,0),(741,'Received',NULL,5,0,0,NULL,NULL,0,0,0,'Presentation-Title-20-RFJDO5bNCvjrDkxQ',NULL,20,0,NULL,0),(742,'Received',NULL,5,0,0,NULL,NULL,0,0,0,'Presentation-Title-21-QKNRAfZbHlXR60co',NULL,20,0,NULL,0),(743,'Received',NULL,5,0,0,NULL,NULL,0,0,0,'Presentation-Title-22-WUzQS1IyWUEnGm7H',NULL,20,0,NULL,0),(744,'Received',NULL,5,0,0,NULL,NULL,0,0,0,'Presentation-Title-23-BM0yV2s8DbhZwuu6',NULL,20,0,NULL,0),(745,'Received',NULL,5,0,0,NULL,NULL,0,0,0,'Presentation-Title-24-QqA0CKIVJuylRzRW',NULL,20,0,NULL,0),(746,'Received',NULL,5,0,0,NULL,NULL,0,0,0,'Presentation-Title-25-AUwGLWrQ5zXJkAt4',NULL,20,0,NULL,0),(747,'Received',NULL,5,0,0,NULL,NULL,0,0,0,'Presentation-Title-26-bVhpvHKwvDDVfXYf',NULL,20,0,NULL,0),(748,'Received',NULL,5,0,0,NULL,NULL,0,0,0,'Presentation-Title-27-r11lyjEYLQGBQvub',NULL,20,0,NULL,0),(749,'Received',NULL,5,0,0,NULL,NULL,0,0,0,'Presentation-Title-28-70ITmgDW5JdogBiK',NULL,20,0,NULL,0),(750,'Received',NULL,5,0,0,NULL,NULL,0,0,0,'Presentation-Title-29-wBOh67G4wADUb5l1',NULL,20,0,NULL,0),(751,'Received',NULL,5,0,0,NULL,NULL,0,0,0,'Presentation-Title-30-1PxsdAjw8XtxG14s',NULL,20,0,NULL,0),(752,'Received',NULL,5,0,0,NULL,NULL,0,0,0,'Presentation-Title-31-EudA8Hu6GlyAlDKN',NULL,20,0,NULL,0),(753,'Received',NULL,5,0,0,NULL,NULL,0,0,0,'Presentation-Title-32-xtlwhzDPvClcMF0C',NULL,20,0,NULL,0),(754,'Received',NULL,5,0,0,NULL,NULL,0,0,0,'Presentation-Title-33-lfYReHVedFHShUny',NULL,20,0,NULL,0),(755,'Received',NULL,5,0,0,NULL,NULL,0,0,0,'Presentation-Title-34-upSKyRBBe0dWMSCs',NULL,20,0,NULL,0),(756,'Received',NULL,5,0,0,NULL,NULL,0,0,0,'Presentation-Title-35-ma74BnLXjW5A2pR2',NULL,20,0,NULL,0),(757,'Received',NULL,5,0,0,NULL,NULL,0,0,0,'Presentation-Title-36-fJsWsf1yUs4BwzNZ',NULL,20,0,NULL,0),(758,'Received',NULL,5,0,0,NULL,NULL,0,0,0,'Presentation-Title-37-GMc6BwfoN2lAuzig',NULL,20,0,NULL,0),(759,'Received',NULL,5,0,0,NULL,NULL,0,0,0,'Presentation-Title-38-CZNoh0v92YbQd3mM',NULL,20,0,NULL,0),(760,'Received',NULL,5,0,0,NULL,NULL,0,0,0,'Presentation-Title-39-QUk8Kc6KPHL5L8X9',NULL,20,0,NULL,0),(761,'Received',NULL,5,0,0,NULL,NULL,0,0,0,'Presentation-Title-0-knkje7XI16fYjv6J-Votable',NULL,NULL,0,NULL,0),(762,'Received',NULL,5,0,0,NULL,NULL,0,0,0,'Presentation-Title-1-ens0XjvDYuY2Lkks-Votable',NULL,NULL,0,NULL,0),(763,'Received',NULL,5,0,0,NULL,NULL,0,0,0,'Presentation-Title-2-9ylF1LxwOsziPlt9-Votable',NULL,NULL,0,NULL,0),(764,'Received',NULL,5,0,0,NULL,NULL,0,0,0,'Presentation-Title-3-teXfunvhT1V0ivHX-Votable',NULL,NULL,0,NULL,0),(765,'Received',NULL,5,0,0,NULL,NULL,0,0,0,'Presentation-Title-4-G8YBV4Um4CO5UazG-Votable',NULL,NULL,0,NULL,0),(766,'Received',NULL,5,0,0,NULL,NULL,0,0,0,'Presentation-Title-5-7Z7uRh6DNySOjldA-Votable',NULL,NULL,0,NULL,0),(767,'Received',NULL,5,0,0,NULL,NULL,0,0,0,'Presentation-Title-6-LkpIFTdNYHyMozMY-Votable',NULL,NULL,0,NULL,0),(768,'Received',NULL,5,0,0,NULL,NULL,0,0,0,'Presentation-Title-7-N4Mk6NMbbEMcUIT8-Votable',NULL,NULL,0,NULL,0),(769,'Received',NULL,5,0,0,NULL,NULL,0,0,0,'Presentation-Title-8-HvIDjiW7RXDMvCrk-Votable',NULL,NULL,0,NULL,0),(770,'Received',NULL,5,0,0,NULL,NULL,0,0,0,'Presentation-Title-9-q4oKK92Kx9yt7qCN-Votable',NULL,NULL,0,NULL,0),(771,'Received',NULL,5,0,0,NULL,NULL,0,0,0,'Presentation-Title-10-ljSMhLURC74hvQf7-Votable',NULL,NULL,0,NULL,0),(772,'Received',NULL,5,0,0,NULL,NULL,0,0,0,'Presentation-Title-11-6qWEBTtPL8Olyh94-Votable',NULL,NULL,0,NULL,0),(773,'Received',NULL,5,0,0,NULL,NULL,0,0,0,'Presentation-Title-12-DpfPw1XH0NhvNNta-Votable',NULL,NULL,0,NULL,0),(774,'Received',NULL,5,0,0,NULL,NULL,0,0,0,'Presentation-Title-13-iCIdp0Ld4nfFo7CH-Votable',NULL,NULL,0,NULL,0),(775,'Received',NULL,5,0,0,NULL,NULL,0,0,0,'Presentation-Title-14-BolTf62iXv1GCIbm-Votable',NULL,NULL,0,NULL,0),(776,'Received',NULL,5,0,0,NULL,NULL,0,0,0,'Presentation-Title-15-nflV20coi2HSWQPB-Votable',NULL,NULL,0,NULL,0),(777,'Received',NULL,5,0,0,NULL,NULL,0,0,0,'Presentation-Title-16-A7zD3H571SeYoFZN-Votable',NULL,NULL,0,NULL,0),(778,'Received',NULL,5,0,0,NULL,NULL,0,0,0,'Presentation-Title-17-jpk4V3ehqD0RJaMh-Votable',NULL,NULL,0,NULL,0),(779,'Received',NULL,5,0,0,NULL,NULL,0,0,0,'Presentation-Title-18-Rh0dOGWkrCsspLus-Votable',NULL,NULL,0,NULL,0),(780,'Received',NULL,5,0,0,NULL,NULL,0,0,0,'Presentation-Title-19-kyqs9ESdNP6QB6FU-Votable',NULL,NULL,0,NULL,0),(801,'Received',NULL,5,0,0,NULL,NULL,0,0,0,'Presentation-Title-0-APERB9q6etEwnbBy',NULL,21,0,NULL,0),(802,'Received',NULL,5,0,0,NULL,NULL,0,0,0,'Presentation-Title-1-mIq0TVHKNxVWTZhU',NULL,21,0,NULL,0),(803,'Received',NULL,5,0,0,NULL,NULL,0,0,0,'Presentation-Title-2-l7ilLvaScaGQ0lXH',NULL,21,0,NULL,0),(804,'Received',NULL,5,0,0,NULL,NULL,0,0,0,'Presentation-Title-3-Z5u8mGQeoNTCimYz',NULL,21,0,NULL,0),(805,'Received',NULL,5,0,0,NULL,NULL,0,0,0,'Presentation-Title-4-u4krWdrspVCOvF1G',NULL,21,0,NULL,0),(806,'Received',NULL,5,0,0,NULL,NULL,0,0,0,'Presentation-Title-5-yGQM9p0VeNH9YqWc',NULL,21,0,NULL,0),(807,'Received',NULL,5,0,0,NULL,NULL,0,0,0,'Presentation-Title-6-YAPhCgxHdrk5DBVq',NULL,21,0,NULL,0),(808,'Received',NULL,5,0,0,NULL,NULL,0,0,0,'Presentation-Title-7-pKt3J27KKFH4BbTx',NULL,21,0,NULL,0),(809,'Received',NULL,5,0,0,NULL,NULL,0,0,0,'Presentation-Title-8-k6xgJeGqWzOJhUyS',NULL,21,0,NULL,0),(810,'Received',NULL,5,0,0,NULL,NULL,0,0,0,'Presentation-Title-9-UTKjzxKv1jmWnu7Y',NULL,21,0,NULL,0),(811,'Received',NULL,5,0,0,NULL,NULL,0,0,0,'Presentation-Title-10-1Pkc1jn0EssBWMzm',NULL,21,0,NULL,0),(812,'Received',NULL,5,0,0,NULL,NULL,0,0,0,'Presentation-Title-11-JwtWAvabefs7MaAp',NULL,21,0,NULL,0),(813,'Received',NULL,5,0,0,NULL,NULL,0,0,0,'Presentation-Title-12-8PslvUUlnPywY9ZN',NULL,21,0,NULL,0),(814,'Received',NULL,5,0,0,NULL,NULL,0,0,0,'Presentation-Title-13-08f6DoYC7RfXlba3',NULL,21,0,NULL,0),(815,'Received',NULL,5,0,0,NULL,NULL,0,0,0,'Presentation-Title-14-cIpQe2Rt88Yjx3n4',NULL,21,0,NULL,0),(816,'Received',NULL,5,0,0,NULL,NULL,0,0,0,'Presentation-Title-15-JyWhoQfMoSsrcgYA',NULL,21,0,NULL,0),(817,'Received',NULL,5,0,0,NULL,NULL,0,0,0,'Presentation-Title-16-ZTdazc1YIctqrCn4',NULL,21,0,NULL,0),(818,'Received',NULL,5,0,0,NULL,NULL,0,0,0,'Presentation-Title-17-vUAPktvGSmZcOlvu',NULL,21,0,NULL,0),(819,'Received',NULL,5,0,0,NULL,NULL,0,0,0,'Presentation-Title-18-wEjweFWT2HIfbhSG',NULL,21,0,NULL,0),(820,'Received',NULL,5,0,0,NULL,NULL,0,0,0,'Presentation-Title-19-KplrY0dky9unQZSv',NULL,21,0,NULL,0),(821,'Received',NULL,5,0,0,NULL,NULL,0,0,0,'Presentation-Title-20-4vUkB0FubQQEtdmN',NULL,22,0,NULL,0),(822,'Received',NULL,5,0,0,NULL,NULL,0,0,0,'Presentation-Title-21-o6wGL3NiyP5fykxo',NULL,22,0,NULL,0),(823,'Received',NULL,5,0,0,NULL,NULL,0,0,0,'Presentation-Title-22-vgOAOxTXEgXI7w2R',NULL,22,0,NULL,0),(824,'Received',NULL,5,0,0,NULL,NULL,0,0,0,'Presentation-Title-23-Op6UgCtSYsUQb8lD',NULL,22,0,NULL,0),(825,'Received',NULL,5,0,0,NULL,NULL,0,0,0,'Presentation-Title-24-CtS5rQ71agShyEAW',NULL,22,0,NULL,0),(826,'Received',NULL,5,0,0,NULL,NULL,0,0,0,'Presentation-Title-25-5dzrjjmoERQc8g4H',NULL,22,0,NULL,0),(827,'Received',NULL,5,0,0,NULL,NULL,0,0,0,'Presentation-Title-26-VzH2V12yjquPBLau',NULL,22,0,NULL,0),(828,'Received',NULL,5,0,0,NULL,NULL,0,0,0,'Presentation-Title-27-M81bRndQMOZaEBKJ',NULL,22,0,NULL,0),(829,'Received',NULL,5,0,0,NULL,NULL,0,0,0,'Presentation-Title-28-61Bw6ZQk8L2fhnUN',NULL,22,0,NULL,0),(830,'Received',NULL,5,0,0,NULL,NULL,0,0,0,'Presentation-Title-29-1Guf2aWMqwZ53Uh3',NULL,22,0,NULL,0),(831,'Received',NULL,5,0,0,NULL,NULL,0,0,0,'Presentation-Title-30-VM7MeAkoiqrWiBLz',NULL,22,0,NULL,0),(832,'Received',NULL,5,0,0,NULL,NULL,0,0,0,'Presentation-Title-31-LdCZ9S23pRZGsSzd',NULL,22,0,NULL,0),(833,'Received',NULL,5,0,0,NULL,NULL,0,0,0,'Presentation-Title-32-aGwBTRpNYp7v7bfK',NULL,22,0,NULL,0),(834,'Received',NULL,5,0,0,NULL,NULL,0,0,0,'Presentation-Title-33-sArPZX3zVmyzh8gq',NULL,22,0,NULL,0),(835,'Received',NULL,5,0,0,NULL,NULL,0,0,0,'Presentation-Title-34-6FHfuTU4gryUoukn',NULL,22,0,NULL,0),(836,'Received',NULL,5,0,0,NULL,NULL,0,0,0,'Presentation-Title-35-9ed8HrI9WHDDSY56',NULL,22,0,NULL,0),(837,'Received',NULL,5,0,0,NULL,NULL,0,0,0,'Presentation-Title-36-JAliUJjdYqV0yrHj',NULL,22,0,NULL,0),(838,'Received',NULL,5,0,0,NULL,NULL,0,0,0,'Presentation-Title-37-caS7pVx4qCSww3y4',NULL,22,0,NULL,0),(839,'Received',NULL,5,0,0,NULL,NULL,0,0,0,'Presentation-Title-38-gh6sZmRbqyC1Qd03',NULL,22,0,NULL,0),(840,'Received',NULL,5,0,0,NULL,NULL,0,0,0,'Presentation-Title-39-ibinln4PbPRMR7Di',NULL,22,0,NULL,0),(841,'Received',NULL,5,0,0,NULL,NULL,0,0,0,'Presentation-Title-0-tquvOyIxuIjWzi9A-Votable',NULL,NULL,0,NULL,0),(842,'Received',NULL,5,0,0,NULL,NULL,0,0,0,'Presentation-Title-1-HS5rR3Q6ps875FaG-Votable',NULL,NULL,0,NULL,0),(843,'Received',NULL,5,0,0,NULL,NULL,0,0,0,'Presentation-Title-2-62Xi1ho0GR5r8R1R-Votable',NULL,NULL,0,NULL,0),(844,'Received',NULL,5,0,0,NULL,NULL,0,0,0,'Presentation-Title-3-o1Sqm6wIE7VA7oin-Votable',NULL,NULL,0,NULL,0),(845,'Received',NULL,5,0,0,NULL,NULL,0,0,0,'Presentation-Title-4-qgHlUqLl7revdLzr-Votable',NULL,NULL,0,NULL,0),(846,'Received',NULL,5,0,0,NULL,NULL,0,0,0,'Presentation-Title-5-bNfxaPmXAYMhG7eo-Votable',NULL,NULL,0,NULL,0),(847,'Received',NULL,5,0,0,NULL,NULL,0,0,0,'Presentation-Title-6-Ny5C7bJStuHFaRQh-Votable',NULL,NULL,0,NULL,0),(848,'Received',NULL,5,0,0,NULL,NULL,0,0,0,'Presentation-Title-7-uDYzfs8bBI85L2Pm-Votable',NULL,NULL,0,NULL,0),(849,'Received',NULL,5,0,0,NULL,NULL,0,0,0,'Presentation-Title-8-jZUy0ERLWzBRp1LQ-Votable',NULL,NULL,0,NULL,0),(850,'Received',NULL,5,0,0,NULL,NULL,0,0,0,'Presentation-Title-9-QSvVYybbgTYI5ztB-Votable',NULL,NULL,0,NULL,0),(851,'Received',NULL,5,0,0,NULL,NULL,0,0,0,'Presentation-Title-10-As0r85IjQ9NmbdMa-Votable',NULL,NULL,0,NULL,0),(852,'Received',NULL,5,0,0,NULL,NULL,0,0,0,'Presentation-Title-11-v7iZUcIElH0yMsJa-Votable',NULL,NULL,0,NULL,0),(853,'Received',NULL,5,0,0,NULL,NULL,0,0,0,'Presentation-Title-12-3rThuMhinZwfnVSF-Votable',NULL,NULL,0,NULL,0),(854,'Received',NULL,5,0,0,NULL,NULL,0,0,0,'Presentation-Title-13-pEsa4QrwXHzlDdfF-Votable',NULL,NULL,0,NULL,0),(855,'Received',NULL,5,0,0,NULL,NULL,0,0,0,'Presentation-Title-14-OZnuVOwtWYnyy2pV-Votable',NULL,NULL,0,NULL,0),(856,'Received',NULL,5,0,0,NULL,NULL,0,0,0,'Presentation-Title-15-yUM1pmdJk7rsRPdG-Votable',NULL,NULL,0,NULL,0),(857,'Received',NULL,5,0,0,NULL,NULL,0,0,0,'Presentation-Title-16-SeNSb7U8W3QcpXhF-Votable',NULL,NULL,0,NULL,0),(858,'Received',NULL,5,0,0,NULL,NULL,0,0,0,'Presentation-Title-17-ZjkjpxOc3vafeQ2k-Votable',NULL,NULL,0,NULL,0),(859,'Received',NULL,5,0,0,NULL,NULL,0,0,0,'Presentation-Title-18-sqSL0fFAfSgJR0HX-Votable',NULL,NULL,0,NULL,0),(860,'Received',NULL,5,0,0,NULL,NULL,0,0,0,'Presentation-Title-19-5shIto9ih2gfCFuz-Votable',NULL,NULL,0,NULL,0),(881,'Received',NULL,5,0,0,NULL,NULL,0,0,0,'Presentation-Title-0-R4xFjw6HCKfcx5HE',NULL,23,0,NULL,0),(882,'Received',NULL,5,0,0,NULL,NULL,0,0,0,'Presentation-Title-1-r8nUqCnPrVR4wobK',NULL,23,0,NULL,0),(883,'Received',NULL,5,0,0,NULL,NULL,0,0,0,'Presentation-Title-2-8Z3Gv9xyjFR5plH0',NULL,23,0,NULL,0),(884,'Received',NULL,5,0,0,NULL,NULL,0,0,0,'Presentation-Title-3-RyClffjkrlYfZN0f',NULL,23,0,NULL,0),(885,'Received',NULL,5,0,0,NULL,NULL,0,0,0,'Presentation-Title-4-5IP4J9kSm53Bj9Sw',NULL,23,0,NULL,0),(886,'Received',NULL,5,0,0,NULL,NULL,0,0,0,'Presentation-Title-5-AIcLq3r1v336d7kA',NULL,23,0,NULL,0),(887,'Received',NULL,5,0,0,NULL,NULL,0,0,0,'Presentation-Title-6-JhDKVkonO3RuSRtA',NULL,23,0,NULL,0),(888,'Received',NULL,5,0,0,NULL,NULL,0,0,0,'Presentation-Title-7-14liBoAokY7dY76L',NULL,23,0,NULL,0),(889,'Received',NULL,5,0,0,NULL,NULL,0,0,0,'Presentation-Title-8-4sHZlaoFw7x97a2h',NULL,23,0,NULL,0),(890,'Received',NULL,5,0,0,NULL,NULL,0,0,0,'Presentation-Title-9-fBBMrnjsk4UOT8yc',NULL,23,0,NULL,0),(891,'Received',NULL,5,0,0,NULL,NULL,0,0,0,'Presentation-Title-10-Hs1PBjOizEN6JP4g',NULL,23,0,NULL,0),(892,'Received',NULL,5,0,0,NULL,NULL,0,0,0,'Presentation-Title-11-qya9sFTOWiuss3of',NULL,23,0,NULL,0),(893,'Received',NULL,5,0,0,NULL,NULL,0,0,0,'Presentation-Title-12-ApMZ5OjSQ9ruRn28',NULL,23,0,NULL,0),(894,'Received',NULL,5,0,0,NULL,NULL,0,0,0,'Presentation-Title-13-BWDo0vQfv4A5BQfo',NULL,23,0,NULL,0),(895,'Received',NULL,5,0,0,NULL,NULL,0,0,0,'Presentation-Title-14-cks7bQiuna8WNksz',NULL,23,0,NULL,0),(896,'Received',NULL,5,0,0,NULL,NULL,0,0,0,'Presentation-Title-15-5cYcipwjzmO0n4YE',NULL,23,0,NULL,0),(897,'Received',NULL,5,0,0,NULL,NULL,0,0,0,'Presentation-Title-16-X5yuy2tAIsN7Pzlv',NULL,23,0,NULL,0),(898,'Received',NULL,5,0,0,NULL,NULL,0,0,0,'Presentation-Title-17-SGuYIK940eUFsr0I',NULL,23,0,NULL,0),(899,'Received',NULL,5,0,0,NULL,NULL,0,0,0,'Presentation-Title-18-XcCDKQ668La5t9fX',NULL,23,0,NULL,0),(900,'Received',NULL,5,0,0,NULL,NULL,0,0,0,'Presentation-Title-19-gJ5C7lkPG5ScLlOd',NULL,23,0,NULL,0),(901,'Received',NULL,5,0,0,NULL,NULL,0,0,0,'Presentation-Title-20-IcQemixqTE5fvHbn',NULL,24,0,NULL,0),(902,'Received',NULL,5,0,0,NULL,NULL,0,0,0,'Presentation-Title-21-TkI1eAWQjEw5pEkT',NULL,24,0,NULL,0),(903,'Received',NULL,5,0,0,NULL,NULL,0,0,0,'Presentation-Title-22-JV2E1DyVg3hpW39x',NULL,24,0,NULL,0),(904,'Received',NULL,5,0,0,NULL,NULL,0,0,0,'Presentation-Title-23-PHQKT9gkoUD3e1cH',NULL,24,0,NULL,0),(905,'Received',NULL,5,0,0,NULL,NULL,0,0,0,'Presentation-Title-24-jg4wcWhC9VYxLBVb',NULL,24,0,NULL,0),(906,'Received',NULL,5,0,0,NULL,NULL,0,0,0,'Presentation-Title-25-k7my1QoyXrwQSLWH',NULL,24,0,NULL,0),(907,'Received',NULL,5,0,0,NULL,NULL,0,0,0,'Presentation-Title-26-bMalzaUtkJwvPDkj',NULL,24,0,NULL,0),(908,'Received',NULL,5,0,0,NULL,NULL,0,0,0,'Presentation-Title-27-thHNrviMARTWOG4D',NULL,24,0,NULL,0),(909,'Received',NULL,5,0,0,NULL,NULL,0,0,0,'Presentation-Title-28-zFifjWBrpKSJlB1U',NULL,24,0,NULL,0),(910,'Received',NULL,5,0,0,NULL,NULL,0,0,0,'Presentation-Title-29-JdrmaRowHzmDeEoN',NULL,24,0,NULL,0),(911,'Received',NULL,5,0,0,NULL,NULL,0,0,0,'Presentation-Title-30-N9dZ68kXMSPkGlxH',NULL,24,0,NULL,0),(912,'Received',NULL,5,0,0,NULL,NULL,0,0,0,'Presentation-Title-31-Zzdlre4oMZ80TbcM',NULL,24,0,NULL,0),(913,'Received',NULL,5,0,0,NULL,NULL,0,0,0,'Presentation-Title-32-nP0FG7HWtRkgdR6A',NULL,24,0,NULL,0),(914,'Received',NULL,5,0,0,NULL,NULL,0,0,0,'Presentation-Title-33-oibBUVsp9Pu2751M',NULL,24,0,NULL,0),(915,'Received',NULL,5,0,0,NULL,NULL,0,0,0,'Presentation-Title-34-y2L4mhfui7p5RKZL',NULL,24,0,NULL,0),(916,'Received',NULL,5,0,0,NULL,NULL,0,0,0,'Presentation-Title-35-wYDdEEe9E43T5WIr',NULL,24,0,NULL,0),(917,'Received',NULL,5,0,0,NULL,NULL,0,0,0,'Presentation-Title-36-2EI1od9kujkOnX36',NULL,24,0,NULL,0),(918,'Received',NULL,5,0,0,NULL,NULL,0,0,0,'Presentation-Title-37-sWmbK9gBmJFAO9fN',NULL,24,0,NULL,0),(919,'Received',NULL,5,0,0,NULL,NULL,0,0,0,'Presentation-Title-38-h2Zpg8s5Y1Vf8ns3',NULL,24,0,NULL,0),(920,'Received',NULL,5,0,0,NULL,NULL,0,0,0,'Presentation-Title-39-yShMGccRJZ4msZu3',NULL,24,0,NULL,0),(921,'Received',NULL,5,0,0,NULL,NULL,0,0,0,'Presentation-Title-0-5dlLh5MzgeNosxh1-Votable',NULL,NULL,0,NULL,0),(922,'Received',NULL,5,0,0,NULL,NULL,0,0,0,'Presentation-Title-1-VwSyOV6pMJh0GN8K-Votable',NULL,NULL,0,NULL,0),(923,'Received',NULL,5,0,0,NULL,NULL,0,0,0,'Presentation-Title-2-L8CULelQPttZr1WF-Votable',NULL,NULL,0,NULL,0),(924,'Received',NULL,5,0,0,NULL,NULL,0,0,0,'Presentation-Title-3-daSwsmVtZasUmYez-Votable',NULL,NULL,0,NULL,0),(925,'Received',NULL,5,0,0,NULL,NULL,0,0,0,'Presentation-Title-4-Vx3b5fM0EUn4JO8v-Votable',NULL,NULL,0,NULL,0),(926,'Received',NULL,5,0,0,NULL,NULL,0,0,0,'Presentation-Title-5-I6CnsLlCfFl3Cm6F-Votable',NULL,NULL,0,NULL,0),(927,'Received',NULL,5,0,0,NULL,NULL,0,0,0,'Presentation-Title-6-IRh5uoQRY5ozGCjC-Votable',NULL,NULL,0,NULL,0),(928,'Received',NULL,5,0,0,NULL,NULL,0,0,0,'Presentation-Title-7-k5cpJ3qSk0unmHPa-Votable',NULL,NULL,0,NULL,0),(929,'Received',NULL,5,0,0,NULL,NULL,0,0,0,'Presentation-Title-8-fsTemdW38Phm5kNS-Votable',NULL,NULL,0,NULL,0),(930,'Received',NULL,5,0,0,NULL,NULL,0,0,0,'Presentation-Title-9-rOhapn3XyZlVBFvW-Votable',NULL,NULL,0,NULL,0),(931,'Received',NULL,5,0,0,NULL,NULL,0,0,0,'Presentation-Title-10-nJidsDLVtMVnq9Ig-Votable',NULL,NULL,0,NULL,0),(932,'Received',NULL,5,0,0,NULL,NULL,0,0,0,'Presentation-Title-11-0lFjIFNTkexHSpKa-Votable',NULL,NULL,0,NULL,0),(933,'Received',NULL,5,0,0,NULL,NULL,0,0,0,'Presentation-Title-12-qjFxm43JTLmSyU8g-Votable',NULL,NULL,0,NULL,0),(934,'Received',NULL,5,0,0,NULL,NULL,0,0,0,'Presentation-Title-13-WvZXAkdgut9aXyzf-Votable',NULL,NULL,0,NULL,0),(935,'Received',NULL,5,0,0,NULL,NULL,0,0,0,'Presentation-Title-14-jdY7E1QF4fgERMLu-Votable',NULL,NULL,0,NULL,0),(936,'Received',NULL,5,0,0,NULL,NULL,0,0,0,'Presentation-Title-15-Q6hwKypswMB9XciZ-Votable',NULL,NULL,0,NULL,0),(937,'Received',NULL,5,0,0,NULL,NULL,0,0,0,'Presentation-Title-16-YhnDs2biEO6LgOQn-Votable',NULL,NULL,0,NULL,0),(938,'Received',NULL,5,0,0,NULL,NULL,0,0,0,'Presentation-Title-17-KxKME5Ppf3tCsUJW-Votable',NULL,NULL,0,NULL,0),(939,'Received',NULL,5,0,0,NULL,NULL,0,0,0,'Presentation-Title-18-Y0qtY2P6QJ4KAati-Votable',NULL,NULL,0,NULL,0),(940,'Received',NULL,5,0,0,NULL,NULL,0,0,0,'Presentation-Title-19-uml5fXUy0EcybI4C-Votable',NULL,NULL,0,NULL,0),(961,'Received',NULL,5,0,0,NULL,NULL,0,0,0,'Presentation-Title-0-6D2cSA5eDL5awTO5',NULL,25,0,NULL,0),(962,'Received',NULL,5,0,0,NULL,NULL,0,0,0,'Presentation-Title-1-Km2nPXQJA5d0KFOZ',NULL,25,0,NULL,0),(963,'Received',NULL,5,0,0,NULL,NULL,0,0,0,'Presentation-Title-2-uac0DZX442YDRl9F',NULL,25,0,NULL,0),(964,'Received',NULL,5,0,0,NULL,NULL,0,0,0,'Presentation-Title-3-PlJt9dIPgcCCGDjg',NULL,25,0,NULL,0),(965,'Received',NULL,5,0,0,NULL,NULL,0,0,0,'Presentation-Title-4-PKUzcgR1ELpecMY1',NULL,25,0,NULL,0),(966,'Received',NULL,5,0,0,NULL,NULL,0,0,0,'Presentation-Title-5-n08ZJTxKckx9Ur42',NULL,25,0,NULL,0),(967,'Received',NULL,5,0,0,NULL,NULL,0,0,0,'Presentation-Title-6-vM4ciQly9meuiWXU',NULL,25,0,NULL,0),(968,'Received',NULL,5,0,0,NULL,NULL,0,0,0,'Presentation-Title-7-spvH6h1LoQ4R8tup',NULL,25,0,NULL,0),(969,'Received',NULL,5,0,0,NULL,NULL,0,0,0,'Presentation-Title-8-OJZ3OTGhTd8HY350',NULL,25,0,NULL,0),(970,'Received',NULL,5,0,0,NULL,NULL,0,0,0,'Presentation-Title-9-aH0kezLBvJLcOOXz',NULL,25,0,NULL,0),(971,'Received',NULL,5,0,0,NULL,NULL,0,0,0,'Presentation-Title-10-0ZP0pAqmBRxKzL2N',NULL,25,0,NULL,0),(972,'Received',NULL,5,0,0,NULL,NULL,0,0,0,'Presentation-Title-11-Vmt7VPpJzCtcDSnd',NULL,25,0,NULL,0),(973,'Received',NULL,5,0,0,NULL,NULL,0,0,0,'Presentation-Title-12-snanuIejWthgMxeG',NULL,25,0,NULL,0),(974,'Received',NULL,5,0,0,NULL,NULL,0,0,0,'Presentation-Title-13-rUaJn1WCFtM6V3q3',NULL,25,0,NULL,0),(975,'Received',NULL,5,0,0,NULL,NULL,0,0,0,'Presentation-Title-14-dBYXfVjBVTv0duML',NULL,25,0,NULL,0),(976,'Received',NULL,5,0,0,NULL,NULL,0,0,0,'Presentation-Title-15-DMI41yt1J7EDNnEE',NULL,25,0,NULL,0),(977,'Received',NULL,5,0,0,NULL,NULL,0,0,0,'Presentation-Title-16-vOMyr5HSqHAJrkSv',NULL,25,0,NULL,0),(978,'Received',NULL,5,0,0,NULL,NULL,0,0,0,'Presentation-Title-17-vVsV0pMXZ1VMAH25',NULL,25,0,NULL,0),(979,'Received',NULL,5,0,0,NULL,NULL,0,0,0,'Presentation-Title-18-Zgtp5ImxcBbo8nBi',NULL,25,0,NULL,0),(980,'Received',NULL,5,0,0,NULL,NULL,0,0,0,'Presentation-Title-19-wWbAqGVAS2osGHfH',NULL,25,0,NULL,0),(981,'Received',NULL,5,0,0,NULL,NULL,0,0,0,'Presentation-Title-20-wLHZqcuVakPR7Zwc',NULL,26,0,NULL,0),(982,'Received',NULL,5,0,0,NULL,NULL,0,0,0,'Presentation-Title-21-3cCdQRUrFsCCQE7v',NULL,26,0,NULL,0),(983,'Received',NULL,5,0,0,NULL,NULL,0,0,0,'Presentation-Title-22-B5kQJJO3KmGV432m',NULL,26,0,NULL,0),(984,'Received',NULL,5,0,0,NULL,NULL,0,0,0,'Presentation-Title-23-bBbxlJFqkhAV4Xvu',NULL,26,0,NULL,0),(985,'Received',NULL,5,0,0,NULL,NULL,0,0,0,'Presentation-Title-24-pPAedVYHChkfpkS7',NULL,26,0,NULL,0),(986,'Received',NULL,5,0,0,NULL,NULL,0,0,0,'Presentation-Title-25-iBFOmgxXpcXPTLFD',NULL,26,0,NULL,0),(987,'Received',NULL,5,0,0,NULL,NULL,0,0,0,'Presentation-Title-26-bZ4ejohoOx2dN629',NULL,26,0,NULL,0),(988,'Received',NULL,5,0,0,NULL,NULL,0,0,0,'Presentation-Title-27-TV0ClFVHxYY7te7L',NULL,26,0,NULL,0),(989,'Received',NULL,5,0,0,NULL,NULL,0,0,0,'Presentation-Title-28-2Ylx3QHx0aaQz0Fm',NULL,26,0,NULL,0),(990,'Received',NULL,5,0,0,NULL,NULL,0,0,0,'Presentation-Title-29-3pZKUeLkMWnx4jFo',NULL,26,0,NULL,0),(991,'Received',NULL,5,0,0,NULL,NULL,0,0,0,'Presentation-Title-30-FF4qb5Kxkd0XXJyQ',NULL,26,0,NULL,0),(992,'Received',NULL,5,0,0,NULL,NULL,0,0,0,'Presentation-Title-31-TlITeyC7OrwL36dB',NULL,26,0,NULL,0),(993,'Received',NULL,5,0,0,NULL,NULL,0,0,0,'Presentation-Title-32-L3Sh61BNCBLQlGOe',NULL,26,0,NULL,0),(994,'Received',NULL,5,0,0,NULL,NULL,0,0,0,'Presentation-Title-33-kZfRDv1mi4BFawoA',NULL,26,0,NULL,0),(995,'Received',NULL,5,0,0,NULL,NULL,0,0,0,'Presentation-Title-34-WGcib25EkS4vgvNX',NULL,26,0,NULL,0),(996,'Received',NULL,5,0,0,NULL,NULL,0,0,0,'Presentation-Title-35-ImOpWPJqbJ3rqlxT',NULL,26,0,NULL,0),(997,'Received',NULL,5,0,0,NULL,NULL,0,0,0,'Presentation-Title-36-uXMG173lsksM0V1Z',NULL,26,0,NULL,0),(998,'Received',NULL,5,0,0,NULL,NULL,0,0,0,'Presentation-Title-37-9D4RZ1yMcVnzrE0I',NULL,26,0,NULL,0),(999,'Received',NULL,5,0,0,NULL,NULL,0,0,0,'Presentation-Title-38-oxOZFTEp2qEuutxo',NULL,26,0,NULL,0),(1000,'Received',NULL,5,0,0,NULL,NULL,0,0,0,'Presentation-Title-39-FGDKcab29BfbFSLY',NULL,26,0,NULL,0),(1001,'Received',NULL,5,0,0,NULL,NULL,0,0,0,'Presentation-Title-0-tVzb6jFl8yUBIPdJ-Votable',NULL,NULL,0,NULL,0),(1002,'Received',NULL,5,0,0,NULL,NULL,0,0,0,'Presentation-Title-1-8cVqkN1JF4UQsHYo-Votable',NULL,NULL,0,NULL,0),(1003,'Received',NULL,5,0,0,NULL,NULL,0,0,0,'Presentation-Title-2-O7L9YvLdGxCz8xgF-Votable',NULL,NULL,0,NULL,0),(1004,'Received',NULL,5,0,0,NULL,NULL,0,0,0,'Presentation-Title-3-mCyBBzEibbVa1idt-Votable',NULL,NULL,0,NULL,0),(1005,'Received',NULL,5,0,0,NULL,NULL,0,0,0,'Presentation-Title-4-mWNqwmX0dghvK6qN-Votable',NULL,NULL,0,NULL,0),(1006,'Received',NULL,5,0,0,NULL,NULL,0,0,0,'Presentation-Title-5-8kKwK73gSyoR9Ptj-Votable',NULL,NULL,0,NULL,0),(1007,'Received',NULL,5,0,0,NULL,NULL,0,0,0,'Presentation-Title-6-3nUelUnG6bvTQtg2-Votable',NULL,NULL,0,NULL,0),(1008,'Received',NULL,5,0,0,NULL,NULL,0,0,0,'Presentation-Title-7-jgRdFPZiSU2hr3O8-Votable',NULL,NULL,0,NULL,0),(1009,'Received',NULL,5,0,0,NULL,NULL,0,0,0,'Presentation-Title-8-MZbXv0Su0eZAjgvc-Votable',NULL,NULL,0,NULL,0),(1010,'Received',NULL,5,0,0,NULL,NULL,0,0,0,'Presentation-Title-9-WirXIC09QR7ZA8nT-Votable',NULL,NULL,0,NULL,0),(1011,'Received',NULL,5,0,0,NULL,NULL,0,0,0,'Presentation-Title-10-NJby1jVUg1gCKT1f-Votable',NULL,NULL,0,NULL,0),(1012,'Received',NULL,5,0,0,NULL,NULL,0,0,0,'Presentation-Title-11-ifUfazK4Uw5Z95yL-Votable',NULL,NULL,0,NULL,0),(1013,'Received',NULL,5,0,0,NULL,NULL,0,0,0,'Presentation-Title-12-k1QdS9NVQ0FNEDSr-Votable',NULL,NULL,0,NULL,0),(1014,'Received',NULL,5,0,0,NULL,NULL,0,0,0,'Presentation-Title-13-ROmbfHwn4JEudioP-Votable',NULL,NULL,0,NULL,0),(1015,'Received',NULL,5,0,0,NULL,NULL,0,0,0,'Presentation-Title-14-wYKQHWC2H9uELkYo-Votable',NULL,NULL,0,NULL,0),(1016,'Received',NULL,5,0,0,NULL,NULL,0,0,0,'Presentation-Title-15-mQbRl9C1U6V9laQT-Votable',NULL,NULL,0,NULL,0),(1017,'Received',NULL,5,0,0,NULL,NULL,0,0,0,'Presentation-Title-16-cAHl5WS8jzitEcNI-Votable',NULL,NULL,0,NULL,0),(1018,'Received',NULL,5,0,0,NULL,NULL,0,0,0,'Presentation-Title-17-GnY6UKfv4lDWkaU9-Votable',NULL,NULL,0,NULL,0),(1019,'Received',NULL,5,0,0,NULL,NULL,0,0,0,'Presentation-Title-18-s71uOOqhthL0GNt4-Votable',NULL,NULL,0,NULL,0),(1020,'Received',NULL,5,0,0,NULL,NULL,0,0,0,'Presentation-Title-19-T4aWAkJs5LVrwNpu-Votable',NULL,NULL,0,NULL,0),(1041,'Received',NULL,5,0,0,NULL,NULL,0,0,0,'Presentation-Title-0-lGG8zonMWzWXljQO',NULL,27,0,NULL,0),(1042,'Received',NULL,5,0,0,NULL,NULL,0,0,0,'Presentation-Title-1-SXJpBRJGNpO02gOX',NULL,27,0,NULL,0),(1043,'Received',NULL,5,0,0,NULL,NULL,0,0,0,'Presentation-Title-2-3TLIL0T0fYwg46KM',NULL,27,0,NULL,0),(1044,'Received',NULL,5,0,0,NULL,NULL,0,0,0,'Presentation-Title-3-BcfKaSBCteF8mRdE',NULL,27,0,NULL,0),(1045,'Received',NULL,5,0,0,NULL,NULL,0,0,0,'Presentation-Title-4-H6Qxy4JDdtC3Cxd1',NULL,27,0,NULL,0),(1046,'Received',NULL,5,0,0,NULL,NULL,0,0,0,'Presentation-Title-5-hMXumKqNcAZT7tFW',NULL,27,0,NULL,0),(1047,'Received',NULL,5,0,0,NULL,NULL,0,0,0,'Presentation-Title-6-h9zv4e6zsSklKGa9',NULL,27,0,NULL,0),(1048,'Received',NULL,5,0,0,NULL,NULL,0,0,0,'Presentation-Title-7-wYcLWwPTYdHrej90',NULL,27,0,NULL,0),(1049,'Received',NULL,5,0,0,NULL,NULL,0,0,0,'Presentation-Title-8-LQitj0gii0JX6Sdd',NULL,27,0,NULL,0),(1050,'Received',NULL,5,0,0,NULL,NULL,0,0,0,'Presentation-Title-9-p7wuy9nyqDPBjbag',NULL,27,0,NULL,0),(1051,'Received',NULL,5,0,0,NULL,NULL,0,0,0,'Presentation-Title-10-a8DtpYcdsP12cgNA',NULL,27,0,NULL,0),(1052,'Received',NULL,5,0,0,NULL,NULL,0,0,0,'Presentation-Title-11-JOYYX6PKkB6DmO6Z',NULL,27,0,NULL,0),(1053,'Received',NULL,5,0,0,NULL,NULL,0,0,0,'Presentation-Title-12-RPJlmCVzUxQAJKfk',NULL,27,0,NULL,0),(1054,'Received',NULL,5,0,0,NULL,NULL,0,0,0,'Presentation-Title-13-P4qIcFGioOfD0jsp',NULL,27,0,NULL,0),(1055,'Received',NULL,5,0,0,NULL,NULL,0,0,0,'Presentation-Title-14-aqmNq5HOcljUHQPn',NULL,27,0,NULL,0),(1056,'Received',NULL,5,0,0,NULL,NULL,0,0,0,'Presentation-Title-15-petK3L4wN9ZxC3lZ',NULL,27,0,NULL,0),(1057,'Received',NULL,5,0,0,NULL,NULL,0,0,0,'Presentation-Title-16-kWObQnyQ2D4bvu2k',NULL,27,0,NULL,0),(1058,'Received',NULL,5,0,0,NULL,NULL,0,0,0,'Presentation-Title-17-CvoJtB8kNYYZFBy5',NULL,27,0,NULL,0),(1059,'Received',NULL,5,0,0,NULL,NULL,0,0,0,'Presentation-Title-18-mTZXr82xfNuxJchh',NULL,27,0,NULL,0),(1060,'Received',NULL,5,0,0,NULL,NULL,0,0,0,'Presentation-Title-19-RTMARAWtI0Gq9rLQ',NULL,27,0,NULL,0),(1061,'Received',NULL,5,0,0,NULL,NULL,0,0,0,'Presentation-Title-20-8SNYh2Oq00OgCiba',NULL,28,0,NULL,0),(1062,'Received',NULL,5,0,0,NULL,NULL,0,0,0,'Presentation-Title-21-D5kjCu59zZtv6cwi',NULL,28,0,NULL,0),(1063,'Received',NULL,5,0,0,NULL,NULL,0,0,0,'Presentation-Title-22-HtwcKvLFSVIDQ2Y8',NULL,28,0,NULL,0),(1064,'Received',NULL,5,0,0,NULL,NULL,0,0,0,'Presentation-Title-23-Q2XNX7wxj2VdSyGv',NULL,28,0,NULL,0),(1065,'Received',NULL,5,0,0,NULL,NULL,0,0,0,'Presentation-Title-24-ZvtoJ0VUf3UfZPmZ',NULL,28,0,NULL,0),(1066,'Received',NULL,5,0,0,NULL,NULL,0,0,0,'Presentation-Title-25-vepLv6WoIVHyATcb',NULL,28,0,NULL,0),(1067,'Received',NULL,5,0,0,NULL,NULL,0,0,0,'Presentation-Title-26-tII17H3Q5F60vy8Y',NULL,28,0,NULL,0),(1068,'Received',NULL,5,0,0,NULL,NULL,0,0,0,'Presentation-Title-27-zyLPaWblIOFfDnXY',NULL,28,0,NULL,0),(1069,'Received',NULL,5,0,0,NULL,NULL,0,0,0,'Presentation-Title-28-SY9Do8XTdzTgMEeE',NULL,28,0,NULL,0),(1070,'Received',NULL,5,0,0,NULL,NULL,0,0,0,'Presentation-Title-29-fXNHlWjKtjZWkOoW',NULL,28,0,NULL,0),(1071,'Received',NULL,5,0,0,NULL,NULL,0,0,0,'Presentation-Title-30-u6bGElJtuANpDMsL',NULL,28,0,NULL,0),(1072,'Received',NULL,5,0,0,NULL,NULL,0,0,0,'Presentation-Title-31-8WLgtCeEWaRijc2u',NULL,28,0,NULL,0),(1073,'Received',NULL,5,0,0,NULL,NULL,0,0,0,'Presentation-Title-32-z03QmtsDysCsYpYt',NULL,28,0,NULL,0),(1074,'Received',NULL,5,0,0,NULL,NULL,0,0,0,'Presentation-Title-33-w6wuuec1Yn1XP7Ib',NULL,28,0,NULL,0),(1075,'Received',NULL,5,0,0,NULL,NULL,0,0,0,'Presentation-Title-34-yTKF3DJGDLA7v4bz',NULL,28,0,NULL,0),(1076,'Received',NULL,5,0,0,NULL,NULL,0,0,0,'Presentation-Title-35-lSXSk2BbpZLZaDGz',NULL,28,0,NULL,0),(1077,'Received',NULL,5,0,0,NULL,NULL,0,0,0,'Presentation-Title-36-CLFen9rS1uoLeBR5',NULL,28,0,NULL,0),(1078,'Received',NULL,5,0,0,NULL,NULL,0,0,0,'Presentation-Title-37-vjNVKP8S1tId9UDv',NULL,28,0,NULL,0),(1079,'Received',NULL,5,0,0,NULL,NULL,0,0,0,'Presentation-Title-38-Gjz4Lf4ynlYdBijH',NULL,28,0,NULL,0),(1080,'Received',NULL,5,0,0,NULL,NULL,0,0,0,'Presentation-Title-39-13qfoAhrAfZXjP6r',NULL,28,0,NULL,0),(1081,'Received',NULL,5,0,0,NULL,NULL,0,0,0,'Presentation-Title-0-AUFF3CtvGIsvCtUc-Votable',NULL,NULL,0,NULL,0),(1082,'Received',NULL,5,0,0,NULL,NULL,0,0,0,'Presentation-Title-1-8yyBkxWrpN85u15t-Votable',NULL,NULL,0,NULL,0),(1083,'Received',NULL,5,0,0,NULL,NULL,0,0,0,'Presentation-Title-2-qVW83Sz2ySz7NmFk-Votable',NULL,NULL,0,NULL,0),(1084,'Received',NULL,5,0,0,NULL,NULL,0,0,0,'Presentation-Title-3-U0VsYyIwTcfyNCmi-Votable',NULL,NULL,0,NULL,0),(1085,'Received',NULL,5,0,0,NULL,NULL,0,0,0,'Presentation-Title-4-fWNpZ8hMh9VrLJ84-Votable',NULL,NULL,0,NULL,0),(1086,'Received',NULL,5,0,0,NULL,NULL,0,0,0,'Presentation-Title-5-ZjETS6gjgvhSP4wT-Votable',NULL,NULL,0,NULL,0),(1087,'Received',NULL,5,0,0,NULL,NULL,0,0,0,'Presentation-Title-6-sEcjXYGPfsDzb4hN-Votable',NULL,NULL,0,NULL,0),(1088,'Received',NULL,5,0,0,NULL,NULL,0,0,0,'Presentation-Title-7-zVXery529IQjgZUs-Votable',NULL,NULL,0,NULL,0),(1089,'Received',NULL,5,0,0,NULL,NULL,0,0,0,'Presentation-Title-8-7MJFE3wCoCBneZMI-Votable',NULL,NULL,0,NULL,0),(1090,'Received',NULL,5,0,0,NULL,NULL,0,0,0,'Presentation-Title-9-How8mtJ9TXB41CF9-Votable',NULL,NULL,0,NULL,0),(1091,'Received',NULL,5,0,0,NULL,NULL,0,0,0,'Presentation-Title-10-SnoopH951Ga2GNm2-Votable',NULL,NULL,0,NULL,0),(1092,'Received',NULL,5,0,0,NULL,NULL,0,0,0,'Presentation-Title-11-qHHEbHBrkrPKVUYF-Votable',NULL,NULL,0,NULL,0),(1093,'Received',NULL,5,0,0,NULL,NULL,0,0,0,'Presentation-Title-12-zg9v6dHNNPxpnojq-Votable',NULL,NULL,0,NULL,0),(1094,'Received',NULL,5,0,0,NULL,NULL,0,0,0,'Presentation-Title-13-5yZynfCo9rLb5reh-Votable',NULL,NULL,0,NULL,0),(1095,'Received',NULL,5,0,0,NULL,NULL,0,0,0,'Presentation-Title-14-4f1SLMEDX04kcznG-Votable',NULL,NULL,0,NULL,0),(1096,'Received',NULL,5,0,0,NULL,NULL,0,0,0,'Presentation-Title-15-q1lAirwGtGiR0UFL-Votable',NULL,NULL,0,NULL,0),(1097,'Received',NULL,5,0,0,NULL,NULL,0,0,0,'Presentation-Title-16-v6K82hXvoupIk0oc-Votable',NULL,NULL,0,NULL,0),(1098,'Received',NULL,5,0,0,NULL,NULL,0,0,0,'Presentation-Title-17-VLc7VFPUSdF1Ert0-Votable',NULL,NULL,0,NULL,0),(1099,'Received',NULL,5,0,0,NULL,NULL,0,0,0,'Presentation-Title-18-VJ85iiNuQqA841I5-Votable',NULL,NULL,0,NULL,0),(1100,'Received',NULL,5,0,0,NULL,NULL,0,0,0,'Presentation-Title-19-qiAZrMJmZxXuFEia-Votable',NULL,NULL,0,NULL,0);
/*!40000 ALTER TABLE `Presentation` ENABLE KEYS */;
UNLOCK TABLES;

--
-- Table structure for table `PresentationAction`
--

DROP TABLE IF EXISTS `PresentationAction`;
/*!40101 SET @saved_cs_client     = @@character_set_client */;
/*!50503 SET character_set_client = utf8mb4 */;
CREATE TABLE `PresentationAction` (
  `ID` int NOT NULL AUTO_INCREMENT,
  `Created` datetime NOT NULL,
  `LastEdited` datetime NOT NULL,
  `ClassName` enum('PresentationAction') COLLATE utf8mb3_unicode_ci DEFAULT 'PresentationAction',
  `IsCompleted` tinyint(1) NOT NULL DEFAULT '0',
  `TypeID` int DEFAULT NULL,
  `PresentationID` int DEFAULT NULL,
  `CreatedByID` int DEFAULT NULL,
  `UpdateByID` int DEFAULT NULL,
  PRIMARY KEY (`ID`),
  UNIQUE KEY `UNIQ_717B26A9280A3317A736B16E` (`PresentationID`,`TypeID`),
  KEY `CreatedByID` (`CreatedByID`),
  KEY `PresentationID` (`PresentationID`),
  KEY `TypeID` (`TypeID`),
  KEY `UpdateByID` (`UpdateByID`),
  CONSTRAINT `FK_717B26A9280A3317` FOREIGN KEY (`PresentationID`) REFERENCES `Presentation` (`ID`) ON DELETE CASCADE,
  CONSTRAINT `FK_717B26A9A736B16E` FOREIGN KEY (`TypeID`) REFERENCES `PresentationActionType` (`ID`) ON DELETE CASCADE,
  CONSTRAINT `FK_717B26A9CABFF699` FOREIGN KEY (`CreatedByID`) REFERENCES `Member` (`ID`) ON DELETE SET NULL,
  CONSTRAINT `FK_717B26A9CE220AF9` FOREIGN KEY (`UpdateByID`) REFERENCES `Member` (`ID`) ON DELETE SET NULL
) ENGINE=InnoDB DEFAULT CHARSET=utf8mb3 COLLATE=utf8mb3_unicode_ci;
/*!40101 SET character_set_client = @saved_cs_client */;

--
-- Dumping data for table `PresentationAction`
--

LOCK TABLES `PresentationAction` WRITE;
/*!40000 ALTER TABLE `PresentationAction` DISABLE KEYS */;
/*!40000 ALTER TABLE `PresentationAction` ENABLE KEYS */;
UNLOCK TABLES;

--
-- Table structure for table `PresentationActionType`
--

DROP TABLE IF EXISTS `PresentationActionType`;
/*!40101 SET @saved_cs_client     = @@character_set_client */;
/*!50503 SET character_set_client = utf8mb4 */;
CREATE TABLE `PresentationActionType` (
  `ID` int NOT NULL AUTO_INCREMENT,
  `Created` datetime NOT NULL,
  `LastEdited` datetime NOT NULL,
  `ClassName` enum('PresentationActionType') COLLATE utf8mb3_unicode_ci DEFAULT 'PresentationActionType',
  `Label` varchar(255) COLLATE utf8mb3_unicode_ci NOT NULL,
  `SummitID` int DEFAULT NULL,
  PRIMARY KEY (`ID`),
  UNIQUE KEY `UNIQ_CB86755D90CF7278CF667FEC` (`SummitID`,`Label`),
  KEY `SummitID` (`SummitID`),
  CONSTRAINT `FK_CB86755D90CF7278` FOREIGN KEY (`SummitID`) REFERENCES `Summit` (`ID`) ON DELETE CASCADE
) ENGINE=InnoDB AUTO_INCREMENT=29 DEFAULT CHARSET=utf8mb3 COLLATE=utf8mb3_unicode_ci;
/*!40101 SET character_set_client = @saved_cs_client */;

--
-- Dumping data for table `PresentationActionType`
--

LOCK TABLES `PresentationActionType` WRITE;
/*!40000 ALTER TABLE `PresentationActionType` DISABLE KEYS */;
INSERT INTO `PresentationActionType` VALUES (27,'2024-06-21 11:34:09','2024-06-21 11:34:09','PresentationActionType','TEST_PRESENTATION_ACTION_TYPE_1',27),(28,'2024-06-21 11:34:09','2024-06-21 11:34:09','PresentationActionType','TEST_PRESENTATION_ACTION_TYPE_2',27);
/*!40000 ALTER TABLE `PresentationActionType` ENABLE KEYS */;
UNLOCK TABLES;

--
-- Table structure for table `PresentationActionType_SelectionPlan`
--

DROP TABLE IF EXISTS `PresentationActionType_SelectionPlan`;
/*!40101 SET @saved_cs_client     = @@character_set_client */;
/*!50503 SET character_set_client = utf8mb4 */;
CREATE TABLE `PresentationActionType_SelectionPlan` (
  `ID` int NOT NULL AUTO_INCREMENT,
  `CustomOrder` int NOT NULL DEFAULT '1',
  `PresentationActionTypeID` int DEFAULT NULL,
  `SelectionPlanID` int DEFAULT NULL,
  PRIMARY KEY (`ID`),
  UNIQUE KEY `IDX_PresentationActionTypeID_SelectionPlanID` (`PresentationActionTypeID`,`SelectionPlanID`),
  KEY `PresentationActionTypeID` (`PresentationActionTypeID`),
  KEY `SelectionPlanID` (`SelectionPlanID`),
  CONSTRAINT `FK_PresentationActionType_SelectionPlan_PresentationActionType` FOREIGN KEY (`PresentationActionTypeID`) REFERENCES `PresentationActionType` (`ID`) ON DELETE CASCADE,
  CONSTRAINT `FK_PresentationActionType_SelectionPlan_SelectionPlan` FOREIGN KEY (`SelectionPlanID`) REFERENCES `SelectionPlan` (`ID`) ON DELETE CASCADE
) ENGINE=InnoDB AUTO_INCREMENT=29 DEFAULT CHARSET=utf8mb3 COLLATE=utf8mb3_unicode_ci;
/*!40101 SET character_set_client = @saved_cs_client */;

--
-- Dumping data for table `PresentationActionType_SelectionPlan`
--

LOCK TABLES `PresentationActionType_SelectionPlan` WRITE;
/*!40000 ALTER TABLE `PresentationActionType_SelectionPlan` DISABLE KEYS */;
INSERT INTO `PresentationActionType_SelectionPlan` VALUES (27,1,27,27),(28,2,28,27);
/*!40000 ALTER TABLE `PresentationActionType_SelectionPlan` ENABLE KEYS */;
UNLOCK TABLES;

--
-- Table structure for table `PresentationAttendeeVote`
--

DROP TABLE IF EXISTS `PresentationAttendeeVote`;
/*!40101 SET @saved_cs_client     = @@character_set_client */;
/*!50503 SET character_set_client = utf8mb4 */;
CREATE TABLE `PresentationAttendeeVote` (
  `ID` int NOT NULL AUTO_INCREMENT,
  `Created` datetime NOT NULL,
  `LastEdited` datetime NOT NULL,
  `ClassName` enum('PresentationAttendeeVote') COLLATE utf8mb3_unicode_ci DEFAULT 'PresentationAttendeeVote',
  `PresentationID` int DEFAULT NULL,
  `SummitAttendeeID` int DEFAULT NULL,
  PRIMARY KEY (`ID`),
  UNIQUE KEY `UNIQ_F3F3F0C5280A3317D008A3A9` (`PresentationID`,`SummitAttendeeID`),
  KEY `PresentationID` (`PresentationID`),
  KEY `SummitAttendeeID` (`SummitAttendeeID`),
  CONSTRAINT `FK_F3F3F0C5280A3317` FOREIGN KEY (`PresentationID`) REFERENCES `Presentation` (`ID`) ON DELETE CASCADE,
  CONSTRAINT `FK_F3F3F0C5D008A3A9` FOREIGN KEY (`SummitAttendeeID`) REFERENCES `SummitAttendee` (`ID`) ON DELETE CASCADE
) ENGINE=InnoDB DEFAULT CHARSET=utf8mb3 COLLATE=utf8mb3_unicode_ci;
/*!40101 SET character_set_client = @saved_cs_client */;

--
-- Dumping data for table `PresentationAttendeeVote`
--

LOCK TABLES `PresentationAttendeeVote` WRITE;
/*!40000 ALTER TABLE `PresentationAttendeeVote` DISABLE KEYS */;
/*!40000 ALTER TABLE `PresentationAttendeeVote` ENABLE KEYS */;
UNLOCK TABLES;

--
-- Table structure for table `PresentationCategory`
--

DROP TABLE IF EXISTS `PresentationCategory`;
/*!40101 SET @saved_cs_client     = @@character_set_client */;
/*!50503 SET character_set_client = utf8mb4 */;
CREATE TABLE `PresentationCategory` (
  `ID` int NOT NULL AUTO_INCREMENT,
  `ClassName` enum('PresentationCategory') CHARACTER SET utf8mb3 COLLATE utf8mb3_general_ci DEFAULT 'PresentationCategory',
  `LastEdited` datetime DEFAULT NULL,
  `Created` datetime DEFAULT NULL,
  `Title` varchar(255) CHARACTER SET utf8mb3 COLLATE utf8mb3_general_ci DEFAULT NULL,
  `Description` mediumtext CHARACTER SET utf8mb3 COLLATE utf8mb3_general_ci,
  `SessionCount` int NOT NULL DEFAULT '0',
  `AlternateCount` int NOT NULL DEFAULT '0',
  `LightningCount` int NOT NULL DEFAULT '0',
  `LightningAlternateCount` int NOT NULL DEFAULT '0',
  `VotingVisible` tinyint unsigned NOT NULL DEFAULT '0',
  `ChairVisible` tinyint unsigned NOT NULL DEFAULT '0',
  `Code` varchar(5) CHARACTER SET utf8mb3 COLLATE utf8mb3_general_ci DEFAULT NULL,
  `Slug` varchar(255) CHARACTER SET utf8mb3 COLLATE utf8mb3_general_ci DEFAULT NULL,
  `SummitID` int DEFAULT NULL,
  `Color` varchar(50) DEFAULT NULL,
  `IconID` int DEFAULT NULL,
  `CustomOrder` int NOT NULL DEFAULT '1',
  `ProposedScheduleTransitionTime` int DEFAULT NULL,
  `TextColor` varchar(50) NOT NULL DEFAULT '000000',
  `ParentPresentationCategoryID` int DEFAULT NULL,
  PRIMARY KEY (`ID`),
  KEY `ClassName` (`ClassName`),
  KEY `IconID` (`IconID`),
  KEY `ParentPresentationCategoryID` (`ParentPresentationCategoryID`),
  KEY `SummitID` (`SummitID`),
  CONSTRAINT `FK_CFD8AB8304072D` FOREIGN KEY (`ParentPresentationCategoryID`) REFERENCES `PresentationCategory` (`ID`) ON DELETE SET NULL,
  CONSTRAINT `FK_CFD8AB836018720` FOREIGN KEY (`IconID`) REFERENCES `File` (`ID`) ON DELETE CASCADE
) ENGINE=InnoDB AUTO_INCREMENT=29 DEFAULT CHARSET=latin1;
/*!40101 SET character_set_client = @saved_cs_client */;

--
-- Dumping data for table `PresentationCategory`
--

LOCK TABLES `PresentationCategory` WRITE;
/*!40000 ALTER TABLE `PresentationCategory` DISABLE KEYS */;
INSERT INTO `PresentationCategory` VALUES (5,'PresentationCategory','2024-06-21 04:33:45','2024-06-21 04:33:45','DEFAULT TRACK',NULL,3,3,3,0,1,1,'DFT',NULL,3,NULL,NULL,1,NULL,'000000',NULL),(6,'PresentationCategory','2024-06-21 04:33:45','2024-06-21 04:33:45','SECONDARY TRACK',NULL,3,3,3,0,1,1,'SDFT',NULL,3,NULL,NULL,2,NULL,'000000',NULL),(7,'PresentationCategory','2024-06-21 04:38:05','2024-06-21 04:38:05','DEFAULT TRACK',NULL,3,3,3,0,1,1,'DFT',NULL,6,NULL,NULL,1,NULL,'000000',NULL),(8,'PresentationCategory','2024-06-21 04:38:05','2024-06-21 04:38:05','SECONDARY TRACK',NULL,3,3,3,0,1,1,'SDFT',NULL,6,NULL,NULL,2,NULL,'000000',NULL),(9,'PresentationCategory','2024-06-21 04:38:33','2024-06-21 04:38:33','DEFAULT TRACK',NULL,3,3,3,0,1,1,'DFT',NULL,9,NULL,NULL,1,NULL,'000000',NULL),(10,'PresentationCategory','2024-06-21 04:38:33','2024-06-21 04:38:33','SECONDARY TRACK',NULL,3,3,3,0,1,1,'SDFT',NULL,9,NULL,NULL,2,NULL,'000000',NULL),(11,'PresentationCategory','2024-06-21 04:39:40','2024-06-21 04:39:40','DEFAULT TRACK',NULL,3,3,3,0,1,1,'DFT',NULL,11,NULL,NULL,1,NULL,'000000',NULL),(12,'PresentationCategory','2024-06-21 04:39:40','2024-06-21 04:39:40','SECONDARY TRACK',NULL,3,3,3,0,1,1,'SDFT',NULL,11,NULL,NULL,2,NULL,'000000',NULL),(13,'PresentationCategory','2024-06-21 04:40:06','2024-06-21 04:40:06','DEFAULT TRACK',NULL,3,3,3,0,1,1,'DFT',NULL,13,NULL,NULL,1,NULL,'000000',NULL),(14,'PresentationCategory','2024-06-21 04:40:06','2024-06-21 04:40:06','SECONDARY TRACK',NULL,3,3,3,0,1,1,'SDFT',NULL,13,NULL,NULL,2,NULL,'000000',NULL),(15,'PresentationCategory','2024-06-21 11:13:56','2024-06-21 11:13:56','DEFAULT TRACK',NULL,3,3,3,0,1,1,'DFT',NULL,15,NULL,NULL,1,NULL,'000000',NULL),(16,'PresentationCategory','2024-06-21 11:13:56','2024-06-21 11:13:56','SECONDARY TRACK',NULL,3,3,3,0,1,1,'SDFT',NULL,15,NULL,NULL,2,NULL,'000000',NULL),(17,'PresentationCategory','2024-06-21 11:15:03','2024-06-21 11:15:03','DEFAULT TRACK',NULL,3,3,3,0,1,1,'DFT',NULL,17,NULL,NULL,1,NULL,'000000',NULL),(18,'PresentationCategory','2024-06-21 11:15:03','2024-06-21 11:15:03','SECONDARY TRACK',NULL,3,3,3,0,1,1,'SDFT',NULL,17,NULL,NULL,2,NULL,'000000',NULL),(19,'PresentationCategory','2024-06-21 11:15:17','2024-06-21 11:15:17','DEFAULT TRACK',NULL,3,3,3,0,1,1,'DFT',NULL,19,NULL,NULL,1,NULL,'000000',NULL),(20,'PresentationCategory','2024-06-21 11:15:17','2024-06-21 11:15:17','SECONDARY TRACK',NULL,3,3,3,0,1,1,'SDFT',NULL,19,NULL,NULL,2,NULL,'000000',NULL),(21,'PresentationCategory','2024-06-21 11:17:03','2024-06-21 11:17:03','DEFAULT TRACK',NULL,3,3,3,0,1,1,'DFT',NULL,21,NULL,NULL,1,NULL,'000000',NULL),(22,'PresentationCategory','2024-06-21 11:17:03','2024-06-21 11:17:03','SECONDARY TRACK',NULL,3,3,3,0,1,1,'SDFT',NULL,21,NULL,NULL,2,NULL,'000000',NULL),(23,'PresentationCategory','2024-06-21 11:18:32','2024-06-21 11:18:32','DEFAULT TRACK',NULL,3,3,3,0,1,1,'DFT',NULL,23,NULL,NULL,1,NULL,'000000',NULL),(24,'PresentationCategory','2024-06-21 11:18:32','2024-06-21 11:18:32','SECONDARY TRACK',NULL,3,3,3,0,1,1,'SDFT',NULL,23,NULL,NULL,2,NULL,'000000',NULL),(25,'PresentationCategory','2024-06-21 11:33:07','2024-06-21 11:33:07','DEFAULT TRACK',NULL,3,3,3,0,1,1,'DFT',NULL,25,NULL,NULL,1,NULL,'000000',NULL),(26,'PresentationCategory','2024-06-21 11:33:07','2024-06-21 11:33:07','SECONDARY TRACK',NULL,3,3,3,0,1,1,'SDFT',NULL,25,NULL,NULL,2,NULL,'000000',NULL),(27,'PresentationCategory','2024-06-21 11:34:09','2024-06-21 11:34:09','DEFAULT TRACK',NULL,3,3,3,0,1,1,'DFT',NULL,27,NULL,NULL,1,NULL,'000000',NULL),(28,'PresentationCategory','2024-06-21 11:34:09','2024-06-21 11:34:09','SECONDARY TRACK',NULL,3,3,3,0,1,1,'SDFT',NULL,27,NULL,NULL,2,NULL,'000000',NULL);
/*!40000 ALTER TABLE `PresentationCategory` ENABLE KEYS */;
UNLOCK TABLES;

--
-- Table structure for table `PresentationCategoryGroup`
--

DROP TABLE IF EXISTS `PresentationCategoryGroup`;
/*!40101 SET @saved_cs_client     = @@character_set_client */;
/*!50503 SET character_set_client = utf8mb4 */;
CREATE TABLE `PresentationCategoryGroup` (
  `ID` int NOT NULL AUTO_INCREMENT,
  `ClassName` enum('PresentationCategoryGroup','PrivatePresentationCategoryGroup') CHARACTER SET utf8mb3 COLLATE utf8mb3_general_ci DEFAULT 'PresentationCategoryGroup',
  `LastEdited` datetime DEFAULT NULL,
  `Created` datetime DEFAULT NULL,
  `Name` mediumtext CHARACTER SET utf8mb3 COLLATE utf8mb3_general_ci,
  `Color` varchar(50) CHARACTER SET utf8mb3 COLLATE utf8mb3_general_ci DEFAULT NULL,
  `Description` mediumtext CHARACTER SET utf8mb3 COLLATE utf8mb3_general_ci,
  `SummitID` int DEFAULT NULL,
  `MaxUniqueAttendeeVotes` int NOT NULL DEFAULT '0',
  `BeginAttendeeVotingPeriodDate` datetime DEFAULT NULL,
  `EndAttendeeVotingPeriodDate` datetime DEFAULT NULL,
  PRIMARY KEY (`ID`),
  KEY `ClassName` (`ClassName`),
  KEY `SummitID` (`SummitID`)
) ENGINE=InnoDB AUTO_INCREMENT=15 DEFAULT CHARSET=latin1;
/*!40101 SET character_set_client = @saved_cs_client */;

--
-- Dumping data for table `PresentationCategoryGroup`
--

LOCK TABLES `PresentationCategoryGroup` WRITE;
/*!40000 ALTER TABLE `PresentationCategoryGroup` DISABLE KEYS */;
INSERT INTO `PresentationCategoryGroup` VALUES (3,'PresentationCategoryGroup','2024-06-21 04:33:45','2024-06-21 04:33:45','DEFAULT TRACK GROUP',NULL,NULL,3,0,NULL,NULL),(4,'PresentationCategoryGroup','2024-06-21 04:38:05','2024-06-21 04:38:05','DEFAULT TRACK GROUP',NULL,NULL,6,0,NULL,NULL),(5,'PresentationCategoryGroup','2024-06-21 04:38:33','2024-06-21 04:38:33','DEFAULT TRACK GROUP',NULL,NULL,9,0,NULL,NULL),(6,'PresentationCategoryGroup','2024-06-21 04:39:40','2024-06-21 04:39:40','DEFAULT TRACK GROUP',NULL,NULL,11,0,NULL,NULL),(7,'PresentationCategoryGroup','2024-06-21 04:40:06','2024-06-21 04:40:06','DEFAULT TRACK GROUP',NULL,NULL,13,0,NULL,NULL),(8,'PresentationCategoryGroup','2024-06-21 11:13:56','2024-06-21 11:13:56','DEFAULT TRACK GROUP',NULL,NULL,15,0,NULL,NULL),(9,'PresentationCategoryGroup','2024-06-21 11:15:03','2024-06-21 11:15:03','DEFAULT TRACK GROUP',NULL,NULL,17,0,NULL,NULL),(10,'PresentationCategoryGroup','2024-06-21 11:15:17','2024-06-21 11:15:17','DEFAULT TRACK GROUP',NULL,NULL,19,0,NULL,NULL),(11,'PresentationCategoryGroup','2024-06-21 11:17:03','2024-06-21 11:17:03','DEFAULT TRACK GROUP',NULL,NULL,21,0,NULL,NULL),(12,'PresentationCategoryGroup','2024-06-21 11:18:32','2024-06-21 11:18:32','DEFAULT TRACK GROUP',NULL,NULL,23,0,NULL,NULL),(13,'PresentationCategoryGroup','2024-06-21 11:33:07','2024-06-21 11:33:07','DEFAULT TRACK GROUP',NULL,NULL,25,0,NULL,NULL),(14,'PresentationCategoryGroup','2024-06-21 11:34:09','2024-06-21 11:34:09','DEFAULT TRACK GROUP',NULL,NULL,27,0,NULL,NULL);
/*!40000 ALTER TABLE `PresentationCategoryGroup` ENABLE KEYS */;
UNLOCK TABLES;

--
-- Table structure for table `PresentationCategoryGroup_Categories`
--

DROP TABLE IF EXISTS `PresentationCategoryGroup_Categories`;
/*!40101 SET @saved_cs_client     = @@character_set_client */;
/*!50503 SET character_set_client = utf8mb4 */;
CREATE TABLE `PresentationCategoryGroup_Categories` (
  `ID` int NOT NULL AUTO_INCREMENT,
  `PresentationCategoryGroupID` int NOT NULL DEFAULT '0',
  `PresentationCategoryID` int NOT NULL DEFAULT '0',
  PRIMARY KEY (`ID`),
  KEY `PresentationCategoryGroupID` (`PresentationCategoryGroupID`),
  KEY `PresentationCategoryID` (`PresentationCategoryID`)
) ENGINE=InnoDB AUTO_INCREMENT=13 DEFAULT CHARSET=latin1;
/*!40101 SET character_set_client = @saved_cs_client */;

--
-- Dumping data for table `PresentationCategoryGroup_Categories`
--

LOCK TABLES `PresentationCategoryGroup_Categories` WRITE;
/*!40000 ALTER TABLE `PresentationCategoryGroup_Categories` DISABLE KEYS */;
INSERT INTO `PresentationCategoryGroup_Categories` VALUES (1,3,5),(2,4,7),(3,5,9),(4,6,11),(5,7,13),(6,8,15),(7,9,17),(8,10,19),(9,11,21),(10,12,23),(11,13,25),(12,14,27);
/*!40000 ALTER TABLE `PresentationCategoryGroup_Categories` ENABLE KEYS */;
UNLOCK TABLES;

--
-- Table structure for table `PresentationCategoryPage`
--

DROP TABLE IF EXISTS `PresentationCategoryPage`;
/*!40101 SET @saved_cs_client     = @@character_set_client */;
/*!50503 SET character_set_client = utf8mb4 */;
CREATE TABLE `PresentationCategoryPage` (
  `ID` int NOT NULL AUTO_INCREMENT,
  `StillUploading` tinyint unsigned NOT NULL DEFAULT '0',
  `FeaturedVideoLabel` mediumtext CHARACTER SET utf8mb3 COLLATE utf8mb3_general_ci,
  `FeaturedVideoDescription` mediumtext CHARACTER SET utf8mb3 COLLATE utf8mb3_general_ci,
  PRIMARY KEY (`ID`)
) ENGINE=InnoDB DEFAULT CHARSET=latin1;
/*!40101 SET character_set_client = @saved_cs_client */;

--
-- Dumping data for table `PresentationCategoryPage`
--

LOCK TABLES `PresentationCategoryPage` WRITE;
/*!40000 ALTER TABLE `PresentationCategoryPage` DISABLE KEYS */;
/*!40000 ALTER TABLE `PresentationCategoryPage` ENABLE KEYS */;
UNLOCK TABLES;

--
-- Table structure for table `PresentationCategoryPage_Live`
--

DROP TABLE IF EXISTS `PresentationCategoryPage_Live`;
/*!40101 SET @saved_cs_client     = @@character_set_client */;
/*!50503 SET character_set_client = utf8mb4 */;
CREATE TABLE `PresentationCategoryPage_Live` (
  `ID` int NOT NULL AUTO_INCREMENT,
  `StillUploading` tinyint unsigned NOT NULL DEFAULT '0',
  `FeaturedVideoLabel` mediumtext CHARACTER SET utf8mb3 COLLATE utf8mb3_general_ci,
  `FeaturedVideoDescription` mediumtext CHARACTER SET utf8mb3 COLLATE utf8mb3_general_ci,
  PRIMARY KEY (`ID`)
) ENGINE=InnoDB DEFAULT CHARSET=latin1;
/*!40101 SET character_set_client = @saved_cs_client */;

--
-- Dumping data for table `PresentationCategoryPage_Live`
--

LOCK TABLES `PresentationCategoryPage_Live` WRITE;
/*!40000 ALTER TABLE `PresentationCategoryPage_Live` DISABLE KEYS */;
/*!40000 ALTER TABLE `PresentationCategoryPage_Live` ENABLE KEYS */;
UNLOCK TABLES;

--
-- Table structure for table `PresentationCategoryPage_versions`
--

DROP TABLE IF EXISTS `PresentationCategoryPage_versions`;
/*!40101 SET @saved_cs_client     = @@character_set_client */;
/*!50503 SET character_set_client = utf8mb4 */;
CREATE TABLE `PresentationCategoryPage_versions` (
  `ID` int NOT NULL AUTO_INCREMENT,
  `RecordID` int NOT NULL DEFAULT '0',
  `Version` int NOT NULL DEFAULT '0',
  `StillUploading` tinyint unsigned NOT NULL DEFAULT '0',
  `FeaturedVideoLabel` mediumtext CHARACTER SET utf8mb3 COLLATE utf8mb3_general_ci,
  `FeaturedVideoDescription` mediumtext CHARACTER SET utf8mb3 COLLATE utf8mb3_general_ci,
  PRIMARY KEY (`ID`),
  UNIQUE KEY `RecordID_Version` (`RecordID`,`Version`),
  KEY `RecordID` (`RecordID`),
  KEY `Version` (`Version`)
) ENGINE=InnoDB DEFAULT CHARSET=latin1;
/*!40101 SET character_set_client = @saved_cs_client */;

--
-- Dumping data for table `PresentationCategoryPage_versions`
--

LOCK TABLES `PresentationCategoryPage_versions` WRITE;
/*!40000 ALTER TABLE `PresentationCategoryPage_versions` DISABLE KEYS */;
/*!40000 ALTER TABLE `PresentationCategoryPage_versions` ENABLE KEYS */;
UNLOCK TABLES;

--
-- Table structure for table `PresentationCategory_AllowedTags`
--

DROP TABLE IF EXISTS `PresentationCategory_AllowedTags`;
/*!40101 SET @saved_cs_client     = @@character_set_client */;
/*!50503 SET character_set_client = utf8mb4 */;
CREATE TABLE `PresentationCategory_AllowedTags` (
  `ID` int NOT NULL AUTO_INCREMENT,
  `PresentationCategoryID` int NOT NULL DEFAULT '0',
  `TagID` int NOT NULL DEFAULT '0',
  PRIMARY KEY (`ID`),
  KEY `PresentationCategoryID` (`PresentationCategoryID`),
  KEY `TagID` (`TagID`),
  CONSTRAINT `FK_PresentationCategory_AllowedTags_PresentationCategory` FOREIGN KEY (`PresentationCategoryID`) REFERENCES `PresentationCategory` (`ID`) ON DELETE CASCADE,
  CONSTRAINT `FK_PresentationCategory_AllowedTags_Tag` FOREIGN KEY (`TagID`) REFERENCES `Tag` (`ID`) ON DELETE CASCADE
) ENGINE=InnoDB DEFAULT CHARSET=latin1;
/*!40101 SET character_set_client = @saved_cs_client */;

--
-- Dumping data for table `PresentationCategory_AllowedTags`
--

LOCK TABLES `PresentationCategory_AllowedTags` WRITE;
/*!40000 ALTER TABLE `PresentationCategory_AllowedTags` DISABLE KEYS */;
/*!40000 ALTER TABLE `PresentationCategory_AllowedTags` ENABLE KEYS */;
UNLOCK TABLES;

--
-- Table structure for table `PresentationCategory_ExtraQuestions`
--

DROP TABLE IF EXISTS `PresentationCategory_ExtraQuestions`;
/*!40101 SET @saved_cs_client     = @@character_set_client */;
/*!50503 SET character_set_client = utf8mb4 */;
CREATE TABLE `PresentationCategory_ExtraQuestions` (
  `ID` int NOT NULL AUTO_INCREMENT,
  `PresentationCategoryID` int NOT NULL DEFAULT '0',
  `TrackQuestionTemplateID` int NOT NULL DEFAULT '0',
  PRIMARY KEY (`ID`),
  KEY `PresentationCategoryID` (`PresentationCategoryID`),
  KEY `TrackQuestionTemplateID` (`TrackQuestionTemplateID`)
) ENGINE=InnoDB DEFAULT CHARSET=latin1;
/*!40101 SET character_set_client = @saved_cs_client */;

--
-- Dumping data for table `PresentationCategory_ExtraQuestions`
--

LOCK TABLES `PresentationCategory_ExtraQuestions` WRITE;
/*!40000 ALTER TABLE `PresentationCategory_ExtraQuestions` DISABLE KEYS */;
/*!40000 ALTER TABLE `PresentationCategory_ExtraQuestions` ENABLE KEYS */;
UNLOCK TABLES;

--
-- Table structure for table `PresentationCategory_SummitAccessLevelType`
--

DROP TABLE IF EXISTS `PresentationCategory_SummitAccessLevelType`;
/*!40101 SET @saved_cs_client     = @@character_set_client */;
/*!50503 SET character_set_client = utf8mb4 */;
CREATE TABLE `PresentationCategory_SummitAccessLevelType` (
  `ID` int NOT NULL AUTO_INCREMENT,
  `SummitAccessLevelTypeID` int DEFAULT NULL,
  `PresentationCategoryID` int DEFAULT NULL,
  PRIMARY KEY (`ID`),
  UNIQUE KEY `UNIQ_6CFEA5C430A22149EA82A677` (`PresentationCategoryID`,`SummitAccessLevelTypeID`),
  KEY `PresentationCategoryID` (`PresentationCategoryID`),
  KEY `SummitAccessLevelTypeID` (`SummitAccessLevelTypeID`)
) ENGINE=InnoDB DEFAULT CHARSET=utf8mb3 COLLATE=utf8mb3_unicode_ci;
/*!40101 SET character_set_client = @saved_cs_client */;

--
-- Dumping data for table `PresentationCategory_SummitAccessLevelType`
--

LOCK TABLES `PresentationCategory_SummitAccessLevelType` WRITE;
/*!40000 ALTER TABLE `PresentationCategory_SummitAccessLevelType` DISABLE KEYS */;
/*!40000 ALTER TABLE `PresentationCategory_SummitAccessLevelType` ENABLE KEYS */;
UNLOCK TABLES;

--
-- Table structure for table `PresentationChangeRequestPushNotification`
--

DROP TABLE IF EXISTS `PresentationChangeRequestPushNotification`;
/*!40101 SET @saved_cs_client     = @@character_set_client */;
/*!50503 SET character_set_client = utf8mb4 */;
CREATE TABLE `PresentationChangeRequestPushNotification` (
  `ID` int NOT NULL AUTO_INCREMENT,
  `Channel` enum('TRACKCHAIRS') CHARACTER SET utf8mb3 COLLATE utf8mb3_general_ci DEFAULT 'TRACKCHAIRS',
  `PresentationID` int DEFAULT NULL,
  PRIMARY KEY (`ID`),
  KEY `PresentationID` (`PresentationID`)
) ENGINE=InnoDB DEFAULT CHARSET=latin1;
/*!40101 SET character_set_client = @saved_cs_client */;

--
-- Dumping data for table `PresentationChangeRequestPushNotification`
--

LOCK TABLES `PresentationChangeRequestPushNotification` WRITE;
/*!40000 ALTER TABLE `PresentationChangeRequestPushNotification` DISABLE KEYS */;
/*!40000 ALTER TABLE `PresentationChangeRequestPushNotification` ENABLE KEYS */;
UNLOCK TABLES;

--
-- Table structure for table `PresentationCreatorNotificationEmailRequest`
--

DROP TABLE IF EXISTS `PresentationCreatorNotificationEmailRequest`;
/*!40101 SET @saved_cs_client     = @@character_set_client */;
/*!50503 SET character_set_client = utf8mb4 */;
CREATE TABLE `PresentationCreatorNotificationEmailRequest` (
  `ID` int NOT NULL AUTO_INCREMENT,
  `PresentationID` int DEFAULT NULL,
  PRIMARY KEY (`ID`),
  KEY `PresentationID` (`PresentationID`)
) ENGINE=InnoDB DEFAULT CHARSET=latin1;
/*!40101 SET character_set_client = @saved_cs_client */;

--
-- Dumping data for table `PresentationCreatorNotificationEmailRequest`
--

LOCK TABLES `PresentationCreatorNotificationEmailRequest` WRITE;
/*!40000 ALTER TABLE `PresentationCreatorNotificationEmailRequest` DISABLE KEYS */;
/*!40000 ALTER TABLE `PresentationCreatorNotificationEmailRequest` ENABLE KEYS */;
UNLOCK TABLES;

--
-- Table structure for table `PresentationExtraQuestionAnswer`
--

DROP TABLE IF EXISTS `PresentationExtraQuestionAnswer`;
/*!40101 SET @saved_cs_client     = @@character_set_client */;
/*!50503 SET character_set_client = utf8mb4 */;
CREATE TABLE `PresentationExtraQuestionAnswer` (
  `ID` int NOT NULL AUTO_INCREMENT,
  `PresentationID` int DEFAULT NULL,
  PRIMARY KEY (`ID`),
  KEY `PresentationID` (`PresentationID`),
  CONSTRAINT `FK_FFD9217E280A3317` FOREIGN KEY (`PresentationID`) REFERENCES `Presentation` (`ID`) ON DELETE CASCADE,
  CONSTRAINT `JT_PresentationExtraQuestionAnswer_ExtraQuestionAnswer` FOREIGN KEY (`ID`) REFERENCES `ExtraQuestionAnswer` (`ID`) ON DELETE CASCADE
) ENGINE=InnoDB DEFAULT CHARSET=utf8mb3 COLLATE=utf8mb3_unicode_ci;
/*!40101 SET character_set_client = @saved_cs_client */;

--
-- Dumping data for table `PresentationExtraQuestionAnswer`
--

LOCK TABLES `PresentationExtraQuestionAnswer` WRITE;
/*!40000 ALTER TABLE `PresentationExtraQuestionAnswer` DISABLE KEYS */;
/*!40000 ALTER TABLE `PresentationExtraQuestionAnswer` ENABLE KEYS */;
UNLOCK TABLES;

--
-- Table structure for table `PresentationLink`
--

DROP TABLE IF EXISTS `PresentationLink`;
/*!40101 SET @saved_cs_client     = @@character_set_client */;
/*!50503 SET character_set_client = utf8mb4 */;
CREATE TABLE `PresentationLink` (
  `ID` int NOT NULL AUTO_INCREMENT,
  `Link` mediumtext CHARACTER SET utf8mb3 COLLATE utf8mb3_general_ci,
  PRIMARY KEY (`ID`)
) ENGINE=InnoDB DEFAULT CHARSET=latin1;
/*!40101 SET character_set_client = @saved_cs_client */;

--
-- Dumping data for table `PresentationLink`
--

LOCK TABLES `PresentationLink` WRITE;
/*!40000 ALTER TABLE `PresentationLink` DISABLE KEYS */;
/*!40000 ALTER TABLE `PresentationLink` ENABLE KEYS */;
UNLOCK TABLES;

--
-- Table structure for table `PresentationMaterial`
--

DROP TABLE IF EXISTS `PresentationMaterial`;
/*!40101 SET @saved_cs_client     = @@character_set_client */;
/*!50503 SET character_set_client = utf8mb4 */;
CREATE TABLE `PresentationMaterial` (
  `ID` int NOT NULL AUTO_INCREMENT,
  `ClassName` enum('PresentationMaterial','PresentationLink','PresentationSlide','PresentationVideo','PresentationMediaUpload') CHARACTER SET utf8mb3 COLLATE utf8mb3_general_ci DEFAULT 'PresentationMaterial',
  `LastEdited` datetime DEFAULT NULL,
  `Created` datetime DEFAULT NULL,
  `Name` mediumtext CHARACTER SET utf8mb3 COLLATE utf8mb3_general_ci,
  `Description` mediumtext CHARACTER SET utf8mb3 COLLATE utf8mb3_general_ci,
  `DisplayOnSite` tinyint unsigned NOT NULL DEFAULT '0',
  `Featured` tinyint unsigned NOT NULL DEFAULT '0',
  `Order` int NOT NULL DEFAULT '1',
  `PresentationID` int DEFAULT NULL,
  PRIMARY KEY (`ID`),
  KEY `ClassName` (`ClassName`),
  KEY `PresentationID` (`PresentationID`),
  CONSTRAINT `FK_PresentationMaterialPresentation` FOREIGN KEY (`PresentationID`) REFERENCES `Presentation` (`ID`) ON DELETE CASCADE
) ENGINE=InnoDB AUTO_INCREMENT=281 DEFAULT CHARSET=latin1;
/*!40101 SET character_set_client = @saved_cs_client */;

--
-- Dumping data for table `PresentationMaterial`
--

LOCK TABLES `PresentationMaterial` WRITE;
/*!40000 ALTER TABLE `PresentationMaterial` DISABLE KEYS */;
INSERT INTO `PresentationMaterial` VALUES (41,'PresentationMediaUpload','2024-06-21 04:33:45','2024-06-21 04:33:45','Media Upload 0','Media Upload Description 0',0,0,1,161),(42,'PresentationMediaUpload','2024-06-21 04:33:45','2024-06-21 04:33:45','Media Upload 1','Media Upload Description 1',0,0,1,162),(43,'PresentationMediaUpload','2024-06-21 04:33:45','2024-06-21 04:33:45','Media Upload 2','Media Upload Description 2',0,0,1,163),(44,'PresentationMediaUpload','2024-06-21 04:33:45','2024-06-21 04:33:45','Media Upload 3','Media Upload Description 3',0,0,1,164),(45,'PresentationMediaUpload','2024-06-21 04:33:45','2024-06-21 04:33:45','Media Upload 4','Media Upload Description 4',0,0,1,165),(46,'PresentationMediaUpload','2024-06-21 04:33:45','2024-06-21 04:33:45','Media Upload 5','Media Upload Description 5',0,0,1,166),(47,'PresentationMediaUpload','2024-06-21 04:33:45','2024-06-21 04:33:45','Media Upload 6','Media Upload Description 6',0,0,1,167),(48,'PresentationMediaUpload','2024-06-21 04:33:45','2024-06-21 04:33:45','Media Upload 7','Media Upload Description 7',0,0,1,168),(49,'PresentationMediaUpload','2024-06-21 04:33:45','2024-06-21 04:33:45','Media Upload 8','Media Upload Description 8',0,0,1,169),(50,'PresentationMediaUpload','2024-06-21 04:33:45','2024-06-21 04:33:45','Media Upload 9','Media Upload Description 9',0,0,1,170),(51,'PresentationMediaUpload','2024-06-21 04:33:45','2024-06-21 04:33:45','Media Upload 10','Media Upload Description 10',0,0,1,171),(52,'PresentationMediaUpload','2024-06-21 04:33:45','2024-06-21 04:33:45','Media Upload 11','Media Upload Description 11',0,0,1,172),(53,'PresentationMediaUpload','2024-06-21 04:33:45','2024-06-21 04:33:45','Media Upload 12','Media Upload Description 12',0,0,1,173),(54,'PresentationMediaUpload','2024-06-21 04:33:45','2024-06-21 04:33:45','Media Upload 13','Media Upload Description 13',0,0,1,174),(55,'PresentationMediaUpload','2024-06-21 04:33:45','2024-06-21 04:33:45','Media Upload 14','Media Upload Description 14',0,0,1,175),(56,'PresentationMediaUpload','2024-06-21 04:33:45','2024-06-21 04:33:45','Media Upload 15','Media Upload Description 15',0,0,1,176),(57,'PresentationMediaUpload','2024-06-21 04:33:45','2024-06-21 04:33:45','Media Upload 16','Media Upload Description 16',0,0,1,177),(58,'PresentationMediaUpload','2024-06-21 04:33:45','2024-06-21 04:33:45','Media Upload 17','Media Upload Description 17',0,0,1,178),(59,'PresentationMediaUpload','2024-06-21 04:33:45','2024-06-21 04:33:45','Media Upload 18','Media Upload Description 18',0,0,1,179),(60,'PresentationMediaUpload','2024-06-21 04:33:45','2024-06-21 04:33:45','Media Upload 19','Media Upload Description 19',0,0,1,180),(61,'PresentationMediaUpload','2024-06-21 04:38:05','2024-06-21 04:38:05','Media Upload 0','Media Upload Description 0',0,0,1,241),(62,'PresentationMediaUpload','2024-06-21 04:38:05','2024-06-21 04:38:05','Media Upload 1','Media Upload Description 1',0,0,1,242),(63,'PresentationMediaUpload','2024-06-21 04:38:05','2024-06-21 04:38:05','Media Upload 2','Media Upload Description 2',0,0,1,243),(64,'PresentationMediaUpload','2024-06-21 04:38:05','2024-06-21 04:38:05','Media Upload 3','Media Upload Description 3',0,0,1,244),(65,'PresentationMediaUpload','2024-06-21 04:38:05','2024-06-21 04:38:05','Media Upload 4','Media Upload Description 4',0,0,1,245),(66,'PresentationMediaUpload','2024-06-21 04:38:05','2024-06-21 04:38:05','Media Upload 5','Media Upload Description 5',0,0,1,246),(67,'PresentationMediaUpload','2024-06-21 04:38:05','2024-06-21 04:38:05','Media Upload 6','Media Upload Description 6',0,0,1,247),(68,'PresentationMediaUpload','2024-06-21 04:38:05','2024-06-21 04:38:05','Media Upload 7','Media Upload Description 7',0,0,1,248),(69,'PresentationMediaUpload','2024-06-21 04:38:05','2024-06-21 04:38:05','Media Upload 8','Media Upload Description 8',0,0,1,249),(70,'PresentationMediaUpload','2024-06-21 04:38:05','2024-06-21 04:38:05','Media Upload 9','Media Upload Description 9',0,0,1,250),(71,'PresentationMediaUpload','2024-06-21 04:38:05','2024-06-21 04:38:05','Media Upload 10','Media Upload Description 10',0,0,1,251),(72,'PresentationMediaUpload','2024-06-21 04:38:05','2024-06-21 04:38:05','Media Upload 11','Media Upload Description 11',0,0,1,252),(73,'PresentationMediaUpload','2024-06-21 04:38:05','2024-06-21 04:38:05','Media Upload 12','Media Upload Description 12',0,0,1,253),(74,'PresentationMediaUpload','2024-06-21 04:38:05','2024-06-21 04:38:05','Media Upload 13','Media Upload Description 13',0,0,1,254),(75,'PresentationMediaUpload','2024-06-21 04:38:05','2024-06-21 04:38:05','Media Upload 14','Media Upload Description 14',0,0,1,255),(76,'PresentationMediaUpload','2024-06-21 04:38:05','2024-06-21 04:38:05','Media Upload 15','Media Upload Description 15',0,0,1,256),(77,'PresentationMediaUpload','2024-06-21 04:38:05','2024-06-21 04:38:05','Media Upload 16','Media Upload Description 16',0,0,1,257),(78,'PresentationMediaUpload','2024-06-21 04:38:05','2024-06-21 04:38:05','Media Upload 17','Media Upload Description 17',0,0,1,258),(79,'PresentationMediaUpload','2024-06-21 04:38:05','2024-06-21 04:38:05','Media Upload 18','Media Upload Description 18',0,0,1,259),(80,'PresentationMediaUpload','2024-06-21 04:38:05','2024-06-21 04:38:05','Media Upload 19','Media Upload Description 19',0,0,1,260),(81,'PresentationMediaUpload','2024-06-21 04:38:33','2024-06-21 04:38:33','Media Upload 0','Media Upload Description 0',0,0,1,321),(82,'PresentationMediaUpload','2024-06-21 04:38:33','2024-06-21 04:38:33','Media Upload 1','Media Upload Description 1',0,0,1,322),(83,'PresentationMediaUpload','2024-06-21 04:38:33','2024-06-21 04:38:33','Media Upload 2','Media Upload Description 2',0,0,1,323),(84,'PresentationMediaUpload','2024-06-21 04:38:33','2024-06-21 04:38:33','Media Upload 3','Media Upload Description 3',0,0,1,324),(85,'PresentationMediaUpload','2024-06-21 04:38:33','2024-06-21 04:38:33','Media Upload 4','Media Upload Description 4',0,0,1,325),(86,'PresentationMediaUpload','2024-06-21 04:38:33','2024-06-21 04:38:33','Media Upload 5','Media Upload Description 5',0,0,1,326),(87,'PresentationMediaUpload','2024-06-21 04:38:33','2024-06-21 04:38:33','Media Upload 6','Media Upload Description 6',0,0,1,327),(88,'PresentationMediaUpload','2024-06-21 04:38:33','2024-06-21 04:38:33','Media Upload 7','Media Upload Description 7',0,0,1,328),(89,'PresentationMediaUpload','2024-06-21 04:38:33','2024-06-21 04:38:33','Media Upload 8','Media Upload Description 8',0,0,1,329),(90,'PresentationMediaUpload','2024-06-21 04:38:33','2024-06-21 04:38:33','Media Upload 9','Media Upload Description 9',0,0,1,330),(91,'PresentationMediaUpload','2024-06-21 04:38:33','2024-06-21 04:38:33','Media Upload 10','Media Upload Description 10',0,0,1,331),(92,'PresentationMediaUpload','2024-06-21 04:38:33','2024-06-21 04:38:33','Media Upload 11','Media Upload Description 11',0,0,1,332),(93,'PresentationMediaUpload','2024-06-21 04:38:33','2024-06-21 04:38:33','Media Upload 12','Media Upload Description 12',0,0,1,333),(94,'PresentationMediaUpload','2024-06-21 04:38:33','2024-06-21 04:38:33','Media Upload 13','Media Upload Description 13',0,0,1,334),(95,'PresentationMediaUpload','2024-06-21 04:38:33','2024-06-21 04:38:33','Media Upload 14','Media Upload Description 14',0,0,1,335),(96,'PresentationMediaUpload','2024-06-21 04:38:33','2024-06-21 04:38:33','Media Upload 15','Media Upload Description 15',0,0,1,336),(97,'PresentationMediaUpload','2024-06-21 04:38:33','2024-06-21 04:38:33','Media Upload 16','Media Upload Description 16',0,0,1,337),(98,'PresentationMediaUpload','2024-06-21 04:38:33','2024-06-21 04:38:33','Media Upload 17','Media Upload Description 17',0,0,1,338),(99,'PresentationMediaUpload','2024-06-21 04:38:33','2024-06-21 04:38:33','Media Upload 18','Media Upload Description 18',0,0,1,339),(100,'PresentationMediaUpload','2024-06-21 04:38:33','2024-06-21 04:38:33','Media Upload 19','Media Upload Description 19',0,0,1,340),(101,'PresentationMediaUpload','2024-06-21 04:39:40','2024-06-21 04:39:40','Media Upload 0','Media Upload Description 0',0,0,1,401),(102,'PresentationMediaUpload','2024-06-21 04:39:40','2024-06-21 04:39:40','Media Upload 1','Media Upload Description 1',0,0,1,402),(103,'PresentationMediaUpload','2024-06-21 04:39:40','2024-06-21 04:39:40','Media Upload 2','Media Upload Description 2',0,0,1,403),(104,'PresentationMediaUpload','2024-06-21 04:39:40','2024-06-21 04:39:40','Media Upload 3','Media Upload Description 3',0,0,1,404),(105,'PresentationMediaUpload','2024-06-21 04:39:40','2024-06-21 04:39:40','Media Upload 4','Media Upload Description 4',0,0,1,405),(106,'PresentationMediaUpload','2024-06-21 04:39:40','2024-06-21 04:39:40','Media Upload 5','Media Upload Description 5',0,0,1,406),(107,'PresentationMediaUpload','2024-06-21 04:39:40','2024-06-21 04:39:40','Media Upload 6','Media Upload Description 6',0,0,1,407),(108,'PresentationMediaUpload','2024-06-21 04:39:40','2024-06-21 04:39:40','Media Upload 7','Media Upload Description 7',0,0,1,408),(109,'PresentationMediaUpload','2024-06-21 04:39:40','2024-06-21 04:39:40','Media Upload 8','Media Upload Description 8',0,0,1,409),(110,'PresentationMediaUpload','2024-06-21 04:39:40','2024-06-21 04:39:40','Media Upload 9','Media Upload Description 9',0,0,1,410),(111,'PresentationMediaUpload','2024-06-21 04:39:40','2024-06-21 04:39:40','Media Upload 10','Media Upload Description 10',0,0,1,411),(112,'PresentationMediaUpload','2024-06-21 04:39:40','2024-06-21 04:39:40','Media Upload 11','Media Upload Description 11',0,0,1,412),(113,'PresentationMediaUpload','2024-06-21 04:39:40','2024-06-21 04:39:40','Media Upload 12','Media Upload Description 12',0,0,1,413),(114,'PresentationMediaUpload','2024-06-21 04:39:40','2024-06-21 04:39:40','Media Upload 13','Media Upload Description 13',0,0,1,414),(115,'PresentationMediaUpload','2024-06-21 04:39:40','2024-06-21 04:39:40','Media Upload 14','Media Upload Description 14',0,0,1,415),(116,'PresentationMediaUpload','2024-06-21 04:39:40','2024-06-21 04:39:40','Media Upload 15','Media Upload Description 15',0,0,1,416),(117,'PresentationMediaUpload','2024-06-21 04:39:40','2024-06-21 04:39:40','Media Upload 16','Media Upload Description 16',0,0,1,417),(118,'PresentationMediaUpload','2024-06-21 04:39:40','2024-06-21 04:39:40','Media Upload 17','Media Upload Description 17',0,0,1,418),(119,'PresentationMediaUpload','2024-06-21 04:39:40','2024-06-21 04:39:40','Media Upload 18','Media Upload Description 18',0,0,1,419),(120,'PresentationMediaUpload','2024-06-21 04:39:40','2024-06-21 04:39:40','Media Upload 19','Media Upload Description 19',0,0,1,420),(121,'PresentationMediaUpload','2024-06-21 04:40:06','2024-06-21 04:40:06','Media Upload 0','Media Upload Description 0',0,0,1,481),(122,'PresentationMediaUpload','2024-06-21 04:40:06','2024-06-21 04:40:06','Media Upload 1','Media Upload Description 1',0,0,1,482),(123,'PresentationMediaUpload','2024-06-21 04:40:06','2024-06-21 04:40:06','Media Upload 2','Media Upload Description 2',0,0,1,483),(124,'PresentationMediaUpload','2024-06-21 04:40:06','2024-06-21 04:40:06','Media Upload 3','Media Upload Description 3',0,0,1,484),(125,'PresentationMediaUpload','2024-06-21 04:40:06','2024-06-21 04:40:06','Media Upload 4','Media Upload Description 4',0,0,1,485),(126,'PresentationMediaUpload','2024-06-21 04:40:06','2024-06-21 04:40:06','Media Upload 5','Media Upload Description 5',0,0,1,486),(127,'PresentationMediaUpload','2024-06-21 04:40:06','2024-06-21 04:40:06','Media Upload 6','Media Upload Description 6',0,0,1,487),(128,'PresentationMediaUpload','2024-06-21 04:40:06','2024-06-21 04:40:06','Media Upload 7','Media Upload Description 7',0,0,1,488),(129,'PresentationMediaUpload','2024-06-21 04:40:06','2024-06-21 04:40:06','Media Upload 8','Media Upload Description 8',0,0,1,489),(130,'PresentationMediaUpload','2024-06-21 04:40:06','2024-06-21 04:40:06','Media Upload 9','Media Upload Description 9',0,0,1,490),(131,'PresentationMediaUpload','2024-06-21 04:40:06','2024-06-21 04:40:06','Media Upload 10','Media Upload Description 10',0,0,1,491),(132,'PresentationMediaUpload','2024-06-21 04:40:06','2024-06-21 04:40:06','Media Upload 11','Media Upload Description 11',0,0,1,492),(133,'PresentationMediaUpload','2024-06-21 04:40:06','2024-06-21 04:40:06','Media Upload 12','Media Upload Description 12',0,0,1,493),(134,'PresentationMediaUpload','2024-06-21 04:40:06','2024-06-21 04:40:06','Media Upload 13','Media Upload Description 13',0,0,1,494),(135,'PresentationMediaUpload','2024-06-21 04:40:06','2024-06-21 04:40:06','Media Upload 14','Media Upload Description 14',0,0,1,495),(136,'PresentationMediaUpload','2024-06-21 04:40:06','2024-06-21 04:40:06','Media Upload 15','Media Upload Description 15',0,0,1,496),(137,'PresentationMediaUpload','2024-06-21 04:40:06','2024-06-21 04:40:06','Media Upload 16','Media Upload Description 16',0,0,1,497),(138,'PresentationMediaUpload','2024-06-21 04:40:06','2024-06-21 04:40:06','Media Upload 17','Media Upload Description 17',0,0,1,498),(139,'PresentationMediaUpload','2024-06-21 04:40:06','2024-06-21 04:40:06','Media Upload 18','Media Upload Description 18',0,0,1,499),(140,'PresentationMediaUpload','2024-06-21 04:40:06','2024-06-21 04:40:06','Media Upload 19','Media Upload Description 19',0,0,1,500),(141,'PresentationMediaUpload','2024-06-21 11:13:56','2024-06-21 11:13:56','Media Upload 0','Media Upload Description 0',0,0,1,561),(142,'PresentationMediaUpload','2024-06-21 11:13:56','2024-06-21 11:13:56','Media Upload 1','Media Upload Description 1',0,0,1,562),(143,'PresentationMediaUpload','2024-06-21 11:13:56','2024-06-21 11:13:56','Media Upload 2','Media Upload Description 2',0,0,1,563),(144,'PresentationMediaUpload','2024-06-21 11:13:56','2024-06-21 11:13:56','Media Upload 3','Media Upload Description 3',0,0,1,564),(145,'PresentationMediaUpload','2024-06-21 11:13:56','2024-06-21 11:13:56','Media Upload 4','Media Upload Description 4',0,0,1,565),(146,'PresentationMediaUpload','2024-06-21 11:13:56','2024-06-21 11:13:56','Media Upload 5','Media Upload Description 5',0,0,1,566),(147,'PresentationMediaUpload','2024-06-21 11:13:56','2024-06-21 11:13:56','Media Upload 6','Media Upload Description 6',0,0,1,567),(148,'PresentationMediaUpload','2024-06-21 11:13:56','2024-06-21 11:13:56','Media Upload 7','Media Upload Description 7',0,0,1,568),(149,'PresentationMediaUpload','2024-06-21 11:13:56','2024-06-21 11:13:56','Media Upload 8','Media Upload Description 8',0,0,1,569),(150,'PresentationMediaUpload','2024-06-21 11:13:56','2024-06-21 11:13:56','Media Upload 9','Media Upload Description 9',0,0,1,570),(151,'PresentationMediaUpload','2024-06-21 11:13:56','2024-06-21 11:13:56','Media Upload 10','Media Upload Description 10',0,0,1,571),(152,'PresentationMediaUpload','2024-06-21 11:13:56','2024-06-21 11:13:56','Media Upload 11','Media Upload Description 11',0,0,1,572),(153,'PresentationMediaUpload','2024-06-21 11:13:56','2024-06-21 11:13:56','Media Upload 12','Media Upload Description 12',0,0,1,573),(154,'PresentationMediaUpload','2024-06-21 11:13:56','2024-06-21 11:13:56','Media Upload 13','Media Upload Description 13',0,0,1,574),(155,'PresentationMediaUpload','2024-06-21 11:13:56','2024-06-21 11:13:56','Media Upload 14','Media Upload Description 14',0,0,1,575),(156,'PresentationMediaUpload','2024-06-21 11:13:56','2024-06-21 11:13:56','Media Upload 15','Media Upload Description 15',0,0,1,576),(157,'PresentationMediaUpload','2024-06-21 11:13:56','2024-06-21 11:13:56','Media Upload 16','Media Upload Description 16',0,0,1,577),(158,'PresentationMediaUpload','2024-06-21 11:13:56','2024-06-21 11:13:56','Media Upload 17','Media Upload Description 17',0,0,1,578),(159,'PresentationMediaUpload','2024-06-21 11:13:56','2024-06-21 11:13:56','Media Upload 18','Media Upload Description 18',0,0,1,579),(160,'PresentationMediaUpload','2024-06-21 11:13:56','2024-06-21 11:13:56','Media Upload 19','Media Upload Description 19',0,0,1,580),(161,'PresentationMediaUpload','2024-06-21 11:15:03','2024-06-21 11:15:03','Media Upload 0','Media Upload Description 0',0,0,1,641),(162,'PresentationMediaUpload','2024-06-21 11:15:03','2024-06-21 11:15:03','Media Upload 1','Media Upload Description 1',0,0,1,642),(163,'PresentationMediaUpload','2024-06-21 11:15:03','2024-06-21 11:15:03','Media Upload 2','Media Upload Description 2',0,0,1,643),(164,'PresentationMediaUpload','2024-06-21 11:15:03','2024-06-21 11:15:03','Media Upload 3','Media Upload Description 3',0,0,1,644),(165,'PresentationMediaUpload','2024-06-21 11:15:03','2024-06-21 11:15:03','Media Upload 4','Media Upload Description 4',0,0,1,645),(166,'PresentationMediaUpload','2024-06-21 11:15:03','2024-06-21 11:15:03','Media Upload 5','Media Upload Description 5',0,0,1,646),(167,'PresentationMediaUpload','2024-06-21 11:15:03','2024-06-21 11:15:03','Media Upload 6','Media Upload Description 6',0,0,1,647),(168,'PresentationMediaUpload','2024-06-21 11:15:03','2024-06-21 11:15:03','Media Upload 7','Media Upload Description 7',0,0,1,648),(169,'PresentationMediaUpload','2024-06-21 11:15:03','2024-06-21 11:15:03','Media Upload 8','Media Upload Description 8',0,0,1,649),(170,'PresentationMediaUpload','2024-06-21 11:15:03','2024-06-21 11:15:03','Media Upload 9','Media Upload Description 9',0,0,1,650),(171,'PresentationMediaUpload','2024-06-21 11:15:03','2024-06-21 11:15:03','Media Upload 10','Media Upload Description 10',0,0,1,651),(172,'PresentationMediaUpload','2024-06-21 11:15:03','2024-06-21 11:15:03','Media Upload 11','Media Upload Description 11',0,0,1,652),(173,'PresentationMediaUpload','2024-06-21 11:15:03','2024-06-21 11:15:03','Media Upload 12','Media Upload Description 12',0,0,1,653),(174,'PresentationMediaUpload','2024-06-21 11:15:03','2024-06-21 11:15:03','Media Upload 13','Media Upload Description 13',0,0,1,654),(175,'PresentationMediaUpload','2024-06-21 11:15:03','2024-06-21 11:15:03','Media Upload 14','Media Upload Description 14',0,0,1,655),(176,'PresentationMediaUpload','2024-06-21 11:15:03','2024-06-21 11:15:03','Media Upload 15','Media Upload Description 15',0,0,1,656),(177,'PresentationMediaUpload','2024-06-21 11:15:03','2024-06-21 11:15:03','Media Upload 16','Media Upload Description 16',0,0,1,657),(178,'PresentationMediaUpload','2024-06-21 11:15:03','2024-06-21 11:15:03','Media Upload 17','Media Upload Description 17',0,0,1,658),(179,'PresentationMediaUpload','2024-06-21 11:15:03','2024-06-21 11:15:03','Media Upload 18','Media Upload Description 18',0,0,1,659),(180,'PresentationMediaUpload','2024-06-21 11:15:03','2024-06-21 11:15:03','Media Upload 19','Media Upload Description 19',0,0,1,660),(181,'PresentationMediaUpload','2024-06-21 11:15:17','2024-06-21 11:15:17','Media Upload 0','Media Upload Description 0',0,0,1,721),(182,'PresentationMediaUpload','2024-06-21 11:15:17','2024-06-21 11:15:17','Media Upload 1','Media Upload Description 1',0,0,1,722),(183,'PresentationMediaUpload','2024-06-21 11:15:17','2024-06-21 11:15:17','Media Upload 2','Media Upload Description 2',0,0,1,723),(184,'PresentationMediaUpload','2024-06-21 11:15:17','2024-06-21 11:15:17','Media Upload 3','Media Upload Description 3',0,0,1,724),(185,'PresentationMediaUpload','2024-06-21 11:15:17','2024-06-21 11:15:17','Media Upload 4','Media Upload Description 4',0,0,1,725),(186,'PresentationMediaUpload','2024-06-21 11:15:17','2024-06-21 11:15:17','Media Upload 5','Media Upload Description 5',0,0,1,726),(187,'PresentationMediaUpload','2024-06-21 11:15:17','2024-06-21 11:15:17','Media Upload 6','Media Upload Description 6',0,0,1,727),(188,'PresentationMediaUpload','2024-06-21 11:15:17','2024-06-21 11:15:17','Media Upload 7','Media Upload Description 7',0,0,1,728),(189,'PresentationMediaUpload','2024-06-21 11:15:17','2024-06-21 11:15:17','Media Upload 8','Media Upload Description 8',0,0,1,729),(190,'PresentationMediaUpload','2024-06-21 11:15:17','2024-06-21 11:15:17','Media Upload 9','Media Upload Description 9',0,0,1,730),(191,'PresentationMediaUpload','2024-06-21 11:15:17','2024-06-21 11:15:17','Media Upload 10','Media Upload Description 10',0,0,1,731),(192,'PresentationMediaUpload','2024-06-21 11:15:17','2024-06-21 11:15:17','Media Upload 11','Media Upload Description 11',0,0,1,732),(193,'PresentationMediaUpload','2024-06-21 11:15:17','2024-06-21 11:15:17','Media Upload 12','Media Upload Description 12',0,0,1,733),(194,'PresentationMediaUpload','2024-06-21 11:15:17','2024-06-21 11:15:17','Media Upload 13','Media Upload Description 13',0,0,1,734),(195,'PresentationMediaUpload','2024-06-21 11:15:17','2024-06-21 11:15:17','Media Upload 14','Media Upload Description 14',0,0,1,735),(196,'PresentationMediaUpload','2024-06-21 11:15:17','2024-06-21 11:15:17','Media Upload 15','Media Upload Description 15',0,0,1,736),(197,'PresentationMediaUpload','2024-06-21 11:15:17','2024-06-21 11:15:17','Media Upload 16','Media Upload Description 16',0,0,1,737),(198,'PresentationMediaUpload','2024-06-21 11:15:17','2024-06-21 11:15:17','Media Upload 17','Media Upload Description 17',0,0,1,738),(199,'PresentationMediaUpload','2024-06-21 11:15:17','2024-06-21 11:15:17','Media Upload 18','Media Upload Description 18',0,0,1,739),(200,'PresentationMediaUpload','2024-06-21 11:15:17','2024-06-21 11:15:17','Media Upload 19','Media Upload Description 19',0,0,1,740),(201,'PresentationMediaUpload','2024-06-21 11:17:03','2024-06-21 11:17:03','Media Upload 0','Media Upload Description 0',0,0,1,801),(202,'PresentationMediaUpload','2024-06-21 11:17:03','2024-06-21 11:17:03','Media Upload 1','Media Upload Description 1',0,0,1,802),(203,'PresentationMediaUpload','2024-06-21 11:17:03','2024-06-21 11:17:03','Media Upload 2','Media Upload Description 2',0,0,1,803),(204,'PresentationMediaUpload','2024-06-21 11:17:03','2024-06-21 11:17:03','Media Upload 3','Media Upload Description 3',0,0,1,804),(205,'PresentationMediaUpload','2024-06-21 11:17:03','2024-06-21 11:17:03','Media Upload 4','Media Upload Description 4',0,0,1,805),(206,'PresentationMediaUpload','2024-06-21 11:17:03','2024-06-21 11:17:03','Media Upload 5','Media Upload Description 5',0,0,1,806),(207,'PresentationMediaUpload','2024-06-21 11:17:03','2024-06-21 11:17:03','Media Upload 6','Media Upload Description 6',0,0,1,807),(208,'PresentationMediaUpload','2024-06-21 11:17:03','2024-06-21 11:17:03','Media Upload 7','Media Upload Description 7',0,0,1,808),(209,'PresentationMediaUpload','2024-06-21 11:17:03','2024-06-21 11:17:03','Media Upload 8','Media Upload Description 8',0,0,1,809),(210,'PresentationMediaUpload','2024-06-21 11:17:03','2024-06-21 11:17:03','Media Upload 9','Media Upload Description 9',0,0,1,810),(211,'PresentationMediaUpload','2024-06-21 11:17:03','2024-06-21 11:17:03','Media Upload 10','Media Upload Description 10',0,0,1,811),(212,'PresentationMediaUpload','2024-06-21 11:17:03','2024-06-21 11:17:03','Media Upload 11','Media Upload Description 11',0,0,1,812),(213,'PresentationMediaUpload','2024-06-21 11:17:03','2024-06-21 11:17:03','Media Upload 12','Media Upload Description 12',0,0,1,813),(214,'PresentationMediaUpload','2024-06-21 11:17:03','2024-06-21 11:17:03','Media Upload 13','Media Upload Description 13',0,0,1,814),(215,'PresentationMediaUpload','2024-06-21 11:17:03','2024-06-21 11:17:03','Media Upload 14','Media Upload Description 14',0,0,1,815),(216,'PresentationMediaUpload','2024-06-21 11:17:03','2024-06-21 11:17:03','Media Upload 15','Media Upload Description 15',0,0,1,816),(217,'PresentationMediaUpload','2024-06-21 11:17:03','2024-06-21 11:17:03','Media Upload 16','Media Upload Description 16',0,0,1,817),(218,'PresentationMediaUpload','2024-06-21 11:17:03','2024-06-21 11:17:03','Media Upload 17','Media Upload Description 17',0,0,1,818),(219,'PresentationMediaUpload','2024-06-21 11:17:03','2024-06-21 11:17:03','Media Upload 18','Media Upload Description 18',0,0,1,819),(220,'PresentationMediaUpload','2024-06-21 11:17:03','2024-06-21 11:17:03','Media Upload 19','Media Upload Description 19',0,0,1,820),(221,'PresentationMediaUpload','2024-06-21 11:18:32','2024-06-21 11:18:32','Media Upload 0','Media Upload Description 0',0,0,1,881),(222,'PresentationMediaUpload','2024-06-21 11:18:32','2024-06-21 11:18:32','Media Upload 1','Media Upload Description 1',0,0,1,882),(223,'PresentationMediaUpload','2024-06-21 11:18:32','2024-06-21 11:18:32','Media Upload 2','Media Upload Description 2',0,0,1,883),(224,'PresentationMediaUpload','2024-06-21 11:18:32','2024-06-21 11:18:32','Media Upload 3','Media Upload Description 3',0,0,1,884),(225,'PresentationMediaUpload','2024-06-21 11:18:32','2024-06-21 11:18:32','Media Upload 4','Media Upload Description 4',0,0,1,885),(226,'PresentationMediaUpload','2024-06-21 11:18:32','2024-06-21 11:18:32','Media Upload 5','Media Upload Description 5',0,0,1,886),(227,'PresentationMediaUpload','2024-06-21 11:18:32','2024-06-21 11:18:32','Media Upload 6','Media Upload Description 6',0,0,1,887),(228,'PresentationMediaUpload','2024-06-21 11:18:32','2024-06-21 11:18:32','Media Upload 7','Media Upload Description 7',0,0,1,888),(229,'PresentationMediaUpload','2024-06-21 11:18:32','2024-06-21 11:18:32','Media Upload 8','Media Upload Description 8',0,0,1,889),(230,'PresentationMediaUpload','2024-06-21 11:18:32','2024-06-21 11:18:32','Media Upload 9','Media Upload Description 9',0,0,1,890),(231,'PresentationMediaUpload','2024-06-21 11:18:32','2024-06-21 11:18:32','Media Upload 10','Media Upload Description 10',0,0,1,891),(232,'PresentationMediaUpload','2024-06-21 11:18:32','2024-06-21 11:18:32','Media Upload 11','Media Upload Description 11',0,0,1,892),(233,'PresentationMediaUpload','2024-06-21 11:18:32','2024-06-21 11:18:32','Media Upload 12','Media Upload Description 12',0,0,1,893),(234,'PresentationMediaUpload','2024-06-21 11:18:32','2024-06-21 11:18:32','Media Upload 13','Media Upload Description 13',0,0,1,894),(235,'PresentationMediaUpload','2024-06-21 11:18:32','2024-06-21 11:18:32','Media Upload 14','Media Upload Description 14',0,0,1,895),(236,'PresentationMediaUpload','2024-06-21 11:18:32','2024-06-21 11:18:32','Media Upload 15','Media Upload Description 15',0,0,1,896),(237,'PresentationMediaUpload','2024-06-21 11:18:32','2024-06-21 11:18:32','Media Upload 16','Media Upload Description 16',0,0,1,897),(238,'PresentationMediaUpload','2024-06-21 11:18:32','2024-06-21 11:18:32','Media Upload 17','Media Upload Description 17',0,0,1,898),(239,'PresentationMediaUpload','2024-06-21 11:18:32','2024-06-21 11:18:32','Media Upload 18','Media Upload Description 18',0,0,1,899),(240,'PresentationMediaUpload','2024-06-21 11:18:32','2024-06-21 11:18:32','Media Upload 19','Media Upload Description 19',0,0,1,900),(241,'PresentationMediaUpload','2024-06-21 11:33:07','2024-06-21 11:33:07','Media Upload 0','Media Upload Description 0',0,0,1,961),(242,'PresentationMediaUpload','2024-06-21 11:33:07','2024-06-21 11:33:07','Media Upload 1','Media Upload Description 1',0,0,1,962),(243,'PresentationMediaUpload','2024-06-21 11:33:07','2024-06-21 11:33:07','Media Upload 2','Media Upload Description 2',0,0,1,963),(244,'PresentationMediaUpload','2024-06-21 11:33:07','2024-06-21 11:33:07','Media Upload 3','Media Upload Description 3',0,0,1,964),(245,'PresentationMediaUpload','2024-06-21 11:33:07','2024-06-21 11:33:07','Media Upload 4','Media Upload Description 4',0,0,1,965),(246,'PresentationMediaUpload','2024-06-21 11:33:07','2024-06-21 11:33:07','Media Upload 5','Media Upload Description 5',0,0,1,966),(247,'PresentationMediaUpload','2024-06-21 11:33:07','2024-06-21 11:33:07','Media Upload 6','Media Upload Description 6',0,0,1,967),(248,'PresentationMediaUpload','2024-06-21 11:33:07','2024-06-21 11:33:07','Media Upload 7','Media Upload Description 7',0,0,1,968),(249,'PresentationMediaUpload','2024-06-21 11:33:07','2024-06-21 11:33:07','Media Upload 8','Media Upload Description 8',0,0,1,969),(250,'PresentationMediaUpload','2024-06-21 11:33:07','2024-06-21 11:33:07','Media Upload 9','Media Upload Description 9',0,0,1,970),(251,'PresentationMediaUpload','2024-06-21 11:33:07','2024-06-21 11:33:07','Media Upload 10','Media Upload Description 10',0,0,1,971),(252,'PresentationMediaUpload','2024-06-21 11:33:07','2024-06-21 11:33:07','Media Upload 11','Media Upload Description 11',0,0,1,972),(253,'PresentationMediaUpload','2024-06-21 11:33:07','2024-06-21 11:33:07','Media Upload 12','Media Upload Description 12',0,0,1,973),(254,'PresentationMediaUpload','2024-06-21 11:33:07','2024-06-21 11:33:07','Media Upload 13','Media Upload Description 13',0,0,1,974),(255,'PresentationMediaUpload','2024-06-21 11:33:07','2024-06-21 11:33:07','Media Upload 14','Media Upload Description 14',0,0,1,975),(256,'PresentationMediaUpload','2024-06-21 11:33:07','2024-06-21 11:33:07','Media Upload 15','Media Upload Description 15',0,0,1,976),(257,'PresentationMediaUpload','2024-06-21 11:33:07','2024-06-21 11:33:07','Media Upload 16','Media Upload Description 16',0,0,1,977),(258,'PresentationMediaUpload','2024-06-21 11:33:07','2024-06-21 11:33:07','Media Upload 17','Media Upload Description 17',0,0,1,978),(259,'PresentationMediaUpload','2024-06-21 11:33:07','2024-06-21 11:33:07','Media Upload 18','Media Upload Description 18',0,0,1,979),(260,'PresentationMediaUpload','2024-06-21 11:33:07','2024-06-21 11:33:07','Media Upload 19','Media Upload Description 19',0,0,1,980),(261,'PresentationMediaUpload','2024-06-21 11:34:09','2024-06-21 11:34:09','Media Upload 0','Media Upload Description 0',0,0,1,1041),(262,'PresentationMediaUpload','2024-06-21 11:34:09','2024-06-21 11:34:09','Media Upload 1','Media Upload Description 1',0,0,1,1042),(263,'PresentationMediaUpload','2024-06-21 11:34:09','2024-06-21 11:34:09','Media Upload 2','Media Upload Description 2',0,0,1,1043),(264,'PresentationMediaUpload','2024-06-21 11:34:09','2024-06-21 11:34:09','Media Upload 3','Media Upload Description 3',0,0,1,1044),(265,'PresentationMediaUpload','2024-06-21 11:34:09','2024-06-21 11:34:09','Media Upload 4','Media Upload Description 4',0,0,1,1045),(266,'PresentationMediaUpload','2024-06-21 11:34:09','2024-06-21 11:34:09','Media Upload 5','Media Upload Description 5',0,0,1,1046),(267,'PresentationMediaUpload','2024-06-21 11:34:09','2024-06-21 11:34:09','Media Upload 6','Media Upload Description 6',0,0,1,1047),(268,'PresentationMediaUpload','2024-06-21 11:34:09','2024-06-21 11:34:09','Media Upload 7','Media Upload Description 7',0,0,1,1048),(269,'PresentationMediaUpload','2024-06-21 11:34:09','2024-06-21 11:34:09','Media Upload 8','Media Upload Description 8',0,0,1,1049),(270,'PresentationMediaUpload','2024-06-21 11:34:09','2024-06-21 11:34:09','Media Upload 9','Media Upload Description 9',0,0,1,1050),(271,'PresentationMediaUpload','2024-06-21 11:34:09','2024-06-21 11:34:09','Media Upload 10','Media Upload Description 10',0,0,1,1051),(272,'PresentationMediaUpload','2024-06-21 11:34:09','2024-06-21 11:34:09','Media Upload 11','Media Upload Description 11',0,0,1,1052),(273,'PresentationMediaUpload','2024-06-21 11:34:09','2024-06-21 11:34:09','Media Upload 12','Media Upload Description 12',0,0,1,1053),(274,'PresentationMediaUpload','2024-06-21 11:34:09','2024-06-21 11:34:09','Media Upload 13','Media Upload Description 13',0,0,1,1054),(275,'PresentationMediaUpload','2024-06-21 11:34:09','2024-06-21 11:34:09','Media Upload 14','Media Upload Description 14',0,0,1,1055),(276,'PresentationMediaUpload','2024-06-21 11:34:09','2024-06-21 11:34:09','Media Upload 15','Media Upload Description 15',0,0,1,1056),(277,'PresentationMediaUpload','2024-06-21 11:34:09','2024-06-21 11:34:09','Media Upload 16','Media Upload Description 16',0,0,1,1057),(278,'PresentationMediaUpload','2024-06-21 11:34:09','2024-06-21 11:34:09','Media Upload 17','Media Upload Description 17',0,0,1,1058),(279,'PresentationMediaUpload','2024-06-21 11:34:09','2024-06-21 11:34:09','Media Upload 18','Media Upload Description 18',0,0,1,1059),(280,'PresentationMediaUpload','2024-06-21 11:34:09','2024-06-21 11:34:09','Media Upload 19','Media Upload Description 19',0,0,1,1060);
/*!40000 ALTER TABLE `PresentationMaterial` ENABLE KEYS */;
UNLOCK TABLES;

--
-- Table structure for table `PresentationMediaUpload`
--

DROP TABLE IF EXISTS `PresentationMediaUpload`;
/*!40101 SET @saved_cs_client     = @@character_set_client */;
/*!50503 SET character_set_client = utf8mb4 */;
CREATE TABLE `PresentationMediaUpload` (
  `ID` int NOT NULL AUTO_INCREMENT,
  `FileName` varchar(255) COLLATE utf8mb3_unicode_ci NOT NULL,
  `SummitMediaUploadTypeID` int DEFAULT NULL,
  `LegacyPathFormat` tinyint(1) NOT NULL DEFAULT '1',
  PRIMARY KEY (`ID`),
  KEY `SummitMediaUploadTypeID` (`SummitMediaUploadTypeID`),
  CONSTRAINT `FK_381AC212D70B12DA` FOREIGN KEY (`SummitMediaUploadTypeID`) REFERENCES `SummitMediaUploadType` (`ID`) ON DELETE CASCADE,
  CONSTRAINT `FK_PresentationMaterial` FOREIGN KEY (`ID`) REFERENCES `PresentationMaterial` (`ID`) ON DELETE CASCADE
) ENGINE=InnoDB AUTO_INCREMENT=281 DEFAULT CHARSET=utf8mb3 COLLATE=utf8mb3_unicode_ci;
/*!40101 SET character_set_client = @saved_cs_client */;

--
-- Dumping data for table `PresentationMediaUpload`
--

LOCK TABLES `PresentationMediaUpload` WRITE;
/*!40000 ALTER TABLE `PresentationMediaUpload` DISABLE KEYS */;
INSERT INTO `PresentationMediaUpload` VALUES (261,'Media Upload Filename 0',66,1),(262,'Media Upload Filename 1',67,1),(263,'Media Upload Filename 2',68,1),(264,'Media Upload Filename 3',67,1),(265,'Media Upload Filename 4',67,1),(266,'Media Upload Filename 5',67,1),(267,'Media Upload Filename 6',69,1),(268,'Media Upload Filename 7',69,1),(269,'Media Upload Filename 8',67,1),(270,'Media Upload Filename 9',69,1),(271,'Media Upload Filename 10',69,1),(272,'Media Upload Filename 11',66,1),(273,'Media Upload Filename 12',68,1),(274,'Media Upload Filename 13',69,1),(275,'Media Upload Filename 14',69,1),(276,'Media Upload Filename 15',68,1),(277,'Media Upload Filename 16',70,1),(278,'Media Upload Filename 17',68,1),(279,'Media Upload Filename 18',66,1),(280,'Media Upload Filename 19',66,1);
/*!40000 ALTER TABLE `PresentationMediaUpload` ENABLE KEYS */;
UNLOCK TABLES;

--
-- Table structure for table `PresentationPage`
--

DROP TABLE IF EXISTS `PresentationPage`;
/*!40101 SET @saved_cs_client     = @@character_set_client */;
/*!50503 SET character_set_client = utf8mb4 */;
CREATE TABLE `PresentationPage` (
  `ID` int NOT NULL AUTO_INCREMENT,
  `LegalAgreement` mediumtext CHARACTER SET utf8mb3 COLLATE utf8mb3_general_ci,
  `PresentationDeadlineText` mediumtext CHARACTER SET utf8mb3 COLLATE utf8mb3_general_ci,
  `VideoLegalConsent` mediumtext CHARACTER SET utf8mb3 COLLATE utf8mb3_general_ci,
  `PresentationSuccessText` mediumtext CHARACTER SET utf8mb3 COLLATE utf8mb3_general_ci,
  PRIMARY KEY (`ID`)
) ENGINE=InnoDB DEFAULT CHARSET=latin1;
/*!40101 SET character_set_client = @saved_cs_client */;

--
-- Dumping data for table `PresentationPage`
--

LOCK TABLES `PresentationPage` WRITE;
/*!40000 ALTER TABLE `PresentationPage` DISABLE KEYS */;
/*!40000 ALTER TABLE `PresentationPage` ENABLE KEYS */;
UNLOCK TABLES;

--
-- Table structure for table `PresentationPage_Live`
--

DROP TABLE IF EXISTS `PresentationPage_Live`;
/*!40101 SET @saved_cs_client     = @@character_set_client */;
/*!50503 SET character_set_client = utf8mb4 */;
CREATE TABLE `PresentationPage_Live` (
  `ID` int NOT NULL AUTO_INCREMENT,
  `LegalAgreement` mediumtext CHARACTER SET utf8mb3 COLLATE utf8mb3_general_ci,
  `PresentationDeadlineText` mediumtext CHARACTER SET utf8mb3 COLLATE utf8mb3_general_ci,
  `VideoLegalConsent` mediumtext CHARACTER SET utf8mb3 COLLATE utf8mb3_general_ci,
  `PresentationSuccessText` mediumtext CHARACTER SET utf8mb3 COLLATE utf8mb3_general_ci,
  PRIMARY KEY (`ID`)
) ENGINE=InnoDB DEFAULT CHARSET=latin1;
/*!40101 SET character_set_client = @saved_cs_client */;

--
-- Dumping data for table `PresentationPage_Live`
--

LOCK TABLES `PresentationPage_Live` WRITE;
/*!40000 ALTER TABLE `PresentationPage_Live` DISABLE KEYS */;
/*!40000 ALTER TABLE `PresentationPage_Live` ENABLE KEYS */;
UNLOCK TABLES;

--
-- Table structure for table `PresentationPage_versions`
--

DROP TABLE IF EXISTS `PresentationPage_versions`;
/*!40101 SET @saved_cs_client     = @@character_set_client */;
/*!50503 SET character_set_client = utf8mb4 */;
CREATE TABLE `PresentationPage_versions` (
  `ID` int NOT NULL AUTO_INCREMENT,
  `RecordID` int NOT NULL DEFAULT '0',
  `Version` int NOT NULL DEFAULT '0',
  `LegalAgreement` mediumtext CHARACTER SET utf8mb3 COLLATE utf8mb3_general_ci,
  `PresentationDeadlineText` mediumtext CHARACTER SET utf8mb3 COLLATE utf8mb3_general_ci,
  `VideoLegalConsent` mediumtext CHARACTER SET utf8mb3 COLLATE utf8mb3_general_ci,
  `PresentationSuccessText` mediumtext CHARACTER SET utf8mb3 COLLATE utf8mb3_general_ci,
  PRIMARY KEY (`ID`),
  UNIQUE KEY `RecordID_Version` (`RecordID`,`Version`),
  KEY `RecordID` (`RecordID`),
  KEY `Version` (`Version`)
) ENGINE=InnoDB DEFAULT CHARSET=latin1;
/*!40101 SET character_set_client = @saved_cs_client */;

--
-- Dumping data for table `PresentationPage_versions`
--

LOCK TABLES `PresentationPage_versions` WRITE;
/*!40000 ALTER TABLE `PresentationPage_versions` DISABLE KEYS */;
/*!40000 ALTER TABLE `PresentationPage_versions` ENABLE KEYS */;
UNLOCK TABLES;

--
-- Table structure for table `PresentationRandomVotingList`
--

DROP TABLE IF EXISTS `PresentationRandomVotingList`;
/*!40101 SET @saved_cs_client     = @@character_set_client */;
/*!50503 SET character_set_client = utf8mb4 */;
CREATE TABLE `PresentationRandomVotingList` (
  `ID` int NOT NULL AUTO_INCREMENT,
  `ClassName` enum('PresentationRandomVotingList') CHARACTER SET utf8mb3 COLLATE utf8mb3_general_ci DEFAULT 'PresentationRandomVotingList',
  `LastEdited` datetime DEFAULT NULL,
  `Created` datetime DEFAULT NULL,
  `SequenceJSON` mediumtext CHARACTER SET utf8mb3 COLLATE utf8mb3_general_ci,
  `SummitID` int DEFAULT NULL,
  PRIMARY KEY (`ID`),
  KEY `ClassName` (`ClassName`),
  KEY `SummitID` (`SummitID`)
) ENGINE=InnoDB DEFAULT CHARSET=latin1;
/*!40101 SET character_set_client = @saved_cs_client */;

--
-- Dumping data for table `PresentationRandomVotingList`
--

LOCK TABLES `PresentationRandomVotingList` WRITE;
/*!40000 ALTER TABLE `PresentationRandomVotingList` DISABLE KEYS */;
/*!40000 ALTER TABLE `PresentationRandomVotingList` ENABLE KEYS */;
UNLOCK TABLES;

--
-- Table structure for table `PresentationSlide`
--

DROP TABLE IF EXISTS `PresentationSlide`;
/*!40101 SET @saved_cs_client     = @@character_set_client */;
/*!50503 SET character_set_client = utf8mb4 */;
CREATE TABLE `PresentationSlide` (
  `ID` int NOT NULL AUTO_INCREMENT,
  `Link` mediumtext CHARACTER SET utf8mb3 COLLATE utf8mb3_general_ci,
  `SlideID` int DEFAULT NULL,
  PRIMARY KEY (`ID`),
  KEY `SlideID` (`SlideID`)
) ENGINE=InnoDB DEFAULT CHARSET=latin1;
/*!40101 SET character_set_client = @saved_cs_client */;

--
-- Dumping data for table `PresentationSlide`
--

LOCK TABLES `PresentationSlide` WRITE;
/*!40000 ALTER TABLE `PresentationSlide` DISABLE KEYS */;
/*!40000 ALTER TABLE `PresentationSlide` ENABLE KEYS */;
UNLOCK TABLES;

--
-- Table structure for table `PresentationSpeaker`
--

DROP TABLE IF EXISTS `PresentationSpeaker`;
/*!40101 SET @saved_cs_client     = @@character_set_client */;
/*!50503 SET character_set_client = utf8mb4 */;
CREATE TABLE `PresentationSpeaker` (
  `ID` int NOT NULL AUTO_INCREMENT,
  `ClassName` enum('PresentationSpeaker') CHARACTER SET utf8mb3 COLLATE utf8mb3_general_ci DEFAULT 'PresentationSpeaker',
  `LastEdited` datetime DEFAULT NULL,
  `Created` datetime DEFAULT NULL,
  `FirstName` varchar(100) CHARACTER SET utf8mb3 COLLATE utf8mb3_general_ci DEFAULT NULL,
  `LastName` varchar(100) CHARACTER SET utf8mb3 COLLATE utf8mb3_general_ci DEFAULT NULL,
  `Title` varchar(100) CHARACTER SET utf8mb3 COLLATE utf8mb3_general_ci DEFAULT NULL,
  `Topic` varchar(255) CHARACTER SET utf8mb3 COLLATE utf8mb3_general_ci DEFAULT NULL,
  `Bio` mediumtext CHARACTER SET utf8mb3 COLLATE utf8mb3_general_ci,
  `IRCHandle` varchar(50) CHARACTER SET utf8mb3 COLLATE utf8mb3_general_ci DEFAULT NULL,
  `TwitterName` varchar(50) CHARACTER SET utf8mb3 COLLATE utf8mb3_general_ci DEFAULT NULL,
  `AvailableForBureau` tinyint unsigned NOT NULL DEFAULT '0',
  `FundedTravel` tinyint unsigned NOT NULL DEFAULT '0',
  `WillingToTravel` tinyint unsigned NOT NULL DEFAULT '0',
  `Country` varchar(2) CHARACTER SET utf8mb3 COLLATE utf8mb3_general_ci DEFAULT NULL,
  `BeenEmailed` tinyint unsigned NOT NULL DEFAULT '0',
  `WillingToPresentVideo` tinyint unsigned NOT NULL DEFAULT '0',
  `Notes` mediumtext CHARACTER SET utf8mb3 COLLATE utf8mb3_general_ci,
  `CreatedFromAPI` tinyint unsigned NOT NULL DEFAULT '0',
  `OrgHasCloud` tinyint unsigned NOT NULL DEFAULT '0',
  `PhotoID` int DEFAULT NULL,
  `MemberID` int DEFAULT NULL,
  `RegistrationRequestID` int DEFAULT NULL,
  `BigPhotoID` int DEFAULT NULL,
  `Company` tinytext,
  `PhoneNumber` tinytext,
  PRIMARY KEY (`ID`),
  KEY `BigPhotoID` (`BigPhotoID`),
  KEY `ClassName` (`ClassName`),
  KEY `FirstName` (`FirstName`),
  KEY `FirstName_LastName` (`FirstName`,`LastName`),
  KEY `LastName` (`LastName`),
  KEY `MemberID` (`MemberID`),
  KEY `PhotoID` (`PhotoID`),
  KEY `RegistrationRequestID` (`RegistrationRequestID`),
  CONSTRAINT `FK_CAB885EF78E76FB9` FOREIGN KEY (`BigPhotoID`) REFERENCES `File` (`ID`) ON DELETE CASCADE,
  CONSTRAINT `FK_PresentationSpeaker_Member` FOREIGN KEY (`MemberID`) REFERENCES `Member` (`ID`) ON DELETE SET NULL
) ENGINE=InnoDB AUTO_INCREMENT=34 DEFAULT CHARSET=latin1;
/*!40101 SET character_set_client = @saved_cs_client */;

--
-- Dumping data for table `PresentationSpeaker`
--

LOCK TABLES `PresentationSpeaker` WRITE;
/*!40000 ALTER TABLE `PresentationSpeaker` DISABLE KEYS */;
INSERT INTO `PresentationSpeaker` VALUES (1,'PresentationSpeaker','2024-06-21 04:31:07','2024-06-21 04:31:07','Sebastian','Marcet',NULL,NULL,'Lorep Ip Sum',NULL,NULL,0,0,0,NULL,0,0,NULL,1,0,NULL,1,NULL,NULL,NULL,NULL),(3,'PresentationSpeaker','2024-06-21 04:31:54','2024-06-21 04:31:54','Sebastian','Marcet',NULL,NULL,'Lorep Ip Sum',NULL,NULL,0,0,0,NULL,0,0,NULL,1,0,NULL,3,NULL,NULL,NULL,NULL),(5,'PresentationSpeaker','2024-06-21 04:33:41','2024-06-21 04:33:41','Sebastian','Marcet',NULL,NULL,'Lorep Ip Sum',NULL,NULL,0,0,0,NULL,0,0,NULL,1,0,NULL,5,NULL,NULL,NULL,NULL),(6,'PresentationSpeaker','2024-06-21 04:33:45','2024-06-21 04:33:45','Sebastian','Marcet',NULL,NULL,'This is the Bio',NULL,NULL,0,0,0,NULL,0,0,NULL,1,0,NULL,NULL,NULL,NULL,NULL,NULL),(7,'PresentationSpeaker','2024-06-21 04:38:05','2024-06-21 04:38:05','Sebastian','Marcet',NULL,NULL,'Lorep Ip Sum',NULL,NULL,0,0,0,NULL,0,0,NULL,1,0,NULL,7,NULL,NULL,NULL,NULL),(8,'PresentationSpeaker','2024-06-21 04:38:05','2024-06-21 04:38:05','Sebastian','Marcet',NULL,NULL,'This is the Bio',NULL,NULL,0,0,0,NULL,0,0,NULL,1,0,NULL,NULL,NULL,NULL,NULL,NULL),(9,'PresentationSpeaker','2024-06-21 04:38:32','2024-06-21 04:38:32','Sebastian','Marcet',NULL,NULL,'Lorep Ip Sum',NULL,NULL,0,0,0,NULL,0,0,NULL,1,0,NULL,9,NULL,NULL,NULL,NULL),(10,'PresentationSpeaker','2024-06-21 04:38:33','2024-06-21 04:38:33','Sebastian','Marcet',NULL,NULL,'This is the Bio',NULL,NULL,0,0,0,NULL,0,0,NULL,1,0,NULL,NULL,NULL,NULL,NULL,NULL),(11,'PresentationSpeaker','2024-06-21 04:39:39','2024-06-21 04:39:39','Sebastian','Marcet',NULL,NULL,'Lorep Ip Sum',NULL,NULL,0,0,0,NULL,0,0,NULL,1,0,NULL,11,NULL,NULL,NULL,NULL),(12,'PresentationSpeaker','2024-06-21 04:39:40','2024-06-21 04:39:40','Sebastian','Marcet',NULL,NULL,'This is the Bio',NULL,NULL,0,0,0,NULL,0,0,NULL,1,0,NULL,NULL,NULL,NULL,NULL,NULL),(13,'PresentationSpeaker','2024-06-21 04:40:05','2024-06-21 04:40:05','Sebastian','Marcet',NULL,NULL,'Lorep Ip Sum',NULL,NULL,0,0,0,NULL,0,0,NULL,1,0,NULL,13,NULL,NULL,NULL,NULL),(14,'PresentationSpeaker','2024-06-21 04:40:06','2024-06-21 04:40:06','Sebastian','Marcet',NULL,NULL,'This is the Bio',NULL,NULL,0,0,0,NULL,0,0,NULL,1,0,NULL,NULL,NULL,NULL,NULL,NULL),(15,'PresentationSpeaker','2024-06-21 11:13:55','2024-06-21 11:13:55','Sebastian','Marcet',NULL,NULL,'Lorep Ip Sum',NULL,NULL,0,0,0,NULL,0,0,NULL,1,0,NULL,15,NULL,NULL,NULL,NULL),(16,'PresentationSpeaker','2024-06-21 11:13:56','2024-06-21 11:13:56','Sebastian','Marcet',NULL,NULL,'This is the Bio',NULL,NULL,0,0,0,NULL,0,0,NULL,1,0,NULL,NULL,NULL,NULL,NULL,NULL),(17,'PresentationSpeaker','2024-06-21 11:15:03','2024-06-21 11:15:03','Sebastian','Marcet',NULL,NULL,'Lorep Ip Sum',NULL,NULL,0,0,0,NULL,0,0,NULL,1,0,NULL,17,NULL,NULL,NULL,NULL),(18,'PresentationSpeaker','2024-06-21 11:15:03','2024-06-21 11:15:03','Sebastian','Marcet',NULL,NULL,'This is the Bio',NULL,NULL,0,0,0,NULL,0,0,NULL,1,0,NULL,NULL,NULL,NULL,NULL,NULL),(19,'PresentationSpeaker','2024-06-21 11:15:16','2024-06-21 11:15:16','Sebastian','Marcet',NULL,NULL,'Lorep Ip Sum',NULL,NULL,0,0,0,NULL,0,0,NULL,1,0,NULL,19,NULL,NULL,NULL,NULL),(20,'PresentationSpeaker','2024-06-21 11:15:17','2024-06-21 11:15:17','Sebastian','Marcet',NULL,NULL,'This is the Bio',NULL,NULL,0,0,0,NULL,0,0,NULL,1,0,NULL,NULL,NULL,NULL,NULL,NULL),(21,'PresentationSpeaker','2024-06-21 11:17:02','2024-06-21 11:17:02','Sebastian','Marcet',NULL,NULL,'Lorep Ip Sum',NULL,NULL,0,0,0,NULL,0,0,NULL,1,0,NULL,21,NULL,NULL,NULL,NULL),(22,'PresentationSpeaker','2024-06-21 11:17:03','2024-06-21 11:17:03','Sebastian','Marcet',NULL,NULL,'This is the Bio',NULL,NULL,0,0,0,NULL,0,0,NULL,1,0,NULL,NULL,NULL,NULL,NULL,NULL),(23,'PresentationSpeaker','2024-06-21 11:18:31','2024-06-21 11:18:31','Sebastian','Marcet',NULL,NULL,'Lorep Ip Sum',NULL,NULL,0,0,0,NULL,0,0,NULL,1,0,NULL,23,NULL,NULL,NULL,NULL),(24,'PresentationSpeaker','2024-06-21 11:18:32','2024-06-21 11:18:32','Sebastian','Marcet',NULL,NULL,'This is the Bio',NULL,NULL,0,0,0,NULL,0,0,NULL,1,0,NULL,NULL,NULL,NULL,NULL,NULL),(25,'PresentationSpeaker','2024-06-21 11:33:07','2024-06-21 11:33:07','Sebastian','Marcet',NULL,NULL,'Lorep Ip Sum',NULL,NULL,0,0,0,NULL,0,0,NULL,1,0,NULL,25,NULL,NULL,NULL,NULL),(26,'PresentationSpeaker','2024-06-21 11:33:07','2024-06-21 11:33:07','Sebastian','Marcet',NULL,NULL,'This is the Bio',NULL,NULL,0,0,0,NULL,0,0,NULL,1,0,NULL,NULL,NULL,NULL,NULL,NULL),(27,'PresentationSpeaker','2024-06-21 11:34:09','2024-06-21 11:34:09','Sebastian','Marcet',NULL,NULL,'Lorep Ip Sum',NULL,NULL,0,0,0,NULL,0,0,NULL,1,0,NULL,27,NULL,NULL,NULL,NULL),(28,'PresentationSpeaker','2024-06-21 11:34:09','2024-06-21 11:34:09','Sebastian','Marcet',NULL,NULL,'This is the Bio',NULL,NULL,0,0,0,NULL,0,0,NULL,1,0,NULL,NULL,NULL,NULL,NULL,NULL),(29,'PresentationSpeaker','2024-06-24 07:17:28','2024-06-24 07:17:28','Sebastian','Marcet',NULL,NULL,'Lorep Ip Sum',NULL,NULL,0,0,0,NULL,0,0,NULL,1,0,NULL,29,NULL,NULL,NULL,NULL),(30,'PresentationSpeaker','2024-06-24 07:19:13','2024-06-24 07:19:13','Sebastian','Marcet',NULL,NULL,'Lorep Ip Sum',NULL,NULL,0,0,0,NULL,0,0,NULL,1,0,NULL,31,NULL,NULL,NULL,NULL),(31,'PresentationSpeaker','2024-06-24 07:20:18','2024-06-24 07:20:18','Sebastian','Marcet',NULL,NULL,'Lorep Ip Sum',NULL,NULL,0,0,0,NULL,0,0,NULL,1,0,NULL,33,NULL,NULL,NULL,NULL),(32,'PresentationSpeaker','2024-06-24 07:23:07','2024-06-24 07:23:07','Sebastian','Marcet',NULL,NULL,'Lorep Ip Sum',NULL,NULL,0,0,0,NULL,0,0,NULL,1,0,NULL,35,NULL,NULL,NULL,NULL),(33,'PresentationSpeaker','2024-06-24 07:25:41','2024-06-24 07:25:41','Sebastian','Marcet',NULL,NULL,'Lorep Ip Sum',NULL,NULL,0,0,0,NULL,0,0,NULL,1,0,NULL,37,NULL,NULL,NULL,NULL);
/*!40000 ALTER TABLE `PresentationSpeaker` ENABLE KEYS */;
UNLOCK TABLES;

--
-- Table structure for table `PresentationSpeakerNotificationEmailRequest`
--

DROP TABLE IF EXISTS `PresentationSpeakerNotificationEmailRequest`;
/*!40101 SET @saved_cs_client     = @@character_set_client */;
/*!50503 SET character_set_client = utf8mb4 */;
CREATE TABLE `PresentationSpeakerNotificationEmailRequest` (
  `ID` int NOT NULL AUTO_INCREMENT,
  `SpeakerID` int DEFAULT NULL,
  `PresentationID` int DEFAULT NULL,
  PRIMARY KEY (`ID`),
  KEY `PresentationID` (`PresentationID`),
  KEY `SpeakerID` (`SpeakerID`)
) ENGINE=InnoDB DEFAULT CHARSET=latin1;
/*!40101 SET character_set_client = @saved_cs_client */;

--
-- Dumping data for table `PresentationSpeakerNotificationEmailRequest`
--

LOCK TABLES `PresentationSpeakerNotificationEmailRequest` WRITE;
/*!40000 ALTER TABLE `PresentationSpeakerNotificationEmailRequest` DISABLE KEYS */;
/*!40000 ALTER TABLE `PresentationSpeakerNotificationEmailRequest` ENABLE KEYS */;
UNLOCK TABLES;

--
-- Table structure for table `PresentationSpeakerSummitAssistanceConfirmationRequest`
--

DROP TABLE IF EXISTS `PresentationSpeakerSummitAssistanceConfirmationRequest`;
/*!40101 SET @saved_cs_client     = @@character_set_client */;
/*!50503 SET character_set_client = utf8mb4 */;
CREATE TABLE `PresentationSpeakerSummitAssistanceConfirmationRequest` (
  `ID` int NOT NULL AUTO_INCREMENT,
  `ClassName` enum('PresentationSpeakerSummitAssistanceConfirmationRequest') CHARACTER SET utf8mb3 COLLATE utf8mb3_general_ci DEFAULT 'PresentationSpeakerSummitAssistanceConfirmationRequest',
  `LastEdited` datetime DEFAULT NULL,
  `Created` datetime DEFAULT NULL,
  `OnSitePhoneNumber` mediumtext CHARACTER SET utf8mb3 COLLATE utf8mb3_general_ci,
  `RegisteredForSummit` tinyint unsigned NOT NULL DEFAULT '0',
  `IsConfirmed` tinyint unsigned NOT NULL DEFAULT '0',
  `ConfirmationDate` datetime DEFAULT NULL,
  `ConfirmationHash` mediumtext CHARACTER SET utf8mb3 COLLATE utf8mb3_general_ci,
  `CheckedIn` tinyint unsigned NOT NULL DEFAULT '0',
  `SpeakerID` int DEFAULT NULL,
  `SummitID` int DEFAULT NULL,
  PRIMARY KEY (`ID`),
  UNIQUE KEY `Speaker_Summit` (`SpeakerID`,`SummitID`),
  KEY `ClassName` (`ClassName`),
  KEY `SpeakerID` (`SpeakerID`),
  KEY `SummitID` (`SummitID`)
) ENGINE=InnoDB DEFAULT CHARSET=latin1;
/*!40101 SET character_set_client = @saved_cs_client */;

--
-- Dumping data for table `PresentationSpeakerSummitAssistanceConfirmationRequest`
--

LOCK TABLES `PresentationSpeakerSummitAssistanceConfirmationRequest` WRITE;
/*!40000 ALTER TABLE `PresentationSpeakerSummitAssistanceConfirmationRequest` DISABLE KEYS */;
/*!40000 ALTER TABLE `PresentationSpeakerSummitAssistanceConfirmationRequest` ENABLE KEYS */;
UNLOCK TABLES;

--
-- Table structure for table `PresentationSpeakerUploadPresentationMaterialEmail`
--

DROP TABLE IF EXISTS `PresentationSpeakerUploadPresentationMaterialEmail`;
/*!40101 SET @saved_cs_client     = @@character_set_client */;
/*!50503 SET character_set_client = utf8mb4 */;
CREATE TABLE `PresentationSpeakerUploadPresentationMaterialEmail` (
  `ID` int NOT NULL AUTO_INCREMENT,
  `ClassName` enum('PresentationSpeakerUploadPresentationMaterialEmail') CHARACTER SET utf8mb3 COLLATE utf8mb3_general_ci DEFAULT 'PresentationSpeakerUploadPresentationMaterialEmail',
  `LastEdited` datetime DEFAULT NULL,
  `Created` datetime DEFAULT NULL,
  `SentDate` datetime DEFAULT NULL,
  `IsRedeemed` tinyint unsigned NOT NULL DEFAULT '0',
  `RedeemedDate` datetime DEFAULT NULL,
  `Hash` mediumtext CHARACTER SET utf8mb3 COLLATE utf8mb3_general_ci,
  `SummitID` int DEFAULT NULL,
  `SpeakerID` int DEFAULT NULL,
  PRIMARY KEY (`ID`),
  UNIQUE KEY `Summit_Speaker_IDX` (`SummitID`,`SpeakerID`),
  KEY `ClassName` (`ClassName`),
  KEY `SpeakerID` (`SpeakerID`),
  KEY `SummitID` (`SummitID`)
) ENGINE=InnoDB DEFAULT CHARSET=latin1;
/*!40101 SET character_set_client = @saved_cs_client */;

--
-- Dumping data for table `PresentationSpeakerUploadPresentationMaterialEmail`
--

LOCK TABLES `PresentationSpeakerUploadPresentationMaterialEmail` WRITE;
/*!40000 ALTER TABLE `PresentationSpeakerUploadPresentationMaterialEmail` DISABLE KEYS */;
/*!40000 ALTER TABLE `PresentationSpeakerUploadPresentationMaterialEmail` ENABLE KEYS */;
UNLOCK TABLES;

--
-- Table structure for table `PresentationSpeaker_ActiveInvolvements`
--

DROP TABLE IF EXISTS `PresentationSpeaker_ActiveInvolvements`;
/*!40101 SET @saved_cs_client     = @@character_set_client */;
/*!50503 SET character_set_client = utf8mb4 */;
CREATE TABLE `PresentationSpeaker_ActiveInvolvements` (
  `ID` int NOT NULL AUTO_INCREMENT,
  `PresentationSpeakerID` int NOT NULL DEFAULT '0',
  `SpeakerActiveInvolvementID` int NOT NULL DEFAULT '0',
  PRIMARY KEY (`ID`),
  KEY `PresentationSpeakerID` (`PresentationSpeakerID`),
  KEY `SpeakerActiveInvolvementID` (`SpeakerActiveInvolvementID`)
) ENGINE=InnoDB DEFAULT CHARSET=latin1;
/*!40101 SET character_set_client = @saved_cs_client */;

--
-- Dumping data for table `PresentationSpeaker_ActiveInvolvements`
--

LOCK TABLES `PresentationSpeaker_ActiveInvolvements` WRITE;
/*!40000 ALTER TABLE `PresentationSpeaker_ActiveInvolvements` DISABLE KEYS */;
/*!40000 ALTER TABLE `PresentationSpeaker_ActiveInvolvements` ENABLE KEYS */;
UNLOCK TABLES;

--
-- Table structure for table `PresentationSpeaker_Languages`
--

DROP TABLE IF EXISTS `PresentationSpeaker_Languages`;
/*!40101 SET @saved_cs_client     = @@character_set_client */;
/*!50503 SET character_set_client = utf8mb4 */;
CREATE TABLE `PresentationSpeaker_Languages` (
  `ID` int NOT NULL AUTO_INCREMENT,
  `PresentationSpeakerID` int NOT NULL DEFAULT '0',
  `LanguageID` int NOT NULL DEFAULT '0',
  PRIMARY KEY (`ID`),
  KEY `LanguageID` (`LanguageID`),
  KEY `PresentationSpeakerID` (`PresentationSpeakerID`)
) ENGINE=InnoDB DEFAULT CHARSET=latin1;
/*!40101 SET character_set_client = @saved_cs_client */;

--
-- Dumping data for table `PresentationSpeaker_Languages`
--

LOCK TABLES `PresentationSpeaker_Languages` WRITE;
/*!40000 ALTER TABLE `PresentationSpeaker_Languages` DISABLE KEYS */;
/*!40000 ALTER TABLE `PresentationSpeaker_Languages` ENABLE KEYS */;
UNLOCK TABLES;

--
-- Table structure for table `PresentationSpeaker_OrganizationalRoles`
--

DROP TABLE IF EXISTS `PresentationSpeaker_OrganizationalRoles`;
/*!40101 SET @saved_cs_client     = @@character_set_client */;
/*!50503 SET character_set_client = utf8mb4 */;
CREATE TABLE `PresentationSpeaker_OrganizationalRoles` (
  `ID` int NOT NULL AUTO_INCREMENT,
  `PresentationSpeakerID` int NOT NULL DEFAULT '0',
  `SpeakerOrganizationalRoleID` int NOT NULL DEFAULT '0',
  PRIMARY KEY (`ID`),
  KEY `PresentationSpeakerID` (`PresentationSpeakerID`),
  KEY `SpeakerOrganizationalRoleID` (`SpeakerOrganizationalRoleID`)
) ENGINE=InnoDB DEFAULT CHARSET=latin1;
/*!40101 SET character_set_client = @saved_cs_client */;

--
-- Dumping data for table `PresentationSpeaker_OrganizationalRoles`
--

LOCK TABLES `PresentationSpeaker_OrganizationalRoles` WRITE;
/*!40000 ALTER TABLE `PresentationSpeaker_OrganizationalRoles` DISABLE KEYS */;
/*!40000 ALTER TABLE `PresentationSpeaker_OrganizationalRoles` ENABLE KEYS */;
UNLOCK TABLES;

--
-- Table structure for table `PresentationTopic`
--

DROP TABLE IF EXISTS `PresentationTopic`;
/*!40101 SET @saved_cs_client     = @@character_set_client */;
/*!50503 SET character_set_client = utf8mb4 */;
CREATE TABLE `PresentationTopic` (
  `ID` int NOT NULL AUTO_INCREMENT,
  `ClassName` enum('PresentationTopic') CHARACTER SET utf8mb3 COLLATE utf8mb3_general_ci DEFAULT 'PresentationTopic',
  `LastEdited` datetime DEFAULT NULL,
  `Created` datetime DEFAULT NULL,
  `Title` varchar(50) CHARACTER SET utf8mb3 COLLATE utf8mb3_general_ci DEFAULT NULL,
  PRIMARY KEY (`ID`),
  KEY `ClassName` (`ClassName`)
) ENGINE=InnoDB DEFAULT CHARSET=latin1;
/*!40101 SET character_set_client = @saved_cs_client */;

--
-- Dumping data for table `PresentationTopic`
--

LOCK TABLES `PresentationTopic` WRITE;
/*!40000 ALTER TABLE `PresentationTopic` DISABLE KEYS */;
/*!40000 ALTER TABLE `PresentationTopic` ENABLE KEYS */;
UNLOCK TABLES;

--
-- Table structure for table `PresentationTrackChairRatingType`
--

DROP TABLE IF EXISTS `PresentationTrackChairRatingType`;
/*!40101 SET @saved_cs_client     = @@character_set_client */;
/*!50503 SET character_set_client = utf8mb4 */;
CREATE TABLE `PresentationTrackChairRatingType` (
  `ID` int NOT NULL AUTO_INCREMENT,
  `Created` datetime NOT NULL,
  `LastEdited` datetime NOT NULL,
  `ClassName` varchar(50) COLLATE utf8mb3_unicode_ci NOT NULL DEFAULT 'PresentationTrackChairRatingType',
  `Name` varchar(255) COLLATE utf8mb3_unicode_ci NOT NULL,
  `Weight` double NOT NULL DEFAULT '0',
  `CustomOrder` int NOT NULL DEFAULT '1',
  `SelectionPlanID` int NOT NULL,
  PRIMARY KEY (`ID`),
  KEY `SelectionPlanID` (`SelectionPlanID`),
  CONSTRAINT `FK_PresentationTrackChairRatingType_SelectionPlan` FOREIGN KEY (`SelectionPlanID`) REFERENCES `SelectionPlan` (`ID`) ON DELETE CASCADE
) ENGINE=InnoDB AUTO_INCREMENT=15 DEFAULT CHARSET=utf8mb3 COLLATE=utf8mb3_unicode_ci;
/*!40101 SET character_set_client = @saved_cs_client */;

--
-- Dumping data for table `PresentationTrackChairRatingType`
--

LOCK TABLES `PresentationTrackChairRatingType` WRITE;
/*!40000 ALTER TABLE `PresentationTrackChairRatingType` DISABLE KEYS */;
INSERT INTO `PresentationTrackChairRatingType` VALUES (3,'2024-06-21 04:33:45','2024-06-21 04:33:45','PresentationTrackChairRatingType','TEST_RATING_TYPE',1.5,1,5),(4,'2024-06-21 04:38:05','2024-06-21 04:38:05','PresentationTrackChairRatingType','TEST_RATING_TYPE',1.5,1,7),(5,'2024-06-21 04:38:33','2024-06-21 04:38:33','PresentationTrackChairRatingType','TEST_RATING_TYPE',1.5,1,9),(6,'2024-06-21 04:39:40','2024-06-21 04:39:40','PresentationTrackChairRatingType','TEST_RATING_TYPE',1.5,1,11),(7,'2024-06-21 04:40:06','2024-06-21 04:40:06','PresentationTrackChairRatingType','TEST_RATING_TYPE',1.5,1,13),(8,'2024-06-21 11:13:56','2024-06-21 11:13:56','PresentationTrackChairRatingType','TEST_RATING_TYPE',1.5,1,15),(9,'2024-06-21 11:15:03','2024-06-21 11:15:03','PresentationTrackChairRatingType','TEST_RATING_TYPE',1.5,1,17),(10,'2024-06-21 11:15:17','2024-06-21 11:15:17','PresentationTrackChairRatingType','TEST_RATING_TYPE',1.5,1,19),(11,'2024-06-21 11:17:03','2024-06-21 11:17:03','PresentationTrackChairRatingType','TEST_RATING_TYPE',1.5,1,21),(12,'2024-06-21 11:18:32','2024-06-21 11:18:32','PresentationTrackChairRatingType','TEST_RATING_TYPE',1.5,1,23),(13,'2024-06-21 11:33:07','2024-06-21 11:33:07','PresentationTrackChairRatingType','TEST_RATING_TYPE',1.5,1,25),(14,'2024-06-21 11:34:09','2024-06-21 11:34:09','PresentationTrackChairRatingType','TEST_RATING_TYPE',1.5,1,27);
/*!40000 ALTER TABLE `PresentationTrackChairRatingType` ENABLE KEYS */;
UNLOCK TABLES;

--
-- Table structure for table `PresentationTrackChairScore`
--

DROP TABLE IF EXISTS `PresentationTrackChairScore`;
/*!40101 SET @saved_cs_client     = @@character_set_client */;
/*!50503 SET character_set_client = utf8mb4 */;
CREATE TABLE `PresentationTrackChairScore` (
  `ID` int NOT NULL AUTO_INCREMENT,
  `Created` datetime NOT NULL,
  `LastEdited` datetime NOT NULL,
  `ClassName` varchar(50) COLLATE utf8mb3_unicode_ci NOT NULL DEFAULT 'PresentationTrackChairScore',
  `TypeID` int NOT NULL,
  `TrackChairID` int NOT NULL,
  `PresentationID` int NOT NULL,
  PRIMARY KEY (`ID`),
  UNIQUE KEY `IDX_PresentationTrackChairScore_Unique` (`TypeID`,`PresentationID`,`TrackChairID`),
  KEY `PresentationID` (`PresentationID`),
  KEY `TrackChairID` (`TrackChairID`),
  KEY `TypeID` (`TypeID`),
  CONSTRAINT `FK_PresentationTrackChairScore_Presentation` FOREIGN KEY (`PresentationID`) REFERENCES `Presentation` (`ID`) ON DELETE CASCADE,
  CONSTRAINT `FK_PresentationTrackChairScore_SummitTrackChair` FOREIGN KEY (`TrackChairID`) REFERENCES `SummitTrackChair` (`ID`) ON DELETE CASCADE,
  CONSTRAINT `FK_PresentationTrackChairScore_Type` FOREIGN KEY (`TypeID`) REFERENCES `PresentationTrackChairScoreType` (`ID`) ON DELETE CASCADE
) ENGINE=InnoDB DEFAULT CHARSET=utf8mb3 COLLATE=utf8mb3_unicode_ci;
/*!40101 SET character_set_client = @saved_cs_client */;

--
-- Dumping data for table `PresentationTrackChairScore`
--

LOCK TABLES `PresentationTrackChairScore` WRITE;
/*!40000 ALTER TABLE `PresentationTrackChairScore` DISABLE KEYS */;
/*!40000 ALTER TABLE `PresentationTrackChairScore` ENABLE KEYS */;
UNLOCK TABLES;

--
-- Table structure for table `PresentationTrackChairScoreType`
--

DROP TABLE IF EXISTS `PresentationTrackChairScoreType`;
/*!40101 SET @saved_cs_client     = @@character_set_client */;
/*!50503 SET character_set_client = utf8mb4 */;
CREATE TABLE `PresentationTrackChairScoreType` (
  `ID` int NOT NULL AUTO_INCREMENT,
  `Created` datetime NOT NULL,
  `LastEdited` datetime NOT NULL,
  `ClassName` varchar(50) COLLATE utf8mb3_unicode_ci NOT NULL DEFAULT 'PresentationTrackChairScoreType',
  `Name` varchar(255) COLLATE utf8mb3_unicode_ci NOT NULL,
  `Description` longtext COLLATE utf8mb3_unicode_ci NOT NULL,
  `Score` int NOT NULL DEFAULT '1',
  `TypeID` int NOT NULL,
  PRIMARY KEY (`ID`),
  KEY `TypeID` (`TypeID`),
  CONSTRAINT `FK_PresentationTrackChairScoreType_Type` FOREIGN KEY (`TypeID`) REFERENCES `PresentationTrackChairRatingType` (`ID`) ON DELETE CASCADE
) ENGINE=InnoDB AUTO_INCREMENT=43 DEFAULT CHARSET=utf8mb3 COLLATE=utf8mb3_unicode_ci;
/*!40101 SET character_set_client = @saved_cs_client */;

--
-- Dumping data for table `PresentationTrackChairScoreType`
--

LOCK TABLES `PresentationTrackChairScoreType` WRITE;
/*!40000 ALTER TABLE `PresentationTrackChairScoreType` DISABLE KEYS */;
INSERT INTO `PresentationTrackChairScoreType` VALUES (7,'2024-06-21 04:33:45','2024-06-21 04:33:45','PresentationTrackChairScoreType','TEST_SCORE_TYPE','SCORE TYPE TEST',1,3),(8,'2024-06-21 04:33:45','2024-06-21 04:33:45','PresentationTrackChairScoreType','TEST_SCORE_TYPE3','SCORE TYPE TEST3',2,3),(9,'2024-06-21 04:33:45','2024-06-21 04:33:45','PresentationTrackChairScoreType','TEST_SCORE_TYPE2','SCORE TYPE TEST2',3,3),(10,'2024-06-21 04:38:05','2024-06-21 04:38:05','PresentationTrackChairScoreType','TEST_SCORE_TYPE','SCORE TYPE TEST',1,4),(11,'2024-06-21 04:38:05','2024-06-21 04:38:05','PresentationTrackChairScoreType','TEST_SCORE_TYPE3','SCORE TYPE TEST3',2,4),(12,'2024-06-21 04:38:05','2024-06-21 04:38:05','PresentationTrackChairScoreType','TEST_SCORE_TYPE2','SCORE TYPE TEST2',3,4),(13,'2024-06-21 04:38:33','2024-06-21 04:38:33','PresentationTrackChairScoreType','TEST_SCORE_TYPE','SCORE TYPE TEST',1,5),(14,'2024-06-21 04:38:33','2024-06-21 04:38:33','PresentationTrackChairScoreType','TEST_SCORE_TYPE3','SCORE TYPE TEST3',2,5),(15,'2024-06-21 04:38:33','2024-06-21 04:38:33','PresentationTrackChairScoreType','TEST_SCORE_TYPE2','SCORE TYPE TEST2',3,5),(16,'2024-06-21 04:39:40','2024-06-21 04:39:40','PresentationTrackChairScoreType','TEST_SCORE_TYPE','SCORE TYPE TEST',1,6),(17,'2024-06-21 04:39:40','2024-06-21 04:39:40','PresentationTrackChairScoreType','TEST_SCORE_TYPE3','SCORE TYPE TEST3',2,6),(18,'2024-06-21 04:39:40','2024-06-21 04:39:40','PresentationTrackChairScoreType','TEST_SCORE_TYPE2','SCORE TYPE TEST2',3,6),(19,'2024-06-21 04:40:06','2024-06-21 04:40:06','PresentationTrackChairScoreType','TEST_SCORE_TYPE','SCORE TYPE TEST',1,7),(20,'2024-06-21 04:40:06','2024-06-21 04:40:06','PresentationTrackChairScoreType','TEST_SCORE_TYPE3','SCORE TYPE TEST3',2,7),(21,'2024-06-21 04:40:06','2024-06-21 04:40:06','PresentationTrackChairScoreType','TEST_SCORE_TYPE2','SCORE TYPE TEST2',3,7),(22,'2024-06-21 11:13:56','2024-06-21 11:13:56','PresentationTrackChairScoreType','TEST_SCORE_TYPE','SCORE TYPE TEST',1,8),(23,'2024-06-21 11:13:56','2024-06-21 11:13:56','PresentationTrackChairScoreType','TEST_SCORE_TYPE3','SCORE TYPE TEST3',2,8),(24,'2024-06-21 11:13:56','2024-06-21 11:13:56','PresentationTrackChairScoreType','TEST_SCORE_TYPE2','SCORE TYPE TEST2',3,8),(25,'2024-06-21 11:15:03','2024-06-21 11:15:03','PresentationTrackChairScoreType','TEST_SCORE_TYPE','SCORE TYPE TEST',1,9),(26,'2024-06-21 11:15:03','2024-06-21 11:15:03','PresentationTrackChairScoreType','TEST_SCORE_TYPE3','SCORE TYPE TEST3',2,9),(27,'2024-06-21 11:15:03','2024-06-21 11:15:03','PresentationTrackChairScoreType','TEST_SCORE_TYPE2','SCORE TYPE TEST2',3,9),(28,'2024-06-21 11:15:17','2024-06-21 11:15:17','PresentationTrackChairScoreType','TEST_SCORE_TYPE','SCORE TYPE TEST',1,10),(29,'2024-06-21 11:15:17','2024-06-21 11:15:17','PresentationTrackChairScoreType','TEST_SCORE_TYPE3','SCORE TYPE TEST3',2,10),(30,'2024-06-21 11:15:17','2024-06-21 11:15:17','PresentationTrackChairScoreType','TEST_SCORE_TYPE2','SCORE TYPE TEST2',3,10),(31,'2024-06-21 11:17:03','2024-06-21 11:17:03','PresentationTrackChairScoreType','TEST_SCORE_TYPE','SCORE TYPE TEST',1,11),(32,'2024-06-21 11:17:03','2024-06-21 11:17:03','PresentationTrackChairScoreType','TEST_SCORE_TYPE3','SCORE TYPE TEST3',2,11),(33,'2024-06-21 11:17:03','2024-06-21 11:17:03','PresentationTrackChairScoreType','TEST_SCORE_TYPE2','SCORE TYPE TEST2',3,11),(34,'2024-06-21 11:18:32','2024-06-21 11:18:32','PresentationTrackChairScoreType','TEST_SCORE_TYPE','SCORE TYPE TEST',1,12),(35,'2024-06-21 11:18:32','2024-06-21 11:18:32','PresentationTrackChairScoreType','TEST_SCORE_TYPE3','SCORE TYPE TEST3',2,12),(36,'2024-06-21 11:18:32','2024-06-21 11:18:32','PresentationTrackChairScoreType','TEST_SCORE_TYPE2','SCORE TYPE TEST2',3,12),(37,'2024-06-21 11:33:07','2024-06-21 11:33:07','PresentationTrackChairScoreType','TEST_SCORE_TYPE','SCORE TYPE TEST',1,13),(38,'2024-06-21 11:33:07','2024-06-21 11:33:07','PresentationTrackChairScoreType','TEST_SCORE_TYPE3','SCORE TYPE TEST3',2,13),(39,'2024-06-21 11:33:07','2024-06-21 11:33:07','PresentationTrackChairScoreType','TEST_SCORE_TYPE2','SCORE TYPE TEST2',3,13),(40,'2024-06-21 11:34:09','2024-06-21 11:34:09','PresentationTrackChairScoreType','TEST_SCORE_TYPE','SCORE TYPE TEST',1,14),(41,'2024-06-21 11:34:09','2024-06-21 11:34:09','PresentationTrackChairScoreType','TEST_SCORE_TYPE3','SCORE TYPE TEST3',2,14),(42,'2024-06-21 11:34:09','2024-06-21 11:34:09','PresentationTrackChairScoreType','TEST_SCORE_TYPE2','SCORE TYPE TEST2',3,14);
/*!40000 ALTER TABLE `PresentationTrackChairScoreType` ENABLE KEYS */;
UNLOCK TABLES;

--
-- Table structure for table `PresentationTrackChairView`
--

DROP TABLE IF EXISTS `PresentationTrackChairView`;
/*!40101 SET @saved_cs_client     = @@character_set_client */;
/*!50503 SET character_set_client = utf8mb4 */;
CREATE TABLE `PresentationTrackChairView` (
  `ID` int NOT NULL AUTO_INCREMENT,
  `ClassName` enum('PresentationTrackChairView') CHARACTER SET utf8mb3 COLLATE utf8mb3_general_ci DEFAULT 'PresentationTrackChairView',
  `LastEdited` datetime DEFAULT NULL,
  `Created` datetime DEFAULT NULL,
  `TrackChairID` int DEFAULT NULL,
  `PresentationID` int DEFAULT NULL,
  PRIMARY KEY (`ID`),
  KEY `ClassName` (`ClassName`),
  KEY `PresentationID` (`PresentationID`),
  KEY `TrackChairID` (`TrackChairID`),
  CONSTRAINT `FK_A376FB63280A3317` FOREIGN KEY (`PresentationID`) REFERENCES `Presentation` (`ID`) ON DELETE CASCADE,
  CONSTRAINT `FK_A376FB6340EBEBB0` FOREIGN KEY (`TrackChairID`) REFERENCES `Member` (`ID`) ON DELETE CASCADE
) ENGINE=InnoDB DEFAULT CHARSET=latin1;
/*!40101 SET character_set_client = @saved_cs_client */;

--
-- Dumping data for table `PresentationTrackChairView`
--

LOCK TABLES `PresentationTrackChairView` WRITE;
/*!40000 ALTER TABLE `PresentationTrackChairView` DISABLE KEYS */;
/*!40000 ALTER TABLE `PresentationTrackChairView` ENABLE KEYS */;
UNLOCK TABLES;

--
-- Table structure for table `PresentationType`
--

DROP TABLE IF EXISTS `PresentationType`;
/*!40101 SET @saved_cs_client     = @@character_set_client */;
/*!50503 SET character_set_client = utf8mb4 */;
CREATE TABLE `PresentationType` (
  `ID` int NOT NULL AUTO_INCREMENT,
  `MaxSpeakers` int NOT NULL DEFAULT '0',
  `MinSpeakers` int NOT NULL DEFAULT '0',
  `MaxModerators` int NOT NULL DEFAULT '0',
  `MinModerators` int NOT NULL DEFAULT '0',
  `UseSpeakers` tinyint unsigned NOT NULL DEFAULT '0',
  `AreSpeakersMandatory` tinyint unsigned NOT NULL DEFAULT '0',
  `UseModerator` tinyint unsigned NOT NULL DEFAULT '0',
  `IsModeratorMandatory` tinyint unsigned NOT NULL DEFAULT '0',
  `ModeratorLabel` varchar(255) CHARACTER SET utf8mb3 COLLATE utf8mb3_general_ci DEFAULT NULL,
  `ShouldBeAvailableOnCFP` tinyint unsigned NOT NULL DEFAULT '0',
  `AllowAttendeeVote` tinyint(1) NOT NULL DEFAULT '0',
  `AllowCustomOrdering` tinyint(1) NOT NULL DEFAULT '0',
  `AllowsSpeakerAndEventCollision` tinyint(1) NOT NULL DEFAULT '0',
  `MinDuration` int NOT NULL DEFAULT '0',
  `MaxDuration` int NOT NULL DEFAULT '0',
  PRIMARY KEY (`ID`),
  CONSTRAINT `FK_PresentationType_SummitEventType` FOREIGN KEY (`ID`) REFERENCES `SummitEventType` (`ID`) ON DELETE CASCADE
) ENGINE=InnoDB AUTO_INCREMENT=42 DEFAULT CHARSET=latin1;
/*!40101 SET character_set_client = @saved_cs_client */;

--
-- Dumping data for table `PresentationType`
--

LOCK TABLES `PresentationType` WRITE;
/*!40000 ALTER TABLE `PresentationType` DISABLE KEYS */;
INSERT INTO `PresentationType` VALUES (40,3,1,0,0,1,0,0,0,NULL,1,0,0,1,0,0),(41,3,1,0,0,1,0,0,0,NULL,1,1,1,0,0,0);
/*!40000 ALTER TABLE `PresentationType` ENABLE KEYS */;
UNLOCK TABLES;

--
-- Table structure for table `PresentationType_SummitMediaUploadType`
--

DROP TABLE IF EXISTS `PresentationType_SummitMediaUploadType`;
/*!40101 SET @saved_cs_client     = @@character_set_client */;
/*!50503 SET character_set_client = utf8mb4 */;
CREATE TABLE `PresentationType_SummitMediaUploadType` (
  `ID` int NOT NULL AUTO_INCREMENT,
  `PresentationTypeID` int DEFAULT NULL,
  `SummitMediaUploadTypeID` int DEFAULT NULL,
  PRIMARY KEY (`ID`),
  UNIQUE KEY `UNIQ_C33BDDE3962D1E63D70B12DA` (`PresentationTypeID`,`SummitMediaUploadTypeID`),
  KEY `PresentationTypeID` (`PresentationTypeID`),
  KEY `SummitMediaUploadTypeID` (`SummitMediaUploadTypeID`)
) ENGINE=InnoDB AUTO_INCREMENT=61 DEFAULT CHARSET=utf8mb3 COLLATE=utf8mb3_unicode_ci;
/*!40101 SET character_set_client = @saved_cs_client */;

--
-- Dumping data for table `PresentationType_SummitMediaUploadType`
--

LOCK TABLES `PresentationType_SummitMediaUploadType` WRITE;
/*!40000 ALTER TABLE `PresentationType_SummitMediaUploadType` DISABLE KEYS */;
INSERT INTO `PresentationType_SummitMediaUploadType` VALUES (4,7,11),(2,7,12),(1,7,13),(5,7,14),(3,7,15),(9,10,16),(6,10,17),(8,10,18),(10,10,19),(7,10,20),(14,13,21),(11,13,22),(15,13,23),(13,13,24),(12,13,25),(18,16,26),(17,16,27),(16,16,28),(20,16,29),(19,16,30),(22,19,31),(23,19,32),(24,19,33),(25,19,34),(21,19,35),(26,22,36),(29,22,37),(30,22,38),(27,22,39),(28,22,40),(32,25,41),(34,25,42),(35,25,43),(31,25,44),(33,25,45),(36,28,46),(37,28,47),(38,28,48),(39,28,49),(40,28,50),(43,31,51),(42,31,52),(45,31,53),(41,31,54),(44,31,55),(48,34,56),(50,34,57),(47,34,58),(49,34,59),(46,34,60),(54,37,61),(51,37,62),(53,37,63),(55,37,64),(52,37,65),(57,40,66),(60,40,67),(58,40,68),(56,40,69),(59,40,70);
/*!40000 ALTER TABLE `PresentationType_SummitMediaUploadType` ENABLE KEYS */;
UNLOCK TABLES;

--
-- Table structure for table `PresentationVideo`
--

DROP TABLE IF EXISTS `PresentationVideo`;
/*!40101 SET @saved_cs_client     = @@character_set_client */;
/*!50503 SET character_set_client = utf8mb4 */;
CREATE TABLE `PresentationVideo` (
  `ID` int NOT NULL AUTO_INCREMENT,
  `YouTubeID` mediumtext CHARACTER SET utf8mb3 COLLATE utf8mb3_general_ci,
  `DateUploaded` datetime DEFAULT NULL,
  `Highlighted` tinyint unsigned NOT NULL DEFAULT '0',
  `Views` int NOT NULL DEFAULT '0',
  `ViewsLastUpdated` datetime DEFAULT NULL,
  `Processed` tinyint unsigned NOT NULL DEFAULT '0',
  `Priority` varchar(5) CHARACTER SET utf8mb3 COLLATE utf8mb3_general_ci DEFAULT NULL,
  `ExternalUrl` varchar(255) DEFAULT NULL,
  PRIMARY KEY (`ID`),
  CONSTRAINT `FK_PresentationVideoPresentationMaterial` FOREIGN KEY (`ID`) REFERENCES `PresentationMaterial` (`ID`) ON DELETE CASCADE
) ENGINE=InnoDB DEFAULT CHARSET=latin1;
/*!40101 SET character_set_client = @saved_cs_client */;

--
-- Dumping data for table `PresentationVideo`
--

LOCK TABLES `PresentationVideo` WRITE;
/*!40000 ALTER TABLE `PresentationVideo` DISABLE KEYS */;
/*!40000 ALTER TABLE `PresentationVideo` ENABLE KEYS */;
UNLOCK TABLES;

--
-- Table structure for table `PresentationVote`
--

DROP TABLE IF EXISTS `PresentationVote`;
/*!40101 SET @saved_cs_client     = @@character_set_client */;
/*!50503 SET character_set_client = utf8mb4 */;
CREATE TABLE `PresentationVote` (
  `ID` int NOT NULL AUTO_INCREMENT,
  `ClassName` enum('PresentationVote') CHARACTER SET utf8mb3 COLLATE utf8mb3_general_ci DEFAULT 'PresentationVote',
  `LastEdited` datetime DEFAULT NULL,
  `Created` datetime DEFAULT NULL,
  `Vote` int NOT NULL DEFAULT '0',
  `Content` mediumtext CHARACTER SET utf8mb3 COLLATE utf8mb3_general_ci,
  `MemberID` int DEFAULT NULL,
  `PresentationID` int DEFAULT NULL,
  PRIMARY KEY (`ID`),
  KEY `ClassName` (`ClassName`),
  KEY `MemberID` (`MemberID`),
  KEY `PresentationID` (`PresentationID`)
) ENGINE=InnoDB DEFAULT CHARSET=latin1;
/*!40101 SET character_set_client = @saved_cs_client */;

--
-- Dumping data for table `PresentationVote`
--

LOCK TABLES `PresentationVote` WRITE;
/*!40000 ALTER TABLE `PresentationVote` DISABLE KEYS */;
/*!40000 ALTER TABLE `PresentationVote` ENABLE KEYS */;
UNLOCK TABLES;

--
-- Table structure for table `Presentation_Speakers`
--

DROP TABLE IF EXISTS `Presentation_Speakers`;
/*!40101 SET @saved_cs_client     = @@character_set_client */;
/*!50503 SET character_set_client = utf8mb4 */;
CREATE TABLE `Presentation_Speakers` (
  `ID` int NOT NULL AUTO_INCREMENT,
  `PresentationID` int NOT NULL DEFAULT '0',
  `PresentationSpeakerID` int NOT NULL DEFAULT '0',
  `IsCheckedIn` tinyint unsigned NOT NULL DEFAULT '0',
  `CustomOrder` int NOT NULL DEFAULT '1',
  PRIMARY KEY (`ID`),
  KEY `PresentationID` (`PresentationID`),
  KEY `PresentationSpeakerID` (`PresentationSpeakerID`),
  CONSTRAINT `FK_Presentation_Speaker_Presentation` FOREIGN KEY (`PresentationID`) REFERENCES `Presentation` (`ID`) ON DELETE CASCADE,
  CONSTRAINT `FK_Presentation_Speaker_Speaker` FOREIGN KEY (`PresentationSpeakerID`) REFERENCES `PresentationSpeaker` (`ID`) ON DELETE CASCADE
) ENGINE=InnoDB AUTO_INCREMENT=561 DEFAULT CHARSET=latin1;
/*!40101 SET character_set_client = @saved_cs_client */;

--
-- Dumping data for table `Presentation_Speakers`
--

LOCK TABLES `Presentation_Speakers` WRITE;
/*!40000 ALTER TABLE `Presentation_Speakers` DISABLE KEYS */;
INSERT INTO `Presentation_Speakers` VALUES (81,161,6,0,1),(82,162,6,0,1),(83,163,6,0,1),(84,164,6,0,1),(85,165,6,0,1),(86,166,6,0,1),(87,167,6,0,1),(88,168,6,0,1),(89,169,6,0,1),(90,170,6,0,1),(91,171,6,0,1),(92,172,6,0,1),(93,173,6,0,1),(94,174,6,0,1),(95,175,6,0,1),(96,176,6,0,1),(97,177,6,0,1),(98,178,6,0,1),(99,179,6,0,1),(100,180,6,0,1),(101,181,6,0,1),(102,182,6,0,1),(103,183,6,0,1),(104,184,6,0,1),(105,185,6,0,1),(106,186,6,0,1),(107,187,6,0,1),(108,188,6,0,1),(109,189,6,0,1),(110,190,6,0,1),(111,191,6,0,1),(112,192,6,0,1),(113,193,6,0,1),(114,194,6,0,1),(115,195,6,0,1),(116,196,6,0,1),(117,197,6,0,1),(118,198,6,0,1),(119,199,6,0,1),(120,200,6,0,1),(121,241,8,0,1),(122,242,8,0,1),(123,243,8,0,1),(124,244,8,0,1),(125,245,8,0,1),(126,246,8,0,1),(127,247,8,0,1),(128,248,8,0,1),(129,249,8,0,1),(130,250,8,0,1),(131,251,8,0,1),(132,252,8,0,1),(133,253,8,0,1),(134,254,8,0,1),(135,255,8,0,1),(136,256,8,0,1),(137,257,8,0,1),(138,258,8,0,1),(139,259,8,0,1),(140,260,8,0,1),(141,261,8,0,1),(142,262,8,0,1),(143,263,8,0,1),(144,264,8,0,1),(145,265,8,0,1),(146,266,8,0,1),(147,267,8,0,1),(148,268,8,0,1),(149,269,8,0,1),(150,270,8,0,1),(151,271,8,0,1),(152,272,8,0,1),(153,273,8,0,1),(154,274,8,0,1),(155,275,8,0,1),(156,276,8,0,1),(157,277,8,0,1),(158,278,8,0,1),(159,279,8,0,1),(160,280,8,0,1),(161,321,10,0,1),(162,322,10,0,1),(163,323,10,0,1),(164,324,10,0,1),(165,325,10,0,1),(166,326,10,0,1),(167,327,10,0,1),(168,328,10,0,1),(169,329,10,0,1),(170,330,10,0,1),(171,331,10,0,1),(172,332,10,0,1),(173,333,10,0,1),(174,334,10,0,1),(175,335,10,0,1),(176,336,10,0,1),(177,337,10,0,1),(178,338,10,0,1),(179,339,10,0,1),(180,340,10,0,1),(181,341,10,0,1),(182,342,10,0,1),(183,343,10,0,1),(184,344,10,0,1),(185,345,10,0,1),(186,346,10,0,1),(187,347,10,0,1),(188,348,10,0,1),(189,349,10,0,1),(190,350,10,0,1),(191,351,10,0,1),(192,352,10,0,1),(193,353,10,0,1),(194,354,10,0,1),(195,355,10,0,1),(196,356,10,0,1),(197,357,10,0,1),(198,358,10,0,1),(199,359,10,0,1),(200,360,10,0,1),(201,401,12,0,1),(202,402,12,0,1),(203,403,12,0,1),(204,404,12,0,1),(205,405,12,0,1),(206,406,12,0,1),(207,407,12,0,1),(208,408,12,0,1),(209,409,12,0,1),(210,410,12,0,1),(211,411,12,0,1),(212,412,12,0,1),(213,413,12,0,1),(214,414,12,0,1),(215,415,12,0,1),(216,416,12,0,1),(217,417,12,0,1),(218,418,12,0,1),(219,419,12,0,1),(220,420,12,0,1),(221,421,12,0,1),(222,422,12,0,1),(223,423,12,0,1),(224,424,12,0,1),(225,425,12,0,1),(226,426,12,0,1),(227,427,12,0,1),(228,428,12,0,1),(229,429,12,0,1),(230,430,12,0,1),(231,431,12,0,1),(232,432,12,0,1),(233,433,12,0,1),(234,434,12,0,1),(235,435,12,0,1),(236,436,12,0,1),(237,437,12,0,1),(238,438,12,0,1),(239,439,12,0,1),(240,440,12,0,1),(241,481,14,0,1),(242,482,14,0,1),(243,483,14,0,1),(244,484,14,0,1),(245,485,14,0,1),(246,486,14,0,1),(247,487,14,0,1),(248,488,14,0,1),(249,489,14,0,1),(250,490,14,0,1),(251,491,14,0,1),(252,492,14,0,1),(253,493,14,0,1),(254,494,14,0,1),(255,495,14,0,1),(256,496,14,0,1),(257,497,14,0,1),(258,498,14,0,1),(259,499,14,0,1),(260,500,14,0,1),(261,501,14,0,1),(262,502,14,0,1),(263,503,14,0,1),(264,504,14,0,1),(265,505,14,0,1),(266,506,14,0,1),(267,507,14,0,1),(268,508,14,0,1),(269,509,14,0,1),(270,510,14,0,1),(271,511,14,0,1),(272,512,14,0,1),(273,513,14,0,1),(274,514,14,0,1),(275,515,14,0,1),(276,516,14,0,1),(277,517,14,0,1),(278,518,14,0,1),(279,519,14,0,1),(280,520,14,0,1),(281,561,16,0,1),(282,562,16,0,1),(283,563,16,0,1),(284,564,16,0,1),(285,565,16,0,1),(286,566,16,0,1),(287,567,16,0,1),(288,568,16,0,1),(289,569,16,0,1),(290,570,16,0,1),(291,571,16,0,1),(292,572,16,0,1),(293,573,16,0,1),(294,574,16,0,1),(295,575,16,0,1),(296,576,16,0,1),(297,577,16,0,1),(298,578,16,0,1),(299,579,16,0,1),(300,580,16,0,1),(301,581,16,0,1),(302,582,16,0,1),(303,583,16,0,1),(304,584,16,0,1),(305,585,16,0,1),(306,586,16,0,1),(307,587,16,0,1),(308,588,16,0,1),(309,589,16,0,1),(310,590,16,0,1),(311,591,16,0,1),(312,592,16,0,1),(313,593,16,0,1),(314,594,16,0,1),(315,595,16,0,1),(316,596,16,0,1),(317,597,16,0,1),(318,598,16,0,1),(319,599,16,0,1),(320,600,16,0,1),(321,641,18,0,1),(322,642,18,0,1),(323,643,18,0,1),(324,644,18,0,1),(325,645,18,0,1),(326,646,18,0,1),(327,647,18,0,1),(328,648,18,0,1),(329,649,18,0,1),(330,650,18,0,1),(331,651,18,0,1),(332,652,18,0,1),(333,653,18,0,1),(334,654,18,0,1),(335,655,18,0,1),(336,656,18,0,1),(337,657,18,0,1),(338,658,18,0,1),(339,659,18,0,1),(340,660,18,0,1),(341,661,18,0,1),(342,662,18,0,1),(343,663,18,0,1),(344,664,18,0,1),(345,665,18,0,1),(346,666,18,0,1),(347,667,18,0,1),(348,668,18,0,1),(349,669,18,0,1),(350,670,18,0,1),(351,671,18,0,1),(352,672,18,0,1),(353,673,18,0,1),(354,674,18,0,1),(355,675,18,0,1),(356,676,18,0,1),(357,677,18,0,1),(358,678,18,0,1),(359,679,18,0,1),(360,680,18,0,1),(361,721,20,0,1),(362,722,20,0,1),(363,723,20,0,1),(364,724,20,0,1),(365,725,20,0,1),(366,726,20,0,1),(367,727,20,0,1),(368,728,20,0,1),(369,729,20,0,1),(370,730,20,0,1),(371,731,20,0,1),(372,732,20,0,1),(373,733,20,0,1),(374,734,20,0,1),(375,735,20,0,1),(376,736,20,0,1),(377,737,20,0,1),(378,738,20,0,1),(379,739,20,0,1),(380,740,20,0,1),(381,741,20,0,1),(382,742,20,0,1),(383,743,20,0,1),(384,744,20,0,1),(385,745,20,0,1),(386,746,20,0,1),(387,747,20,0,1),(388,748,20,0,1),(389,749,20,0,1),(390,750,20,0,1),(391,751,20,0,1),(392,752,20,0,1),(393,753,20,0,1),(394,754,20,0,1),(395,755,20,0,1),(396,756,20,0,1),(397,757,20,0,1),(398,758,20,0,1),(399,759,20,0,1),(400,760,20,0,1),(401,801,22,0,1),(402,802,22,0,1),(403,803,22,0,1),(404,804,22,0,1),(405,805,22,0,1),(406,806,22,0,1),(407,807,22,0,1),(408,808,22,0,1),(409,809,22,0,1),(410,810,22,0,1),(411,811,22,0,1),(412,812,22,0,1),(413,813,22,0,1),(414,814,22,0,1),(415,815,22,0,1),(416,816,22,0,1),(417,817,22,0,1),(418,818,22,0,1),(419,819,22,0,1),(420,820,22,0,1),(421,821,22,0,1),(422,822,22,0,1),(423,823,22,0,1),(424,824,22,0,1),(425,825,22,0,1),(426,826,22,0,1),(427,827,22,0,1),(428,828,22,0,1),(429,829,22,0,1),(430,830,22,0,1),(431,831,22,0,1),(432,832,22,0,1),(433,833,22,0,1),(434,834,22,0,1),(435,835,22,0,1),(436,836,22,0,1),(437,837,22,0,1),(438,838,22,0,1),(439,839,22,0,1),(440,840,22,0,1),(441,881,24,0,1),(442,882,24,0,1),(443,883,24,0,1),(444,884,24,0,1),(445,885,24,0,1),(446,886,24,0,1),(447,887,24,0,1),(448,888,24,0,1),(449,889,24,0,1),(450,890,24,0,1),(451,891,24,0,1),(452,892,24,0,1),(453,893,24,0,1),(454,894,24,0,1),(455,895,24,0,1),(456,896,24,0,1),(457,897,24,0,1),(458,898,24,0,1),(459,899,24,0,1),(460,900,24,0,1),(461,901,24,0,1),(462,902,24,0,1),(463,903,24,0,1),(464,904,24,0,1),(465,905,24,0,1),(466,906,24,0,1),(467,907,24,0,1),(468,908,24,0,1),(469,909,24,0,1),(470,910,24,0,1),(471,911,24,0,1),(472,912,24,0,1),(473,913,24,0,1),(474,914,24,0,1),(475,915,24,0,1),(476,916,24,0,1),(477,917,24,0,1),(478,918,24,0,1),(479,919,24,0,1),(480,920,24,0,1),(481,961,26,0,1),(482,962,26,0,1),(483,963,26,0,1),(484,964,26,0,1),(485,965,26,0,1),(486,966,26,0,1),(487,967,26,0,1),(488,968,26,0,1),(489,969,26,0,1),(490,970,26,0,1),(491,971,26,0,1),(492,972,26,0,1),(493,973,26,0,1),(494,974,26,0,1),(495,975,26,0,1),(496,976,26,0,1),(497,977,26,0,1),(498,978,26,0,1),(499,979,26,0,1),(500,980,26,0,1),(501,981,26,0,1),(502,982,26,0,1),(503,983,26,0,1),(504,984,26,0,1),(505,985,26,0,1),(506,986,26,0,1),(507,987,26,0,1),(508,988,26,0,1),(509,989,26,0,1),(510,990,26,0,1),(511,991,26,0,1),(512,992,26,0,1),(513,993,26,0,1),(514,994,26,0,1),(515,995,26,0,1),(516,996,26,0,1),(517,997,26,0,1),(518,998,26,0,1),(519,999,26,0,1),(520,1000,26,0,1),(521,1041,28,0,1),(522,1042,28,0,1),(523,1043,28,0,1),(524,1044,28,0,1),(525,1045,28,0,1),(526,1046,28,0,1),(527,1047,28,0,1),(528,1048,28,0,1),(529,1049,28,0,1),(530,1050,28,0,1),(531,1051,28,0,1),(532,1052,28,0,1),(533,1053,28,0,1),(534,1054,28,0,1),(535,1055,28,0,1),(536,1056,28,0,1),(537,1057,28,0,1),(538,1058,28,0,1),(539,1059,28,0,1),(540,1060,28,0,1),(541,1061,28,0,1),(542,1062,28,0,1),(543,1063,28,0,1),(544,1064,28,0,1),(545,1065,28,0,1),(546,1066,28,0,1),(547,1067,28,0,1),(548,1068,28,0,1),(549,1069,28,0,1),(550,1070,28,0,1),(551,1071,28,0,1),(552,1072,28,0,1),(553,1073,28,0,1),(554,1074,28,0,1),(555,1075,22,0,1),(556,1076,24,0,1),(557,1077,26,0,1),(558,1078,26,0,1),(559,1079,28,0,1),(560,1080,28,0,1);
/*!40000 ALTER TABLE `Presentation_Speakers` ENABLE KEYS */;
UNLOCK TABLES;

--
-- Table structure for table `Presentation_Topics`
--

DROP TABLE IF EXISTS `Presentation_Topics`;
/*!40101 SET @saved_cs_client     = @@character_set_client */;
/*!50503 SET character_set_client = utf8mb4 */;
CREATE TABLE `Presentation_Topics` (
  `ID` int NOT NULL AUTO_INCREMENT,
  `PresentationID` int NOT NULL DEFAULT '0',
  `PresentationTopicID` int NOT NULL DEFAULT '0',
  PRIMARY KEY (`ID`),
  KEY `PresentationID` (`PresentationID`),
  KEY `PresentationTopicID` (`PresentationTopicID`)
) ENGINE=InnoDB DEFAULT CHARSET=latin1;
/*!40101 SET character_set_client = @saved_cs_client */;

--
-- Dumping data for table `Presentation_Topics`
--

LOCK TABLES `Presentation_Topics` WRITE;
/*!40000 ALTER TABLE `Presentation_Topics` DISABLE KEYS */;
/*!40000 ALTER TABLE `Presentation_Topics` ENABLE KEYS */;
UNLOCK TABLES;

--
-- Table structure for table `PricingSchemaType`
--

DROP TABLE IF EXISTS `PricingSchemaType`;
/*!40101 SET @saved_cs_client     = @@character_set_client */;
/*!50503 SET character_set_client = utf8mb4 */;
CREATE TABLE `PricingSchemaType` (
  `ID` int NOT NULL AUTO_INCREMENT,
  `ClassName` enum('PricingSchemaType') CHARACTER SET utf8mb3 COLLATE utf8mb3_general_ci DEFAULT 'PricingSchemaType',
  `LastEdited` datetime DEFAULT NULL,
  `Created` datetime DEFAULT NULL,
  `Type` varchar(50) CHARACTER SET utf8mb3 COLLATE utf8mb3_general_ci DEFAULT NULL,
  PRIMARY KEY (`ID`),
  UNIQUE KEY `Type` (`Type`),
  KEY `ClassName` (`ClassName`)
) ENGINE=InnoDB DEFAULT CHARSET=latin1;
/*!40101 SET character_set_client = @saved_cs_client */;

--
-- Dumping data for table `PricingSchemaType`
--

LOCK TABLES `PricingSchemaType` WRITE;
/*!40000 ALTER TABLE `PricingSchemaType` DISABLE KEYS */;
/*!40000 ALTER TABLE `PricingSchemaType` ENABLE KEYS */;
UNLOCK TABLES;

--
-- Table structure for table `PrivateCloudService`
--

DROP TABLE IF EXISTS `PrivateCloudService`;
/*!40101 SET @saved_cs_client     = @@character_set_client */;
/*!50503 SET character_set_client = utf8mb4 */;
CREATE TABLE `PrivateCloudService` (
  `ID` int NOT NULL AUTO_INCREMENT,
  `Priority` varchar(5) CHARACTER SET utf8mb3 COLLATE utf8mb3_general_ci DEFAULT NULL,
  PRIMARY KEY (`ID`)
) ENGINE=InnoDB DEFAULT CHARSET=latin1;
/*!40101 SET character_set_client = @saved_cs_client */;

--
-- Dumping data for table `PrivateCloudService`
--

LOCK TABLES `PrivateCloudService` WRITE;
/*!40000 ALTER TABLE `PrivateCloudService` DISABLE KEYS */;
/*!40000 ALTER TABLE `PrivateCloudService` ENABLE KEYS */;
UNLOCK TABLES;

--
-- Table structure for table `PrivatePresentationCategoryGroup`
--

DROP TABLE IF EXISTS `PrivatePresentationCategoryGroup`;
/*!40101 SET @saved_cs_client     = @@character_set_client */;
/*!50503 SET character_set_client = utf8mb4 */;
CREATE TABLE `PrivatePresentationCategoryGroup` (
  `ID` int NOT NULL AUTO_INCREMENT,
  `SubmissionBeginDate` datetime DEFAULT NULL,
  `SubmissionEndDate` datetime DEFAULT NULL,
  `MaxSubmissionAllowedPerUser` int NOT NULL DEFAULT '0',
  PRIMARY KEY (`ID`)
) ENGINE=InnoDB DEFAULT CHARSET=latin1;
/*!40101 SET character_set_client = @saved_cs_client */;

--
-- Dumping data for table `PrivatePresentationCategoryGroup`
--

LOCK TABLES `PrivatePresentationCategoryGroup` WRITE;
/*!40000 ALTER TABLE `PrivatePresentationCategoryGroup` DISABLE KEYS */;
/*!40000 ALTER TABLE `PrivatePresentationCategoryGroup` ENABLE KEYS */;
UNLOCK TABLES;

--
-- Table structure for table `PrivatePresentationCategoryGroup_AllowedGroups`
--

DROP TABLE IF EXISTS `PrivatePresentationCategoryGroup_AllowedGroups`;
/*!40101 SET @saved_cs_client     = @@character_set_client */;
/*!50503 SET character_set_client = utf8mb4 */;
CREATE TABLE `PrivatePresentationCategoryGroup_AllowedGroups` (
  `ID` int NOT NULL AUTO_INCREMENT,
  `PrivatePresentationCategoryGroupID` int NOT NULL DEFAULT '0',
  `GroupID` int NOT NULL DEFAULT '0',
  PRIMARY KEY (`ID`),
  KEY `GroupID` (`GroupID`),
  KEY `PrivatePresentationCategoryGroupID` (`PrivatePresentationCategoryGroupID`)
) ENGINE=InnoDB DEFAULT CHARSET=latin1;
/*!40101 SET character_set_client = @saved_cs_client */;

--
-- Dumping data for table `PrivatePresentationCategoryGroup_AllowedGroups`
--

LOCK TABLES `PrivatePresentationCategoryGroup_AllowedGroups` WRITE;
/*!40000 ALTER TABLE `PrivatePresentationCategoryGroup_AllowedGroups` DISABLE KEYS */;
/*!40000 ALTER TABLE `PrivatePresentationCategoryGroup_AllowedGroups` ENABLE KEYS */;
UNLOCK TABLES;

--
-- Table structure for table `Project`
--

DROP TABLE IF EXISTS `Project`;
/*!40101 SET @saved_cs_client     = @@character_set_client */;
/*!50503 SET character_set_client = utf8mb4 */;
CREATE TABLE `Project` (
  `ID` int NOT NULL AUTO_INCREMENT,
  `ClassName` enum('Project') CHARACTER SET utf8mb3 COLLATE utf8mb3_general_ci DEFAULT 'Project',
  `LastEdited` datetime DEFAULT NULL,
  `Created` datetime DEFAULT NULL,
  `Name` varchar(255) CHARACTER SET utf8mb3 COLLATE utf8mb3_general_ci DEFAULT NULL,
  `Description` mediumtext CHARACTER SET utf8mb3 COLLATE utf8mb3_general_ci,
  `Codename` mediumtext CHARACTER SET utf8mb3 COLLATE utf8mb3_general_ci,
  PRIMARY KEY (`ID`),
  KEY `ClassName` (`ClassName`)
) ENGINE=InnoDB DEFAULT CHARSET=latin1;
/*!40101 SET character_set_client = @saved_cs_client */;

--
-- Dumping data for table `Project`
--

LOCK TABLES `Project` WRITE;
/*!40000 ALTER TABLE `Project` DISABLE KEYS */;
/*!40000 ALTER TABLE `Project` ENABLE KEYS */;
UNLOCK TABLES;

--
-- Table structure for table `ProjectSponsorshipType`
--

DROP TABLE IF EXISTS `ProjectSponsorshipType`;
/*!40101 SET @saved_cs_client     = @@character_set_client */;
/*!50503 SET character_set_client = utf8mb4 */;
CREATE TABLE `ProjectSponsorshipType` (
  `ID` int NOT NULL AUTO_INCREMENT,
  `Created` datetime NOT NULL,
  `LastEdited` datetime NOT NULL,
  `ClassName` varchar(255) COLLATE utf8mb3_unicode_ci NOT NULL DEFAULT 'ProjectSponsorshipType',
  `Name` varchar(255) COLLATE utf8mb3_unicode_ci NOT NULL,
  `Description` varchar(1024) COLLATE utf8mb3_unicode_ci DEFAULT NULL,
  `Slug` varchar(255) COLLATE utf8mb3_unicode_ci NOT NULL,
  `CustomOrder` int NOT NULL DEFAULT '1',
  `IsActive` tinyint(1) NOT NULL,
  `SponsoredProjectID` int DEFAULT NULL,
  PRIMARY KEY (`ID`),
  UNIQUE KEY `UNIQ_2F97F88138AF345CD89789D3` (`Slug`,`SponsoredProjectID`),
  UNIQUE KEY `UNIQ_2F97F881FE11D138D89789D3` (`Name`,`SponsoredProjectID`),
  KEY `SponsoredProjectID` (`SponsoredProjectID`),
  CONSTRAINT `FK_2F97F881D89789D3` FOREIGN KEY (`SponsoredProjectID`) REFERENCES `SponsoredProject` (`ID`) ON DELETE CASCADE
) ENGINE=InnoDB DEFAULT CHARSET=utf8mb3 COLLATE=utf8mb3_unicode_ci;
/*!40101 SET character_set_client = @saved_cs_client */;

--
-- Dumping data for table `ProjectSponsorshipType`
--

LOCK TABLES `ProjectSponsorshipType` WRITE;
/*!40000 ALTER TABLE `ProjectSponsorshipType` DISABLE KEYS */;
/*!40000 ALTER TABLE `ProjectSponsorshipType` ENABLE KEYS */;
UNLOCK TABLES;

--
-- Table structure for table `PublicCloudPassport`
--

DROP TABLE IF EXISTS `PublicCloudPassport`;
/*!40101 SET @saved_cs_client     = @@character_set_client */;
/*!50503 SET character_set_client = utf8mb4 */;
CREATE TABLE `PublicCloudPassport` (
  `ID` int NOT NULL AUTO_INCREMENT,
  `ClassName` enum('PublicCloudPassport') CHARACTER SET utf8mb3 COLLATE utf8mb3_general_ci DEFAULT 'PublicCloudPassport',
  `LastEdited` datetime DEFAULT NULL,
  `Created` datetime DEFAULT NULL,
  `LearnMore` varchar(255) CHARACTER SET utf8mb3 COLLATE utf8mb3_general_ci DEFAULT NULL,
  `Active` tinyint unsigned NOT NULL DEFAULT '1',
  `PublicCloudID` int DEFAULT NULL,
  PRIMARY KEY (`ID`),
  KEY `ClassName` (`ClassName`),
  KEY `PublicCloudID` (`PublicCloudID`)
) ENGINE=InnoDB DEFAULT CHARSET=latin1;
/*!40101 SET character_set_client = @saved_cs_client */;

--
-- Dumping data for table `PublicCloudPassport`
--

LOCK TABLES `PublicCloudPassport` WRITE;
/*!40000 ALTER TABLE `PublicCloudPassport` DISABLE KEYS */;
/*!40000 ALTER TABLE `PublicCloudPassport` ENABLE KEYS */;
UNLOCK TABLES;

--
-- Table structure for table `PublicCloudService`
--

DROP TABLE IF EXISTS `PublicCloudService`;
/*!40101 SET @saved_cs_client     = @@character_set_client */;
/*!50503 SET character_set_client = utf8mb4 */;
CREATE TABLE `PublicCloudService` (
  `ID` int NOT NULL AUTO_INCREMENT,
  `Priority` varchar(5) CHARACTER SET utf8mb3 COLLATE utf8mb3_general_ci DEFAULT NULL,
  PRIMARY KEY (`ID`)
) ENGINE=InnoDB DEFAULT CHARSET=latin1;
/*!40101 SET character_set_client = @saved_cs_client */;

--
-- Dumping data for table `PublicCloudService`
--

LOCK TABLES `PublicCloudService` WRITE;
/*!40000 ALTER TABLE `PublicCloudService` DISABLE KEYS */;
/*!40000 ALTER TABLE `PublicCloudService` ENABLE KEYS */;
UNLOCK TABLES;

--
-- Table structure for table `PushNotificationMessage`
--

DROP TABLE IF EXISTS `PushNotificationMessage`;
/*!40101 SET @saved_cs_client     = @@character_set_client */;
/*!50503 SET character_set_client = utf8mb4 */;
CREATE TABLE `PushNotificationMessage` (
  `ID` int NOT NULL AUTO_INCREMENT,
  `ClassName` enum('PushNotificationMessage','PresentationChangeRequestPushNotification','SummitPushNotification','ChatTeamPushNotificationMessage') CHARACTER SET utf8mb3 COLLATE utf8mb3_general_ci DEFAULT 'PushNotificationMessage',
  `LastEdited` datetime DEFAULT NULL,
  `Created` datetime DEFAULT NULL,
  `Message` mediumtext CHARACTER SET utf8mb3 COLLATE utf8mb3_general_ci,
  `Approved` tinyint unsigned NOT NULL DEFAULT '0',
  `IsSent` tinyint unsigned NOT NULL DEFAULT '0',
  `SentDate` datetime DEFAULT NULL,
  `Priority` enum('NORMAL','HIGH') CHARACTER SET utf8mb3 COLLATE utf8mb3_general_ci DEFAULT 'NORMAL',
  `Platform` enum('MOBILE','WEB') CHARACTER SET utf8mb3 COLLATE utf8mb3_general_ci DEFAULT 'MOBILE',
  `OwnerID` int DEFAULT NULL,
  `ApprovedByID` int DEFAULT NULL,
  PRIMARY KEY (`ID`),
  KEY `ApprovedByID` (`ApprovedByID`),
  KEY `ClassName` (`ClassName`),
  KEY `OwnerID` (`OwnerID`)
) ENGINE=InnoDB DEFAULT CHARSET=latin1;
/*!40101 SET character_set_client = @saved_cs_client */;

--
-- Dumping data for table `PushNotificationMessage`
--

LOCK TABLES `PushNotificationMessage` WRITE;
/*!40000 ALTER TABLE `PushNotificationMessage` DISABLE KEYS */;
/*!40000 ALTER TABLE `PushNotificationMessage` ENABLE KEYS */;
UNLOCK TABLES;

--
-- Table structure for table `RSVP`
--

DROP TABLE IF EXISTS `RSVP`;
/*!40101 SET @saved_cs_client     = @@character_set_client */;
/*!50503 SET character_set_client = utf8mb4 */;
CREATE TABLE `RSVP` (
  `ID` int NOT NULL AUTO_INCREMENT,
  `ClassName` enum('RSVP') CHARACTER SET utf8mb3 COLLATE utf8mb3_general_ci DEFAULT 'RSVP',
  `LastEdited` datetime DEFAULT NULL,
  `Created` datetime DEFAULT NULL,
  `BeenEmailed` tinyint unsigned NOT NULL DEFAULT '0',
  `SeatType` enum('Regular','WaitList') CHARACTER SET utf8mb3 COLLATE utf8mb3_general_ci DEFAULT 'Regular',
  `SubmittedByID` int DEFAULT NULL,
  `EventID` int DEFAULT NULL,
  `EventUri` varchar(255) DEFAULT NULL,
  PRIMARY KEY (`ID`),
  KEY `ClassName` (`ClassName`),
  KEY `EventID` (`EventID`),
  KEY `SubmittedByID` (`SubmittedByID`)
) ENGINE=InnoDB DEFAULT CHARSET=latin1;
/*!40101 SET character_set_client = @saved_cs_client */;

--
-- Dumping data for table `RSVP`
--

LOCK TABLES `RSVP` WRITE;
/*!40000 ALTER TABLE `RSVP` DISABLE KEYS */;
/*!40000 ALTER TABLE `RSVP` ENABLE KEYS */;
UNLOCK TABLES;

--
-- Table structure for table `RSVPAnswer`
--

DROP TABLE IF EXISTS `RSVPAnswer`;
/*!40101 SET @saved_cs_client     = @@character_set_client */;
/*!50503 SET character_set_client = utf8mb4 */;
CREATE TABLE `RSVPAnswer` (
  `ID` int NOT NULL AUTO_INCREMENT,
  `ClassName` enum('RSVPAnswer') CHARACTER SET utf8mb3 COLLATE utf8mb3_general_ci DEFAULT 'RSVPAnswer',
  `LastEdited` datetime DEFAULT NULL,
  `Created` datetime DEFAULT NULL,
  `Value` mediumtext CHARACTER SET utf8mb3 COLLATE utf8mb3_general_ci,
  `QuestionID` int DEFAULT NULL,
  `RSVPID` int DEFAULT NULL,
  PRIMARY KEY (`ID`),
  KEY `ClassName` (`ClassName`),
  KEY `QuestionID` (`QuestionID`),
  KEY `RSVPID` (`RSVPID`)
) ENGINE=InnoDB DEFAULT CHARSET=latin1;
/*!40101 SET character_set_client = @saved_cs_client */;

--
-- Dumping data for table `RSVPAnswer`
--

LOCK TABLES `RSVPAnswer` WRITE;
/*!40000 ALTER TABLE `RSVPAnswer` DISABLE KEYS */;
/*!40000 ALTER TABLE `RSVPAnswer` ENABLE KEYS */;
UNLOCK TABLES;

--
-- Table structure for table `RSVPCheckBoxListQuestionTemplate`
--

DROP TABLE IF EXISTS `RSVPCheckBoxListQuestionTemplate`;
/*!40101 SET @saved_cs_client     = @@character_set_client */;
/*!50503 SET character_set_client = utf8mb4 */;
CREATE TABLE `RSVPCheckBoxListQuestionTemplate` (
  `ID` int NOT NULL AUTO_INCREMENT,
  PRIMARY KEY (`ID`)
) ENGINE=InnoDB DEFAULT CHARSET=latin1;
/*!40101 SET character_set_client = @saved_cs_client */;

--
-- Dumping data for table `RSVPCheckBoxListQuestionTemplate`
--

LOCK TABLES `RSVPCheckBoxListQuestionTemplate` WRITE;
/*!40000 ALTER TABLE `RSVPCheckBoxListQuestionTemplate` DISABLE KEYS */;
/*!40000 ALTER TABLE `RSVPCheckBoxListQuestionTemplate` ENABLE KEYS */;
UNLOCK TABLES;

--
-- Table structure for table `RSVPDropDownQuestionTemplate`
--

DROP TABLE IF EXISTS `RSVPDropDownQuestionTemplate`;
/*!40101 SET @saved_cs_client     = @@character_set_client */;
/*!50503 SET character_set_client = utf8mb4 */;
CREATE TABLE `RSVPDropDownQuestionTemplate` (
  `ID` int NOT NULL AUTO_INCREMENT,
  `IsMultiSelect` tinyint unsigned NOT NULL DEFAULT '0',
  `IsCountrySelector` tinyint unsigned NOT NULL DEFAULT '0',
  `UseChosenPlugin` tinyint unsigned NOT NULL DEFAULT '0',
  PRIMARY KEY (`ID`)
) ENGINE=InnoDB DEFAULT CHARSET=latin1;
/*!40101 SET character_set_client = @saved_cs_client */;

--
-- Dumping data for table `RSVPDropDownQuestionTemplate`
--

LOCK TABLES `RSVPDropDownQuestionTemplate` WRITE;
/*!40000 ALTER TABLE `RSVPDropDownQuestionTemplate` DISABLE KEYS */;
/*!40000 ALTER TABLE `RSVPDropDownQuestionTemplate` ENABLE KEYS */;
UNLOCK TABLES;

--
-- Table structure for table `RSVPEventConfiguration`
--

DROP TABLE IF EXISTS `RSVPEventConfiguration`;
/*!40101 SET @saved_cs_client     = @@character_set_client */;
/*!50503 SET character_set_client = utf8mb4 */;
CREATE TABLE `RSVPEventConfiguration` (
  `ID` int NOT NULL AUTO_INCREMENT,
  `ClassName` enum('RSVPEventConfiguration') CHARACTER SET utf8mb3 COLLATE utf8mb3_general_ci DEFAULT 'RSVPEventConfiguration',
  `LastEdited` datetime DEFAULT NULL,
  `Created` datetime DEFAULT NULL,
  `MaxUserNumber` int NOT NULL DEFAULT '0',
  `MaxUserWaitListNumber` int NOT NULL DEFAULT '0',
  `SummitEventID` int DEFAULT NULL,
  `TemplateID` int DEFAULT NULL,
  PRIMARY KEY (`ID`),
  KEY `ClassName` (`ClassName`),
  KEY `SummitEventID` (`SummitEventID`),
  KEY `TemplateID` (`TemplateID`)
) ENGINE=InnoDB DEFAULT CHARSET=latin1;
/*!40101 SET character_set_client = @saved_cs_client */;

--
-- Dumping data for table `RSVPEventConfiguration`
--

LOCK TABLES `RSVPEventConfiguration` WRITE;
/*!40000 ALTER TABLE `RSVPEventConfiguration` DISABLE KEYS */;
/*!40000 ALTER TABLE `RSVPEventConfiguration` ENABLE KEYS */;
UNLOCK TABLES;

--
-- Table structure for table `RSVPLiteralContentQuestionTemplate`
--

DROP TABLE IF EXISTS `RSVPLiteralContentQuestionTemplate`;
/*!40101 SET @saved_cs_client     = @@character_set_client */;
/*!50503 SET character_set_client = utf8mb4 */;
CREATE TABLE `RSVPLiteralContentQuestionTemplate` (
  `ID` int NOT NULL AUTO_INCREMENT,
  `Content` mediumtext CHARACTER SET utf8mb3 COLLATE utf8mb3_general_ci,
  PRIMARY KEY (`ID`)
) ENGINE=InnoDB DEFAULT CHARSET=latin1;
/*!40101 SET character_set_client = @saved_cs_client */;

--
-- Dumping data for table `RSVPLiteralContentQuestionTemplate`
--

LOCK TABLES `RSVPLiteralContentQuestionTemplate` WRITE;
/*!40000 ALTER TABLE `RSVPLiteralContentQuestionTemplate` DISABLE KEYS */;
/*!40000 ALTER TABLE `RSVPLiteralContentQuestionTemplate` ENABLE KEYS */;
UNLOCK TABLES;

--
-- Table structure for table `RSVPMemberEmailQuestionTemplate`
--

DROP TABLE IF EXISTS `RSVPMemberEmailQuestionTemplate`;
/*!40101 SET @saved_cs_client     = @@character_set_client */;
/*!50503 SET character_set_client = utf8mb4 */;
CREATE TABLE `RSVPMemberEmailQuestionTemplate` (
  `ID` int NOT NULL AUTO_INCREMENT,
  PRIMARY KEY (`ID`)
) ENGINE=InnoDB DEFAULT CHARSET=latin1;
/*!40101 SET character_set_client = @saved_cs_client */;

--
-- Dumping data for table `RSVPMemberEmailQuestionTemplate`
--

LOCK TABLES `RSVPMemberEmailQuestionTemplate` WRITE;
/*!40000 ALTER TABLE `RSVPMemberEmailQuestionTemplate` DISABLE KEYS */;
/*!40000 ALTER TABLE `RSVPMemberEmailQuestionTemplate` ENABLE KEYS */;
UNLOCK TABLES;

--
-- Table structure for table `RSVPMemberFirstNameQuestionTemplate`
--

DROP TABLE IF EXISTS `RSVPMemberFirstNameQuestionTemplate`;
/*!40101 SET @saved_cs_client     = @@character_set_client */;
/*!50503 SET character_set_client = utf8mb4 */;
CREATE TABLE `RSVPMemberFirstNameQuestionTemplate` (
  `ID` int NOT NULL AUTO_INCREMENT,
  PRIMARY KEY (`ID`)
) ENGINE=InnoDB DEFAULT CHARSET=latin1;
/*!40101 SET character_set_client = @saved_cs_client */;

--
-- Dumping data for table `RSVPMemberFirstNameQuestionTemplate`
--

LOCK TABLES `RSVPMemberFirstNameQuestionTemplate` WRITE;
/*!40000 ALTER TABLE `RSVPMemberFirstNameQuestionTemplate` DISABLE KEYS */;
/*!40000 ALTER TABLE `RSVPMemberFirstNameQuestionTemplate` ENABLE KEYS */;
UNLOCK TABLES;

--
-- Table structure for table `RSVPMemberLastNameQuestionTemplate`
--

DROP TABLE IF EXISTS `RSVPMemberLastNameQuestionTemplate`;
/*!40101 SET @saved_cs_client     = @@character_set_client */;
/*!50503 SET character_set_client = utf8mb4 */;
CREATE TABLE `RSVPMemberLastNameQuestionTemplate` (
  `ID` int NOT NULL AUTO_INCREMENT,
  PRIMARY KEY (`ID`)
) ENGINE=InnoDB DEFAULT CHARSET=latin1;
/*!40101 SET character_set_client = @saved_cs_client */;

--
-- Dumping data for table `RSVPMemberLastNameQuestionTemplate`
--

LOCK TABLES `RSVPMemberLastNameQuestionTemplate` WRITE;
/*!40000 ALTER TABLE `RSVPMemberLastNameQuestionTemplate` DISABLE KEYS */;
/*!40000 ALTER TABLE `RSVPMemberLastNameQuestionTemplate` ENABLE KEYS */;
UNLOCK TABLES;

--
-- Table structure for table `RSVPMultiValueQuestionTemplate`
--

DROP TABLE IF EXISTS `RSVPMultiValueQuestionTemplate`;
/*!40101 SET @saved_cs_client     = @@character_set_client */;
/*!50503 SET character_set_client = utf8mb4 */;
CREATE TABLE `RSVPMultiValueQuestionTemplate` (
  `ID` int NOT NULL AUTO_INCREMENT,
  `EmptyString` varchar(255) CHARACTER SET utf8mb3 COLLATE utf8mb3_general_ci DEFAULT NULL,
  `DefaultValueID` int DEFAULT NULL,
  PRIMARY KEY (`ID`),
  KEY `DefaultValueID` (`DefaultValueID`)
) ENGINE=InnoDB DEFAULT CHARSET=latin1;
/*!40101 SET character_set_client = @saved_cs_client */;

--
-- Dumping data for table `RSVPMultiValueQuestionTemplate`
--

LOCK TABLES `RSVPMultiValueQuestionTemplate` WRITE;
/*!40000 ALTER TABLE `RSVPMultiValueQuestionTemplate` DISABLE KEYS */;
/*!40000 ALTER TABLE `RSVPMultiValueQuestionTemplate` ENABLE KEYS */;
UNLOCK TABLES;

--
-- Table structure for table `RSVPQuestionTemplate`
--

DROP TABLE IF EXISTS `RSVPQuestionTemplate`;
/*!40101 SET @saved_cs_client     = @@character_set_client */;
/*!50503 SET character_set_client = utf8mb4 */;
CREATE TABLE `RSVPQuestionTemplate` (
  `ID` int NOT NULL AUTO_INCREMENT,
  `ClassName` enum('RSVPQuestionTemplate','RSVPLiteralContentQuestionTemplate','RSVPMultiValueQuestionTemplate','RSVPCheckBoxListQuestionTemplate','RSVPDropDownQuestionTemplate','RSVPRadioButtonListQuestionTemplate','RSVPSingleValueTemplateQuestion','RSVPCheckBoxQuestionTemplate','RSVPTextAreaQuestionTemplate','RSVPTextBoxQuestionTemplate','RSVPMemberEmailQuestionTemplate','RSVPMemberFirstNameQuestionTemplate','RSVPMemberLastNameQuestionTemplate') CHARACTER SET utf8mb3 COLLATE utf8mb3_general_ci DEFAULT 'RSVPQuestionTemplate',
  `LastEdited` datetime DEFAULT NULL,
  `Created` datetime DEFAULT NULL,
  `Name` varchar(255) CHARACTER SET utf8mb3 COLLATE utf8mb3_general_ci DEFAULT NULL,
  `Label` mediumtext CHARACTER SET utf8mb3 COLLATE utf8mb3_general_ci,
  `Order` int NOT NULL DEFAULT '1',
  `Mandatory` tinyint unsigned NOT NULL DEFAULT '0',
  `ReadOnly` tinyint unsigned NOT NULL DEFAULT '0',
  `RSVPTemplateID` int DEFAULT NULL,
  PRIMARY KEY (`ID`),
  KEY `ClassName` (`ClassName`),
  KEY `RSVPTemplateID` (`RSVPTemplateID`)
) ENGINE=InnoDB DEFAULT CHARSET=latin1;
/*!40101 SET character_set_client = @saved_cs_client */;

--
-- Dumping data for table `RSVPQuestionTemplate`
--

LOCK TABLES `RSVPQuestionTemplate` WRITE;
/*!40000 ALTER TABLE `RSVPQuestionTemplate` DISABLE KEYS */;
/*!40000 ALTER TABLE `RSVPQuestionTemplate` ENABLE KEYS */;
UNLOCK TABLES;

--
-- Table structure for table `RSVPQuestionTemplate_DependsOn`
--

DROP TABLE IF EXISTS `RSVPQuestionTemplate_DependsOn`;
/*!40101 SET @saved_cs_client     = @@character_set_client */;
/*!50503 SET character_set_client = utf8mb4 */;
CREATE TABLE `RSVPQuestionTemplate_DependsOn` (
  `ID` int NOT NULL AUTO_INCREMENT,
  `RSVPQuestionTemplateID` int NOT NULL DEFAULT '0',
  `ChildID` int NOT NULL DEFAULT '0',
  `ValueID` int NOT NULL DEFAULT '0',
  `Operator` enum('Equal','Not-Equal') CHARACTER SET utf8mb3 COLLATE utf8mb3_general_ci DEFAULT 'Equal',
  `Visibility` enum('Visible','Not-Visible') CHARACTER SET utf8mb3 COLLATE utf8mb3_general_ci DEFAULT 'Visible',
  `BooleanOperatorOnValues` enum('And','Or') CHARACTER SET utf8mb3 COLLATE utf8mb3_general_ci DEFAULT 'And',
  `DefaultValue` varchar(254) CHARACTER SET utf8mb3 COLLATE utf8mb3_general_ci DEFAULT NULL,
  PRIMARY KEY (`ID`),
  KEY `ChildID` (`ChildID`),
  KEY `RSVPQuestionTemplateID` (`RSVPQuestionTemplateID`)
) ENGINE=InnoDB DEFAULT CHARSET=latin1;
/*!40101 SET character_set_client = @saved_cs_client */;

--
-- Dumping data for table `RSVPQuestionTemplate_DependsOn`
--

LOCK TABLES `RSVPQuestionTemplate_DependsOn` WRITE;
/*!40000 ALTER TABLE `RSVPQuestionTemplate_DependsOn` DISABLE KEYS */;
/*!40000 ALTER TABLE `RSVPQuestionTemplate_DependsOn` ENABLE KEYS */;
UNLOCK TABLES;

--
-- Table structure for table `RSVPQuestionValueTemplate`
--

DROP TABLE IF EXISTS `RSVPQuestionValueTemplate`;
/*!40101 SET @saved_cs_client     = @@character_set_client */;
/*!50503 SET character_set_client = utf8mb4 */;
CREATE TABLE `RSVPQuestionValueTemplate` (
  `ID` int NOT NULL AUTO_INCREMENT,
  `ClassName` enum('RSVPQuestionValueTemplate') CHARACTER SET utf8mb3 COLLATE utf8mb3_general_ci DEFAULT 'RSVPQuestionValueTemplate',
  `LastEdited` datetime DEFAULT NULL,
  `Created` datetime DEFAULT NULL,
  `Value` varchar(255) CHARACTER SET utf8mb3 COLLATE utf8mb3_general_ci DEFAULT NULL,
  `Order` int NOT NULL DEFAULT '1',
  `Label` mediumtext CHARACTER SET utf8mb3 COLLATE utf8mb3_general_ci,
  `OwnerID` int DEFAULT NULL,
  PRIMARY KEY (`ID`),
  KEY `ClassName` (`ClassName`),
  KEY `OwnerID` (`OwnerID`)
) ENGINE=InnoDB DEFAULT CHARSET=latin1;
/*!40101 SET character_set_client = @saved_cs_client */;

--
-- Dumping data for table `RSVPQuestionValueTemplate`
--

LOCK TABLES `RSVPQuestionValueTemplate` WRITE;
/*!40000 ALTER TABLE `RSVPQuestionValueTemplate` DISABLE KEYS */;
/*!40000 ALTER TABLE `RSVPQuestionValueTemplate` ENABLE KEYS */;
UNLOCK TABLES;

--
-- Table structure for table `RSVPRadioButtonListQuestionTemplate`
--

DROP TABLE IF EXISTS `RSVPRadioButtonListQuestionTemplate`;
/*!40101 SET @saved_cs_client     = @@character_set_client */;
/*!50503 SET character_set_client = utf8mb4 */;
CREATE TABLE `RSVPRadioButtonListQuestionTemplate` (
  `ID` int NOT NULL AUTO_INCREMENT,
  PRIMARY KEY (`ID`)
) ENGINE=InnoDB DEFAULT CHARSET=latin1;
/*!40101 SET character_set_client = @saved_cs_client */;

--
-- Dumping data for table `RSVPRadioButtonListQuestionTemplate`
--

LOCK TABLES `RSVPRadioButtonListQuestionTemplate` WRITE;
/*!40000 ALTER TABLE `RSVPRadioButtonListQuestionTemplate` DISABLE KEYS */;
/*!40000 ALTER TABLE `RSVPRadioButtonListQuestionTemplate` ENABLE KEYS */;
UNLOCK TABLES;

--
-- Table structure for table `RSVPSingleValueTemplateQuestion`
--

DROP TABLE IF EXISTS `RSVPSingleValueTemplateQuestion`;
/*!40101 SET @saved_cs_client     = @@character_set_client */;
/*!50503 SET character_set_client = utf8mb4 */;
CREATE TABLE `RSVPSingleValueTemplateQuestion` (
  `ID` int NOT NULL AUTO_INCREMENT,
  `InitialValue` mediumtext CHARACTER SET utf8mb3 COLLATE utf8mb3_general_ci,
  PRIMARY KEY (`ID`)
) ENGINE=InnoDB DEFAULT CHARSET=latin1;
/*!40101 SET character_set_client = @saved_cs_client */;

--
-- Dumping data for table `RSVPSingleValueTemplateQuestion`
--

LOCK TABLES `RSVPSingleValueTemplateQuestion` WRITE;
/*!40000 ALTER TABLE `RSVPSingleValueTemplateQuestion` DISABLE KEYS */;
/*!40000 ALTER TABLE `RSVPSingleValueTemplateQuestion` ENABLE KEYS */;
UNLOCK TABLES;

--
-- Table structure for table `RSVPSingleValueTemplateQuestion_ValidationRules`
--

DROP TABLE IF EXISTS `RSVPSingleValueTemplateQuestion_ValidationRules`;
/*!40101 SET @saved_cs_client     = @@character_set_client */;
/*!50503 SET character_set_client = utf8mb4 */;
CREATE TABLE `RSVPSingleValueTemplateQuestion_ValidationRules` (
  `ID` int NOT NULL AUTO_INCREMENT,
  `RSVPSingleValueTemplateQuestionID` int NOT NULL DEFAULT '0',
  `RSVPSingleValueValidationRuleID` int NOT NULL DEFAULT '0',
  PRIMARY KEY (`ID`),
  KEY `RSVPSingleValueTemplateQuestionID` (`RSVPSingleValueTemplateQuestionID`),
  KEY `RSVPSingleValueValidationRuleID` (`RSVPSingleValueValidationRuleID`)
) ENGINE=InnoDB DEFAULT CHARSET=latin1;
/*!40101 SET character_set_client = @saved_cs_client */;

--
-- Dumping data for table `RSVPSingleValueTemplateQuestion_ValidationRules`
--

LOCK TABLES `RSVPSingleValueTemplateQuestion_ValidationRules` WRITE;
/*!40000 ALTER TABLE `RSVPSingleValueTemplateQuestion_ValidationRules` DISABLE KEYS */;
/*!40000 ALTER TABLE `RSVPSingleValueTemplateQuestion_ValidationRules` ENABLE KEYS */;
UNLOCK TABLES;

--
-- Table structure for table `RSVPSingleValueValidationRule`
--

DROP TABLE IF EXISTS `RSVPSingleValueValidationRule`;
/*!40101 SET @saved_cs_client     = @@character_set_client */;
/*!50503 SET character_set_client = utf8mb4 */;
CREATE TABLE `RSVPSingleValueValidationRule` (
  `ID` int NOT NULL AUTO_INCREMENT,
  `ClassName` enum('RSVPSingleValueValidationRule','RSVPNumberValidationRule') CHARACTER SET utf8mb3 COLLATE utf8mb3_general_ci DEFAULT 'RSVPSingleValueValidationRule',
  `LastEdited` datetime DEFAULT NULL,
  `Created` datetime DEFAULT NULL,
  `Name` varchar(255) CHARACTER SET utf8mb3 COLLATE utf8mb3_general_ci DEFAULT NULL,
  `Message` mediumtext CHARACTER SET utf8mb3 COLLATE utf8mb3_general_ci,
  PRIMARY KEY (`ID`),
  UNIQUE KEY `Name` (`Name`),
  KEY `ClassName` (`ClassName`)
) ENGINE=InnoDB DEFAULT CHARSET=latin1;
/*!40101 SET character_set_client = @saved_cs_client */;

--
-- Dumping data for table `RSVPSingleValueValidationRule`
--

LOCK TABLES `RSVPSingleValueValidationRule` WRITE;
/*!40000 ALTER TABLE `RSVPSingleValueValidationRule` DISABLE KEYS */;
/*!40000 ALTER TABLE `RSVPSingleValueValidationRule` ENABLE KEYS */;
UNLOCK TABLES;

--
-- Table structure for table `RSVPTemplate`
--

DROP TABLE IF EXISTS `RSVPTemplate`;
/*!40101 SET @saved_cs_client     = @@character_set_client */;
/*!50503 SET character_set_client = utf8mb4 */;
CREATE TABLE `RSVPTemplate` (
  `ID` int NOT NULL AUTO_INCREMENT,
  `ClassName` enum('RSVPTemplate') CHARACTER SET utf8mb3 COLLATE utf8mb3_general_ci DEFAULT 'RSVPTemplate',
  `LastEdited` datetime DEFAULT NULL,
  `Created` datetime DEFAULT NULL,
  `Title` varchar(255) CHARACTER SET utf8mb3 COLLATE utf8mb3_general_ci DEFAULT NULL,
  `Enabled` tinyint unsigned NOT NULL DEFAULT '0',
  `CreatedByID` int DEFAULT NULL,
  `SummitID` int DEFAULT NULL,
  PRIMARY KEY (`ID`),
  KEY `ClassName` (`ClassName`),
  KEY `CreatedByID` (`CreatedByID`),
  KEY `SummitID` (`SummitID`)
) ENGINE=InnoDB DEFAULT CHARSET=latin1;
/*!40101 SET character_set_client = @saved_cs_client */;

--
-- Dumping data for table `RSVPTemplate`
--

LOCK TABLES `RSVPTemplate` WRITE;
/*!40000 ALTER TABLE `RSVPTemplate` DISABLE KEYS */;
/*!40000 ALTER TABLE `RSVPTemplate` ENABLE KEYS */;
UNLOCK TABLES;

--
-- Table structure for table `RSVPTextAreaQuestionTemplate`
--

DROP TABLE IF EXISTS `RSVPTextAreaQuestionTemplate`;
/*!40101 SET @saved_cs_client     = @@character_set_client */;
/*!50503 SET character_set_client = utf8mb4 */;
CREATE TABLE `RSVPTextAreaQuestionTemplate` (
  `ID` int NOT NULL AUTO_INCREMENT,
  PRIMARY KEY (`ID`)
) ENGINE=InnoDB DEFAULT CHARSET=latin1;
/*!40101 SET character_set_client = @saved_cs_client */;

--
-- Dumping data for table `RSVPTextAreaQuestionTemplate`
--

LOCK TABLES `RSVPTextAreaQuestionTemplate` WRITE;
/*!40000 ALTER TABLE `RSVPTextAreaQuestionTemplate` DISABLE KEYS */;
/*!40000 ALTER TABLE `RSVPTextAreaQuestionTemplate` ENABLE KEYS */;
UNLOCK TABLES;

--
-- Table structure for table `RSVPTextBoxQuestionTemplate`
--

DROP TABLE IF EXISTS `RSVPTextBoxQuestionTemplate`;
/*!40101 SET @saved_cs_client     = @@character_set_client */;
/*!50503 SET character_set_client = utf8mb4 */;
CREATE TABLE `RSVPTextBoxQuestionTemplate` (
  `ID` int NOT NULL AUTO_INCREMENT,
  PRIMARY KEY (`ID`)
) ENGINE=InnoDB DEFAULT CHARSET=latin1;
/*!40101 SET character_set_client = @saved_cs_client */;

--
-- Dumping data for table `RSVPTextBoxQuestionTemplate`
--

LOCK TABLES `RSVPTextBoxQuestionTemplate` WRITE;
/*!40000 ALTER TABLE `RSVPTextBoxQuestionTemplate` DISABLE KEYS */;
/*!40000 ALTER TABLE `RSVPTextBoxQuestionTemplate` ENABLE KEYS */;
UNLOCK TABLES;

--
-- Table structure for table `RSVP_Emails`
--

DROP TABLE IF EXISTS `RSVP_Emails`;
/*!40101 SET @saved_cs_client     = @@character_set_client */;
/*!50503 SET character_set_client = utf8mb4 */;
CREATE TABLE `RSVP_Emails` (
  `ID` int NOT NULL AUTO_INCREMENT,
  `RSVPID` int NOT NULL DEFAULT '0',
  `SentEmailSendGridID` int NOT NULL DEFAULT '0',
  PRIMARY KEY (`ID`),
  KEY `RSVPID` (`RSVPID`),
  KEY `SentEmailSendGridID` (`SentEmailSendGridID`)
) ENGINE=InnoDB DEFAULT CHARSET=latin1;
/*!40101 SET character_set_client = @saved_cs_client */;

--
-- Dumping data for table `RSVP_Emails`
--

LOCK TABLES `RSVP_Emails` WRITE;
/*!40000 ALTER TABLE `RSVP_Emails` DISABLE KEYS */;
/*!40000 ALTER TABLE `RSVP_Emails` ENABLE KEYS */;
UNLOCK TABLES;

--
-- Table structure for table `RedeemTicketError`
--

DROP TABLE IF EXISTS `RedeemTicketError`;
/*!40101 SET @saved_cs_client     = @@character_set_client */;
/*!50503 SET character_set_client = utf8mb4 */;
CREATE TABLE `RedeemTicketError` (
  `ID` int NOT NULL AUTO_INCREMENT,
  `ClassName` enum('RedeemTicketError') CHARACTER SET utf8mb3 COLLATE utf8mb3_general_ci DEFAULT 'RedeemTicketError',
  `LastEdited` datetime DEFAULT NULL,
  `Created` datetime DEFAULT NULL,
  `ExternalOrderId` varchar(255) CHARACTER SET utf8mb3 COLLATE utf8mb3_general_ci DEFAULT NULL,
  `ExternalAttendeeId` varchar(255) CHARACTER SET utf8mb3 COLLATE utf8mb3_general_ci DEFAULT NULL,
  `OriginatorID` int DEFAULT NULL,
  `OriginalOwnerID` int DEFAULT NULL,
  `OriginalTicketID` int DEFAULT NULL,
  PRIMARY KEY (`ID`),
  KEY `ClassName` (`ClassName`),
  KEY `OriginalOwnerID` (`OriginalOwnerID`),
  KEY `OriginalTicketID` (`OriginalTicketID`),
  KEY `OriginatorID` (`OriginatorID`)
) ENGINE=InnoDB DEFAULT CHARSET=latin1;
/*!40101 SET character_set_client = @saved_cs_client */;

--
-- Dumping data for table `RedeemTicketError`
--

LOCK TABLES `RedeemTicketError` WRITE;
/*!40000 ALTER TABLE `RedeemTicketError` DISABLE KEYS */;
/*!40000 ALTER TABLE `RedeemTicketError` ENABLE KEYS */;
UNLOCK TABLES;

--
-- Table structure for table `RedirectorPage`
--

DROP TABLE IF EXISTS `RedirectorPage`;
/*!40101 SET @saved_cs_client     = @@character_set_client */;
/*!50503 SET character_set_client = utf8mb4 */;
CREATE TABLE `RedirectorPage` (
  `ID` int NOT NULL AUTO_INCREMENT,
  `RedirectionType` enum('Internal','External') CHARACTER SET utf8mb3 COLLATE utf8mb3_general_ci DEFAULT 'Internal',
  `ExternalURL` varchar(2083) CHARACTER SET utf8mb3 COLLATE utf8mb3_general_ci DEFAULT NULL,
  `LinkToID` int DEFAULT NULL,
  PRIMARY KEY (`ID`),
  KEY `LinkToID` (`LinkToID`)
) ENGINE=InnoDB DEFAULT CHARSET=latin1;
/*!40101 SET character_set_client = @saved_cs_client */;

--
-- Dumping data for table `RedirectorPage`
--

LOCK TABLES `RedirectorPage` WRITE;
/*!40000 ALTER TABLE `RedirectorPage` DISABLE KEYS */;
/*!40000 ALTER TABLE `RedirectorPage` ENABLE KEYS */;
UNLOCK TABLES;

--
-- Table structure for table `RedirectorPage_Live`
--

DROP TABLE IF EXISTS `RedirectorPage_Live`;
/*!40101 SET @saved_cs_client     = @@character_set_client */;
/*!50503 SET character_set_client = utf8mb4 */;
CREATE TABLE `RedirectorPage_Live` (
  `ID` int NOT NULL AUTO_INCREMENT,
  `RedirectionType` enum('Internal','External') CHARACTER SET utf8mb3 COLLATE utf8mb3_general_ci DEFAULT 'Internal',
  `ExternalURL` varchar(2083) CHARACTER SET utf8mb3 COLLATE utf8mb3_general_ci DEFAULT NULL,
  `LinkToID` int DEFAULT NULL,
  PRIMARY KEY (`ID`),
  KEY `LinkToID` (`LinkToID`)
) ENGINE=InnoDB DEFAULT CHARSET=latin1;
/*!40101 SET character_set_client = @saved_cs_client */;

--
-- Dumping data for table `RedirectorPage_Live`
--

LOCK TABLES `RedirectorPage_Live` WRITE;
/*!40000 ALTER TABLE `RedirectorPage_Live` DISABLE KEYS */;
/*!40000 ALTER TABLE `RedirectorPage_Live` ENABLE KEYS */;
UNLOCK TABLES;

--
-- Table structure for table `RedirectorPage_versions`
--

DROP TABLE IF EXISTS `RedirectorPage_versions`;
/*!40101 SET @saved_cs_client     = @@character_set_client */;
/*!50503 SET character_set_client = utf8mb4 */;
CREATE TABLE `RedirectorPage_versions` (
  `ID` int NOT NULL AUTO_INCREMENT,
  `RecordID` int NOT NULL DEFAULT '0',
  `Version` int NOT NULL DEFAULT '0',
  `RedirectionType` enum('Internal','External') CHARACTER SET utf8mb3 COLLATE utf8mb3_general_ci DEFAULT 'Internal',
  `ExternalURL` varchar(2083) CHARACTER SET utf8mb3 COLLATE utf8mb3_general_ci DEFAULT NULL,
  `LinkToID` int DEFAULT NULL,
  PRIMARY KEY (`ID`),
  UNIQUE KEY `RecordID_Version` (`RecordID`,`Version`),
  KEY `LinkToID` (`LinkToID`),
  KEY `RecordID` (`RecordID`),
  KEY `Version` (`Version`)
) ENGINE=InnoDB DEFAULT CHARSET=latin1;
/*!40101 SET character_set_client = @saved_cs_client */;

--
-- Dumping data for table `RedirectorPage_versions`
--

LOCK TABLES `RedirectorPage_versions` WRITE;
/*!40000 ALTER TABLE `RedirectorPage_versions` DISABLE KEYS */;
/*!40000 ALTER TABLE `RedirectorPage_versions` ENABLE KEYS */;
UNLOCK TABLES;

--
-- Table structure for table `RefStackLink`
--

DROP TABLE IF EXISTS `RefStackLink`;
/*!40101 SET @saved_cs_client     = @@character_set_client */;
/*!50503 SET character_set_client = utf8mb4 */;
CREATE TABLE `RefStackLink` (
  `ID` int NOT NULL AUTO_INCREMENT,
  `ClassName` enum('RefStackLink') CHARACTER SET utf8mb3 COLLATE utf8mb3_general_ci DEFAULT 'RefStackLink',
  `LastEdited` datetime DEFAULT NULL,
  `Created` datetime DEFAULT NULL,
  `Link` varchar(255) CHARACTER SET utf8mb3 COLLATE utf8mb3_general_ci DEFAULT NULL,
  `OpenStackImplementationID` int DEFAULT NULL,
  PRIMARY KEY (`ID`),
  KEY `ClassName` (`ClassName`),
  KEY `OpenStackImplementationID` (`OpenStackImplementationID`)
) ENGINE=InnoDB DEFAULT CHARSET=latin1;
/*!40101 SET character_set_client = @saved_cs_client */;

--
-- Dumping data for table `RefStackLink`
--

LOCK TABLES `RefStackLink` WRITE;
/*!40000 ALTER TABLE `RefStackLink` DISABLE KEYS */;
/*!40000 ALTER TABLE `RefStackLink` ENABLE KEYS */;
UNLOCK TABLES;

--
-- Table structure for table `Region`
--

DROP TABLE IF EXISTS `Region`;
/*!40101 SET @saved_cs_client     = @@character_set_client */;
/*!50503 SET character_set_client = utf8mb4 */;
CREATE TABLE `Region` (
  `ID` int NOT NULL AUTO_INCREMENT,
  `ClassName` enum('Region') CHARACTER SET utf8mb3 COLLATE utf8mb3_general_ci DEFAULT 'Region',
  `LastEdited` datetime DEFAULT NULL,
  `Created` datetime DEFAULT NULL,
  `Name` varchar(50) CHARACTER SET utf8mb3 COLLATE utf8mb3_general_ci DEFAULT NULL,
  PRIMARY KEY (`ID`),
  UNIQUE KEY `Name` (`Name`),
  KEY `ClassName` (`ClassName`)
) ENGINE=InnoDB DEFAULT CHARSET=latin1;
/*!40101 SET character_set_client = @saved_cs_client */;

--
-- Dumping data for table `Region`
--

LOCK TABLES `Region` WRITE;
/*!40000 ALTER TABLE `Region` DISABLE KEYS */;
/*!40000 ALTER TABLE `Region` ENABLE KEYS */;
UNLOCK TABLES;

--
-- Table structure for table `RegionalSupport`
--

DROP TABLE IF EXISTS `RegionalSupport`;
/*!40101 SET @saved_cs_client     = @@character_set_client */;
/*!50503 SET character_set_client = utf8mb4 */;
CREATE TABLE `RegionalSupport` (
  `ID` int NOT NULL AUTO_INCREMENT,
  `ClassName` enum('RegionalSupport') CHARACTER SET utf8mb3 COLLATE utf8mb3_general_ci DEFAULT 'RegionalSupport',
  `LastEdited` datetime DEFAULT NULL,
  `Created` datetime DEFAULT NULL,
  `Order` int NOT NULL DEFAULT '0',
  `RegionID` int DEFAULT NULL,
  `ServiceID` int DEFAULT NULL,
  PRIMARY KEY (`ID`),
  UNIQUE KEY `Region_Service` (`RegionID`,`ServiceID`),
  KEY `ClassName` (`ClassName`),
  KEY `RegionID` (`RegionID`),
  KEY `ServiceID` (`ServiceID`)
) ENGINE=InnoDB DEFAULT CHARSET=latin1;
/*!40101 SET character_set_client = @saved_cs_client */;

--
-- Dumping data for table `RegionalSupport`
--

LOCK TABLES `RegionalSupport` WRITE;
/*!40000 ALTER TABLE `RegionalSupport` DISABLE KEYS */;
/*!40000 ALTER TABLE `RegionalSupport` ENABLE KEYS */;
UNLOCK TABLES;

--
-- Table structure for table `RegionalSupportDraft`
--

DROP TABLE IF EXISTS `RegionalSupportDraft`;
/*!40101 SET @saved_cs_client     = @@character_set_client */;
/*!50503 SET character_set_client = utf8mb4 */;
CREATE TABLE `RegionalSupportDraft` (
  `ID` int NOT NULL AUTO_INCREMENT,
  `ClassName` enum('RegionalSupportDraft') CHARACTER SET utf8mb3 COLLATE utf8mb3_general_ci DEFAULT 'RegionalSupportDraft',
  `LastEdited` datetime DEFAULT NULL,
  `Created` datetime DEFAULT NULL,
  `Order` int NOT NULL DEFAULT '0',
  `RegionID` int DEFAULT NULL,
  `ServiceID` int DEFAULT NULL,
  PRIMARY KEY (`ID`),
  UNIQUE KEY `Region_Service` (`RegionID`,`ServiceID`),
  KEY `ClassName` (`ClassName`),
  KEY `RegionID` (`RegionID`),
  KEY `ServiceID` (`ServiceID`)
) ENGINE=InnoDB DEFAULT CHARSET=latin1;
/*!40101 SET character_set_client = @saved_cs_client */;

--
-- Dumping data for table `RegionalSupportDraft`
--

LOCK TABLES `RegionalSupportDraft` WRITE;
/*!40000 ALTER TABLE `RegionalSupportDraft` DISABLE KEYS */;
/*!40000 ALTER TABLE `RegionalSupportDraft` ENABLE KEYS */;
UNLOCK TABLES;

--
-- Table structure for table `RegionalSupportDraft_SupportChannelTypes`
--

DROP TABLE IF EXISTS `RegionalSupportDraft_SupportChannelTypes`;
/*!40101 SET @saved_cs_client     = @@character_set_client */;
/*!50503 SET character_set_client = utf8mb4 */;
CREATE TABLE `RegionalSupportDraft_SupportChannelTypes` (
  `ID` int NOT NULL AUTO_INCREMENT,
  `RegionalSupportDraftID` int NOT NULL DEFAULT '0',
  `SupportChannelTypeID` int NOT NULL DEFAULT '0',
  `Data` varchar(50) CHARACTER SET utf8mb3 COLLATE utf8mb3_general_ci DEFAULT NULL,
  PRIMARY KEY (`ID`),
  KEY `RegionalSupportDraftID` (`RegionalSupportDraftID`),
  KEY `SupportChannelTypeID` (`SupportChannelTypeID`)
) ENGINE=InnoDB DEFAULT CHARSET=latin1;
/*!40101 SET character_set_client = @saved_cs_client */;

--
-- Dumping data for table `RegionalSupportDraft_SupportChannelTypes`
--

LOCK TABLES `RegionalSupportDraft_SupportChannelTypes` WRITE;
/*!40000 ALTER TABLE `RegionalSupportDraft_SupportChannelTypes` DISABLE KEYS */;
/*!40000 ALTER TABLE `RegionalSupportDraft_SupportChannelTypes` ENABLE KEYS */;
UNLOCK TABLES;

--
-- Table structure for table `RegionalSupport_SupportChannelTypes`
--

DROP TABLE IF EXISTS `RegionalSupport_SupportChannelTypes`;
/*!40101 SET @saved_cs_client     = @@character_set_client */;
/*!50503 SET character_set_client = utf8mb4 */;
CREATE TABLE `RegionalSupport_SupportChannelTypes` (
  `ID` int NOT NULL AUTO_INCREMENT,
  `RegionalSupportID` int NOT NULL DEFAULT '0',
  `SupportChannelTypeID` int NOT NULL DEFAULT '0',
  `Data` varchar(50) CHARACTER SET utf8mb3 COLLATE utf8mb3_general_ci DEFAULT NULL,
  PRIMARY KEY (`ID`),
  KEY `RegionalSupportID` (`RegionalSupportID`),
  KEY `SupportChannelTypeID` (`SupportChannelTypeID`)
) ENGINE=InnoDB DEFAULT CHARSET=latin1;
/*!40101 SET character_set_client = @saved_cs_client */;

--
-- Dumping data for table `RegionalSupport_SupportChannelTypes`
--

LOCK TABLES `RegionalSupport_SupportChannelTypes` WRITE;
/*!40000 ALTER TABLE `RegionalSupport_SupportChannelTypes` DISABLE KEYS */;
/*!40000 ALTER TABLE `RegionalSupport_SupportChannelTypes` ENABLE KEYS */;
UNLOCK TABLES;

--
-- Table structure for table `RegionalSupportedCompanyService`
--

DROP TABLE IF EXISTS `RegionalSupportedCompanyService`;
/*!40101 SET @saved_cs_client     = @@character_set_client */;
/*!50503 SET character_set_client = utf8mb4 */;
CREATE TABLE `RegionalSupportedCompanyService` (
  `ID` int NOT NULL AUTO_INCREMENT,
  PRIMARY KEY (`ID`)
) ENGINE=InnoDB DEFAULT CHARSET=latin1;
/*!40101 SET character_set_client = @saved_cs_client */;

--
-- Dumping data for table `RegionalSupportedCompanyService`
--

LOCK TABLES `RegionalSupportedCompanyService` WRITE;
/*!40000 ALTER TABLE `RegionalSupportedCompanyService` DISABLE KEYS */;
/*!40000 ALTER TABLE `RegionalSupportedCompanyService` ENABLE KEYS */;
UNLOCK TABLES;

--
-- Table structure for table `ReleaseCycleContributor`
--

DROP TABLE IF EXISTS `ReleaseCycleContributor`;
/*!40101 SET @saved_cs_client     = @@character_set_client */;
/*!50503 SET character_set_client = utf8mb4 */;
CREATE TABLE `ReleaseCycleContributor` (
  `ID` int NOT NULL AUTO_INCREMENT,
  `ClassName` enum('ReleaseCycleContributor') CHARACTER SET utf8mb3 COLLATE utf8mb3_general_ci DEFAULT 'ReleaseCycleContributor',
  `LastEdited` datetime DEFAULT NULL,
  `Created` datetime DEFAULT NULL,
  `FirstName` varchar(255) CHARACTER SET utf8mb3 COLLATE utf8mb3_general_ci DEFAULT NULL,
  `LastName` varchar(255) CHARACTER SET utf8mb3 COLLATE utf8mb3_general_ci DEFAULT NULL,
  `LastCommit` datetime DEFAULT NULL,
  `FirstCommit` datetime DEFAULT NULL,
  `Email` varchar(255) CHARACTER SET utf8mb3 COLLATE utf8mb3_general_ci DEFAULT NULL,
  `IRCHandle` varchar(100) CHARACTER SET utf8mb3 COLLATE utf8mb3_general_ci DEFAULT NULL,
  `CommitCount` int NOT NULL DEFAULT '0',
  `ExtraEmails` mediumtext CHARACTER SET utf8mb3 COLLATE utf8mb3_general_ci,
  `MemberID` int DEFAULT NULL,
  `ReleaseID` int DEFAULT NULL,
  PRIMARY KEY (`ID`),
  KEY `ClassName` (`ClassName`),
  KEY `MemberID` (`MemberID`),
  KEY `ReleaseID` (`ReleaseID`)
) ENGINE=InnoDB DEFAULT CHARSET=latin1;
/*!40101 SET character_set_client = @saved_cs_client */;

--
-- Dumping data for table `ReleaseCycleContributor`
--

LOCK TABLES `ReleaseCycleContributor` WRITE;
/*!40000 ALTER TABLE `ReleaseCycleContributor` DISABLE KEYS */;
/*!40000 ALTER TABLE `ReleaseCycleContributor` ENABLE KEYS */;
UNLOCK TABLES;

--
-- Table structure for table `RemoteCloudService`
--

DROP TABLE IF EXISTS `RemoteCloudService`;
/*!40101 SET @saved_cs_client     = @@character_set_client */;
/*!50503 SET character_set_client = utf8mb4 */;
CREATE TABLE `RemoteCloudService` (
  `ID` int NOT NULL AUTO_INCREMENT,
  `HardwareSpecifications` mediumtext CHARACTER SET utf8mb3 COLLATE utf8mb3_general_ci,
  `VendorManagedUpgrades` tinyint unsigned NOT NULL DEFAULT '0',
  `PricingModels` mediumtext CHARACTER SET utf8mb3 COLLATE utf8mb3_general_ci,
  `PublishedSLAs` mediumtext CHARACTER SET utf8mb3 COLLATE utf8mb3_general_ci,
  PRIMARY KEY (`ID`)
) ENGINE=InnoDB DEFAULT CHARSET=latin1;
/*!40101 SET character_set_client = @saved_cs_client */;

--
-- Dumping data for table `RemoteCloudService`
--

LOCK TABLES `RemoteCloudService` WRITE;
/*!40000 ALTER TABLE `RemoteCloudService` DISABLE KEYS */;
/*!40000 ALTER TABLE `RemoteCloudService` ENABLE KEYS */;
UNLOCK TABLES;

--
-- Table structure for table `RemoteCloudServiceDraft`
--

DROP TABLE IF EXISTS `RemoteCloudServiceDraft`;
/*!40101 SET @saved_cs_client     = @@character_set_client */;
/*!50503 SET character_set_client = utf8mb4 */;
CREATE TABLE `RemoteCloudServiceDraft` (
  `ID` int NOT NULL AUTO_INCREMENT,
  `HardwareSpecifications` mediumtext CHARACTER SET utf8mb3 COLLATE utf8mb3_general_ci,
  `VendorManagedUpgrades` tinyint unsigned NOT NULL DEFAULT '0',
  `PricingModels` mediumtext CHARACTER SET utf8mb3 COLLATE utf8mb3_general_ci,
  `PublishedSLAs` mediumtext CHARACTER SET utf8mb3 COLLATE utf8mb3_general_ci,
  PRIMARY KEY (`ID`)
) ENGINE=InnoDB DEFAULT CHARSET=latin1;
/*!40101 SET character_set_client = @saved_cs_client */;

--
-- Dumping data for table `RemoteCloudServiceDraft`
--

LOCK TABLES `RemoteCloudServiceDraft` WRITE;
/*!40000 ALTER TABLE `RemoteCloudServiceDraft` DISABLE KEYS */;
/*!40000 ALTER TABLE `RemoteCloudServiceDraft` ENABLE KEYS */;
UNLOCK TABLES;

--
-- Table structure for table `RestrictedDownloadPage`
--

DROP TABLE IF EXISTS `RestrictedDownloadPage`;
/*!40101 SET @saved_cs_client     = @@character_set_client */;
/*!50503 SET character_set_client = utf8mb4 */;
CREATE TABLE `RestrictedDownloadPage` (
  `ID` int NOT NULL AUTO_INCREMENT,
  `GuidelinesLogoLink` mediumtext CHARACTER SET utf8mb3 COLLATE utf8mb3_general_ci,
  PRIMARY KEY (`ID`)
) ENGINE=InnoDB DEFAULT CHARSET=latin1;
/*!40101 SET character_set_client = @saved_cs_client */;

--
-- Dumping data for table `RestrictedDownloadPage`
--

LOCK TABLES `RestrictedDownloadPage` WRITE;
/*!40000 ALTER TABLE `RestrictedDownloadPage` DISABLE KEYS */;
/*!40000 ALTER TABLE `RestrictedDownloadPage` ENABLE KEYS */;
UNLOCK TABLES;

--
-- Table structure for table `RestrictedDownloadPage_Live`
--

DROP TABLE IF EXISTS `RestrictedDownloadPage_Live`;
/*!40101 SET @saved_cs_client     = @@character_set_client */;
/*!50503 SET character_set_client = utf8mb4 */;
CREATE TABLE `RestrictedDownloadPage_Live` (
  `ID` int NOT NULL AUTO_INCREMENT,
  `GuidelinesLogoLink` mediumtext CHARACTER SET utf8mb3 COLLATE utf8mb3_general_ci,
  PRIMARY KEY (`ID`)
) ENGINE=InnoDB DEFAULT CHARSET=latin1;
/*!40101 SET character_set_client = @saved_cs_client */;

--
-- Dumping data for table `RestrictedDownloadPage_Live`
--

LOCK TABLES `RestrictedDownloadPage_Live` WRITE;
/*!40000 ALTER TABLE `RestrictedDownloadPage_Live` DISABLE KEYS */;
/*!40000 ALTER TABLE `RestrictedDownloadPage_Live` ENABLE KEYS */;
UNLOCK TABLES;

--
-- Table structure for table `RestrictedDownloadPage_versions`
--

DROP TABLE IF EXISTS `RestrictedDownloadPage_versions`;
/*!40101 SET @saved_cs_client     = @@character_set_client */;
/*!50503 SET character_set_client = utf8mb4 */;
CREATE TABLE `RestrictedDownloadPage_versions` (
  `ID` int NOT NULL AUTO_INCREMENT,
  `RecordID` int NOT NULL DEFAULT '0',
  `Version` int NOT NULL DEFAULT '0',
  `GuidelinesLogoLink` mediumtext CHARACTER SET utf8mb3 COLLATE utf8mb3_general_ci,
  PRIMARY KEY (`ID`),
  UNIQUE KEY `RecordID_Version` (`RecordID`,`Version`),
  KEY `RecordID` (`RecordID`),
  KEY `Version` (`Version`)
) ENGINE=InnoDB DEFAULT CHARSET=latin1;
/*!40101 SET character_set_client = @saved_cs_client */;

--
-- Dumping data for table `RestrictedDownloadPage_versions`
--

LOCK TABLES `RestrictedDownloadPage_versions` WRITE;
/*!40000 ALTER TABLE `RestrictedDownloadPage_versions` DISABLE KEYS */;
/*!40000 ALTER TABLE `RestrictedDownloadPage_versions` ENABLE KEYS */;
UNLOCK TABLES;

--
-- Table structure for table `RoomMetricSampleData`
--

DROP TABLE IF EXISTS `RoomMetricSampleData`;
/*!40101 SET @saved_cs_client     = @@character_set_client */;
/*!50503 SET character_set_client = utf8mb4 */;
CREATE TABLE `RoomMetricSampleData` (
  `ID` int NOT NULL AUTO_INCREMENT,
  `ClassName` enum('RoomMetricSampleData') CHARACTER SET utf8mb3 COLLATE utf8mb3_general_ci DEFAULT 'RoomMetricSampleData',
  `LastEdited` datetime DEFAULT NULL,
  `Created` datetime DEFAULT NULL,
  `Value` double DEFAULT NULL,
  `TimeStamp` int NOT NULL DEFAULT '0',
  `TypeID` int DEFAULT NULL,
  PRIMARY KEY (`ID`),
  KEY `ClassName` (`ClassName`),
  KEY `TypeID` (`TypeID`)
) ENGINE=InnoDB DEFAULT CHARSET=latin1;
/*!40101 SET character_set_client = @saved_cs_client */;

--
-- Dumping data for table `RoomMetricSampleData`
--

LOCK TABLES `RoomMetricSampleData` WRITE;
/*!40000 ALTER TABLE `RoomMetricSampleData` DISABLE KEYS */;
/*!40000 ALTER TABLE `RoomMetricSampleData` ENABLE KEYS */;
UNLOCK TABLES;

--
-- Table structure for table `RoomMetricType`
--

DROP TABLE IF EXISTS `RoomMetricType`;
/*!40101 SET @saved_cs_client     = @@character_set_client */;
/*!50503 SET character_set_client = utf8mb4 */;
CREATE TABLE `RoomMetricType` (
  `ID` int NOT NULL AUTO_INCREMENT,
  `ClassName` enum('RoomMetricType') CHARACTER SET utf8mb3 COLLATE utf8mb3_general_ci DEFAULT 'RoomMetricType',
  `LastEdited` datetime DEFAULT NULL,
  `Created` datetime DEFAULT NULL,
  `Type` enum('Persons','CO2','Temperature','Humidity') CHARACTER SET utf8mb3 COLLATE utf8mb3_general_ci DEFAULT 'Persons',
  `Unit` enum('units','ppm','°F','%') CHARACTER SET utf8mb3 COLLATE utf8mb3_general_ci DEFAULT 'units',
  `Endpoint` mediumtext CHARACTER SET utf8mb3 COLLATE utf8mb3_general_ci,
  `RoomID` int DEFAULT NULL,
  PRIMARY KEY (`ID`),
  KEY `ClassName` (`ClassName`),
  KEY `RoomID` (`RoomID`)
) ENGINE=InnoDB DEFAULT CHARSET=latin1;
/*!40101 SET character_set_client = @saved_cs_client */;

--
-- Dumping data for table `RoomMetricType`
--

LOCK TABLES `RoomMetricType` WRITE;
/*!40000 ALTER TABLE `RoomMetricType` DISABLE KEYS */;
/*!40000 ALTER TABLE `RoomMetricType` ENABLE KEYS */;
UNLOCK TABLES;

--
-- Table structure for table `RssNews`
--

DROP TABLE IF EXISTS `RssNews`;
/*!40101 SET @saved_cs_client     = @@character_set_client */;
/*!50503 SET character_set_client = utf8mb4 */;
CREATE TABLE `RssNews` (
  `ID` int NOT NULL AUTO_INCREMENT,
  `ClassName` enum('RssNews') CHARACTER SET utf8mb3 COLLATE utf8mb3_general_ci DEFAULT 'RssNews',
  `LastEdited` datetime DEFAULT NULL,
  `Created` datetime DEFAULT NULL,
  `Date` datetime DEFAULT NULL,
  `Headline` varchar(512) CHARACTER SET utf8mb3 COLLATE utf8mb3_general_ci DEFAULT NULL,
  `Link` varchar(255) CHARACTER SET utf8mb3 COLLATE utf8mb3_general_ci DEFAULT NULL,
  `Category` varchar(255) CHARACTER SET utf8mb3 COLLATE utf8mb3_general_ci DEFAULT NULL,
  PRIMARY KEY (`ID`),
  KEY `ClassName` (`ClassName`)
) ENGINE=InnoDB DEFAULT CHARSET=latin1;
/*!40101 SET character_set_client = @saved_cs_client */;

--
-- Dumping data for table `RssNews`
--

LOCK TABLES `RssNews` WRITE;
/*!40000 ALTER TABLE `RssNews` DISABLE KEYS */;
/*!40000 ALTER TABLE `RssNews` ENABLE KEYS */;
UNLOCK TABLES;

--
-- Table structure for table `SchedSpeaker`
--

DROP TABLE IF EXISTS `SchedSpeaker`;
/*!40101 SET @saved_cs_client     = @@character_set_client */;
/*!50503 SET character_set_client = utf8mb4 */;
CREATE TABLE `SchedSpeaker` (
  `ID` int NOT NULL AUTO_INCREMENT,
  `ClassName` enum('SchedSpeaker') CHARACTER SET utf8mb3 COLLATE utf8mb3_general_ci DEFAULT 'SchedSpeaker',
  `LastEdited` datetime DEFAULT NULL,
  `Created` datetime DEFAULT NULL,
  `username` varchar(50) CHARACTER SET utf8mb3 COLLATE utf8mb3_general_ci DEFAULT NULL,
  `name` varchar(50) CHARACTER SET utf8mb3 COLLATE utf8mb3_general_ci DEFAULT NULL,
  `email` varchar(50) CHARACTER SET utf8mb3 COLLATE utf8mb3_general_ci DEFAULT NULL,
  PRIMARY KEY (`ID`),
  KEY `ClassName` (`ClassName`)
) ENGINE=InnoDB DEFAULT CHARSET=latin1;
/*!40101 SET character_set_client = @saved_cs_client */;

--
-- Dumping data for table `SchedSpeaker`
--

LOCK TABLES `SchedSpeaker` WRITE;
/*!40000 ALTER TABLE `SchedSpeaker` DISABLE KEYS */;
/*!40000 ALTER TABLE `SchedSpeaker` ENABLE KEYS */;
UNLOCK TABLES;

--
-- Table structure for table `ScheduleCalendarSyncInfo`
--

DROP TABLE IF EXISTS `ScheduleCalendarSyncInfo`;
/*!40101 SET @saved_cs_client     = @@character_set_client */;
/*!50503 SET character_set_client = utf8mb4 */;
CREATE TABLE `ScheduleCalendarSyncInfo` (
  `ID` int NOT NULL AUTO_INCREMENT,
  `ClassName` enum('ScheduleCalendarSyncInfo') CHARACTER SET utf8mb3 COLLATE utf8mb3_general_ci DEFAULT 'ScheduleCalendarSyncInfo',
  `LastEdited` datetime DEFAULT NULL,
  `Created` datetime DEFAULT NULL,
  `ExternalId` varchar(512) CHARACTER SET utf8mb3 COLLATE utf8mb3_general_ci DEFAULT NULL,
  `ETag` varchar(512) CHARACTER SET utf8mb3 COLLATE utf8mb3_general_ci DEFAULT NULL,
  `CalendarEventExternalUrl` varchar(512) CHARACTER SET utf8mb3 COLLATE utf8mb3_general_ci DEFAULT NULL,
  `VCard` mediumtext CHARACTER SET utf8mb3 COLLATE utf8mb3_general_ci,
  `CalendarSyncInfoID` int DEFAULT NULL,
  `OwnerID` int DEFAULT NULL,
  `SummitEventID` int DEFAULT NULL,
  `LocationID` int DEFAULT NULL,
  PRIMARY KEY (`ID`),
  UNIQUE KEY `Owner_SummitEvent_CalendarSyncInfo_IDX` (`OwnerID`,`SummitEventID`,`CalendarSyncInfoID`),
  KEY `CalendarSyncInfoID` (`CalendarSyncInfoID`),
  KEY `ClassName` (`ClassName`),
  KEY `LocationID` (`LocationID`),
  KEY `OwnerID` (`OwnerID`),
  KEY `SummitEventID` (`SummitEventID`)
) ENGINE=InnoDB DEFAULT CHARSET=latin1;
/*!40101 SET character_set_client = @saved_cs_client */;

--
-- Dumping data for table `ScheduleCalendarSyncInfo`
--

LOCK TABLES `ScheduleCalendarSyncInfo` WRITE;
/*!40000 ALTER TABLE `ScheduleCalendarSyncInfo` DISABLE KEYS */;
/*!40000 ALTER TABLE `ScheduleCalendarSyncInfo` ENABLE KEYS */;
UNLOCK TABLES;

--
-- Table structure for table `ScheduledSummitLocationBanner`
--

DROP TABLE IF EXISTS `ScheduledSummitLocationBanner`;
/*!40101 SET @saved_cs_client     = @@character_set_client */;
/*!50503 SET character_set_client = utf8mb4 */;
CREATE TABLE `ScheduledSummitLocationBanner` (
  `ID` int NOT NULL AUTO_INCREMENT,
  `StartDate` datetime DEFAULT NULL,
  `EndDate` datetime DEFAULT NULL,
  PRIMARY KEY (`ID`)
) ENGINE=InnoDB DEFAULT CHARSET=latin1;
/*!40101 SET character_set_client = @saved_cs_client */;

--
-- Dumping data for table `ScheduledSummitLocationBanner`
--

LOCK TABLES `ScheduledSummitLocationBanner` WRITE;
/*!40000 ALTER TABLE `ScheduledSummitLocationBanner` DISABLE KEYS */;
/*!40000 ALTER TABLE `ScheduledSummitLocationBanner` ENABLE KEYS */;
UNLOCK TABLES;

--
-- Table structure for table `SciencePage`
--

DROP TABLE IF EXISTS `SciencePage`;
/*!40101 SET @saved_cs_client     = @@character_set_client */;
/*!50503 SET character_set_client = utf8mb4 */;
CREATE TABLE `SciencePage` (
  `ID` int NOT NULL AUTO_INCREMENT,
  `AmazonLink` varchar(255) CHARACTER SET utf8mb3 COLLATE utf8mb3_general_ci DEFAULT NULL,
  `BookPDFID` int DEFAULT NULL,
  `PrintPDFID` int DEFAULT NULL,
  PRIMARY KEY (`ID`),
  KEY `BookPDFID` (`BookPDFID`),
  KEY `PrintPDFID` (`PrintPDFID`)
) ENGINE=InnoDB DEFAULT CHARSET=latin1;
/*!40101 SET character_set_client = @saved_cs_client */;

--
-- Dumping data for table `SciencePage`
--

LOCK TABLES `SciencePage` WRITE;
/*!40000 ALTER TABLE `SciencePage` DISABLE KEYS */;
/*!40000 ALTER TABLE `SciencePage` ENABLE KEYS */;
UNLOCK TABLES;

--
-- Table structure for table `SciencePage_Live`
--

DROP TABLE IF EXISTS `SciencePage_Live`;
/*!40101 SET @saved_cs_client     = @@character_set_client */;
/*!50503 SET character_set_client = utf8mb4 */;
CREATE TABLE `SciencePage_Live` (
  `ID` int NOT NULL AUTO_INCREMENT,
  `AmazonLink` varchar(255) CHARACTER SET utf8mb3 COLLATE utf8mb3_general_ci DEFAULT NULL,
  `BookPDFID` int DEFAULT NULL,
  `PrintPDFID` int DEFAULT NULL,
  PRIMARY KEY (`ID`),
  KEY `BookPDFID` (`BookPDFID`),
  KEY `PrintPDFID` (`PrintPDFID`)
) ENGINE=InnoDB DEFAULT CHARSET=latin1;
/*!40101 SET character_set_client = @saved_cs_client */;

--
-- Dumping data for table `SciencePage_Live`
--

LOCK TABLES `SciencePage_Live` WRITE;
/*!40000 ALTER TABLE `SciencePage_Live` DISABLE KEYS */;
/*!40000 ALTER TABLE `SciencePage_Live` ENABLE KEYS */;
UNLOCK TABLES;

--
-- Table structure for table `SciencePage_versions`
--

DROP TABLE IF EXISTS `SciencePage_versions`;
/*!40101 SET @saved_cs_client     = @@character_set_client */;
/*!50503 SET character_set_client = utf8mb4 */;
CREATE TABLE `SciencePage_versions` (
  `ID` int NOT NULL AUTO_INCREMENT,
  `RecordID` int NOT NULL DEFAULT '0',
  `Version` int NOT NULL DEFAULT '0',
  `AmazonLink` varchar(255) CHARACTER SET utf8mb3 COLLATE utf8mb3_general_ci DEFAULT NULL,
  `BookPDFID` int DEFAULT NULL,
  `PrintPDFID` int DEFAULT NULL,
  PRIMARY KEY (`ID`),
  UNIQUE KEY `RecordID_Version` (`RecordID`,`Version`),
  KEY `BookPDFID` (`BookPDFID`),
  KEY `PrintPDFID` (`PrintPDFID`),
  KEY `RecordID` (`RecordID`),
  KEY `Version` (`Version`)
) ENGINE=InnoDB DEFAULT CHARSET=latin1;
/*!40101 SET character_set_client = @saved_cs_client */;

--
-- Dumping data for table `SciencePage_versions`
--

LOCK TABLES `SciencePage_versions` WRITE;
/*!40000 ALTER TABLE `SciencePage_versions` DISABLE KEYS */;
/*!40000 ALTER TABLE `SciencePage_versions` ENABLE KEYS */;
UNLOCK TABLES;

--
-- Table structure for table `SelectionPlan`
--

DROP TABLE IF EXISTS `SelectionPlan`;
/*!40101 SET @saved_cs_client     = @@character_set_client */;
/*!50503 SET character_set_client = utf8mb4 */;
CREATE TABLE `SelectionPlan` (
  `ID` int NOT NULL AUTO_INCREMENT,
  `ClassName` enum('SelectionPlan') CHARACTER SET utf8mb3 COLLATE utf8mb3_general_ci DEFAULT 'SelectionPlan',
  `LastEdited` datetime DEFAULT NULL,
  `Created` datetime DEFAULT NULL,
  `Name` varchar(255) CHARACTER SET utf8mb3 COLLATE utf8mb3_general_ci DEFAULT NULL,
  `Enabled` tinyint unsigned NOT NULL DEFAULT '1',
  `SubmissionBeginDate` datetime DEFAULT NULL,
  `SubmissionEndDate` datetime DEFAULT NULL,
  `VotingBeginDate` datetime DEFAULT NULL,
  `VotingEndDate` datetime DEFAULT NULL,
  `SelectionBeginDate` datetime DEFAULT NULL,
  `SelectionEndDate` datetime DEFAULT NULL,
  `MaxSubmissionAllowedPerUser` int NOT NULL DEFAULT '0',
  `SummitID` int DEFAULT NULL,
  `AllowNewPresentations` tinyint(1) NOT NULL DEFAULT '1',
  `SubmissionPeriodDisclaimer` longtext,
  `PresentationCreatorNotificationEmailTemplate` varchar(255) NOT NULL DEFAULT '',
  `PresentationModeratorNotificationEmailTemplate` varchar(255) NOT NULL DEFAULT '',
  `PresentationSpeakerNotificationEmailTemplate` varchar(255) NOT NULL DEFAULT '',
  `SubmissionLockDownPresentationStatusDate` datetime DEFAULT NULL,
  `AllowProposedSchedules` tinyint(1) NOT NULL DEFAULT '1',
  `AllowTrackChangeRequests` tinyint(1) NOT NULL DEFAULT '1',
  PRIMARY KEY (`ID`),
  KEY `ClassName` (`ClassName`),
  KEY `SummitID` (`SummitID`)
) ENGINE=InnoDB AUTO_INCREMENT=29 DEFAULT CHARSET=latin1;
/*!40101 SET character_set_client = @saved_cs_client */;

--
-- Dumping data for table `SelectionPlan`
--

LOCK TABLES `SelectionPlan` WRITE;
/*!40000 ALTER TABLE `SelectionPlan` DISABLE KEYS */;
INSERT INTO `SelectionPlan` VALUES (5,'SelectionPlan','2024-06-21 04:33:45','2024-06-21 04:33:45','TEST_SELECTION_PLAN',1,'2024-06-21 09:33:45','2024-07-05 09:33:45',NULL,NULL,'2024-06-21 09:33:45','2024-07-05 09:33:45',3,3,1,NULL,'PRESENTATION_CREATOR_EMAIL_TEMPLATE','PRESENTATION_MODERATOR_EMAIL_TEMPLATE','PRESENTATION_SPEAKER_EMAIL_TEMPLATE',NULL,1,1),(6,'SelectionPlan','2024-06-21 04:33:45','2024-06-21 04:33:45','TEST_SELECTION_PLAN2',1,'2024-06-21 09:33:45','2024-07-05 09:33:45',NULL,NULL,'2024-06-21 09:33:45','2024-07-05 09:33:45',3,3,1,NULL,'PRESENTATION_CREATOR_EMAIL_TEMPLATE','PRESENTATION_MODERATOR_EMAIL_TEMPLATE','PRESENTATION_SPEAKER_EMAIL_TEMPLATE',NULL,1,1),(7,'SelectionPlan','2024-06-21 04:38:05','2024-06-21 04:38:05','TEST_SELECTION_PLAN',1,'2024-06-21 09:38:05','2024-07-05 09:38:05',NULL,NULL,'2024-06-21 09:38:05','2024-07-05 09:38:05',3,6,1,NULL,'PRESENTATION_CREATOR_EMAIL_TEMPLATE','PRESENTATION_MODERATOR_EMAIL_TEMPLATE','PRESENTATION_SPEAKER_EMAIL_TEMPLATE',NULL,1,1),(8,'SelectionPlan','2024-06-21 04:38:05','2024-06-21 04:38:05','TEST_SELECTION_PLAN2',1,'2024-06-21 09:38:05','2024-07-05 09:38:05',NULL,NULL,'2024-06-21 09:38:05','2024-07-05 09:38:05',3,6,1,NULL,'PRESENTATION_CREATOR_EMAIL_TEMPLATE','PRESENTATION_MODERATOR_EMAIL_TEMPLATE','PRESENTATION_SPEAKER_EMAIL_TEMPLATE',NULL,1,1),(9,'SelectionPlan','2024-06-21 04:38:33','2024-06-21 04:38:33','TEST_SELECTION_PLAN',1,'2024-06-21 09:38:33','2024-07-05 09:38:33',NULL,NULL,'2024-06-21 09:38:33','2024-07-05 09:38:33',3,9,1,NULL,'PRESENTATION_CREATOR_EMAIL_TEMPLATE','PRESENTATION_MODERATOR_EMAIL_TEMPLATE','PRESENTATION_SPEAKER_EMAIL_TEMPLATE',NULL,1,1),(10,'SelectionPlan','2024-06-21 04:38:33','2024-06-21 04:38:33','TEST_SELECTION_PLAN2',1,'2024-06-21 09:38:33','2024-07-05 09:38:33',NULL,NULL,'2024-06-21 09:38:33','2024-07-05 09:38:33',3,9,1,NULL,'PRESENTATION_CREATOR_EMAIL_TEMPLATE','PRESENTATION_MODERATOR_EMAIL_TEMPLATE','PRESENTATION_SPEAKER_EMAIL_TEMPLATE',NULL,1,1),(11,'SelectionPlan','2024-06-21 04:39:40','2024-06-21 04:39:40','TEST_SELECTION_PLAN',1,'2024-06-21 09:39:40','2024-07-05 09:39:40',NULL,NULL,'2024-06-21 09:39:40','2024-07-05 09:39:40',3,11,1,NULL,'PRESENTATION_CREATOR_EMAIL_TEMPLATE','PRESENTATION_MODERATOR_EMAIL_TEMPLATE','PRESENTATION_SPEAKER_EMAIL_TEMPLATE',NULL,1,1),(12,'SelectionPlan','2024-06-21 04:39:40','2024-06-21 04:39:40','TEST_SELECTION_PLAN2',1,'2024-06-21 09:39:40','2024-07-05 09:39:40',NULL,NULL,'2024-06-21 09:39:40','2024-07-05 09:39:40',3,11,1,NULL,'PRESENTATION_CREATOR_EMAIL_TEMPLATE','PRESENTATION_MODERATOR_EMAIL_TEMPLATE','PRESENTATION_SPEAKER_EMAIL_TEMPLATE',NULL,1,1),(13,'SelectionPlan','2024-06-21 04:40:06','2024-06-21 04:40:06','TEST_SELECTION_PLAN',1,'2024-06-21 09:40:06','2024-07-05 09:40:06',NULL,NULL,'2024-06-21 09:40:06','2024-07-05 09:40:06',3,13,1,NULL,'PRESENTATION_CREATOR_EMAIL_TEMPLATE','PRESENTATION_MODERATOR_EMAIL_TEMPLATE','PRESENTATION_SPEAKER_EMAIL_TEMPLATE',NULL,1,1),(14,'SelectionPlan','2024-06-21 04:40:06','2024-06-21 04:40:06','TEST_SELECTION_PLAN2',1,'2024-06-21 09:40:06','2024-07-05 09:40:06',NULL,NULL,'2024-06-21 09:40:06','2024-07-05 09:40:06',3,13,1,NULL,'PRESENTATION_CREATOR_EMAIL_TEMPLATE','PRESENTATION_MODERATOR_EMAIL_TEMPLATE','PRESENTATION_SPEAKER_EMAIL_TEMPLATE',NULL,1,1),(15,'SelectionPlan','2024-06-21 11:13:56','2024-06-21 11:13:56','TEST_SELECTION_PLAN',1,'2024-06-21 16:13:56','2024-07-05 16:13:56',NULL,NULL,'2024-06-21 16:13:56','2024-07-05 16:13:56',3,15,1,NULL,'PRESENTATION_CREATOR_EMAIL_TEMPLATE','PRESENTATION_MODERATOR_EMAIL_TEMPLATE','PRESENTATION_SPEAKER_EMAIL_TEMPLATE',NULL,1,1),(16,'SelectionPlan','2024-06-21 11:13:56','2024-06-21 11:13:56','TEST_SELECTION_PLAN2',1,'2024-06-21 16:13:56','2024-07-05 16:13:56',NULL,NULL,'2024-06-21 16:13:56','2024-07-05 16:13:56',3,15,1,NULL,'PRESENTATION_CREATOR_EMAIL_TEMPLATE','PRESENTATION_MODERATOR_EMAIL_TEMPLATE','PRESENTATION_SPEAKER_EMAIL_TEMPLATE',NULL,1,1),(17,'SelectionPlan','2024-06-21 11:15:03','2024-06-21 11:15:03','TEST_SELECTION_PLAN',1,'2024-06-21 16:15:03','2024-07-05 16:15:03',NULL,NULL,'2024-06-21 16:15:03','2024-07-05 16:15:03',3,17,1,NULL,'PRESENTATION_CREATOR_EMAIL_TEMPLATE','PRESENTATION_MODERATOR_EMAIL_TEMPLATE','PRESENTATION_SPEAKER_EMAIL_TEMPLATE',NULL,1,1),(18,'SelectionPlan','2024-06-21 11:15:03','2024-06-21 11:15:03','TEST_SELECTION_PLAN2',1,'2024-06-21 16:15:03','2024-07-05 16:15:03',NULL,NULL,'2024-06-21 16:15:03','2024-07-05 16:15:03',3,17,1,NULL,'PRESENTATION_CREATOR_EMAIL_TEMPLATE','PRESENTATION_MODERATOR_EMAIL_TEMPLATE','PRESENTATION_SPEAKER_EMAIL_TEMPLATE',NULL,1,1),(19,'SelectionPlan','2024-06-21 11:15:17','2024-06-21 11:15:17','TEST_SELECTION_PLAN',1,'2024-06-21 16:15:17','2024-07-05 16:15:17',NULL,NULL,'2024-06-21 16:15:17','2024-07-05 16:15:17',3,19,1,NULL,'PRESENTATION_CREATOR_EMAIL_TEMPLATE','PRESENTATION_MODERATOR_EMAIL_TEMPLATE','PRESENTATION_SPEAKER_EMAIL_TEMPLATE',NULL,1,1),(20,'SelectionPlan','2024-06-21 11:15:17','2024-06-21 11:15:17','TEST_SELECTION_PLAN2',1,'2024-06-21 16:15:17','2024-07-05 16:15:17',NULL,NULL,'2024-06-21 16:15:17','2024-07-05 16:15:17',3,19,1,NULL,'PRESENTATION_CREATOR_EMAIL_TEMPLATE','PRESENTATION_MODERATOR_EMAIL_TEMPLATE','PRESENTATION_SPEAKER_EMAIL_TEMPLATE',NULL,1,1),(21,'SelectionPlan','2024-06-21 11:17:03','2024-06-21 11:17:03','TEST_SELECTION_PLAN',1,'2024-06-21 16:17:03','2024-07-05 16:17:03',NULL,NULL,'2024-06-21 16:17:03','2024-07-05 16:17:03',3,21,1,NULL,'PRESENTATION_CREATOR_EMAIL_TEMPLATE','PRESENTATION_MODERATOR_EMAIL_TEMPLATE','PRESENTATION_SPEAKER_EMAIL_TEMPLATE',NULL,1,1),(22,'SelectionPlan','2024-06-21 11:17:03','2024-06-21 11:17:03','TEST_SELECTION_PLAN2',1,'2024-06-21 16:17:03','2024-07-05 16:17:03',NULL,NULL,'2024-06-21 16:17:03','2024-07-05 16:17:03',3,21,1,NULL,'PRESENTATION_CREATOR_EMAIL_TEMPLATE','PRESENTATION_MODERATOR_EMAIL_TEMPLATE','PRESENTATION_SPEAKER_EMAIL_TEMPLATE',NULL,1,1),(23,'SelectionPlan','2024-06-21 11:18:32','2024-06-21 11:18:32','TEST_SELECTION_PLAN',1,'2024-06-21 16:18:32','2024-07-05 16:18:32',NULL,NULL,'2024-06-21 16:18:32','2024-07-05 16:18:32',3,23,1,NULL,'PRESENTATION_CREATOR_EMAIL_TEMPLATE','PRESENTATION_MODERATOR_EMAIL_TEMPLATE','PRESENTATION_SPEAKER_EMAIL_TEMPLATE',NULL,1,1),(24,'SelectionPlan','2024-06-21 11:18:32','2024-06-21 11:18:32','TEST_SELECTION_PLAN2',1,'2024-06-21 16:18:32','2024-07-05 16:18:32',NULL,NULL,'2024-06-21 16:18:32','2024-07-05 16:18:32',3,23,1,NULL,'PRESENTATION_CREATOR_EMAIL_TEMPLATE','PRESENTATION_MODERATOR_EMAIL_TEMPLATE','PRESENTATION_SPEAKER_EMAIL_TEMPLATE',NULL,1,1),(25,'SelectionPlan','2024-06-21 11:33:07','2024-06-21 11:33:07','TEST_SELECTION_PLAN',1,'2024-06-21 16:33:07','2024-07-05 16:33:07',NULL,NULL,'2024-06-21 16:33:07','2024-07-05 16:33:07',3,25,1,NULL,'PRESENTATION_CREATOR_EMAIL_TEMPLATE','PRESENTATION_MODERATOR_EMAIL_TEMPLATE','PRESENTATION_SPEAKER_EMAIL_TEMPLATE',NULL,1,1),(26,'SelectionPlan','2024-06-21 11:33:07','2024-06-21 11:33:07','TEST_SELECTION_PLAN2',1,'2024-06-21 16:33:07','2024-07-05 16:33:07',NULL,NULL,'2024-06-21 16:33:07','2024-07-05 16:33:07',3,25,1,NULL,'PRESENTATION_CREATOR_EMAIL_TEMPLATE','PRESENTATION_MODERATOR_EMAIL_TEMPLATE','PRESENTATION_SPEAKER_EMAIL_TEMPLATE',NULL,1,1),(27,'SelectionPlan','2024-06-21 11:34:09','2024-06-21 11:34:09','TEST_SELECTION_PLAN',1,'2024-06-21 16:34:09','2024-07-05 16:34:09',NULL,NULL,'2024-06-21 16:34:09','2024-07-05 16:34:09',3,27,1,NULL,'PRESENTATION_CREATOR_EMAIL_TEMPLATE','PRESENTATION_MODERATOR_EMAIL_TEMPLATE','PRESENTATION_SPEAKER_EMAIL_TEMPLATE',NULL,1,1),(28,'SelectionPlan','2024-06-21 11:34:09','2024-06-21 11:34:09','TEST_SELECTION_PLAN2',1,'2024-06-21 16:34:09','2024-07-05 16:34:09',NULL,NULL,'2024-06-21 16:34:09','2024-07-05 16:34:09',3,27,1,NULL,'PRESENTATION_CREATOR_EMAIL_TEMPLATE','PRESENTATION_MODERATOR_EMAIL_TEMPLATE','PRESENTATION_SPEAKER_EMAIL_TEMPLATE',NULL,1,1);
/*!40000 ALTER TABLE `SelectionPlan` ENABLE KEYS */;
UNLOCK TABLES;

--
-- Table structure for table `SelectionPlanAllowedEditablePresentationQuestion`
--

DROP TABLE IF EXISTS `SelectionPlanAllowedEditablePresentationQuestion`;
/*!40101 SET @saved_cs_client     = @@character_set_client */;
/*!50503 SET character_set_client = utf8mb4 */;
CREATE TABLE `SelectionPlanAllowedEditablePresentationQuestion` (
  `ID` int NOT NULL AUTO_INCREMENT,
  `ClassName` varchar(255) COLLATE utf8mb3_unicode_ci NOT NULL DEFAULT 'SelectionPlanAllowedEditablePresentationQuestion',
  `Created` datetime NOT NULL,
  `LastEdited` datetime NOT NULL,
  `Type` varchar(255) COLLATE utf8mb3_unicode_ci NOT NULL,
  `SelectionPlanID` int DEFAULT NULL,
  PRIMARY KEY (`ID`),
  KEY `ClassName` (`ClassName`),
  KEY `SelectionPlanID` (`SelectionPlanID`),
  CONSTRAINT `FK_SelectionPlan_SelPlanAllowedEditablePresentationQuestion` FOREIGN KEY (`SelectionPlanID`) REFERENCES `SelectionPlan` (`ID`) ON DELETE CASCADE
) ENGINE=InnoDB AUTO_INCREMENT=253 DEFAULT CHARSET=utf8mb3 COLLATE=utf8mb3_unicode_ci;
/*!40101 SET character_set_client = @saved_cs_client */;

--
-- Dumping data for table `SelectionPlanAllowedEditablePresentationQuestion`
--

LOCK TABLES `SelectionPlanAllowedEditablePresentationQuestion` WRITE;
/*!40000 ALTER TABLE `SelectionPlanAllowedEditablePresentationQuestion` DISABLE KEYS */;
INSERT INTO `SelectionPlanAllowedEditablePresentationQuestion` VALUES (37,'SelectionPlanAllowedEditablePresentationQuestion','2024-06-21 04:33:45','2024-06-21 04:33:45','disclaimer_accepted',5),(38,'SelectionPlanAllowedEditablePresentationQuestion','2024-06-21 04:33:45','2024-06-21 04:33:45','attendees_expected_learnt',5),(39,'SelectionPlanAllowedEditablePresentationQuestion','2024-06-21 04:33:45','2024-06-21 04:33:45','attending_media',5),(40,'SelectionPlanAllowedEditablePresentationQuestion','2024-06-21 04:33:45','2024-06-21 04:33:45','links',5),(41,'SelectionPlanAllowedEditablePresentationQuestion','2024-06-21 04:33:45','2024-06-21 04:33:45','title',5),(42,'SelectionPlanAllowedEditablePresentationQuestion','2024-06-21 04:33:45','2024-06-21 04:33:45','description',5),(43,'SelectionPlanAllowedEditablePresentationQuestion','2024-06-21 04:33:45','2024-06-21 04:33:45','social_description',5),(44,'SelectionPlanAllowedEditablePresentationQuestion','2024-06-21 04:33:45','2024-06-21 04:33:45','level',5),(45,'SelectionPlanAllowedEditablePresentationQuestion','2024-06-21 04:33:45','2024-06-21 04:33:45','track_id',5),(46,'SelectionPlanAllowedEditablePresentationQuestion','2024-06-21 04:33:45','2024-06-21 04:33:45','disclaimer_accepted',6),(47,'SelectionPlanAllowedEditablePresentationQuestion','2024-06-21 04:33:45','2024-06-21 04:33:45','attendees_expected_learnt',6),(48,'SelectionPlanAllowedEditablePresentationQuestion','2024-06-21 04:33:45','2024-06-21 04:33:45','attending_media',6),(49,'SelectionPlanAllowedEditablePresentationQuestion','2024-06-21 04:33:45','2024-06-21 04:33:45','links',6),(50,'SelectionPlanAllowedEditablePresentationQuestion','2024-06-21 04:33:45','2024-06-21 04:33:45','title',6),(51,'SelectionPlanAllowedEditablePresentationQuestion','2024-06-21 04:33:45','2024-06-21 04:33:45','description',6),(52,'SelectionPlanAllowedEditablePresentationQuestion','2024-06-21 04:33:45','2024-06-21 04:33:45','social_description',6),(53,'SelectionPlanAllowedEditablePresentationQuestion','2024-06-21 04:33:45','2024-06-21 04:33:45','level',6),(54,'SelectionPlanAllowedEditablePresentationQuestion','2024-06-21 04:33:45','2024-06-21 04:33:45','track_id',6),(55,'SelectionPlanAllowedEditablePresentationQuestion','2024-06-21 04:38:05','2024-06-21 04:38:05','disclaimer_accepted',7),(56,'SelectionPlanAllowedEditablePresentationQuestion','2024-06-21 04:38:05','2024-06-21 04:38:05','attendees_expected_learnt',7),(57,'SelectionPlanAllowedEditablePresentationQuestion','2024-06-21 04:38:05','2024-06-21 04:38:05','attending_media',7),(58,'SelectionPlanAllowedEditablePresentationQuestion','2024-06-21 04:38:05','2024-06-21 04:38:05','links',7),(59,'SelectionPlanAllowedEditablePresentationQuestion','2024-06-21 04:38:05','2024-06-21 04:38:05','title',7),(60,'SelectionPlanAllowedEditablePresentationQuestion','2024-06-21 04:38:05','2024-06-21 04:38:05','description',7),(61,'SelectionPlanAllowedEditablePresentationQuestion','2024-06-21 04:38:05','2024-06-21 04:38:05','social_description',7),(62,'SelectionPlanAllowedEditablePresentationQuestion','2024-06-21 04:38:05','2024-06-21 04:38:05','level',7),(63,'SelectionPlanAllowedEditablePresentationQuestion','2024-06-21 04:38:05','2024-06-21 04:38:05','track_id',7),(64,'SelectionPlanAllowedEditablePresentationQuestion','2024-06-21 04:38:05','2024-06-21 04:38:05','disclaimer_accepted',8),(65,'SelectionPlanAllowedEditablePresentationQuestion','2024-06-21 04:38:05','2024-06-21 04:38:05','attendees_expected_learnt',8),(66,'SelectionPlanAllowedEditablePresentationQuestion','2024-06-21 04:38:05','2024-06-21 04:38:05','attending_media',8),(67,'SelectionPlanAllowedEditablePresentationQuestion','2024-06-21 04:38:05','2024-06-21 04:38:05','links',8),(68,'SelectionPlanAllowedEditablePresentationQuestion','2024-06-21 04:38:05','2024-06-21 04:38:05','title',8),(69,'SelectionPlanAllowedEditablePresentationQuestion','2024-06-21 04:38:05','2024-06-21 04:38:05','description',8),(70,'SelectionPlanAllowedEditablePresentationQuestion','2024-06-21 04:38:05','2024-06-21 04:38:05','social_description',8),(71,'SelectionPlanAllowedEditablePresentationQuestion','2024-06-21 04:38:05','2024-06-21 04:38:05','level',8),(72,'SelectionPlanAllowedEditablePresentationQuestion','2024-06-21 04:38:05','2024-06-21 04:38:05','track_id',8),(73,'SelectionPlanAllowedEditablePresentationQuestion','2024-06-21 04:38:33','2024-06-21 04:38:33','disclaimer_accepted',9),(74,'SelectionPlanAllowedEditablePresentationQuestion','2024-06-21 04:38:33','2024-06-21 04:38:33','attendees_expected_learnt',9),(75,'SelectionPlanAllowedEditablePresentationQuestion','2024-06-21 04:38:33','2024-06-21 04:38:33','attending_media',9),(76,'SelectionPlanAllowedEditablePresentationQuestion','2024-06-21 04:38:33','2024-06-21 04:38:33','links',9),(77,'SelectionPlanAllowedEditablePresentationQuestion','2024-06-21 04:38:33','2024-06-21 04:38:33','title',9),(78,'SelectionPlanAllowedEditablePresentationQuestion','2024-06-21 04:38:33','2024-06-21 04:38:33','description',9),(79,'SelectionPlanAllowedEditablePresentationQuestion','2024-06-21 04:38:33','2024-06-21 04:38:33','social_description',9),(80,'SelectionPlanAllowedEditablePresentationQuestion','2024-06-21 04:38:33','2024-06-21 04:38:33','level',9),(81,'SelectionPlanAllowedEditablePresentationQuestion','2024-06-21 04:38:33','2024-06-21 04:38:33','track_id',9),(82,'SelectionPlanAllowedEditablePresentationQuestion','2024-06-21 04:38:33','2024-06-21 04:38:33','disclaimer_accepted',10),(83,'SelectionPlanAllowedEditablePresentationQuestion','2024-06-21 04:38:33','2024-06-21 04:38:33','attendees_expected_learnt',10),(84,'SelectionPlanAllowedEditablePresentationQuestion','2024-06-21 04:38:33','2024-06-21 04:38:33','attending_media',10),(85,'SelectionPlanAllowedEditablePresentationQuestion','2024-06-21 04:38:33','2024-06-21 04:38:33','links',10),(86,'SelectionPlanAllowedEditablePresentationQuestion','2024-06-21 04:38:33','2024-06-21 04:38:33','title',10),(87,'SelectionPlanAllowedEditablePresentationQuestion','2024-06-21 04:38:33','2024-06-21 04:38:33','description',10),(88,'SelectionPlanAllowedEditablePresentationQuestion','2024-06-21 04:38:33','2024-06-21 04:38:33','social_description',10),(89,'SelectionPlanAllowedEditablePresentationQuestion','2024-06-21 04:38:33','2024-06-21 04:38:33','level',10),(90,'SelectionPlanAllowedEditablePresentationQuestion','2024-06-21 04:38:33','2024-06-21 04:38:33','track_id',10),(91,'SelectionPlanAllowedEditablePresentationQuestion','2024-06-21 04:39:40','2024-06-21 04:39:40','disclaimer_accepted',11),(92,'SelectionPlanAllowedEditablePresentationQuestion','2024-06-21 04:39:40','2024-06-21 04:39:40','attendees_expected_learnt',11),(93,'SelectionPlanAllowedEditablePresentationQuestion','2024-06-21 04:39:40','2024-06-21 04:39:40','attending_media',11),(94,'SelectionPlanAllowedEditablePresentationQuestion','2024-06-21 04:39:40','2024-06-21 04:39:40','links',11),(95,'SelectionPlanAllowedEditablePresentationQuestion','2024-06-21 04:39:40','2024-06-21 04:39:40','title',11),(96,'SelectionPlanAllowedEditablePresentationQuestion','2024-06-21 04:39:40','2024-06-21 04:39:40','description',11),(97,'SelectionPlanAllowedEditablePresentationQuestion','2024-06-21 04:39:40','2024-06-21 04:39:40','social_description',11),(98,'SelectionPlanAllowedEditablePresentationQuestion','2024-06-21 04:39:40','2024-06-21 04:39:40','level',11),(99,'SelectionPlanAllowedEditablePresentationQuestion','2024-06-21 04:39:40','2024-06-21 04:39:40','track_id',11),(100,'SelectionPlanAllowedEditablePresentationQuestion','2024-06-21 04:39:40','2024-06-21 04:39:40','disclaimer_accepted',12),(101,'SelectionPlanAllowedEditablePresentationQuestion','2024-06-21 04:39:40','2024-06-21 04:39:40','attendees_expected_learnt',12),(102,'SelectionPlanAllowedEditablePresentationQuestion','2024-06-21 04:39:40','2024-06-21 04:39:40','attending_media',12),(103,'SelectionPlanAllowedEditablePresentationQuestion','2024-06-21 04:39:40','2024-06-21 04:39:40','links',12),(104,'SelectionPlanAllowedEditablePresentationQuestion','2024-06-21 04:39:40','2024-06-21 04:39:40','title',12),(105,'SelectionPlanAllowedEditablePresentationQuestion','2024-06-21 04:39:40','2024-06-21 04:39:40','description',12),(106,'SelectionPlanAllowedEditablePresentationQuestion','2024-06-21 04:39:40','2024-06-21 04:39:40','social_description',12),(107,'SelectionPlanAllowedEditablePresentationQuestion','2024-06-21 04:39:40','2024-06-21 04:39:40','level',12),(108,'SelectionPlanAllowedEditablePresentationQuestion','2024-06-21 04:39:40','2024-06-21 04:39:40','track_id',12),(109,'SelectionPlanAllowedEditablePresentationQuestion','2024-06-21 04:40:06','2024-06-21 04:40:06','disclaimer_accepted',13),(110,'SelectionPlanAllowedEditablePresentationQuestion','2024-06-21 04:40:06','2024-06-21 04:40:06','attendees_expected_learnt',13),(111,'SelectionPlanAllowedEditablePresentationQuestion','2024-06-21 04:40:06','2024-06-21 04:40:06','attending_media',13),(112,'SelectionPlanAllowedEditablePresentationQuestion','2024-06-21 04:40:06','2024-06-21 04:40:06','links',13),(113,'SelectionPlanAllowedEditablePresentationQuestion','2024-06-21 04:40:06','2024-06-21 04:40:06','title',13),(114,'SelectionPlanAllowedEditablePresentationQuestion','2024-06-21 04:40:06','2024-06-21 04:40:06','description',13),(115,'SelectionPlanAllowedEditablePresentationQuestion','2024-06-21 04:40:06','2024-06-21 04:40:06','social_description',13),(116,'SelectionPlanAllowedEditablePresentationQuestion','2024-06-21 04:40:06','2024-06-21 04:40:06','level',13),(117,'SelectionPlanAllowedEditablePresentationQuestion','2024-06-21 04:40:06','2024-06-21 04:40:06','track_id',13),(118,'SelectionPlanAllowedEditablePresentationQuestion','2024-06-21 04:40:06','2024-06-21 04:40:06','disclaimer_accepted',14),(119,'SelectionPlanAllowedEditablePresentationQuestion','2024-06-21 04:40:06','2024-06-21 04:40:06','attendees_expected_learnt',14),(120,'SelectionPlanAllowedEditablePresentationQuestion','2024-06-21 04:40:06','2024-06-21 04:40:06','attending_media',14),(121,'SelectionPlanAllowedEditablePresentationQuestion','2024-06-21 04:40:06','2024-06-21 04:40:06','links',14),(122,'SelectionPlanAllowedEditablePresentationQuestion','2024-06-21 04:40:06','2024-06-21 04:40:06','title',14),(123,'SelectionPlanAllowedEditablePresentationQuestion','2024-06-21 04:40:06','2024-06-21 04:40:06','description',14),(124,'SelectionPlanAllowedEditablePresentationQuestion','2024-06-21 04:40:06','2024-06-21 04:40:06','social_description',14),(125,'SelectionPlanAllowedEditablePresentationQuestion','2024-06-21 04:40:06','2024-06-21 04:40:06','level',14),(126,'SelectionPlanAllowedEditablePresentationQuestion','2024-06-21 04:40:06','2024-06-21 04:40:06','track_id',14),(127,'SelectionPlanAllowedEditablePresentationQuestion','2024-06-21 11:13:56','2024-06-21 11:13:56','disclaimer_accepted',15),(128,'SelectionPlanAllowedEditablePresentationQuestion','2024-06-21 11:13:56','2024-06-21 11:13:56','attendees_expected_learnt',15),(129,'SelectionPlanAllowedEditablePresentationQuestion','2024-06-21 11:13:56','2024-06-21 11:13:56','attending_media',15),(130,'SelectionPlanAllowedEditablePresentationQuestion','2024-06-21 11:13:56','2024-06-21 11:13:56','links',15),(131,'SelectionPlanAllowedEditablePresentationQuestion','2024-06-21 11:13:56','2024-06-21 11:13:56','title',15),(132,'SelectionPlanAllowedEditablePresentationQuestion','2024-06-21 11:13:56','2024-06-21 11:13:56','description',15),(133,'SelectionPlanAllowedEditablePresentationQuestion','2024-06-21 11:13:56','2024-06-21 11:13:56','social_description',15),(134,'SelectionPlanAllowedEditablePresentationQuestion','2024-06-21 11:13:56','2024-06-21 11:13:56','level',15),(135,'SelectionPlanAllowedEditablePresentationQuestion','2024-06-21 11:13:56','2024-06-21 11:13:56','track_id',15),(136,'SelectionPlanAllowedEditablePresentationQuestion','2024-06-21 11:13:56','2024-06-21 11:13:56','disclaimer_accepted',16),(137,'SelectionPlanAllowedEditablePresentationQuestion','2024-06-21 11:13:56','2024-06-21 11:13:56','attendees_expected_learnt',16),(138,'SelectionPlanAllowedEditablePresentationQuestion','2024-06-21 11:13:56','2024-06-21 11:13:56','attending_media',16),(139,'SelectionPlanAllowedEditablePresentationQuestion','2024-06-21 11:13:56','2024-06-21 11:13:56','links',16),(140,'SelectionPlanAllowedEditablePresentationQuestion','2024-06-21 11:13:56','2024-06-21 11:13:56','title',16),(141,'SelectionPlanAllowedEditablePresentationQuestion','2024-06-21 11:13:56','2024-06-21 11:13:56','description',16),(142,'SelectionPlanAllowedEditablePresentationQuestion','2024-06-21 11:13:56','2024-06-21 11:13:56','social_description',16),(143,'SelectionPlanAllowedEditablePresentationQuestion','2024-06-21 11:13:56','2024-06-21 11:13:56','level',16),(144,'SelectionPlanAllowedEditablePresentationQuestion','2024-06-21 11:13:56','2024-06-21 11:13:56','track_id',16),(145,'SelectionPlanAllowedEditablePresentationQuestion','2024-06-21 11:15:03','2024-06-21 11:15:03','disclaimer_accepted',17),(146,'SelectionPlanAllowedEditablePresentationQuestion','2024-06-21 11:15:03','2024-06-21 11:15:03','attendees_expected_learnt',17),(147,'SelectionPlanAllowedEditablePresentationQuestion','2024-06-21 11:15:03','2024-06-21 11:15:03','attending_media',17),(148,'SelectionPlanAllowedEditablePresentationQuestion','2024-06-21 11:15:03','2024-06-21 11:15:03','links',17),(149,'SelectionPlanAllowedEditablePresentationQuestion','2024-06-21 11:15:03','2024-06-21 11:15:03','title',17),(150,'SelectionPlanAllowedEditablePresentationQuestion','2024-06-21 11:15:03','2024-06-21 11:15:03','description',17),(151,'SelectionPlanAllowedEditablePresentationQuestion','2024-06-21 11:15:03','2024-06-21 11:15:03','social_description',17),(152,'SelectionPlanAllowedEditablePresentationQuestion','2024-06-21 11:15:03','2024-06-21 11:15:03','level',17),(153,'SelectionPlanAllowedEditablePresentationQuestion','2024-06-21 11:15:03','2024-06-21 11:15:03','track_id',17),(154,'SelectionPlanAllowedEditablePresentationQuestion','2024-06-21 11:15:03','2024-06-21 11:15:03','disclaimer_accepted',18),(155,'SelectionPlanAllowedEditablePresentationQuestion','2024-06-21 11:15:03','2024-06-21 11:15:03','attendees_expected_learnt',18),(156,'SelectionPlanAllowedEditablePresentationQuestion','2024-06-21 11:15:03','2024-06-21 11:15:03','attending_media',18),(157,'SelectionPlanAllowedEditablePresentationQuestion','2024-06-21 11:15:03','2024-06-21 11:15:03','links',18),(158,'SelectionPlanAllowedEditablePresentationQuestion','2024-06-21 11:15:03','2024-06-21 11:15:03','title',18),(159,'SelectionPlanAllowedEditablePresentationQuestion','2024-06-21 11:15:03','2024-06-21 11:15:03','description',18),(160,'SelectionPlanAllowedEditablePresentationQuestion','2024-06-21 11:15:03','2024-06-21 11:15:03','social_description',18),(161,'SelectionPlanAllowedEditablePresentationQuestion','2024-06-21 11:15:03','2024-06-21 11:15:03','level',18),(162,'SelectionPlanAllowedEditablePresentationQuestion','2024-06-21 11:15:03','2024-06-21 11:15:03','track_id',18),(163,'SelectionPlanAllowedEditablePresentationQuestion','2024-06-21 11:15:17','2024-06-21 11:15:17','disclaimer_accepted',19),(164,'SelectionPlanAllowedEditablePresentationQuestion','2024-06-21 11:15:17','2024-06-21 11:15:17','attendees_expected_learnt',19),(165,'SelectionPlanAllowedEditablePresentationQuestion','2024-06-21 11:15:17','2024-06-21 11:15:17','attending_media',19),(166,'SelectionPlanAllowedEditablePresentationQuestion','2024-06-21 11:15:17','2024-06-21 11:15:17','links',19),(167,'SelectionPlanAllowedEditablePresentationQuestion','2024-06-21 11:15:17','2024-06-21 11:15:17','title',19),(168,'SelectionPlanAllowedEditablePresentationQuestion','2024-06-21 11:15:17','2024-06-21 11:15:17','description',19),(169,'SelectionPlanAllowedEditablePresentationQuestion','2024-06-21 11:15:17','2024-06-21 11:15:17','social_description',19),(170,'SelectionPlanAllowedEditablePresentationQuestion','2024-06-21 11:15:17','2024-06-21 11:15:17','level',19),(171,'SelectionPlanAllowedEditablePresentationQuestion','2024-06-21 11:15:17','2024-06-21 11:15:17','track_id',19),(172,'SelectionPlanAllowedEditablePresentationQuestion','2024-06-21 11:15:17','2024-06-21 11:15:17','disclaimer_accepted',20),(173,'SelectionPlanAllowedEditablePresentationQuestion','2024-06-21 11:15:17','2024-06-21 11:15:17','attendees_expected_learnt',20),(174,'SelectionPlanAllowedEditablePresentationQuestion','2024-06-21 11:15:17','2024-06-21 11:15:17','attending_media',20),(175,'SelectionPlanAllowedEditablePresentationQuestion','2024-06-21 11:15:17','2024-06-21 11:15:17','links',20),(176,'SelectionPlanAllowedEditablePresentationQuestion','2024-06-21 11:15:17','2024-06-21 11:15:17','title',20),(177,'SelectionPlanAllowedEditablePresentationQuestion','2024-06-21 11:15:17','2024-06-21 11:15:17','description',20),(178,'SelectionPlanAllowedEditablePresentationQuestion','2024-06-21 11:15:17','2024-06-21 11:15:17','social_description',20),(179,'SelectionPlanAllowedEditablePresentationQuestion','2024-06-21 11:15:17','2024-06-21 11:15:17','level',20),(180,'SelectionPlanAllowedEditablePresentationQuestion','2024-06-21 11:15:17','2024-06-21 11:15:17','track_id',20),(181,'SelectionPlanAllowedEditablePresentationQuestion','2024-06-21 11:17:03','2024-06-21 11:17:03','disclaimer_accepted',21),(182,'SelectionPlanAllowedEditablePresentationQuestion','2024-06-21 11:17:03','2024-06-21 11:17:03','attendees_expected_learnt',21),(183,'SelectionPlanAllowedEditablePresentationQuestion','2024-06-21 11:17:03','2024-06-21 11:17:03','attending_media',21),(184,'SelectionPlanAllowedEditablePresentationQuestion','2024-06-21 11:17:03','2024-06-21 11:17:03','links',21),(185,'SelectionPlanAllowedEditablePresentationQuestion','2024-06-21 11:17:03','2024-06-21 11:17:03','title',21),(186,'SelectionPlanAllowedEditablePresentationQuestion','2024-06-21 11:17:03','2024-06-21 11:17:03','description',21),(187,'SelectionPlanAllowedEditablePresentationQuestion','2024-06-21 11:17:03','2024-06-21 11:17:03','social_description',21),(188,'SelectionPlanAllowedEditablePresentationQuestion','2024-06-21 11:17:03','2024-06-21 11:17:03','level',21),(189,'SelectionPlanAllowedEditablePresentationQuestion','2024-06-21 11:17:03','2024-06-21 11:17:03','track_id',21),(190,'SelectionPlanAllowedEditablePresentationQuestion','2024-06-21 11:17:03','2024-06-21 11:17:03','disclaimer_accepted',22),(191,'SelectionPlanAllowedEditablePresentationQuestion','2024-06-21 11:17:03','2024-06-21 11:17:03','attendees_expected_learnt',22),(192,'SelectionPlanAllowedEditablePresentationQuestion','2024-06-21 11:17:03','2024-06-21 11:17:03','attending_media',22),(193,'SelectionPlanAllowedEditablePresentationQuestion','2024-06-21 11:17:03','2024-06-21 11:17:03','links',22),(194,'SelectionPlanAllowedEditablePresentationQuestion','2024-06-21 11:17:03','2024-06-21 11:17:03','title',22),(195,'SelectionPlanAllowedEditablePresentationQuestion','2024-06-21 11:17:03','2024-06-21 11:17:03','description',22),(196,'SelectionPlanAllowedEditablePresentationQuestion','2024-06-21 11:17:03','2024-06-21 11:17:03','social_description',22),(197,'SelectionPlanAllowedEditablePresentationQuestion','2024-06-21 11:17:03','2024-06-21 11:17:03','level',22),(198,'SelectionPlanAllowedEditablePresentationQuestion','2024-06-21 11:17:03','2024-06-21 11:17:03','track_id',22),(199,'SelectionPlanAllowedEditablePresentationQuestion','2024-06-21 11:18:32','2024-06-21 11:18:32','disclaimer_accepted',23),(200,'SelectionPlanAllowedEditablePresentationQuestion','2024-06-21 11:18:32','2024-06-21 11:18:32','attendees_expected_learnt',23),(201,'SelectionPlanAllowedEditablePresentationQuestion','2024-06-21 11:18:32','2024-06-21 11:18:32','attending_media',23),(202,'SelectionPlanAllowedEditablePresentationQuestion','2024-06-21 11:18:32','2024-06-21 11:18:32','links',23),(203,'SelectionPlanAllowedEditablePresentationQuestion','2024-06-21 11:18:32','2024-06-21 11:18:32','title',23),(204,'SelectionPlanAllowedEditablePresentationQuestion','2024-06-21 11:18:32','2024-06-21 11:18:32','description',23),(205,'SelectionPlanAllowedEditablePresentationQuestion','2024-06-21 11:18:32','2024-06-21 11:18:32','social_description',23),(206,'SelectionPlanAllowedEditablePresentationQuestion','2024-06-21 11:18:32','2024-06-21 11:18:32','level',23),(207,'SelectionPlanAllowedEditablePresentationQuestion','2024-06-21 11:18:32','2024-06-21 11:18:32','track_id',23),(208,'SelectionPlanAllowedEditablePresentationQuestion','2024-06-21 11:18:32','2024-06-21 11:18:32','disclaimer_accepted',24),(209,'SelectionPlanAllowedEditablePresentationQuestion','2024-06-21 11:18:32','2024-06-21 11:18:32','attendees_expected_learnt',24),(210,'SelectionPlanAllowedEditablePresentationQuestion','2024-06-21 11:18:32','2024-06-21 11:18:32','attending_media',24),(211,'SelectionPlanAllowedEditablePresentationQuestion','2024-06-21 11:18:32','2024-06-21 11:18:32','links',24),(212,'SelectionPlanAllowedEditablePresentationQuestion','2024-06-21 11:18:32','2024-06-21 11:18:32','title',24),(213,'SelectionPlanAllowedEditablePresentationQuestion','2024-06-21 11:18:32','2024-06-21 11:18:32','description',24),(214,'SelectionPlanAllowedEditablePresentationQuestion','2024-06-21 11:18:32','2024-06-21 11:18:32','social_description',24),(215,'SelectionPlanAllowedEditablePresentationQuestion','2024-06-21 11:18:32','2024-06-21 11:18:32','level',24),(216,'SelectionPlanAllowedEditablePresentationQuestion','2024-06-21 11:18:32','2024-06-21 11:18:32','track_id',24),(217,'SelectionPlanAllowedEditablePresentationQuestion','2024-06-21 11:33:07','2024-06-21 11:33:07','disclaimer_accepted',25),(218,'SelectionPlanAllowedEditablePresentationQuestion','2024-06-21 11:33:07','2024-06-21 11:33:07','attendees_expected_learnt',25),(219,'SelectionPlanAllowedEditablePresentationQuestion','2024-06-21 11:33:07','2024-06-21 11:33:07','attending_media',25),(220,'SelectionPlanAllowedEditablePresentationQuestion','2024-06-21 11:33:07','2024-06-21 11:33:07','links',25),(221,'SelectionPlanAllowedEditablePresentationQuestion','2024-06-21 11:33:07','2024-06-21 11:33:07','title',25),(222,'SelectionPlanAllowedEditablePresentationQuestion','2024-06-21 11:33:07','2024-06-21 11:33:07','description',25),(223,'SelectionPlanAllowedEditablePresentationQuestion','2024-06-21 11:33:07','2024-06-21 11:33:07','social_description',25),(224,'SelectionPlanAllowedEditablePresentationQuestion','2024-06-21 11:33:07','2024-06-21 11:33:07','level',25),(225,'SelectionPlanAllowedEditablePresentationQuestion','2024-06-21 11:33:07','2024-06-21 11:33:07','track_id',25),(226,'SelectionPlanAllowedEditablePresentationQuestion','2024-06-21 11:33:07','2024-06-21 11:33:07','disclaimer_accepted',26),(227,'SelectionPlanAllowedEditablePresentationQuestion','2024-06-21 11:33:07','2024-06-21 11:33:07','attendees_expected_learnt',26),(228,'SelectionPlanAllowedEditablePresentationQuestion','2024-06-21 11:33:07','2024-06-21 11:33:07','attending_media',26),(229,'SelectionPlanAllowedEditablePresentationQuestion','2024-06-21 11:33:07','2024-06-21 11:33:07','links',26),(230,'SelectionPlanAllowedEditablePresentationQuestion','2024-06-21 11:33:07','2024-06-21 11:33:07','title',26),(231,'SelectionPlanAllowedEditablePresentationQuestion','2024-06-21 11:33:07','2024-06-21 11:33:07','description',26),(232,'SelectionPlanAllowedEditablePresentationQuestion','2024-06-21 11:33:07','2024-06-21 11:33:07','social_description',26),(233,'SelectionPlanAllowedEditablePresentationQuestion','2024-06-21 11:33:07','2024-06-21 11:33:07','level',26),(234,'SelectionPlanAllowedEditablePresentationQuestion','2024-06-21 11:33:07','2024-06-21 11:33:07','track_id',26),(235,'SelectionPlanAllowedEditablePresentationQuestion','2024-06-21 11:34:09','2024-06-21 11:34:09','disclaimer_accepted',27),(236,'SelectionPlanAllowedEditablePresentationQuestion','2024-06-21 11:34:09','2024-06-21 11:34:09','attendees_expected_learnt',27),(237,'SelectionPlanAllowedEditablePresentationQuestion','2024-06-21 11:34:09','2024-06-21 11:34:09','attending_media',27),(238,'SelectionPlanAllowedEditablePresentationQuestion','2024-06-21 11:34:09','2024-06-21 11:34:09','links',27),(239,'SelectionPlanAllowedEditablePresentationQuestion','2024-06-21 11:34:09','2024-06-21 11:34:09','title',27),(240,'SelectionPlanAllowedEditablePresentationQuestion','2024-06-21 11:34:09','2024-06-21 11:34:09','description',27),(241,'SelectionPlanAllowedEditablePresentationQuestion','2024-06-21 11:34:09','2024-06-21 11:34:09','social_description',27),(242,'SelectionPlanAllowedEditablePresentationQuestion','2024-06-21 11:34:09','2024-06-21 11:34:09','level',27),(243,'SelectionPlanAllowedEditablePresentationQuestion','2024-06-21 11:34:09','2024-06-21 11:34:09','track_id',27),(244,'SelectionPlanAllowedEditablePresentationQuestion','2024-06-21 11:34:09','2024-06-21 11:34:09','disclaimer_accepted',28),(245,'SelectionPlanAllowedEditablePresentationQuestion','2024-06-21 11:34:09','2024-06-21 11:34:09','attendees_expected_learnt',28),(246,'SelectionPlanAllowedEditablePresentationQuestion','2024-06-21 11:34:09','2024-06-21 11:34:09','attending_media',28),(247,'SelectionPlanAllowedEditablePresentationQuestion','2024-06-21 11:34:09','2024-06-21 11:34:09','links',28),(248,'SelectionPlanAllowedEditablePresentationQuestion','2024-06-21 11:34:09','2024-06-21 11:34:09','title',28),(249,'SelectionPlanAllowedEditablePresentationQuestion','2024-06-21 11:34:09','2024-06-21 11:34:09','description',28),(250,'SelectionPlanAllowedEditablePresentationQuestion','2024-06-21 11:34:09','2024-06-21 11:34:09','social_description',28),(251,'SelectionPlanAllowedEditablePresentationQuestion','2024-06-21 11:34:09','2024-06-21 11:34:09','level',28),(252,'SelectionPlanAllowedEditablePresentationQuestion','2024-06-21 11:34:09','2024-06-21 11:34:09','track_id',28);
/*!40000 ALTER TABLE `SelectionPlanAllowedEditablePresentationQuestion` ENABLE KEYS */;
UNLOCK TABLES;

--
-- Table structure for table `SelectionPlanAllowedPresentationQuestion`
--

DROP TABLE IF EXISTS `SelectionPlanAllowedPresentationQuestion`;
/*!40101 SET @saved_cs_client     = @@character_set_client */;
/*!50503 SET character_set_client = utf8mb4 */;
CREATE TABLE `SelectionPlanAllowedPresentationQuestion` (
  `ID` int NOT NULL AUTO_INCREMENT,
  `ClassName` varchar(255) COLLATE utf8mb3_unicode_ci NOT NULL DEFAULT 'SelectionPlanAllowedPresentationQuestion',
  `Created` datetime NOT NULL,
  `LastEdited` datetime NOT NULL,
  `Type` varchar(255) COLLATE utf8mb3_unicode_ci NOT NULL,
  `SelectionPlanID` int DEFAULT NULL,
  PRIMARY KEY (`ID`),
  KEY `ClassName` (`ClassName`),
  KEY `SelectionPlanID` (`SelectionPlanID`),
  CONSTRAINT `FK_SelectionPlan_SelectionPlanAllowedPresentationQuestion` FOREIGN KEY (`SelectionPlanID`) REFERENCES `SelectionPlan` (`ID`) ON DELETE CASCADE
) ENGINE=InnoDB AUTO_INCREMENT=169 DEFAULT CHARSET=utf8mb3 COLLATE=utf8mb3_unicode_ci;
/*!40101 SET character_set_client = @saved_cs_client */;

--
-- Dumping data for table `SelectionPlanAllowedPresentationQuestion`
--

LOCK TABLES `SelectionPlanAllowedPresentationQuestion` WRITE;
/*!40000 ALTER TABLE `SelectionPlanAllowedPresentationQuestion` DISABLE KEYS */;
INSERT INTO `SelectionPlanAllowedPresentationQuestion` VALUES (25,'SelectionPlanAllowedPresentationQuestion','2024-06-21 04:33:45','2024-06-21 04:33:45','attendees_expected_learnt',5),(26,'SelectionPlanAllowedPresentationQuestion','2024-06-21 04:33:45','2024-06-21 04:33:45','attending_media',5),(27,'SelectionPlanAllowedPresentationQuestion','2024-06-21 04:33:45','2024-06-21 04:33:45','links',5),(28,'SelectionPlanAllowedPresentationQuestion','2024-06-21 04:33:45','2024-06-21 04:33:45','description',5),(29,'SelectionPlanAllowedPresentationQuestion','2024-06-21 04:33:45','2024-06-21 04:33:45','social_description',5),(30,'SelectionPlanAllowedPresentationQuestion','2024-06-21 04:33:45','2024-06-21 04:33:45','level',5),(31,'SelectionPlanAllowedPresentationQuestion','2024-06-21 04:33:45','2024-06-21 04:33:45','attendees_expected_learnt',6),(32,'SelectionPlanAllowedPresentationQuestion','2024-06-21 04:33:45','2024-06-21 04:33:45','attending_media',6),(33,'SelectionPlanAllowedPresentationQuestion','2024-06-21 04:33:45','2024-06-21 04:33:45','links',6),(34,'SelectionPlanAllowedPresentationQuestion','2024-06-21 04:33:45','2024-06-21 04:33:45','description',6),(35,'SelectionPlanAllowedPresentationQuestion','2024-06-21 04:33:45','2024-06-21 04:33:45','social_description',6),(36,'SelectionPlanAllowedPresentationQuestion','2024-06-21 04:33:45','2024-06-21 04:33:45','level',6),(37,'SelectionPlanAllowedPresentationQuestion','2024-06-21 04:38:05','2024-06-21 04:38:05','attendees_expected_learnt',7),(38,'SelectionPlanAllowedPresentationQuestion','2024-06-21 04:38:05','2024-06-21 04:38:05','attending_media',7),(39,'SelectionPlanAllowedPresentationQuestion','2024-06-21 04:38:05','2024-06-21 04:38:05','links',7),(40,'SelectionPlanAllowedPresentationQuestion','2024-06-21 04:38:05','2024-06-21 04:38:05','description',7),(41,'SelectionPlanAllowedPresentationQuestion','2024-06-21 04:38:05','2024-06-21 04:38:05','social_description',7),(42,'SelectionPlanAllowedPresentationQuestion','2024-06-21 04:38:05','2024-06-21 04:38:05','level',7),(43,'SelectionPlanAllowedPresentationQuestion','2024-06-21 04:38:05','2024-06-21 04:38:05','attendees_expected_learnt',8),(44,'SelectionPlanAllowedPresentationQuestion','2024-06-21 04:38:05','2024-06-21 04:38:05','attending_media',8),(45,'SelectionPlanAllowedPresentationQuestion','2024-06-21 04:38:05','2024-06-21 04:38:05','links',8),(46,'SelectionPlanAllowedPresentationQuestion','2024-06-21 04:38:05','2024-06-21 04:38:05','description',8),(47,'SelectionPlanAllowedPresentationQuestion','2024-06-21 04:38:05','2024-06-21 04:38:05','social_description',8),(48,'SelectionPlanAllowedPresentationQuestion','2024-06-21 04:38:05','2024-06-21 04:38:05','level',8),(49,'SelectionPlanAllowedPresentationQuestion','2024-06-21 04:38:33','2024-06-21 04:38:33','attendees_expected_learnt',9),(50,'SelectionPlanAllowedPresentationQuestion','2024-06-21 04:38:33','2024-06-21 04:38:33','attending_media',9),(51,'SelectionPlanAllowedPresentationQuestion','2024-06-21 04:38:33','2024-06-21 04:38:33','links',9),(52,'SelectionPlanAllowedPresentationQuestion','2024-06-21 04:38:33','2024-06-21 04:38:33','description',9),(53,'SelectionPlanAllowedPresentationQuestion','2024-06-21 04:38:33','2024-06-21 04:38:33','social_description',9),(54,'SelectionPlanAllowedPresentationQuestion','2024-06-21 04:38:33','2024-06-21 04:38:33','level',9),(55,'SelectionPlanAllowedPresentationQuestion','2024-06-21 04:38:33','2024-06-21 04:38:33','attendees_expected_learnt',10),(56,'SelectionPlanAllowedPresentationQuestion','2024-06-21 04:38:33','2024-06-21 04:38:33','attending_media',10),(57,'SelectionPlanAllowedPresentationQuestion','2024-06-21 04:38:33','2024-06-21 04:38:33','links',10),(58,'SelectionPlanAllowedPresentationQuestion','2024-06-21 04:38:33','2024-06-21 04:38:33','description',10),(59,'SelectionPlanAllowedPresentationQuestion','2024-06-21 04:38:33','2024-06-21 04:38:33','social_description',10),(60,'SelectionPlanAllowedPresentationQuestion','2024-06-21 04:38:33','2024-06-21 04:38:33','level',10),(61,'SelectionPlanAllowedPresentationQuestion','2024-06-21 04:39:40','2024-06-21 04:39:40','attendees_expected_learnt',11),(62,'SelectionPlanAllowedPresentationQuestion','2024-06-21 04:39:40','2024-06-21 04:39:40','attending_media',11),(63,'SelectionPlanAllowedPresentationQuestion','2024-06-21 04:39:40','2024-06-21 04:39:40','links',11),(64,'SelectionPlanAllowedPresentationQuestion','2024-06-21 04:39:40','2024-06-21 04:39:40','description',11),(65,'SelectionPlanAllowedPresentationQuestion','2024-06-21 04:39:40','2024-06-21 04:39:40','social_description',11),(66,'SelectionPlanAllowedPresentationQuestion','2024-06-21 04:39:40','2024-06-21 04:39:40','level',11),(67,'SelectionPlanAllowedPresentationQuestion','2024-06-21 04:39:40','2024-06-21 04:39:40','attendees_expected_learnt',12),(68,'SelectionPlanAllowedPresentationQuestion','2024-06-21 04:39:40','2024-06-21 04:39:40','attending_media',12),(69,'SelectionPlanAllowedPresentationQuestion','2024-06-21 04:39:40','2024-06-21 04:39:40','links',12),(70,'SelectionPlanAllowedPresentationQuestion','2024-06-21 04:39:40','2024-06-21 04:39:40','description',12),(71,'SelectionPlanAllowedPresentationQuestion','2024-06-21 04:39:40','2024-06-21 04:39:40','social_description',12),(72,'SelectionPlanAllowedPresentationQuestion','2024-06-21 04:39:40','2024-06-21 04:39:40','level',12),(73,'SelectionPlanAllowedPresentationQuestion','2024-06-21 04:40:06','2024-06-21 04:40:06','attendees_expected_learnt',13),(74,'SelectionPlanAllowedPresentationQuestion','2024-06-21 04:40:06','2024-06-21 04:40:06','attending_media',13),(75,'SelectionPlanAllowedPresentationQuestion','2024-06-21 04:40:06','2024-06-21 04:40:06','links',13),(76,'SelectionPlanAllowedPresentationQuestion','2024-06-21 04:40:06','2024-06-21 04:40:06','description',13),(77,'SelectionPlanAllowedPresentationQuestion','2024-06-21 04:40:06','2024-06-21 04:40:06','social_description',13),(78,'SelectionPlanAllowedPresentationQuestion','2024-06-21 04:40:06','2024-06-21 04:40:06','level',13),(79,'SelectionPlanAllowedPresentationQuestion','2024-06-21 04:40:06','2024-06-21 04:40:06','attendees_expected_learnt',14),(80,'SelectionPlanAllowedPresentationQuestion','2024-06-21 04:40:06','2024-06-21 04:40:06','attending_media',14),(81,'SelectionPlanAllowedPresentationQuestion','2024-06-21 04:40:06','2024-06-21 04:40:06','links',14),(82,'SelectionPlanAllowedPresentationQuestion','2024-06-21 04:40:06','2024-06-21 04:40:06','description',14),(83,'SelectionPlanAllowedPresentationQuestion','2024-06-21 04:40:06','2024-06-21 04:40:06','social_description',14),(84,'SelectionPlanAllowedPresentationQuestion','2024-06-21 04:40:06','2024-06-21 04:40:06','level',14),(85,'SelectionPlanAllowedPresentationQuestion','2024-06-21 11:13:56','2024-06-21 11:13:56','attendees_expected_learnt',15),(86,'SelectionPlanAllowedPresentationQuestion','2024-06-21 11:13:56','2024-06-21 11:13:56','attending_media',15),(87,'SelectionPlanAllowedPresentationQuestion','2024-06-21 11:13:56','2024-06-21 11:13:56','links',15),(88,'SelectionPlanAllowedPresentationQuestion','2024-06-21 11:13:56','2024-06-21 11:13:56','description',15),(89,'SelectionPlanAllowedPresentationQuestion','2024-06-21 11:13:56','2024-06-21 11:13:56','social_description',15),(90,'SelectionPlanAllowedPresentationQuestion','2024-06-21 11:13:56','2024-06-21 11:13:56','level',15),(91,'SelectionPlanAllowedPresentationQuestion','2024-06-21 11:13:56','2024-06-21 11:13:56','attendees_expected_learnt',16),(92,'SelectionPlanAllowedPresentationQuestion','2024-06-21 11:13:56','2024-06-21 11:13:56','attending_media',16),(93,'SelectionPlanAllowedPresentationQuestion','2024-06-21 11:13:56','2024-06-21 11:13:56','links',16),(94,'SelectionPlanAllowedPresentationQuestion','2024-06-21 11:13:56','2024-06-21 11:13:56','description',16),(95,'SelectionPlanAllowedPresentationQuestion','2024-06-21 11:13:56','2024-06-21 11:13:56','social_description',16),(96,'SelectionPlanAllowedPresentationQuestion','2024-06-21 11:13:56','2024-06-21 11:13:56','level',16),(97,'SelectionPlanAllowedPresentationQuestion','2024-06-21 11:15:03','2024-06-21 11:15:03','attendees_expected_learnt',17),(98,'SelectionPlanAllowedPresentationQuestion','2024-06-21 11:15:03','2024-06-21 11:15:03','attending_media',17),(99,'SelectionPlanAllowedPresentationQuestion','2024-06-21 11:15:03','2024-06-21 11:15:03','links',17),(100,'SelectionPlanAllowedPresentationQuestion','2024-06-21 11:15:03','2024-06-21 11:15:03','description',17),(101,'SelectionPlanAllowedPresentationQuestion','2024-06-21 11:15:03','2024-06-21 11:15:03','social_description',17),(102,'SelectionPlanAllowedPresentationQuestion','2024-06-21 11:15:03','2024-06-21 11:15:03','level',17),(103,'SelectionPlanAllowedPresentationQuestion','2024-06-21 11:15:03','2024-06-21 11:15:03','attendees_expected_learnt',18),(104,'SelectionPlanAllowedPresentationQuestion','2024-06-21 11:15:03','2024-06-21 11:15:03','attending_media',18),(105,'SelectionPlanAllowedPresentationQuestion','2024-06-21 11:15:03','2024-06-21 11:15:03','links',18),(106,'SelectionPlanAllowedPresentationQuestion','2024-06-21 11:15:03','2024-06-21 11:15:03','description',18),(107,'SelectionPlanAllowedPresentationQuestion','2024-06-21 11:15:03','2024-06-21 11:15:03','social_description',18),(108,'SelectionPlanAllowedPresentationQuestion','2024-06-21 11:15:03','2024-06-21 11:15:03','level',18),(109,'SelectionPlanAllowedPresentationQuestion','2024-06-21 11:15:17','2024-06-21 11:15:17','attendees_expected_learnt',19),(110,'SelectionPlanAllowedPresentationQuestion','2024-06-21 11:15:17','2024-06-21 11:15:17','attending_media',19),(111,'SelectionPlanAllowedPresentationQuestion','2024-06-21 11:15:17','2024-06-21 11:15:17','links',19),(112,'SelectionPlanAllowedPresentationQuestion','2024-06-21 11:15:17','2024-06-21 11:15:17','description',19),(113,'SelectionPlanAllowedPresentationQuestion','2024-06-21 11:15:17','2024-06-21 11:15:17','social_description',19),(114,'SelectionPlanAllowedPresentationQuestion','2024-06-21 11:15:17','2024-06-21 11:15:17','level',19),(115,'SelectionPlanAllowedPresentationQuestion','2024-06-21 11:15:17','2024-06-21 11:15:17','attendees_expected_learnt',20),(116,'SelectionPlanAllowedPresentationQuestion','2024-06-21 11:15:17','2024-06-21 11:15:17','attending_media',20),(117,'SelectionPlanAllowedPresentationQuestion','2024-06-21 11:15:17','2024-06-21 11:15:17','links',20),(118,'SelectionPlanAllowedPresentationQuestion','2024-06-21 11:15:17','2024-06-21 11:15:17','description',20),(119,'SelectionPlanAllowedPresentationQuestion','2024-06-21 11:15:17','2024-06-21 11:15:17','social_description',20),(120,'SelectionPlanAllowedPresentationQuestion','2024-06-21 11:15:17','2024-06-21 11:15:17','level',20),(121,'SelectionPlanAllowedPresentationQuestion','2024-06-21 11:17:03','2024-06-21 11:17:03','attendees_expected_learnt',21),(122,'SelectionPlanAllowedPresentationQuestion','2024-06-21 11:17:03','2024-06-21 11:17:03','attending_media',21),(123,'SelectionPlanAllowedPresentationQuestion','2024-06-21 11:17:03','2024-06-21 11:17:03','links',21),(124,'SelectionPlanAllowedPresentationQuestion','2024-06-21 11:17:03','2024-06-21 11:17:03','description',21),(125,'SelectionPlanAllowedPresentationQuestion','2024-06-21 11:17:03','2024-06-21 11:17:03','social_description',21),(126,'SelectionPlanAllowedPresentationQuestion','2024-06-21 11:17:03','2024-06-21 11:17:03','level',21),(127,'SelectionPlanAllowedPresentationQuestion','2024-06-21 11:17:03','2024-06-21 11:17:03','attendees_expected_learnt',22),(128,'SelectionPlanAllowedPresentationQuestion','2024-06-21 11:17:03','2024-06-21 11:17:03','attending_media',22),(129,'SelectionPlanAllowedPresentationQuestion','2024-06-21 11:17:03','2024-06-21 11:17:03','links',22),(130,'SelectionPlanAllowedPresentationQuestion','2024-06-21 11:17:03','2024-06-21 11:17:03','description',22),(131,'SelectionPlanAllowedPresentationQuestion','2024-06-21 11:17:03','2024-06-21 11:17:03','social_description',22),(132,'SelectionPlanAllowedPresentationQuestion','2024-06-21 11:17:03','2024-06-21 11:17:03','level',22),(133,'SelectionPlanAllowedPresentationQuestion','2024-06-21 11:18:32','2024-06-21 11:18:32','attendees_expected_learnt',23),(134,'SelectionPlanAllowedPresentationQuestion','2024-06-21 11:18:32','2024-06-21 11:18:32','attending_media',23),(135,'SelectionPlanAllowedPresentationQuestion','2024-06-21 11:18:32','2024-06-21 11:18:32','links',23),(136,'SelectionPlanAllowedPresentationQuestion','2024-06-21 11:18:32','2024-06-21 11:18:32','description',23),(137,'SelectionPlanAllowedPresentationQuestion','2024-06-21 11:18:32','2024-06-21 11:18:32','social_description',23),(138,'SelectionPlanAllowedPresentationQuestion','2024-06-21 11:18:32','2024-06-21 11:18:32','level',23),(139,'SelectionPlanAllowedPresentationQuestion','2024-06-21 11:18:32','2024-06-21 11:18:32','attendees_expected_learnt',24),(140,'SelectionPlanAllowedPresentationQuestion','2024-06-21 11:18:32','2024-06-21 11:18:32','attending_media',24),(141,'SelectionPlanAllowedPresentationQuestion','2024-06-21 11:18:32','2024-06-21 11:18:32','links',24),(142,'SelectionPlanAllowedPresentationQuestion','2024-06-21 11:18:32','2024-06-21 11:18:32','description',24),(143,'SelectionPlanAllowedPresentationQuestion','2024-06-21 11:18:32','2024-06-21 11:18:32','social_description',24),(144,'SelectionPlanAllowedPresentationQuestion','2024-06-21 11:18:32','2024-06-21 11:18:32','level',24),(145,'SelectionPlanAllowedPresentationQuestion','2024-06-21 11:33:07','2024-06-21 11:33:07','attendees_expected_learnt',25),(146,'SelectionPlanAllowedPresentationQuestion','2024-06-21 11:33:07','2024-06-21 11:33:07','attending_media',25),(147,'SelectionPlanAllowedPresentationQuestion','2024-06-21 11:33:07','2024-06-21 11:33:07','links',25),(148,'SelectionPlanAllowedPresentationQuestion','2024-06-21 11:33:07','2024-06-21 11:33:07','description',25),(149,'SelectionPlanAllowedPresentationQuestion','2024-06-21 11:33:07','2024-06-21 11:33:07','social_description',25),(150,'SelectionPlanAllowedPresentationQuestion','2024-06-21 11:33:07','2024-06-21 11:33:07','level',25),(151,'SelectionPlanAllowedPresentationQuestion','2024-06-21 11:33:07','2024-06-21 11:33:07','attendees_expected_learnt',26),(152,'SelectionPlanAllowedPresentationQuestion','2024-06-21 11:33:07','2024-06-21 11:33:07','attending_media',26),(153,'SelectionPlanAllowedPresentationQuestion','2024-06-21 11:33:07','2024-06-21 11:33:07','links',26),(154,'SelectionPlanAllowedPresentationQuestion','2024-06-21 11:33:07','2024-06-21 11:33:07','description',26),(155,'SelectionPlanAllowedPresentationQuestion','2024-06-21 11:33:07','2024-06-21 11:33:07','social_description',26),(156,'SelectionPlanAllowedPresentationQuestion','2024-06-21 11:33:07','2024-06-21 11:33:07','level',26),(157,'SelectionPlanAllowedPresentationQuestion','2024-06-21 11:34:09','2024-06-21 11:34:09','attendees_expected_learnt',27),(158,'SelectionPlanAllowedPresentationQuestion','2024-06-21 11:34:09','2024-06-21 11:34:09','attending_media',27),(159,'SelectionPlanAllowedPresentationQuestion','2024-06-21 11:34:09','2024-06-21 11:34:09','links',27),(160,'SelectionPlanAllowedPresentationQuestion','2024-06-21 11:34:09','2024-06-21 11:34:09','description',27),(161,'SelectionPlanAllowedPresentationQuestion','2024-06-21 11:34:09','2024-06-21 11:34:09','social_description',27),(162,'SelectionPlanAllowedPresentationQuestion','2024-06-21 11:34:09','2024-06-21 11:34:09','level',27),(163,'SelectionPlanAllowedPresentationQuestion','2024-06-21 11:34:09','2024-06-21 11:34:09','attendees_expected_learnt',28),(164,'SelectionPlanAllowedPresentationQuestion','2024-06-21 11:34:09','2024-06-21 11:34:09','attending_media',28),(165,'SelectionPlanAllowedPresentationQuestion','2024-06-21 11:34:09','2024-06-21 11:34:09','links',28),(166,'SelectionPlanAllowedPresentationQuestion','2024-06-21 11:34:09','2024-06-21 11:34:09','description',28),(167,'SelectionPlanAllowedPresentationQuestion','2024-06-21 11:34:09','2024-06-21 11:34:09','social_description',28),(168,'SelectionPlanAllowedPresentationQuestion','2024-06-21 11:34:09','2024-06-21 11:34:09','level',28);
/*!40000 ALTER TABLE `SelectionPlanAllowedPresentationQuestion` ENABLE KEYS */;
UNLOCK TABLES;

--
-- Table structure for table `SelectionPlan_AllowedMembers`
--

DROP TABLE IF EXISTS `SelectionPlan_AllowedMembers`;
/*!40101 SET @saved_cs_client     = @@character_set_client */;
/*!50503 SET character_set_client = utf8mb4 */;
CREATE TABLE `SelectionPlan_AllowedMembers` (
  `ID` int NOT NULL AUTO_INCREMENT,
  `SelectionPlanID` int DEFAULT NULL,
  `MemberID` int DEFAULT NULL,
  `Email` varchar(255) COLLATE utf8mb3_unicode_ci DEFAULT NULL,
  PRIMARY KEY (`ID`),
  UNIQUE KEY `IDX_UNIQUE_SelectionPlan_AllowedMembers` (`Email`,`SelectionPlanID`),
  KEY `SelectionPlanID` (`SelectionPlanID`),
  KEY `SelectionPlan_AllowedMembers_Email` (`Email`),
  CONSTRAINT `FK_SelectionPlan_AllowedMembers_SP` FOREIGN KEY (`SelectionPlanID`) REFERENCES `SelectionPlan` (`ID`) ON DELETE CASCADE
) ENGINE=InnoDB DEFAULT CHARSET=utf8mb3 COLLATE=utf8mb3_unicode_ci;
/*!40101 SET character_set_client = @saved_cs_client */;

--
-- Dumping data for table `SelectionPlan_AllowedMembers`
--

LOCK TABLES `SelectionPlan_AllowedMembers` WRITE;
/*!40000 ALTER TABLE `SelectionPlan_AllowedMembers` DISABLE KEYS */;
/*!40000 ALTER TABLE `SelectionPlan_AllowedMembers` ENABLE KEYS */;
UNLOCK TABLES;

--
-- Table structure for table `SelectionPlan_CategoryGroups`
--

DROP TABLE IF EXISTS `SelectionPlan_CategoryGroups`;
/*!40101 SET @saved_cs_client     = @@character_set_client */;
/*!50503 SET character_set_client = utf8mb4 */;
CREATE TABLE `SelectionPlan_CategoryGroups` (
  `ID` int NOT NULL AUTO_INCREMENT,
  `SelectionPlanID` int NOT NULL DEFAULT '0',
  `PresentationCategoryGroupID` int NOT NULL DEFAULT '0',
  PRIMARY KEY (`ID`),
  KEY `PresentationCategoryGroupID` (`PresentationCategoryGroupID`),
  KEY `SelectionPlanID` (`SelectionPlanID`)
) ENGINE=InnoDB AUTO_INCREMENT=25 DEFAULT CHARSET=latin1;
/*!40101 SET character_set_client = @saved_cs_client */;

--
-- Dumping data for table `SelectionPlan_CategoryGroups`
--

LOCK TABLES `SelectionPlan_CategoryGroups` WRITE;
/*!40000 ALTER TABLE `SelectionPlan_CategoryGroups` DISABLE KEYS */;
INSERT INTO `SelectionPlan_CategoryGroups` VALUES (1,5,3),(2,6,3),(3,7,4),(4,8,4),(5,9,5),(6,10,5),(7,11,6),(8,12,6),(9,13,7),(10,14,7),(11,15,8),(12,16,8),(13,17,9),(14,18,9),(15,19,10),(16,20,10),(17,21,11),(18,22,11),(19,23,12),(20,24,12),(21,25,13),(22,26,13),(23,27,14),(24,28,14);
/*!40000 ALTER TABLE `SelectionPlan_CategoryGroups` ENABLE KEYS */;
UNLOCK TABLES;

--
-- Table structure for table `SelectionPlan_SummitEventTypes`
--

DROP TABLE IF EXISTS `SelectionPlan_SummitEventTypes`;
/*!40101 SET @saved_cs_client     = @@character_set_client */;
/*!50503 SET character_set_client = utf8mb4 */;
CREATE TABLE `SelectionPlan_SummitEventTypes` (
  `ID` int NOT NULL AUTO_INCREMENT,
  `SelectionPlanID` int NOT NULL,
  `SummitEventTypeID` int NOT NULL,
  PRIMARY KEY (`ID`),
  UNIQUE KEY `UNIQ_3D40A743B172E6ECDF6E48FA` (`SelectionPlanID`,`SummitEventTypeID`),
  KEY `SelectionPlanID` (`SelectionPlanID`),
  KEY `SummitEventTypeID` (`SummitEventTypeID`),
  CONSTRAINT `FK_3D40A743B172E6EC` FOREIGN KEY (`SelectionPlanID`) REFERENCES `SelectionPlan` (`ID`) ON DELETE CASCADE,
  CONSTRAINT `FK_3D40A743DF6E48FA` FOREIGN KEY (`SummitEventTypeID`) REFERENCES `SummitEventType` (`ID`) ON DELETE CASCADE
) ENGINE=InnoDB DEFAULT CHARSET=utf8mb3 COLLATE=utf8mb3_unicode_ci;
/*!40101 SET character_set_client = @saved_cs_client */;

--
-- Dumping data for table `SelectionPlan_SummitEventTypes`
--

LOCK TABLES `SelectionPlan_SummitEventTypes` WRITE;
/*!40000 ALTER TABLE `SelectionPlan_SummitEventTypes` DISABLE KEYS */;
/*!40000 ALTER TABLE `SelectionPlan_SummitEventTypes` ENABLE KEYS */;
UNLOCK TABLES;

--
-- Table structure for table `SentEmail`
--

DROP TABLE IF EXISTS `SentEmail`;
/*!40101 SET @saved_cs_client     = @@character_set_client */;
/*!50503 SET character_set_client = utf8mb4 */;
CREATE TABLE `SentEmail` (
  `ID` int NOT NULL AUTO_INCREMENT,
  `ClassName` enum('SentEmail') CHARACTER SET utf8mb3 COLLATE utf8mb3_general_ci DEFAULT 'SentEmail',
  `LastEdited` datetime DEFAULT NULL,
  `Created` datetime DEFAULT NULL,
  `To` varchar(50) CHARACTER SET utf8mb3 COLLATE utf8mb3_general_ci DEFAULT NULL,
  `From` varchar(50) CHARACTER SET utf8mb3 COLLATE utf8mb3_general_ci DEFAULT NULL,
  `Subject` varchar(50) CHARACTER SET utf8mb3 COLLATE utf8mb3_general_ci DEFAULT NULL,
  `Body` mediumtext CHARACTER SET utf8mb3 COLLATE utf8mb3_general_ci,
  `CC` mediumtext CHARACTER SET utf8mb3 COLLATE utf8mb3_general_ci,
  `BCC` mediumtext CHARACTER SET utf8mb3 COLLATE utf8mb3_general_ci,
  `SerializedEmail` mediumtext CHARACTER SET utf8mb3 COLLATE utf8mb3_general_ci,
  PRIMARY KEY (`ID`),
  KEY `ClassName` (`ClassName`),
  KEY `Created` (`Created`)
) ENGINE=InnoDB DEFAULT CHARSET=latin1;
/*!40101 SET character_set_client = @saved_cs_client */;

--
-- Dumping data for table `SentEmail`
--

LOCK TABLES `SentEmail` WRITE;
/*!40000 ALTER TABLE `SentEmail` DISABLE KEYS */;
/*!40000 ALTER TABLE `SentEmail` ENABLE KEYS */;
UNLOCK TABLES;

--
-- Table structure for table `SentEmailSendGrid`
--

DROP TABLE IF EXISTS `SentEmailSendGrid`;
/*!40101 SET @saved_cs_client     = @@character_set_client */;
/*!50503 SET character_set_client = utf8mb4 */;
CREATE TABLE `SentEmailSendGrid` (
  `ID` int NOT NULL AUTO_INCREMENT,
  `ClassName` enum('SentEmailSendGrid') CHARACTER SET utf8mb3 COLLATE utf8mb3_general_ci DEFAULT 'SentEmailSendGrid',
  `LastEdited` datetime DEFAULT NULL,
  `Created` datetime DEFAULT NULL,
  `To` varchar(255) CHARACTER SET utf8mb3 COLLATE utf8mb3_general_ci DEFAULT NULL,
  `From` varchar(255) CHARACTER SET utf8mb3 COLLATE utf8mb3_general_ci DEFAULT NULL,
  `Subject` varchar(255) CHARACTER SET utf8mb3 COLLATE utf8mb3_general_ci DEFAULT NULL,
  `Body` mediumtext CHARACTER SET utf8mb3 COLLATE utf8mb3_general_ci,
  `CC` mediumtext CHARACTER SET utf8mb3 COLLATE utf8mb3_general_ci,
  `BCC` mediumtext CHARACTER SET utf8mb3 COLLATE utf8mb3_general_ci,
  `IsSent` tinyint unsigned NOT NULL DEFAULT '0',
  `IsPlain` tinyint unsigned NOT NULL DEFAULT '0',
  `SentDate` datetime DEFAULT NULL,
  `Attachments` mediumtext CHARACTER SET utf8mb3 COLLATE utf8mb3_general_ci,
  `CustomHeaders` mediumtext CHARACTER SET utf8mb3 COLLATE utf8mb3_general_ci,
  PRIMARY KEY (`ID`),
  KEY `ClassName` (`ClassName`)
) ENGINE=InnoDB DEFAULT CHARSET=latin1;
/*!40101 SET character_set_client = @saved_cs_client */;

--
-- Dumping data for table `SentEmailSendGrid`
--

LOCK TABLES `SentEmailSendGrid` WRITE;
/*!40000 ALTER TABLE `SentEmailSendGrid` DISABLE KEYS */;
/*!40000 ALTER TABLE `SentEmailSendGrid` ENABLE KEYS */;
UNLOCK TABLES;

--
-- Table structure for table `SiteBannerConfigurationSetting`
--

DROP TABLE IF EXISTS `SiteBannerConfigurationSetting`;
/*!40101 SET @saved_cs_client     = @@character_set_client */;
/*!50503 SET character_set_client = utf8mb4 */;
CREATE TABLE `SiteBannerConfigurationSetting` (
  `ID` int NOT NULL AUTO_INCREMENT,
  `ClassName` enum('SiteBannerConfigurationSetting') CHARACTER SET utf8mb3 COLLATE utf8mb3_general_ci DEFAULT 'SiteBannerConfigurationSetting',
  `LastEdited` datetime DEFAULT NULL,
  `Created` datetime DEFAULT NULL,
  `SiteBannerMessage` mediumtext CHARACTER SET utf8mb3 COLLATE utf8mb3_general_ci,
  `SiteBannerButtonText` mediumtext CHARACTER SET utf8mb3 COLLATE utf8mb3_general_ci,
  `SiteBannerButtonLink` mediumtext CHARACTER SET utf8mb3 COLLATE utf8mb3_general_ci,
  `SiteBannerRank` int NOT NULL DEFAULT '0',
  `Language` enum('English','Spanish','Italian','German','Portuguese','Chinese','Japanese','French') CHARACTER SET utf8mb3 COLLATE utf8mb3_general_ci DEFAULT 'English',
  `SiteConfigID` int DEFAULT NULL,
  PRIMARY KEY (`ID`),
  KEY `ClassName` (`ClassName`),
  KEY `SiteConfigID` (`SiteConfigID`)
) ENGINE=InnoDB DEFAULT CHARSET=latin1;
/*!40101 SET character_set_client = @saved_cs_client */;

--
-- Dumping data for table `SiteBannerConfigurationSetting`
--

LOCK TABLES `SiteBannerConfigurationSetting` WRITE;
/*!40000 ALTER TABLE `SiteBannerConfigurationSetting` DISABLE KEYS */;
/*!40000 ALTER TABLE `SiteBannerConfigurationSetting` ENABLE KEYS */;
UNLOCK TABLES;

--
-- Table structure for table `SiteConfig`
--

DROP TABLE IF EXISTS `SiteConfig`;
/*!40101 SET @saved_cs_client     = @@character_set_client */;
/*!50503 SET character_set_client = utf8mb4 */;
CREATE TABLE `SiteConfig` (
  `ID` int NOT NULL AUTO_INCREMENT,
  `ClassName` enum('SiteConfig') CHARACTER SET utf8mb3 COLLATE utf8mb3_general_ci DEFAULT 'SiteConfig',
  `LastEdited` datetime DEFAULT NULL,
  `Created` datetime DEFAULT NULL,
  `Title` varchar(255) CHARACTER SET utf8mb3 COLLATE utf8mb3_general_ci DEFAULT NULL,
  `Tagline` varchar(255) CHARACTER SET utf8mb3 COLLATE utf8mb3_general_ci DEFAULT NULL,
  `Theme` varchar(255) CHARACTER SET utf8mb3 COLLATE utf8mb3_general_ci DEFAULT NULL,
  `CanViewType` enum('Anyone','LoggedInUsers','OnlyTheseUsers') CHARACTER SET utf8mb3 COLLATE utf8mb3_general_ci DEFAULT 'Anyone',
  `CanEditType` enum('LoggedInUsers','OnlyTheseUsers') CHARACTER SET utf8mb3 COLLATE utf8mb3_general_ci DEFAULT 'LoggedInUsers',
  `CanCreateTopLevelType` enum('LoggedInUsers','OnlyTheseUsers') CHARACTER SET utf8mb3 COLLATE utf8mb3_general_ci DEFAULT 'LoggedInUsers',
  `DisplaySiteBanner` tinyint unsigned NOT NULL DEFAULT '0',
  `RegistrationSendMail` tinyint unsigned NOT NULL DEFAULT '0',
  `RegistrationFromMessage` mediumtext CHARACTER SET utf8mb3 COLLATE utf8mb3_general_ci,
  `RegistrationSubjectMessage` mediumtext CHARACTER SET utf8mb3 COLLATE utf8mb3_general_ci,
  `RegistrationHTMLMessage` mediumtext CHARACTER SET utf8mb3 COLLATE utf8mb3_general_ci,
  `RegistrationPlainTextMessage` mediumtext CHARACTER SET utf8mb3 COLLATE utf8mb3_general_ci,
  `OGApplicationID` varchar(255) CHARACTER SET utf8mb3 COLLATE utf8mb3_general_ci DEFAULT NULL,
  `OGAdminID` varchar(255) CHARACTER SET utf8mb3 COLLATE utf8mb3_general_ci DEFAULT NULL,
  PRIMARY KEY (`ID`),
  KEY `ClassName` (`ClassName`)
) ENGINE=InnoDB DEFAULT CHARSET=latin1;
/*!40101 SET character_set_client = @saved_cs_client */;

--
-- Dumping data for table `SiteConfig`
--

LOCK TABLES `SiteConfig` WRITE;
/*!40000 ALTER TABLE `SiteConfig` DISABLE KEYS */;
/*!40000 ALTER TABLE `SiteConfig` ENABLE KEYS */;
UNLOCK TABLES;

--
-- Table structure for table `SiteConfig_CreateTopLevelGroups`
--

DROP TABLE IF EXISTS `SiteConfig_CreateTopLevelGroups`;
/*!40101 SET @saved_cs_client     = @@character_set_client */;
/*!50503 SET character_set_client = utf8mb4 */;
CREATE TABLE `SiteConfig_CreateTopLevelGroups` (
  `ID` int NOT NULL AUTO_INCREMENT,
  `SiteConfigID` int NOT NULL DEFAULT '0',
  `GroupID` int NOT NULL DEFAULT '0',
  PRIMARY KEY (`ID`),
  KEY `GroupID` (`GroupID`),
  KEY `SiteConfigID` (`SiteConfigID`)
) ENGINE=InnoDB DEFAULT CHARSET=latin1;
/*!40101 SET character_set_client = @saved_cs_client */;

--
-- Dumping data for table `SiteConfig_CreateTopLevelGroups`
--

LOCK TABLES `SiteConfig_CreateTopLevelGroups` WRITE;
/*!40000 ALTER TABLE `SiteConfig_CreateTopLevelGroups` DISABLE KEYS */;
/*!40000 ALTER TABLE `SiteConfig_CreateTopLevelGroups` ENABLE KEYS */;
UNLOCK TABLES;

--
-- Table structure for table `SiteConfig_EditorGroups`
--

DROP TABLE IF EXISTS `SiteConfig_EditorGroups`;
/*!40101 SET @saved_cs_client     = @@character_set_client */;
/*!50503 SET character_set_client = utf8mb4 */;
CREATE TABLE `SiteConfig_EditorGroups` (
  `ID` int NOT NULL AUTO_INCREMENT,
  `SiteConfigID` int NOT NULL DEFAULT '0',
  `GroupID` int NOT NULL DEFAULT '0',
  PRIMARY KEY (`ID`),
  KEY `GroupID` (`GroupID`),
  KEY `SiteConfigID` (`SiteConfigID`)
) ENGINE=InnoDB DEFAULT CHARSET=latin1;
/*!40101 SET character_set_client = @saved_cs_client */;

--
-- Dumping data for table `SiteConfig_EditorGroups`
--

LOCK TABLES `SiteConfig_EditorGroups` WRITE;
/*!40000 ALTER TABLE `SiteConfig_EditorGroups` DISABLE KEYS */;
/*!40000 ALTER TABLE `SiteConfig_EditorGroups` ENABLE KEYS */;
UNLOCK TABLES;

--
-- Table structure for table `SiteConfig_ViewerGroups`
--

DROP TABLE IF EXISTS `SiteConfig_ViewerGroups`;
/*!40101 SET @saved_cs_client     = @@character_set_client */;
/*!50503 SET character_set_client = utf8mb4 */;
CREATE TABLE `SiteConfig_ViewerGroups` (
  `ID` int NOT NULL AUTO_INCREMENT,
  `SiteConfigID` int NOT NULL DEFAULT '0',
  `GroupID` int NOT NULL DEFAULT '0',
  PRIMARY KEY (`ID`),
  KEY `GroupID` (`GroupID`),
  KEY `SiteConfigID` (`SiteConfigID`)
) ENGINE=InnoDB DEFAULT CHARSET=latin1;
/*!40101 SET character_set_client = @saved_cs_client */;

--
-- Dumping data for table `SiteConfig_ViewerGroups`
--

LOCK TABLES `SiteConfig_ViewerGroups` WRITE;
/*!40000 ALTER TABLE `SiteConfig_ViewerGroups` DISABLE KEYS */;
/*!40000 ALTER TABLE `SiteConfig_ViewerGroups` ENABLE KEYS */;
UNLOCK TABLES;

--
-- Table structure for table `SiteTree`
--

DROP TABLE IF EXISTS `SiteTree`;
/*!40101 SET @saved_cs_client     = @@character_set_client */;
/*!50503 SET character_set_client = utf8mb4 */;
CREATE TABLE `SiteTree` (
  `ID` int NOT NULL AUTO_INCREMENT,
  `ClassName` enum('SiteTree','Page','AnniversaryPage','ArticleHolder','ArticlePage','BioPage','BoardOfDirectorsPage','BrandingPage','CoaPage','CommPage','CommunityPageBis','CommunityPage','CompaniesPage','CompanyListPage','ConferenceLivePage','ConferenceNewsPage','ConferencePage','ConferenceSubPage','DirectAfterLoginPage','HallOfInnovation','HomePage','InteropPage','IVotedPage','LandingPageCn','LandingPage','LegalDocumentPage','LegalDocumentsHolder','LogoDownloadPage','LogoGuidelinesPage','LogoRightsPage','NewCompanyListPage','OneColumn','OpenStackFoundationStaffPage','OpenstackUser','OSLogoProgramPage','PdfPage','PresentationCategoryPage','PrimaryLogoPage','PrivacyPage','ProductPage','PTGDynamic','PTGfaq','PTG','RestrictedDownloadPage','SponsorsPage','StartPageHolder','StartPage','swagStore','TechnicalCommitteePage','UserCommitteePage','WebBadgeDownloadPage','SangriaPage','TrackChairsPage','SummitVideoApp','PresentationVotingPage','ErrorPage','RedirectorPage','VirtualPage','COALandingPage','COAVerifyPage','EventHolder','HackathonsPage','OpenStackDaysPage','SigninPage','AboutMascots','AnalystLanding','AppDevHomePage','AutomotiveLandingPage','BareMetalPage','ContainersPage2','ContainersPage','EdgeComputingPage','EnterpriseBigDataPage','EnterpriseForrester','EnterpriseHomePage','EnterpriseLegacyPage','EnterpriseWorkloadPage','ISVHomePage','LearnPage','SciencePage','SecurityPage','TelecomHomePage','MarketingPage','EditProfilePage','RegistrationPage','SpeakerVotingRegistrationPage','SoftwareHomePage','SoftwareSubPage','SpeakerListPage','EmailUtilsPage','GeneralEventsLandingPage','GeneralSummitLandingPage','PresentationVideoPage','SchedToolsPage','SummitPage','EventContextPage','NewSchedulePage','OpenDevStaticVancouverPage','PresentationPage','StaticSummitAboutPage','SummitAboutPage','SummitAppReviewPage','SummitAppSchedPage','SummitAppVenuesPage','OpenDevStaticVancouverAppVenuesPage','SummitBostonLanding','SummitCategoriesPage','OpenDevStaticVancouverCategoriesPage','SummitConfirmSpeakerPage','SummitContextPage','SummitFutureLanding','EventsFutureLandingPage','SummitHighlightsPage','SummitHomePage','SummitLocationPage','OpenDevStaticVancouverLocationPage','SummitNewStaticAboutPage','SummitOverviewPage','SummitQuestionsPage','OpenDevStaticVancouverQuestionsPage','SummitSpeakersPage','SummitSpeakerVotingPage','SummitSponsorPage','OpenDevStaticVancouverSponsorPage','SummitStaticAboutBerlinPage','SummitStaticAboutBostonPage','SummitStaticAboutPage','SummitStaticAcademyPage','SummitStaticAustinGuidePage','SummitStaticBarcelonaGuidePage','SummitStaticBostonCityGuide','SummitStaticCategoriesPage','SummitStaticDenverPage','SummitStaticDiversityPage','SummitStaticOpenSourceDays','SummitStaticShangaiPage','SummitStaticSponsorPage','SummitUpdatesPage','SummitSimplePage','UserStoriesPage','UserStoriesStatic','ElectionPage','ElectionsHolderPage','ElectionVoterPage','EventRegistrationRequestPage','JobHolder','JobRegistrationRequestPage','MarketPlaceAdminPage','MarketPlacePage','MarketPlaceDirectoryPage','BooksDirectoryPage','ConsultantsDirectoryPage','DistributionsDirectoryPage','MarketPlaceDriverPage','PrivateCloudsDirectoryPage','PublicCloudsDirectoryPage','RemoteCloudsDirectoryPage','TrainingDirectoryPage','MarketPlaceLandingPage','PublicCloudPassportsPage','MemberListPage','PaperViewerPage','SurveyPage','UserSurveyPage','SurveyReportPage') CHARACTER SET utf8mb3 COLLATE utf8mb3_general_ci DEFAULT 'SiteTree',
  `LastEdited` datetime DEFAULT NULL,
  `Created` datetime DEFAULT NULL,
  `URLSegment` varchar(255) CHARACTER SET utf8mb3 COLLATE utf8mb3_general_ci DEFAULT NULL,
  `Title` varchar(255) CHARACTER SET utf8mb3 COLLATE utf8mb3_general_ci DEFAULT NULL,
  `MenuTitle` varchar(100) CHARACTER SET utf8mb3 COLLATE utf8mb3_general_ci DEFAULT NULL,
  `Content` mediumtext CHARACTER SET utf8mb3 COLLATE utf8mb3_general_ci,
  `MetaDescription` mediumtext CHARACTER SET utf8mb3 COLLATE utf8mb3_general_ci,
  `ExtraMeta` mediumtext CHARACTER SET utf8mb3 COLLATE utf8mb3_general_ci,
  `ShowInMenus` tinyint unsigned NOT NULL DEFAULT '0',
  `ShowInSearch` tinyint unsigned NOT NULL DEFAULT '0',
  `Sort` int NOT NULL DEFAULT '0',
  `HasBrokenFile` tinyint unsigned NOT NULL DEFAULT '0',
  `HasBrokenLink` tinyint unsigned NOT NULL DEFAULT '0',
  `ReportClass` varchar(50) CHARACTER SET utf8mb3 COLLATE utf8mb3_general_ci DEFAULT NULL,
  `CanViewType` enum('Anyone','LoggedInUsers','OnlyTheseUsers','Inherit') CHARACTER SET utf8mb3 COLLATE utf8mb3_general_ci DEFAULT 'Inherit',
  `CanEditType` enum('LoggedInUsers','OnlyTheseUsers','Inherit') CHARACTER SET utf8mb3 COLLATE utf8mb3_general_ci DEFAULT 'Inherit',
  `Priority` varchar(5) CHARACTER SET utf8mb3 COLLATE utf8mb3_general_ci DEFAULT NULL,
  `Version` int NOT NULL DEFAULT '0',
  `ParentID` int DEFAULT NULL,
  PRIMARY KEY (`ID`),
  KEY `ClassName` (`ClassName`),
  KEY `ParentID` (`ParentID`),
  KEY `Sort` (`Sort`),
  KEY `URLSegment` (`URLSegment`)
) ENGINE=InnoDB DEFAULT CHARSET=latin1;
/*!40101 SET character_set_client = @saved_cs_client */;

--
-- Dumping data for table `SiteTree`
--

LOCK TABLES `SiteTree` WRITE;
/*!40000 ALTER TABLE `SiteTree` DISABLE KEYS */;
/*!40000 ALTER TABLE `SiteTree` ENABLE KEYS */;
UNLOCK TABLES;

--
-- Table structure for table `SiteTree_EditorGroups`
--

DROP TABLE IF EXISTS `SiteTree_EditorGroups`;
/*!40101 SET @saved_cs_client     = @@character_set_client */;
/*!50503 SET character_set_client = utf8mb4 */;
CREATE TABLE `SiteTree_EditorGroups` (
  `ID` int NOT NULL AUTO_INCREMENT,
  `SiteTreeID` int NOT NULL DEFAULT '0',
  `GroupID` int NOT NULL DEFAULT '0',
  PRIMARY KEY (`ID`),
  KEY `GroupID` (`GroupID`),
  KEY `SiteTreeID` (`SiteTreeID`)
) ENGINE=InnoDB DEFAULT CHARSET=latin1;
/*!40101 SET character_set_client = @saved_cs_client */;

--
-- Dumping data for table `SiteTree_EditorGroups`
--

LOCK TABLES `SiteTree_EditorGroups` WRITE;
/*!40000 ALTER TABLE `SiteTree_EditorGroups` DISABLE KEYS */;
/*!40000 ALTER TABLE `SiteTree_EditorGroups` ENABLE KEYS */;
UNLOCK TABLES;

--
-- Table structure for table `SiteTree_ImageTracking`
--

DROP TABLE IF EXISTS `SiteTree_ImageTracking`;
/*!40101 SET @saved_cs_client     = @@character_set_client */;
/*!50503 SET character_set_client = utf8mb4 */;
CREATE TABLE `SiteTree_ImageTracking` (
  `ID` int NOT NULL AUTO_INCREMENT,
  `SiteTreeID` int NOT NULL DEFAULT '0',
  `FileID` int NOT NULL DEFAULT '0',
  `FieldName` varchar(50) CHARACTER SET utf8mb3 COLLATE utf8mb3_general_ci DEFAULT NULL,
  PRIMARY KEY (`ID`),
  KEY `FileID` (`FileID`),
  KEY `SiteTreeID` (`SiteTreeID`)
) ENGINE=InnoDB DEFAULT CHARSET=latin1;
/*!40101 SET character_set_client = @saved_cs_client */;

--
-- Dumping data for table `SiteTree_ImageTracking`
--

LOCK TABLES `SiteTree_ImageTracking` WRITE;
/*!40000 ALTER TABLE `SiteTree_ImageTracking` DISABLE KEYS */;
/*!40000 ALTER TABLE `SiteTree_ImageTracking` ENABLE KEYS */;
UNLOCK TABLES;

--
-- Table structure for table `SiteTree_LinkTracking`
--

DROP TABLE IF EXISTS `SiteTree_LinkTracking`;
/*!40101 SET @saved_cs_client     = @@character_set_client */;
/*!50503 SET character_set_client = utf8mb4 */;
CREATE TABLE `SiteTree_LinkTracking` (
  `ID` int NOT NULL AUTO_INCREMENT,
  `SiteTreeID` int NOT NULL DEFAULT '0',
  `ChildID` int NOT NULL DEFAULT '0',
  `FieldName` varchar(50) CHARACTER SET utf8mb3 COLLATE utf8mb3_general_ci DEFAULT NULL,
  PRIMARY KEY (`ID`),
  KEY `ChildID` (`ChildID`),
  KEY `SiteTreeID` (`SiteTreeID`)
) ENGINE=InnoDB DEFAULT CHARSET=latin1;
/*!40101 SET character_set_client = @saved_cs_client */;

--
-- Dumping data for table `SiteTree_LinkTracking`
--

LOCK TABLES `SiteTree_LinkTracking` WRITE;
/*!40000 ALTER TABLE `SiteTree_LinkTracking` DISABLE KEYS */;
/*!40000 ALTER TABLE `SiteTree_LinkTracking` ENABLE KEYS */;
UNLOCK TABLES;

--
-- Table structure for table `SiteTree_Live`
--

DROP TABLE IF EXISTS `SiteTree_Live`;
/*!40101 SET @saved_cs_client     = @@character_set_client */;
/*!50503 SET character_set_client = utf8mb4 */;
CREATE TABLE `SiteTree_Live` (
  `ID` int NOT NULL AUTO_INCREMENT,
  `ClassName` enum('SiteTree','Page','AnniversaryPage','ArticleHolder','ArticlePage','BioPage','BoardOfDirectorsPage','BrandingPage','CoaPage','CommPage','CommunityPageBis','CommunityPage','CompaniesPage','CompanyListPage','ConferenceLivePage','ConferenceNewsPage','ConferencePage','ConferenceSubPage','DirectAfterLoginPage','HallOfInnovation','HomePage','InteropPage','IVotedPage','LandingPageCn','LandingPage','LegalDocumentPage','LegalDocumentsHolder','LogoDownloadPage','LogoGuidelinesPage','LogoRightsPage','NewCompanyListPage','OneColumn','OpenStackFoundationStaffPage','OpenstackUser','OSLogoProgramPage','PdfPage','PresentationCategoryPage','PrimaryLogoPage','PrivacyPage','ProductPage','PTGDynamic','PTGfaq','PTG','RestrictedDownloadPage','SponsorsPage','StartPageHolder','StartPage','swagStore','TechnicalCommitteePage','UserCommitteePage','WebBadgeDownloadPage','SangriaPage','TrackChairsPage','SummitVideoApp','PresentationVotingPage','ErrorPage','RedirectorPage','VirtualPage','COALandingPage','COAVerifyPage','EventHolder','HackathonsPage','OpenStackDaysPage','SigninPage','AboutMascots','AnalystLanding','AppDevHomePage','AutomotiveLandingPage','BareMetalPage','ContainersPage2','ContainersPage','EdgeComputingPage','EnterpriseBigDataPage','EnterpriseForrester','EnterpriseHomePage','EnterpriseLegacyPage','EnterpriseWorkloadPage','ISVHomePage','LearnPage','SciencePage','SecurityPage','TelecomHomePage','MarketingPage','EditProfilePage','RegistrationPage','SpeakerVotingRegistrationPage','SoftwareHomePage','SoftwareSubPage','SpeakerListPage','EmailUtilsPage','GeneralEventsLandingPage','GeneralSummitLandingPage','PresentationVideoPage','SchedToolsPage','SummitPage','EventContextPage','NewSchedulePage','OpenDevStaticVancouverPage','PresentationPage','StaticSummitAboutPage','SummitAboutPage','SummitAppReviewPage','SummitAppSchedPage','SummitAppVenuesPage','OpenDevStaticVancouverAppVenuesPage','SummitBostonLanding','SummitCategoriesPage','OpenDevStaticVancouverCategoriesPage','SummitConfirmSpeakerPage','SummitContextPage','SummitFutureLanding','EventsFutureLandingPage','SummitHighlightsPage','SummitHomePage','SummitLocationPage','OpenDevStaticVancouverLocationPage','SummitNewStaticAboutPage','SummitOverviewPage','SummitQuestionsPage','OpenDevStaticVancouverQuestionsPage','SummitSpeakersPage','SummitSpeakerVotingPage','SummitSponsorPage','OpenDevStaticVancouverSponsorPage','SummitStaticAboutBerlinPage','SummitStaticAboutBostonPage','SummitStaticAboutPage','SummitStaticAcademyPage','SummitStaticAustinGuidePage','SummitStaticBarcelonaGuidePage','SummitStaticBostonCityGuide','SummitStaticCategoriesPage','SummitStaticDenverPage','SummitStaticDiversityPage','SummitStaticOpenSourceDays','SummitStaticShangaiPage','SummitStaticSponsorPage','SummitUpdatesPage','SummitSimplePage','UserStoriesPage','UserStoriesStatic','ElectionPage','ElectionsHolderPage','ElectionVoterPage','EventRegistrationRequestPage','JobHolder','JobRegistrationRequestPage','MarketPlaceAdminPage','MarketPlacePage','MarketPlaceDirectoryPage','BooksDirectoryPage','ConsultantsDirectoryPage','DistributionsDirectoryPage','MarketPlaceDriverPage','PrivateCloudsDirectoryPage','PublicCloudsDirectoryPage','RemoteCloudsDirectoryPage','TrainingDirectoryPage','MarketPlaceLandingPage','PublicCloudPassportsPage','MemberListPage','PaperViewerPage','SurveyPage','UserSurveyPage','SurveyReportPage') CHARACTER SET utf8mb3 COLLATE utf8mb3_general_ci DEFAULT 'SiteTree',
  `LastEdited` datetime DEFAULT NULL,
  `Created` datetime DEFAULT NULL,
  `URLSegment` varchar(255) CHARACTER SET utf8mb3 COLLATE utf8mb3_general_ci DEFAULT NULL,
  `Title` varchar(255) CHARACTER SET utf8mb3 COLLATE utf8mb3_general_ci DEFAULT NULL,
  `MenuTitle` varchar(100) CHARACTER SET utf8mb3 COLLATE utf8mb3_general_ci DEFAULT NULL,
  `Content` mediumtext CHARACTER SET utf8mb3 COLLATE utf8mb3_general_ci,
  `MetaDescription` mediumtext CHARACTER SET utf8mb3 COLLATE utf8mb3_general_ci,
  `ExtraMeta` mediumtext CHARACTER SET utf8mb3 COLLATE utf8mb3_general_ci,
  `ShowInMenus` tinyint unsigned NOT NULL DEFAULT '0',
  `ShowInSearch` tinyint unsigned NOT NULL DEFAULT '0',
  `Sort` int NOT NULL DEFAULT '0',
  `HasBrokenFile` tinyint unsigned NOT NULL DEFAULT '0',
  `HasBrokenLink` tinyint unsigned NOT NULL DEFAULT '0',
  `ReportClass` varchar(50) CHARACTER SET utf8mb3 COLLATE utf8mb3_general_ci DEFAULT NULL,
  `CanViewType` enum('Anyone','LoggedInUsers','OnlyTheseUsers','Inherit') CHARACTER SET utf8mb3 COLLATE utf8mb3_general_ci DEFAULT 'Inherit',
  `CanEditType` enum('LoggedInUsers','OnlyTheseUsers','Inherit') CHARACTER SET utf8mb3 COLLATE utf8mb3_general_ci DEFAULT 'Inherit',
  `Priority` varchar(5) CHARACTER SET utf8mb3 COLLATE utf8mb3_general_ci DEFAULT NULL,
  `Version` int NOT NULL DEFAULT '0',
  `ParentID` int DEFAULT NULL,
  PRIMARY KEY (`ID`),
  KEY `ClassName` (`ClassName`),
  KEY `ParentID` (`ParentID`),
  KEY `Sort` (`Sort`),
  KEY `URLSegment` (`URLSegment`)
) ENGINE=InnoDB DEFAULT CHARSET=latin1;
/*!40101 SET character_set_client = @saved_cs_client */;

--
-- Dumping data for table `SiteTree_Live`
--

LOCK TABLES `SiteTree_Live` WRITE;
/*!40000 ALTER TABLE `SiteTree_Live` DISABLE KEYS */;
/*!40000 ALTER TABLE `SiteTree_Live` ENABLE KEYS */;
UNLOCK TABLES;

--
-- Table structure for table `SiteTree_ViewerGroups`
--

DROP TABLE IF EXISTS `SiteTree_ViewerGroups`;
/*!40101 SET @saved_cs_client     = @@character_set_client */;
/*!50503 SET character_set_client = utf8mb4 */;
CREATE TABLE `SiteTree_ViewerGroups` (
  `ID` int NOT NULL AUTO_INCREMENT,
  `SiteTreeID` int NOT NULL DEFAULT '0',
  `GroupID` int NOT NULL DEFAULT '0',
  PRIMARY KEY (`ID`),
  KEY `GroupID` (`GroupID`),
  KEY `SiteTreeID` (`SiteTreeID`)
) ENGINE=InnoDB DEFAULT CHARSET=latin1;
/*!40101 SET character_set_client = @saved_cs_client */;

--
-- Dumping data for table `SiteTree_ViewerGroups`
--

LOCK TABLES `SiteTree_ViewerGroups` WRITE;
/*!40000 ALTER TABLE `SiteTree_ViewerGroups` DISABLE KEYS */;
/*!40000 ALTER TABLE `SiteTree_ViewerGroups` ENABLE KEYS */;
UNLOCK TABLES;

--
-- Table structure for table `SiteTree_versions`
--

DROP TABLE IF EXISTS `SiteTree_versions`;
/*!40101 SET @saved_cs_client     = @@character_set_client */;
/*!50503 SET character_set_client = utf8mb4 */;
CREATE TABLE `SiteTree_versions` (
  `ID` int NOT NULL AUTO_INCREMENT,
  `RecordID` int NOT NULL DEFAULT '0',
  `Version` int NOT NULL DEFAULT '0',
  `WasPublished` tinyint unsigned NOT NULL DEFAULT '0',
  `AuthorID` int NOT NULL DEFAULT '0',
  `PublisherID` int NOT NULL DEFAULT '0',
  `ClassName` enum('SiteTree','Page','AnniversaryPage','ArticleHolder','ArticlePage','BioPage','BoardOfDirectorsPage','BrandingPage','CoaPage','CommPage','CommunityPageBis','CommunityPage','CompaniesPage','CompanyListPage','ConferenceLivePage','ConferenceNewsPage','ConferencePage','ConferenceSubPage','DirectAfterLoginPage','HallOfInnovation','HomePage','InteropPage','IVotedPage','LandingPageCn','LandingPage','LegalDocumentPage','LegalDocumentsHolder','LogoDownloadPage','LogoGuidelinesPage','LogoRightsPage','NewCompanyListPage','OneColumn','OpenStackFoundationStaffPage','OpenstackUser','OSLogoProgramPage','PdfPage','PresentationCategoryPage','PrimaryLogoPage','PrivacyPage','ProductPage','PTGDynamic','PTGfaq','PTG','RestrictedDownloadPage','SponsorsPage','StartPageHolder','StartPage','swagStore','TechnicalCommitteePage','UserCommitteePage','WebBadgeDownloadPage','SangriaPage','TrackChairsPage','SummitVideoApp','PresentationVotingPage','ErrorPage','RedirectorPage','VirtualPage','COALandingPage','COAVerifyPage','EventHolder','HackathonsPage','OpenStackDaysPage','SigninPage','AboutMascots','AnalystLanding','AppDevHomePage','AutomotiveLandingPage','BareMetalPage','ContainersPage2','ContainersPage','EdgeComputingPage','EnterpriseBigDataPage','EnterpriseForrester','EnterpriseHomePage','EnterpriseLegacyPage','EnterpriseWorkloadPage','ISVHomePage','LearnPage','SciencePage','SecurityPage','TelecomHomePage','MarketingPage','EditProfilePage','RegistrationPage','SpeakerVotingRegistrationPage','SoftwareHomePage','SoftwareSubPage','SpeakerListPage','EmailUtilsPage','GeneralEventsLandingPage','GeneralSummitLandingPage','PresentationVideoPage','SchedToolsPage','SummitPage','EventContextPage','NewSchedulePage','OpenDevStaticVancouverPage','PresentationPage','StaticSummitAboutPage','SummitAboutPage','SummitAppReviewPage','SummitAppSchedPage','SummitAppVenuesPage','OpenDevStaticVancouverAppVenuesPage','SummitBostonLanding','SummitCategoriesPage','OpenDevStaticVancouverCategoriesPage','SummitConfirmSpeakerPage','SummitContextPage','SummitFutureLanding','EventsFutureLandingPage','SummitHighlightsPage','SummitHomePage','SummitLocationPage','OpenDevStaticVancouverLocationPage','SummitNewStaticAboutPage','SummitOverviewPage','SummitQuestionsPage','OpenDevStaticVancouverQuestionsPage','SummitSpeakersPage','SummitSpeakerVotingPage','SummitSponsorPage','OpenDevStaticVancouverSponsorPage','SummitStaticAboutBerlinPage','SummitStaticAboutBostonPage','SummitStaticAboutPage','SummitStaticAcademyPage','SummitStaticAustinGuidePage','SummitStaticBarcelonaGuidePage','SummitStaticBostonCityGuide','SummitStaticCategoriesPage','SummitStaticDenverPage','SummitStaticDiversityPage','SummitStaticOpenSourceDays','SummitStaticShangaiPage','SummitStaticSponsorPage','SummitUpdatesPage','SummitSimplePage','UserStoriesPage','UserStoriesStatic','ElectionPage','ElectionsHolderPage','ElectionVoterPage','EventRegistrationRequestPage','JobHolder','JobRegistrationRequestPage','MarketPlaceAdminPage','MarketPlacePage','MarketPlaceDirectoryPage','BooksDirectoryPage','ConsultantsDirectoryPage','DistributionsDirectoryPage','MarketPlaceDriverPage','PrivateCloudsDirectoryPage','PublicCloudsDirectoryPage','RemoteCloudsDirectoryPage','TrainingDirectoryPage','MarketPlaceLandingPage','PublicCloudPassportsPage','MemberListPage','PaperViewerPage','SurveyPage','UserSurveyPage','SurveyReportPage') CHARACTER SET utf8mb3 COLLATE utf8mb3_general_ci DEFAULT 'SiteTree',
  `LastEdited` datetime DEFAULT NULL,
  `Created` datetime DEFAULT NULL,
  `URLSegment` varchar(255) CHARACTER SET utf8mb3 COLLATE utf8mb3_general_ci DEFAULT NULL,
  `Title` varchar(255) CHARACTER SET utf8mb3 COLLATE utf8mb3_general_ci DEFAULT NULL,
  `MenuTitle` varchar(100) CHARACTER SET utf8mb3 COLLATE utf8mb3_general_ci DEFAULT NULL,
  `Content` mediumtext CHARACTER SET utf8mb3 COLLATE utf8mb3_general_ci,
  `MetaDescription` mediumtext CHARACTER SET utf8mb3 COLLATE utf8mb3_general_ci,
  `ExtraMeta` mediumtext CHARACTER SET utf8mb3 COLLATE utf8mb3_general_ci,
  `ShowInMenus` tinyint unsigned NOT NULL DEFAULT '0',
  `ShowInSearch` tinyint unsigned NOT NULL DEFAULT '0',
  `Sort` int NOT NULL DEFAULT '0',
  `HasBrokenFile` tinyint unsigned NOT NULL DEFAULT '0',
  `HasBrokenLink` tinyint unsigned NOT NULL DEFAULT '0',
  `ReportClass` varchar(50) CHARACTER SET utf8mb3 COLLATE utf8mb3_general_ci DEFAULT NULL,
  `CanViewType` enum('Anyone','LoggedInUsers','OnlyTheseUsers','Inherit') CHARACTER SET utf8mb3 COLLATE utf8mb3_general_ci DEFAULT 'Inherit',
  `CanEditType` enum('LoggedInUsers','OnlyTheseUsers','Inherit') CHARACTER SET utf8mb3 COLLATE utf8mb3_general_ci DEFAULT 'Inherit',
  `Priority` varchar(5) CHARACTER SET utf8mb3 COLLATE utf8mb3_general_ci DEFAULT NULL,
  `ParentID` int DEFAULT NULL,
  PRIMARY KEY (`ID`),
  KEY `AuthorID` (`AuthorID`),
  KEY `ClassName` (`ClassName`),
  KEY `ParentID` (`ParentID`),
  KEY `PublisherID` (`PublisherID`),
  KEY `RecordID` (`RecordID`),
  KEY `RecordID_Version` (`RecordID`,`Version`),
  KEY `Sort` (`Sort`),
  KEY `URLSegment` (`URLSegment`),
  KEY `Version` (`Version`)
) ENGINE=InnoDB DEFAULT CHARSET=latin1;
/*!40101 SET character_set_client = @saved_cs_client */;

--
-- Dumping data for table `SiteTree_versions`
--

LOCK TABLES `SiteTree_versions` WRITE;
/*!40000 ALTER TABLE `SiteTree_versions` DISABLE KEYS */;
/*!40000 ALTER TABLE `SiteTree_versions` ENABLE KEYS */;
UNLOCK TABLES;

--
-- Table structure for table `SoftwareHomePage`
--

DROP TABLE IF EXISTS `SoftwareHomePage`;
/*!40101 SET @saved_cs_client     = @@character_set_client */;
/*!50503 SET character_set_client = utf8mb4 */;
CREATE TABLE `SoftwareHomePage` (
  `ID` int NOT NULL AUTO_INCREMENT,
  `IntroTitle` mediumtext CHARACTER SET utf8mb3 COLLATE utf8mb3_general_ci,
  `IntroText` mediumtext CHARACTER SET utf8mb3 COLLATE utf8mb3_general_ci,
  `IntroTitle2` mediumtext CHARACTER SET utf8mb3 COLLATE utf8mb3_general_ci,
  `IntroText2` mediumtext CHARACTER SET utf8mb3 COLLATE utf8mb3_general_ci,
  PRIMARY KEY (`ID`)
) ENGINE=InnoDB DEFAULT CHARSET=latin1;
/*!40101 SET character_set_client = @saved_cs_client */;

--
-- Dumping data for table `SoftwareHomePage`
--

LOCK TABLES `SoftwareHomePage` WRITE;
/*!40000 ALTER TABLE `SoftwareHomePage` DISABLE KEYS */;
/*!40000 ALTER TABLE `SoftwareHomePage` ENABLE KEYS */;
UNLOCK TABLES;

--
-- Table structure for table `SoftwareHomePageSubMenuItem`
--

DROP TABLE IF EXISTS `SoftwareHomePageSubMenuItem`;
/*!40101 SET @saved_cs_client     = @@character_set_client */;
/*!50503 SET character_set_client = utf8mb4 */;
CREATE TABLE `SoftwareHomePageSubMenuItem` (
  `ID` int NOT NULL AUTO_INCREMENT,
  `ClassName` enum('SoftwareHomePageSubMenuItem') CHARACTER SET utf8mb3 COLLATE utf8mb3_general_ci DEFAULT 'SoftwareHomePageSubMenuItem',
  `LastEdited` datetime DEFAULT NULL,
  `Created` datetime DEFAULT NULL,
  `Label` mediumtext CHARACTER SET utf8mb3 COLLATE utf8mb3_general_ci,
  `Url` mediumtext CHARACTER SET utf8mb3 COLLATE utf8mb3_general_ci,
  `Order` int NOT NULL DEFAULT '0',
  `ParentID` int DEFAULT NULL,
  PRIMARY KEY (`ID`),
  KEY `ClassName` (`ClassName`),
  KEY `ParentID` (`ParentID`)
) ENGINE=InnoDB DEFAULT CHARSET=latin1;
/*!40101 SET character_set_client = @saved_cs_client */;

--
-- Dumping data for table `SoftwareHomePageSubMenuItem`
--

LOCK TABLES `SoftwareHomePageSubMenuItem` WRITE;
/*!40000 ALTER TABLE `SoftwareHomePageSubMenuItem` DISABLE KEYS */;
/*!40000 ALTER TABLE `SoftwareHomePageSubMenuItem` ENABLE KEYS */;
UNLOCK TABLES;

--
-- Table structure for table `SoftwareHomePage_Live`
--

DROP TABLE IF EXISTS `SoftwareHomePage_Live`;
/*!40101 SET @saved_cs_client     = @@character_set_client */;
/*!50503 SET character_set_client = utf8mb4 */;
CREATE TABLE `SoftwareHomePage_Live` (
  `ID` int NOT NULL AUTO_INCREMENT,
  `IntroTitle` mediumtext CHARACTER SET utf8mb3 COLLATE utf8mb3_general_ci,
  `IntroText` mediumtext CHARACTER SET utf8mb3 COLLATE utf8mb3_general_ci,
  `IntroTitle2` mediumtext CHARACTER SET utf8mb3 COLLATE utf8mb3_general_ci,
  `IntroText2` mediumtext CHARACTER SET utf8mb3 COLLATE utf8mb3_general_ci,
  PRIMARY KEY (`ID`)
) ENGINE=InnoDB DEFAULT CHARSET=latin1;
/*!40101 SET character_set_client = @saved_cs_client */;

--
-- Dumping data for table `SoftwareHomePage_Live`
--

LOCK TABLES `SoftwareHomePage_Live` WRITE;
/*!40000 ALTER TABLE `SoftwareHomePage_Live` DISABLE KEYS */;
/*!40000 ALTER TABLE `SoftwareHomePage_Live` ENABLE KEYS */;
UNLOCK TABLES;

--
-- Table structure for table `SoftwareHomePage_versions`
--

DROP TABLE IF EXISTS `SoftwareHomePage_versions`;
/*!40101 SET @saved_cs_client     = @@character_set_client */;
/*!50503 SET character_set_client = utf8mb4 */;
CREATE TABLE `SoftwareHomePage_versions` (
  `ID` int NOT NULL AUTO_INCREMENT,
  `RecordID` int NOT NULL DEFAULT '0',
  `Version` int NOT NULL DEFAULT '0',
  `IntroTitle` mediumtext CHARACTER SET utf8mb3 COLLATE utf8mb3_general_ci,
  `IntroText` mediumtext CHARACTER SET utf8mb3 COLLATE utf8mb3_general_ci,
  `IntroTitle2` mediumtext CHARACTER SET utf8mb3 COLLATE utf8mb3_general_ci,
  `IntroText2` mediumtext CHARACTER SET utf8mb3 COLLATE utf8mb3_general_ci,
  PRIMARY KEY (`ID`),
  UNIQUE KEY `RecordID_Version` (`RecordID`,`Version`),
  KEY `RecordID` (`RecordID`),
  KEY `Version` (`Version`)
) ENGINE=InnoDB DEFAULT CHARSET=latin1;
/*!40101 SET character_set_client = @saved_cs_client */;

--
-- Dumping data for table `SoftwareHomePage_versions`
--

LOCK TABLES `SoftwareHomePage_versions` WRITE;
/*!40000 ALTER TABLE `SoftwareHomePage_versions` DISABLE KEYS */;
/*!40000 ALTER TABLE `SoftwareHomePage_versions` ENABLE KEYS */;
UNLOCK TABLES;

--
-- Table structure for table `SpeakerActiveInvolvement`
--

DROP TABLE IF EXISTS `SpeakerActiveInvolvement`;
/*!40101 SET @saved_cs_client     = @@character_set_client */;
/*!50503 SET character_set_client = utf8mb4 */;
CREATE TABLE `SpeakerActiveInvolvement` (
  `ID` int NOT NULL AUTO_INCREMENT,
  `ClassName` enum('SpeakerActiveInvolvement') CHARACTER SET utf8mb3 COLLATE utf8mb3_general_ci DEFAULT 'SpeakerActiveInvolvement',
  `LastEdited` datetime DEFAULT NULL,
  `Created` datetime DEFAULT NULL,
  `Involvement` varchar(254) CHARACTER SET utf8mb3 COLLATE utf8mb3_general_ci DEFAULT NULL,
  `IsDefault` tinyint unsigned NOT NULL DEFAULT '0',
  PRIMARY KEY (`ID`),
  KEY `ClassName` (`ClassName`)
) ENGINE=InnoDB DEFAULT CHARSET=latin1;
/*!40101 SET character_set_client = @saved_cs_client */;

--
-- Dumping data for table `SpeakerActiveInvolvement`
--

LOCK TABLES `SpeakerActiveInvolvement` WRITE;
/*!40000 ALTER TABLE `SpeakerActiveInvolvement` DISABLE KEYS */;
/*!40000 ALTER TABLE `SpeakerActiveInvolvement` ENABLE KEYS */;
UNLOCK TABLES;

--
-- Table structure for table `SpeakerAnnouncementSummitEmail`
--

DROP TABLE IF EXISTS `SpeakerAnnouncementSummitEmail`;
/*!40101 SET @saved_cs_client     = @@character_set_client */;
/*!50503 SET character_set_client = utf8mb4 */;
CREATE TABLE `SpeakerAnnouncementSummitEmail` (
  `ID` int NOT NULL AUTO_INCREMENT,
  `ClassName` enum('SpeakerAnnouncementSummitEmail') CHARACTER SET utf8mb3 COLLATE utf8mb3_general_ci DEFAULT 'SpeakerAnnouncementSummitEmail',
  `LastEdited` datetime DEFAULT NULL,
  `Created` datetime DEFAULT NULL,
  `AnnouncementEmailTypeSent` enum('ACCEPTED','REJECTED','ALTERNATE','ACCEPTED_ALTERNATE','ACCEPTED_REJECTED','ALTERNATE_REJECTED','SECOND_BREAKOUT_REMINDER','SECOND_BREAKOUT_REGISTER','CREATE_MEMBERSHIP','NONE') CHARACTER SET utf8mb3 COLLATE utf8mb3_general_ci DEFAULT 'NONE',
  `AnnouncementEmailSentDate` datetime DEFAULT NULL,
  `SpeakerID` int DEFAULT NULL,
  `SummitID` int DEFAULT NULL,
  PRIMARY KEY (`ID`),
  KEY `ClassName` (`ClassName`),
  KEY `SpeakerID` (`SpeakerID`),
  KEY `SummitID` (`SummitID`)
) ENGINE=InnoDB DEFAULT CHARSET=latin1;
/*!40101 SET character_set_client = @saved_cs_client */;

--
-- Dumping data for table `SpeakerAnnouncementSummitEmail`
--

LOCK TABLES `SpeakerAnnouncementSummitEmail` WRITE;
/*!40000 ALTER TABLE `SpeakerAnnouncementSummitEmail` DISABLE KEYS */;
/*!40000 ALTER TABLE `SpeakerAnnouncementSummitEmail` ENABLE KEYS */;
UNLOCK TABLES;

--
-- Table structure for table `SpeakerContactEmail`
--

DROP TABLE IF EXISTS `SpeakerContactEmail`;
/*!40101 SET @saved_cs_client     = @@character_set_client */;
/*!50503 SET character_set_client = utf8mb4 */;
CREATE TABLE `SpeakerContactEmail` (
  `ID` int NOT NULL AUTO_INCREMENT,
  `ClassName` enum('SpeakerContactEmail') CHARACTER SET utf8mb3 COLLATE utf8mb3_general_ci DEFAULT 'SpeakerContactEmail',
  `LastEdited` datetime DEFAULT NULL,
  `Created` datetime DEFAULT NULL,
  `OrgName` varchar(255) CHARACTER SET utf8mb3 COLLATE utf8mb3_general_ci DEFAULT NULL,
  `OrgEmail` varchar(255) CHARACTER SET utf8mb3 COLLATE utf8mb3_general_ci DEFAULT NULL,
  `EventName` varchar(255) CHARACTER SET utf8mb3 COLLATE utf8mb3_general_ci DEFAULT NULL,
  `Format` varchar(255) CHARACTER SET utf8mb3 COLLATE utf8mb3_general_ci DEFAULT NULL,
  `Attendance` int NOT NULL DEFAULT '0',
  `DateOfEvent` varchar(255) CHARACTER SET utf8mb3 COLLATE utf8mb3_general_ci DEFAULT NULL,
  `Location` varchar(255) CHARACTER SET utf8mb3 COLLATE utf8mb3_general_ci DEFAULT NULL,
  `Topics` varchar(255) CHARACTER SET utf8mb3 COLLATE utf8mb3_general_ci DEFAULT NULL,
  `GeneralRequest` mediumtext CHARACTER SET utf8mb3 COLLATE utf8mb3_general_ci,
  `EmailSent` tinyint unsigned NOT NULL DEFAULT '0',
  `RecipientID` int DEFAULT NULL,
  PRIMARY KEY (`ID`),
  KEY `ClassName` (`ClassName`),
  KEY `RecipientID` (`RecipientID`)
) ENGINE=InnoDB DEFAULT CHARSET=latin1;
/*!40101 SET character_set_client = @saved_cs_client */;

--
-- Dumping data for table `SpeakerContactEmail`
--

LOCK TABLES `SpeakerContactEmail` WRITE;
/*!40000 ALTER TABLE `SpeakerContactEmail` DISABLE KEYS */;
/*!40000 ALTER TABLE `SpeakerContactEmail` ENABLE KEYS */;
UNLOCK TABLES;

--
-- Table structure for table `SpeakerCreationEmailCreationRequest`
--

DROP TABLE IF EXISTS `SpeakerCreationEmailCreationRequest`;
/*!40101 SET @saved_cs_client     = @@character_set_client */;
/*!50503 SET character_set_client = utf8mb4 */;
CREATE TABLE `SpeakerCreationEmailCreationRequest` (
  `ID` int NOT NULL AUTO_INCREMENT,
  `SpeakerID` int DEFAULT NULL,
  PRIMARY KEY (`ID`),
  KEY `SpeakerID` (`SpeakerID`)
) ENGINE=InnoDB DEFAULT CHARSET=latin1;
/*!40101 SET character_set_client = @saved_cs_client */;

--
-- Dumping data for table `SpeakerCreationEmailCreationRequest`
--

LOCK TABLES `SpeakerCreationEmailCreationRequest` WRITE;
/*!40000 ALTER TABLE `SpeakerCreationEmailCreationRequest` DISABLE KEYS */;
/*!40000 ALTER TABLE `SpeakerCreationEmailCreationRequest` ENABLE KEYS */;
UNLOCK TABLES;

--
-- Table structure for table `SpeakerEditPermissionRequest`
--

DROP TABLE IF EXISTS `SpeakerEditPermissionRequest`;
/*!40101 SET @saved_cs_client     = @@character_set_client */;
/*!50503 SET character_set_client = utf8mb4 */;
CREATE TABLE `SpeakerEditPermissionRequest` (
  `ID` int NOT NULL AUTO_INCREMENT,
  `ClassName` enum('SpeakerEditPermissionRequest') CHARACTER SET utf8mb3 COLLATE utf8mb3_general_ci DEFAULT 'SpeakerEditPermissionRequest',
  `LastEdited` datetime DEFAULT NULL,
  `Created` datetime DEFAULT NULL,
  `Approved` tinyint unsigned NOT NULL DEFAULT '0',
  `ApprovedDate` datetime DEFAULT NULL,
  `CreatedDate` datetime DEFAULT NULL,
  `Hash` mediumtext CHARACTER SET utf8mb3 COLLATE utf8mb3_general_ci,
  `SpeakerID` int DEFAULT NULL,
  `RequestedByID` int DEFAULT NULL,
  PRIMARY KEY (`ID`),
  KEY `ClassName` (`ClassName`),
  KEY `RequestedByID` (`RequestedByID`),
  KEY `SpeakerID` (`SpeakerID`)
) ENGINE=InnoDB DEFAULT CHARSET=latin1;
/*!40101 SET character_set_client = @saved_cs_client */;

--
-- Dumping data for table `SpeakerEditPermissionRequest`
--

LOCK TABLES `SpeakerEditPermissionRequest` WRITE;
/*!40000 ALTER TABLE `SpeakerEditPermissionRequest` DISABLE KEYS */;
/*!40000 ALTER TABLE `SpeakerEditPermissionRequest` ENABLE KEYS */;
UNLOCK TABLES;

--
-- Table structure for table `SpeakerExpertise`
--

DROP TABLE IF EXISTS `SpeakerExpertise`;
/*!40101 SET @saved_cs_client     = @@character_set_client */;
/*!50503 SET character_set_client = utf8mb4 */;
CREATE TABLE `SpeakerExpertise` (
  `ID` int NOT NULL AUTO_INCREMENT,
  `ClassName` enum('SpeakerExpertise') CHARACTER SET utf8mb3 COLLATE utf8mb3_general_ci DEFAULT 'SpeakerExpertise',
  `LastEdited` datetime DEFAULT NULL,
  `Created` datetime DEFAULT NULL,
  `Expertise` varchar(254) CHARACTER SET utf8mb3 COLLATE utf8mb3_general_ci DEFAULT NULL,
  `SpeakerID` int DEFAULT NULL,
  PRIMARY KEY (`ID`),
  KEY `ClassName` (`ClassName`),
  KEY `SpeakerID` (`SpeakerID`)
) ENGINE=InnoDB DEFAULT CHARSET=latin1;
/*!40101 SET character_set_client = @saved_cs_client */;

--
-- Dumping data for table `SpeakerExpertise`
--

LOCK TABLES `SpeakerExpertise` WRITE;
/*!40000 ALTER TABLE `SpeakerExpertise` DISABLE KEYS */;
/*!40000 ALTER TABLE `SpeakerExpertise` ENABLE KEYS */;
UNLOCK TABLES;

--
-- Table structure for table `SpeakerOrganizationalRole`
--

DROP TABLE IF EXISTS `SpeakerOrganizationalRole`;
/*!40101 SET @saved_cs_client     = @@character_set_client */;
/*!50503 SET character_set_client = utf8mb4 */;
CREATE TABLE `SpeakerOrganizationalRole` (
  `ID` int NOT NULL AUTO_INCREMENT,
  `ClassName` enum('SpeakerOrganizationalRole') CHARACTER SET utf8mb3 COLLATE utf8mb3_general_ci DEFAULT 'SpeakerOrganizationalRole',
  `LastEdited` datetime DEFAULT NULL,
  `Created` datetime DEFAULT NULL,
  `Role` varchar(254) CHARACTER SET utf8mb3 COLLATE utf8mb3_general_ci DEFAULT NULL,
  `IsDefault` tinyint unsigned NOT NULL DEFAULT '0',
  PRIMARY KEY (`ID`),
  KEY `ClassName` (`ClassName`)
) ENGINE=InnoDB DEFAULT CHARSET=latin1;
/*!40101 SET character_set_client = @saved_cs_client */;

--
-- Dumping data for table `SpeakerOrganizationalRole`
--

LOCK TABLES `SpeakerOrganizationalRole` WRITE;
/*!40000 ALTER TABLE `SpeakerOrganizationalRole` DISABLE KEYS */;
/*!40000 ALTER TABLE `SpeakerOrganizationalRole` ENABLE KEYS */;
UNLOCK TABLES;

--
-- Table structure for table `SpeakerPresentationLink`
--

DROP TABLE IF EXISTS `SpeakerPresentationLink`;
/*!40101 SET @saved_cs_client     = @@character_set_client */;
/*!50503 SET character_set_client = utf8mb4 */;
CREATE TABLE `SpeakerPresentationLink` (
  `ID` int NOT NULL AUTO_INCREMENT,
  `ClassName` enum('SpeakerPresentationLink') CHARACTER SET utf8mb3 COLLATE utf8mb3_general_ci DEFAULT 'SpeakerPresentationLink',
  `LastEdited` datetime DEFAULT NULL,
  `Created` datetime DEFAULT NULL,
  `LinkUrl` mediumtext CHARACTER SET utf8mb3 COLLATE utf8mb3_general_ci,
  `Title` mediumtext CHARACTER SET utf8mb3 COLLATE utf8mb3_general_ci,
  `SpeakerID` int DEFAULT NULL,
  PRIMARY KEY (`ID`),
  KEY `ClassName` (`ClassName`),
  KEY `SpeakerID` (`SpeakerID`)
) ENGINE=InnoDB DEFAULT CHARSET=latin1;
/*!40101 SET character_set_client = @saved_cs_client */;

--
-- Dumping data for table `SpeakerPresentationLink`
--

LOCK TABLES `SpeakerPresentationLink` WRITE;
/*!40000 ALTER TABLE `SpeakerPresentationLink` DISABLE KEYS */;
/*!40000 ALTER TABLE `SpeakerPresentationLink` ENABLE KEYS */;
UNLOCK TABLES;

--
-- Table structure for table `SpeakerRegistrationRequest`
--

DROP TABLE IF EXISTS `SpeakerRegistrationRequest`;
/*!40101 SET @saved_cs_client     = @@character_set_client */;
/*!50503 SET character_set_client = utf8mb4 */;
CREATE TABLE `SpeakerRegistrationRequest` (
  `ID` int NOT NULL AUTO_INCREMENT,
  `ClassName` enum('SpeakerRegistrationRequest') CHARACTER SET utf8mb3 COLLATE utf8mb3_general_ci DEFAULT 'SpeakerRegistrationRequest',
  `LastEdited` datetime DEFAULT NULL,
  `Created` datetime DEFAULT NULL,
  `IsConfirmed` tinyint unsigned NOT NULL DEFAULT '0',
  `Email` varchar(254) CHARACTER SET utf8mb3 COLLATE utf8mb3_general_ci DEFAULT NULL,
  `ConfirmationDate` datetime DEFAULT NULL,
  `ConfirmationHash` mediumtext CHARACTER SET utf8mb3 COLLATE utf8mb3_general_ci,
  `ProposerID` int DEFAULT NULL,
  `SpeakerID` int DEFAULT NULL,
  PRIMARY KEY (`ID`),
  UNIQUE KEY `Email` (`Email`),
  KEY `ClassName` (`ClassName`),
  KEY `ProposerID` (`ProposerID`),
  KEY `SpeakerID` (`SpeakerID`)
) ENGINE=InnoDB DEFAULT CHARSET=latin1;
/*!40101 SET character_set_client = @saved_cs_client */;

--
-- Dumping data for table `SpeakerRegistrationRequest`
--

LOCK TABLES `SpeakerRegistrationRequest` WRITE;
/*!40000 ALTER TABLE `SpeakerRegistrationRequest` DISABLE KEYS */;
/*!40000 ALTER TABLE `SpeakerRegistrationRequest` ENABLE KEYS */;
UNLOCK TABLES;

--
-- Table structure for table `SpeakerSelectionAnnouncementEmailCreationRequest`
--

DROP TABLE IF EXISTS `SpeakerSelectionAnnouncementEmailCreationRequest`;
/*!40101 SET @saved_cs_client     = @@character_set_client */;
/*!50503 SET character_set_client = utf8mb4 */;
CREATE TABLE `SpeakerSelectionAnnouncementEmailCreationRequest` (
  `ID` int NOT NULL AUTO_INCREMENT,
  `Type` enum('ACCEPTED','ACCEPTED_ALTERNATE','ACCEPTED_REJECTED','ALTERNATE','ALTERNATE_REJECTED') CHARACTER SET utf8mb3 COLLATE utf8mb3_general_ci DEFAULT 'ACCEPTED',
  `SpeakerRole` enum('SPEAKER','MODERATOR') CHARACTER SET utf8mb3 COLLATE utf8mb3_general_ci DEFAULT 'SPEAKER',
  `PromoCodeID` int DEFAULT NULL,
  `SpeakerID` int DEFAULT NULL,
  `SummitID` int DEFAULT NULL,
  PRIMARY KEY (`ID`),
  KEY `PromoCodeID` (`PromoCodeID`),
  KEY `SpeakerID` (`SpeakerID`),
  KEY `SummitID` (`SummitID`)
) ENGINE=InnoDB DEFAULT CHARSET=latin1;
/*!40101 SET character_set_client = @saved_cs_client */;

--
-- Dumping data for table `SpeakerSelectionAnnouncementEmailCreationRequest`
--

LOCK TABLES `SpeakerSelectionAnnouncementEmailCreationRequest` WRITE;
/*!40000 ALTER TABLE `SpeakerSelectionAnnouncementEmailCreationRequest` DISABLE KEYS */;
/*!40000 ALTER TABLE `SpeakerSelectionAnnouncementEmailCreationRequest` ENABLE KEYS */;
UNLOCK TABLES;

--
-- Table structure for table `SpeakerSummitRegistrationDiscountCode`
--

DROP TABLE IF EXISTS `SpeakerSummitRegistrationDiscountCode`;
/*!40101 SET @saved_cs_client     = @@character_set_client */;
/*!50503 SET character_set_client = utf8mb4 */;
CREATE TABLE `SpeakerSummitRegistrationDiscountCode` (
  `ID` int NOT NULL AUTO_INCREMENT,
  `Type` enum('ACCEPTED','ALTERNATE') CHARACTER SET utf8mb3 COLLATE utf8mb3_general_ci DEFAULT 'ACCEPTED',
  `SpeakerID` int DEFAULT NULL,
  PRIMARY KEY (`ID`),
  KEY `SpeakerID` (`SpeakerID`),
  CONSTRAINT `FK_335080B611D3633A` FOREIGN KEY (`ID`) REFERENCES `SummitRegistrationPromoCode` (`ID`) ON DELETE CASCADE
) ENGINE=InnoDB DEFAULT CHARSET=latin1;
/*!40101 SET character_set_client = @saved_cs_client */;

--
-- Dumping data for table `SpeakerSummitRegistrationDiscountCode`
--

LOCK TABLES `SpeakerSummitRegistrationDiscountCode` WRITE;
/*!40000 ALTER TABLE `SpeakerSummitRegistrationDiscountCode` DISABLE KEYS */;
/*!40000 ALTER TABLE `SpeakerSummitRegistrationDiscountCode` ENABLE KEYS */;
UNLOCK TABLES;

--
-- Table structure for table `SpeakerSummitRegistrationPromoCode`
--

DROP TABLE IF EXISTS `SpeakerSummitRegistrationPromoCode`;
/*!40101 SET @saved_cs_client     = @@character_set_client */;
/*!50503 SET character_set_client = utf8mb4 */;
CREATE TABLE `SpeakerSummitRegistrationPromoCode` (
  `ID` int NOT NULL AUTO_INCREMENT,
  `Type` enum('ACCEPTED','ALTERNATE') CHARACTER SET utf8mb3 COLLATE utf8mb3_general_ci DEFAULT 'ACCEPTED',
  `SpeakerID` int DEFAULT NULL,
  PRIMARY KEY (`ID`),
  KEY `SpeakerID` (`SpeakerID`),
  CONSTRAINT `FK_2E203D4011D3633A` FOREIGN KEY (`ID`) REFERENCES `SummitRegistrationPromoCode` (`ID`) ON DELETE CASCADE
) ENGINE=InnoDB DEFAULT CHARSET=latin1;
/*!40101 SET character_set_client = @saved_cs_client */;

--
-- Dumping data for table `SpeakerSummitRegistrationPromoCode`
--

LOCK TABLES `SpeakerSummitRegistrationPromoCode` WRITE;
/*!40000 ALTER TABLE `SpeakerSummitRegistrationPromoCode` DISABLE KEYS */;
/*!40000 ALTER TABLE `SpeakerSummitRegistrationPromoCode` ENABLE KEYS */;
UNLOCK TABLES;

--
-- Table structure for table `SpeakerSummitState`
--

DROP TABLE IF EXISTS `SpeakerSummitState`;
/*!40101 SET @saved_cs_client     = @@character_set_client */;
/*!50503 SET character_set_client = utf8mb4 */;
CREATE TABLE `SpeakerSummitState` (
  `ID` int NOT NULL AUTO_INCREMENT,
  `ClassName` enum('SpeakerSummitState') CHARACTER SET utf8mb3 COLLATE utf8mb3_general_ci DEFAULT 'SpeakerSummitState',
  `LastEdited` datetime DEFAULT NULL,
  `Created` datetime DEFAULT NULL,
  `Event` varchar(50) CHARACTER SET utf8mb3 COLLATE utf8mb3_general_ci DEFAULT NULL,
  `Notes` mediumtext CHARACTER SET utf8mb3 COLLATE utf8mb3_general_ci,
  `SummitID` int DEFAULT NULL,
  `MemberID` int DEFAULT NULL,
  PRIMARY KEY (`ID`),
  KEY `ClassName` (`ClassName`),
  KEY `MemberID` (`MemberID`),
  KEY `SummitID` (`SummitID`)
) ENGINE=InnoDB DEFAULT CHARSET=latin1;
/*!40101 SET character_set_client = @saved_cs_client */;

--
-- Dumping data for table `SpeakerSummitState`
--

LOCK TABLES `SpeakerSummitState` WRITE;
/*!40000 ALTER TABLE `SpeakerSummitState` DISABLE KEYS */;
/*!40000 ALTER TABLE `SpeakerSummitState` ENABLE KEYS */;
UNLOCK TABLES;

--
-- Table structure for table `SpeakerTravelPreference`
--

DROP TABLE IF EXISTS `SpeakerTravelPreference`;
/*!40101 SET @saved_cs_client     = @@character_set_client */;
/*!50503 SET character_set_client = utf8mb4 */;
CREATE TABLE `SpeakerTravelPreference` (
  `ID` int NOT NULL AUTO_INCREMENT,
  `ClassName` enum('SpeakerTravelPreference') CHARACTER SET utf8mb3 COLLATE utf8mb3_general_ci DEFAULT 'SpeakerTravelPreference',
  `LastEdited` datetime DEFAULT NULL,
  `Created` datetime DEFAULT NULL,
  `Country` mediumtext CHARACTER SET utf8mb3 COLLATE utf8mb3_general_ci,
  `SpeakerID` int DEFAULT NULL,
  PRIMARY KEY (`ID`),
  KEY `ClassName` (`ClassName`),
  KEY `SpeakerID` (`SpeakerID`)
) ENGINE=InnoDB DEFAULT CHARSET=latin1;
/*!40101 SET character_set_client = @saved_cs_client */;

--
-- Dumping data for table `SpeakerTravelPreference`
--

LOCK TABLES `SpeakerTravelPreference` WRITE;
/*!40000 ALTER TABLE `SpeakerTravelPreference` DISABLE KEYS */;
/*!40000 ALTER TABLE `SpeakerTravelPreference` ENABLE KEYS */;
UNLOCK TABLES;

--
-- Table structure for table `SpeakersRegistrationDiscountCode`
--

DROP TABLE IF EXISTS `SpeakersRegistrationDiscountCode`;
/*!40101 SET @saved_cs_client     = @@character_set_client */;
/*!50503 SET character_set_client = utf8mb4 */;
CREATE TABLE `SpeakersRegistrationDiscountCode` (
  `ID` int NOT NULL AUTO_INCREMENT,
  `Type` enum('ACCEPTED','ALTERNATE') COLLATE utf8mb3_unicode_ci DEFAULT 'ACCEPTED',
  PRIMARY KEY (`ID`),
  CONSTRAINT `FK_SpeakersRegDiscCode_SummitRegPromoCode` FOREIGN KEY (`ID`) REFERENCES `SummitRegistrationPromoCode` (`ID`) ON DELETE CASCADE
) ENGINE=InnoDB DEFAULT CHARSET=utf8mb3 COLLATE=utf8mb3_unicode_ci;
/*!40101 SET character_set_client = @saved_cs_client */;

--
-- Dumping data for table `SpeakersRegistrationDiscountCode`
--

LOCK TABLES `SpeakersRegistrationDiscountCode` WRITE;
/*!40000 ALTER TABLE `SpeakersRegistrationDiscountCode` DISABLE KEYS */;
/*!40000 ALTER TABLE `SpeakersRegistrationDiscountCode` ENABLE KEYS */;
UNLOCK TABLES;

--
-- Table structure for table `SpeakersSummitRegistrationPromoCode`
--

DROP TABLE IF EXISTS `SpeakersSummitRegistrationPromoCode`;
/*!40101 SET @saved_cs_client     = @@character_set_client */;
/*!50503 SET character_set_client = utf8mb4 */;
CREATE TABLE `SpeakersSummitRegistrationPromoCode` (
  `ID` int NOT NULL AUTO_INCREMENT,
  `Type` enum('ACCEPTED','ALTERNATE') COLLATE utf8mb3_unicode_ci DEFAULT 'ACCEPTED',
  PRIMARY KEY (`ID`),
  CONSTRAINT `FK_SpeakersRegPromoCode_SummitRegPromoCode` FOREIGN KEY (`ID`) REFERENCES `SummitRegistrationPromoCode` (`ID`) ON DELETE CASCADE
) ENGINE=InnoDB DEFAULT CHARSET=utf8mb3 COLLATE=utf8mb3_unicode_ci;
/*!40101 SET character_set_client = @saved_cs_client */;

--
-- Dumping data for table `SpeakersSummitRegistrationPromoCode`
--

LOCK TABLES `SpeakersSummitRegistrationPromoCode` WRITE;
/*!40000 ALTER TABLE `SpeakersSummitRegistrationPromoCode` DISABLE KEYS */;
/*!40000 ALTER TABLE `SpeakersSummitRegistrationPromoCode` ENABLE KEYS */;
UNLOCK TABLES;

--
-- Table structure for table `SpokenLanguage`
--

DROP TABLE IF EXISTS `SpokenLanguage`;
/*!40101 SET @saved_cs_client     = @@character_set_client */;
/*!50503 SET character_set_client = utf8mb4 */;
CREATE TABLE `SpokenLanguage` (
  `ID` int NOT NULL AUTO_INCREMENT,
  `ClassName` enum('SpokenLanguage') CHARACTER SET utf8mb3 COLLATE utf8mb3_general_ci DEFAULT 'SpokenLanguage',
  `LastEdited` datetime DEFAULT NULL,
  `Created` datetime DEFAULT NULL,
  `Name` varchar(50) CHARACTER SET utf8mb3 COLLATE utf8mb3_general_ci DEFAULT NULL,
  PRIMARY KEY (`ID`),
  UNIQUE KEY `Name` (`Name`),
  KEY `ClassName` (`ClassName`)
) ENGINE=InnoDB DEFAULT CHARSET=latin1;
/*!40101 SET character_set_client = @saved_cs_client */;

--
-- Dumping data for table `SpokenLanguage`
--

LOCK TABLES `SpokenLanguage` WRITE;
/*!40000 ALTER TABLE `SpokenLanguage` DISABLE KEYS */;
/*!40000 ALTER TABLE `SpokenLanguage` ENABLE KEYS */;
UNLOCK TABLES;

--
-- Table structure for table `Sponsor`
--

DROP TABLE IF EXISTS `Sponsor`;
/*!40101 SET @saved_cs_client     = @@character_set_client */;
/*!50503 SET character_set_client = utf8mb4 */;
CREATE TABLE `Sponsor` (
  `ID` int NOT NULL AUTO_INCREMENT,
  `ClassName` enum('Sponsor') CHARACTER SET utf8mb3 COLLATE utf8mb3_general_ci DEFAULT 'Sponsor',
  `LastEdited` datetime DEFAULT NULL,
  `Created` datetime DEFAULT NULL,
  `SubmitPageUrl` mediumtext CHARACTER SET utf8mb3 COLLATE utf8mb3_general_ci,
  `Order` int NOT NULL DEFAULT '1',
  `CompanyID` int DEFAULT NULL,
  `SummitID` int DEFAULT NULL,
  `IsPublished` tinyint(1) NOT NULL DEFAULT '1',
  `SideImageID` int DEFAULT NULL,
  `HeaderImageID` int DEFAULT NULL,
  `Marquee` varchar(150) DEFAULT NULL,
  `Intro` varchar(1000) DEFAULT NULL,
  `ExternalLink` varchar(255) DEFAULT NULL,
  `VideoLink` varchar(255) DEFAULT NULL,
  `ChatLink` varchar(255) DEFAULT NULL,
  `ShowLogoInEventPage` tinyint(1) NOT NULL DEFAULT '1',
  `SideImageAltText` varchar(255) DEFAULT NULL,
  `HeaderImageAltText` varchar(255) DEFAULT NULL,
  `HeaderImageMobileAltText` varchar(255) DEFAULT NULL,
  `CarouselAdvertiseImageAltText` varchar(255) DEFAULT NULL,
  `FeaturedEventID` int DEFAULT NULL,
  `HeaderImageMobileID` int DEFAULT NULL,
  `CarouselAdvertiseImageID` int DEFAULT NULL,
  `SummitSponsorshipTypeID` int DEFAULT NULL,
  `CustomOrder` int NOT NULL DEFAULT '1',
  PRIMARY KEY (`ID`),
  KEY `CarouselAdvertiseImageID` (`CarouselAdvertiseImageID`),
  KEY `ClassName` (`ClassName`),
  KEY `CompanyID` (`CompanyID`),
  KEY `FeaturedEventID` (`FeaturedEventID`),
  KEY `HeaderImageID` (`HeaderImageID`),
  KEY `HeaderImageMobileID` (`HeaderImageMobileID`),
  KEY `SideImageID` (`SideImageID`),
  KEY `SummitID` (`SummitID`),
  KEY `SummitSponsorshipTypeID` (`SummitSponsorshipTypeID`),
  CONSTRAINT `FK_Sponsor_Carousel_Advertise_Image` FOREIGN KEY (`CarouselAdvertiseImageID`) REFERENCES `File` (`ID`) ON DELETE CASCADE,
  CONSTRAINT `FK_Sponsor_Featured_Event` FOREIGN KEY (`FeaturedEventID`) REFERENCES `SummitEvent` (`ID`) ON DELETE CASCADE,
  CONSTRAINT `FK_Sponsor_Header_Image` FOREIGN KEY (`HeaderImageID`) REFERENCES `File` (`ID`) ON DELETE CASCADE,
  CONSTRAINT `FK_Sponsor_Header_Image_Mobile` FOREIGN KEY (`HeaderImageMobileID`) REFERENCES `File` (`ID`) ON DELETE CASCADE,
  CONSTRAINT `FK_Sponsor_Side_Image` FOREIGN KEY (`SideImageID`) REFERENCES `File` (`ID`) ON DELETE CASCADE,
  CONSTRAINT `FK_Sponsor_SummitSponsorshipType` FOREIGN KEY (`SummitSponsorshipTypeID`) REFERENCES `Summit_SponsorshipType` (`ID`) ON DELETE CASCADE,
  CONSTRAINT `FK_SponsorCompany` FOREIGN KEY (`CompanyID`) REFERENCES `Company` (`ID`) ON DELETE SET NULL
) ENGINE=InnoDB AUTO_INCREMENT=281 DEFAULT CHARSET=latin1;
/*!40101 SET character_set_client = @saved_cs_client */;

--
-- Dumping data for table `Sponsor`
--

LOCK TABLES `Sponsor` WRITE;
/*!40000 ALTER TABLE `Sponsor` DISABLE KEYS */;
INSERT INTO `Sponsor` VALUES (261,'Sponsor','2024-06-21 11:34:09','2024-06-21 11:34:09',NULL,1,528,27,1,NULL,NULL,'this is a marquee 7 7322d6BmVlU3AgMm','this is an intro 7 G2BWPrJ7AFS09LA2','https://7.qZ1rL9dDBFUgmMJa.exterma;.com','https://7.aGsWoWfhHQaPzaoL.video.com','https://7.WrKht7a8aMBUcpSU.chat.com',1,NULL,NULL,NULL,NULL,NULL,NULL,NULL,14,8),(262,'Sponsor','2024-06-21 11:34:09','2024-06-21 11:34:09',NULL,1,523,27,1,NULL,NULL,'this is a marquee 2 OYhkvvQZtrvfQiuR','this is an intro 2 6PDtNjm0YnfA8T47','https://2.JLLnMYIt4WOuPXsN.exterma;.com','https://2.dtX36I7EM6sVeRRM.video.com','https://2.UDPZsSwADFsLqapo.chat.com',1,NULL,NULL,NULL,NULL,NULL,NULL,NULL,14,3),(263,'Sponsor','2024-06-21 11:34:09','2024-06-21 11:34:09',NULL,1,527,27,1,NULL,NULL,'this is a marquee 6 6YR9KNdGiD1H7Bz1','this is an intro 6 PZ0yuaItecjtdoHy','https://6.ezHP8pMVk7Ag45YJ.exterma;.com','https://6.uiRQwUE1dnoqGQ5c.video.com','https://6.c8elcgTJNuZsSLaj.chat.com',1,NULL,NULL,NULL,NULL,NULL,NULL,NULL,14,7),(264,'Sponsor','2024-06-21 11:34:09','2024-06-21 11:34:09',NULL,1,537,27,1,NULL,NULL,'this is a marquee 16 IccXex0yxHOnRFXD','this is an intro 16 nou5W9wNHEqPWqaH','https://16.TJauzrAkY38sSrDd.exterma;.com','https://16.0PYhvbXhQwiIvfpI.video.com','https://16.WcstCVC7Myc4mgh5.chat.com',1,NULL,NULL,NULL,NULL,NULL,NULL,NULL,14,17),(265,'Sponsor','2024-06-21 11:34:09','2024-06-21 11:34:09',NULL,1,529,27,1,NULL,NULL,'this is a marquee 8 TMmtvcgnfwcoA5rI','this is an intro 8 7r6jL0DpA9UjuovU','https://8.YnIsSFfqIAgErIvT.exterma;.com','https://8.D2FSGcIG9yzWRwM4.video.com','https://8.tqSjDtuWLAXdhGQE.chat.com',1,NULL,NULL,NULL,NULL,NULL,NULL,NULL,14,9),(266,'Sponsor','2024-06-21 11:34:09','2024-06-21 11:34:09',NULL,1,536,27,1,NULL,NULL,'this is a marquee 15 JopDOGSWQeWIoSY9','this is an intro 15 PpS2QMl9UqmkDGbE','https://15.rciiY5uuhnWvRmT0.exterma;.com','https://15.k2x9zYvREqQ8CrYS.video.com','https://15.uXsG7cMuxBuLVvpu.chat.com',1,NULL,NULL,NULL,NULL,NULL,NULL,NULL,14,16),(267,'Sponsor','2024-06-21 11:34:09','2024-06-21 11:34:09',NULL,1,540,27,1,NULL,NULL,'this is a marquee 19 n1W2skfMKI8xzuNb','this is an intro 19 DHR33PLgJeSprYOg','https://19.Rvbw8hPsg1JNTdZv.exterma;.com','https://19.FRGsCjm5lJnsH3oj.video.com','https://19.gkeyFPSiYM3Gi9eO.chat.com',1,NULL,NULL,NULL,NULL,NULL,NULL,NULL,14,20),(268,'Sponsor','2024-06-21 11:34:09','2024-06-21 11:34:09',NULL,1,521,27,1,NULL,NULL,'this is a marquee 0 A1jK5AZDcA57UU29','this is an intro 0 FGsZV3hhW2BxXhoJ','https://0.du1BjscfwCiJRcgz.exterma;.com','https://0.yAa3W4IoB7HJcICM.video.com','https://0.d20ePv99NKyJRTTT.chat.com',1,NULL,NULL,NULL,NULL,NULL,NULL,NULL,14,1),(269,'Sponsor','2024-06-21 11:34:09','2024-06-21 11:34:09',NULL,1,533,27,1,NULL,NULL,'this is a marquee 12 YjN9DaHlTCP7a6GY','this is an intro 12 WZOuj0Z1icPCD9P0','https://12.hzvUGzElMHjEx6qG.exterma;.com','https://12.Lch0s2wxCPB4AT7A.video.com','https://12.JPdIl7o5zFKRokK8.chat.com',1,NULL,NULL,NULL,NULL,NULL,NULL,NULL,14,13),(270,'Sponsor','2024-06-21 11:34:09','2024-06-21 11:34:09',NULL,1,534,27,1,NULL,NULL,'this is a marquee 13 KCEu1hPjnbCAgOMA','this is an intro 13 5VcAJ4bOVGsE4wxg','https://13.DynHwMClOwWytjVy.exterma;.com','https://13.Zmj2JMX4Qq3OcZWN.video.com','https://13.mzvbcVNvKhx5GFdZ.chat.com',1,NULL,NULL,NULL,NULL,NULL,NULL,NULL,14,14),(271,'Sponsor','2024-06-21 11:34:09','2024-06-21 11:34:09',NULL,1,531,27,1,NULL,NULL,'this is a marquee 10 1SQ9QpfsWOXYLNVt','this is an intro 10 0iNExreADi2jrlfm','https://10.ysCAQPSbXTk0TVQV.exterma;.com','https://10.FAJ4J0E9OHBogK6M.video.com','https://10.lXtMKkUnzoWqaugO.chat.com',1,NULL,NULL,NULL,NULL,NULL,NULL,NULL,14,11),(272,'Sponsor','2024-06-21 11:34:09','2024-06-21 11:34:09',NULL,1,522,27,1,NULL,NULL,'this is a marquee 1 Z9JIX1QMN9uibSnG','this is an intro 1 ZIizeUSrvgehV3aP','https://1.lilCmEho1LSgOalP.exterma;.com','https://1.NBNa2lKNRE2DgkuQ.video.com','https://1.HSE0i0llfq39NCxS.chat.com',1,NULL,NULL,NULL,NULL,NULL,NULL,NULL,14,2),(273,'Sponsor','2024-06-21 11:34:09','2024-06-21 11:34:09',NULL,1,538,27,1,NULL,NULL,'this is a marquee 17 eDig64o2hbmmfxgl','this is an intro 17 kPzUSoQ74sET4AFx','https://17.zDB9oX9oXC04hXyf.exterma;.com','https://17.ad5QPuHLPJTwhvRT.video.com','https://17.nXr0PGVfoFpjUv5e.chat.com',1,NULL,NULL,NULL,NULL,NULL,NULL,NULL,14,18),(274,'Sponsor','2024-06-21 11:34:09','2024-06-21 11:34:09',NULL,1,525,27,1,NULL,NULL,'this is a marquee 4 RAdjk2LYYNxBIcM1','this is an intro 4 U8l9eWdB8uhpVqbW','https://4.40E5kMYVEz08CleZ.exterma;.com','https://4.byOciecnwNjjJtye.video.com','https://4.YLAtyEOeU4AFNcgu.chat.com',1,NULL,NULL,NULL,NULL,NULL,NULL,NULL,14,5),(275,'Sponsor','2024-06-21 11:34:09','2024-06-21 11:34:09',NULL,1,524,27,1,NULL,NULL,'this is a marquee 3 MYoBau4aMd3Rrkpb','this is an intro 3 DlnoqOEJtc8YiB46','https://3.3YtFhNlpvkUF8CkH.exterma;.com','https://3.VoC34wWLQbNRmLAT.video.com','https://3.Mu7vPOOdTuCCr7C2.chat.com',1,NULL,NULL,NULL,NULL,NULL,NULL,NULL,14,4),(276,'Sponsor','2024-06-21 11:34:09','2024-06-21 11:34:09',NULL,1,526,27,1,NULL,NULL,'this is a marquee 5 1OisRAFXEc7xPwzb','this is an intro 5 l2n4UFXnOk7FhGI1','https://5.tehM7wGyeNRxaQSp.exterma;.com','https://5.ZimcMhZfjFdXWvBk.video.com','https://5.7mkdrZSartDalcRe.chat.com',1,NULL,NULL,NULL,NULL,NULL,NULL,NULL,14,6),(277,'Sponsor','2024-06-21 11:34:09','2024-06-21 11:34:09',NULL,1,530,27,1,NULL,NULL,'this is a marquee 9 tbasHio5Vw9bx0zD','this is an intro 9 GMEAQcSZ0PSxkaH0','https://9.g3OkE52aTvoPjOPH.exterma;.com','https://9.Ooxl0jyCuDONP9L7.video.com','https://9.s1mle2bqyeL84aAG.chat.com',1,NULL,NULL,NULL,NULL,NULL,NULL,NULL,14,10),(278,'Sponsor','2024-06-21 11:34:09','2024-06-21 11:34:09',NULL,1,532,27,1,NULL,NULL,'this is a marquee 11 VGNwbYsg6vBPHDRi','this is an intro 11 dCpE6t6tZaME9KPm','https://11.ZZUhGmIr47K5Aahm.exterma;.com','https://11.Z23LsarseJ8thC73.video.com','https://11.fovapqTZ3d7lKZJ5.chat.com',1,NULL,NULL,NULL,NULL,NULL,NULL,NULL,14,12),(279,'Sponsor','2024-06-21 11:34:09','2024-06-21 11:34:09',NULL,1,535,27,1,NULL,NULL,'this is a marquee 14 k9srLEYDjWyXeqHi','this is an intro 14 oY3bB1K61i8YvvnJ','https://14.bWE9JYNPN7dnR84g.exterma;.com','https://14.in7pSXE6Kw7ztOBK.video.com','https://14.5Fbcrhn8hbBFAeLh.chat.com',1,NULL,NULL,NULL,NULL,NULL,NULL,NULL,14,15),(280,'Sponsor','2024-06-21 11:34:09','2024-06-21 11:34:09',NULL,1,539,27,1,NULL,NULL,'this is a marquee 18 h8nTWWM35DpygNA2','this is an intro 18 rBzMaekuoMMyNZ5p','https://18.Et5vuCgRqOzZx3MF.exterma;.com','https://18.anNq23YsR6ckCXMW.video.com','https://18.5EvHidd9FPutfo8E.chat.com',1,NULL,NULL,NULL,NULL,NULL,NULL,NULL,14,19);
/*!40000 ALTER TABLE `Sponsor` ENABLE KEYS */;
UNLOCK TABLES;

--
-- Table structure for table `SponsorAd`
--

DROP TABLE IF EXISTS `SponsorAd`;
/*!40101 SET @saved_cs_client     = @@character_set_client */;
/*!50503 SET character_set_client = utf8mb4 */;
CREATE TABLE `SponsorAd` (
  `ID` int NOT NULL AUTO_INCREMENT,
  `ClassName` varchar(255) COLLATE utf8mb3_unicode_ci NOT NULL DEFAULT 'SponsorAd',
  `Created` datetime NOT NULL,
  `LastEdited` datetime NOT NULL,
  `Link` varchar(255) COLLATE utf8mb3_unicode_ci DEFAULT NULL,
  `Alt` varchar(255) COLLATE utf8mb3_unicode_ci DEFAULT NULL,
  `Text` varchar(255) COLLATE utf8mb3_unicode_ci DEFAULT NULL,
  `CustomOrder` int NOT NULL DEFAULT '1',
  `SponsorID` int DEFAULT NULL,
  `ImageID` int DEFAULT NULL,
  PRIMARY KEY (`ID`),
  KEY `ClassName` (`ClassName`),
  KEY `ImageID` (`ImageID`),
  KEY `SponsorID` (`SponsorID`),
  CONSTRAINT `FK_SponsorAd_Image` FOREIGN KEY (`ImageID`) REFERENCES `File` (`ID`) ON DELETE CASCADE,
  CONSTRAINT `FK_SponsorAd_Sponsor` FOREIGN KEY (`SponsorID`) REFERENCES `Sponsor` (`ID`) ON DELETE CASCADE
) ENGINE=InnoDB AUTO_INCREMENT=2801 DEFAULT CHARSET=utf8mb3 COLLATE=utf8mb3_unicode_ci;
/*!40101 SET character_set_client = @saved_cs_client */;

--
-- Dumping data for table `SponsorAd`
--

LOCK TABLES `SponsorAd` WRITE;
/*!40000 ALTER TABLE `SponsorAd` DISABLE KEYS */;
INSERT INTO `SponsorAd` VALUES (2601,'SponsorAd','2024-06-21 11:34:09','2024-06-21 11:34:09','https://0.0.Mjql1GsTyN.com','Alt Text 0 0 NXaBUGiBO0U6lZlH','Text 0 0 lMWBxfV2ZLOZ4gPW',1,268,NULL),(2602,'SponsorAd','2024-06-21 11:34:09','2024-06-21 11:34:09','https://0.1.6M3buuzb7H.com','Alt Text 0 1 fiegPAgduV12vf2t','Text 0 1 K7K26ov2oDnGecNr',2,268,NULL),(2603,'SponsorAd','2024-06-21 11:34:09','2024-06-21 11:34:09','https://0.2.JZBCjsWJGK.com','Alt Text 0 2 06f8FN9wvBbYZ1Vo','Text 0 2 wFnpiSjkyEEWK0P4',3,268,NULL),(2604,'SponsorAd','2024-06-21 11:34:09','2024-06-21 11:34:09','https://0.3.0SKai8z7VR.com','Alt Text 0 3 WRrmMk0rI561pNZC','Text 0 3 g4Jc99x6FCijKhKP',4,268,NULL),(2605,'SponsorAd','2024-06-21 11:34:09','2024-06-21 11:34:09','https://0.4.fy0SGlNUtN.com','Alt Text 0 4 0yBWuIxRYNpXU4hj','Text 0 4 5c10qt4vdhSx3jWW',5,268,NULL),(2606,'SponsorAd','2024-06-21 11:34:09','2024-06-21 11:34:09','https://0.5.cm3poX1xHk.com','Alt Text 0 5 tvbvK6Ueo1FNO3MQ','Text 0 5 3Kfe7jL13WmErrp5',6,268,NULL),(2607,'SponsorAd','2024-06-21 11:34:09','2024-06-21 11:34:09','https://0.6.vzcbbCuwjc.com','Alt Text 0 6 rGcg5nxJ5yEblPZG','Text 0 6 DT3yAU8hqAT6Uh0e',7,268,NULL),(2608,'SponsorAd','2024-06-21 11:34:09','2024-06-21 11:34:09','https://0.7.iuhuzVPRzS.com','Alt Text 0 7 2aX8F0QsIbyE3d6s','Text 0 7 LFQgwoZWOSIOittV',8,268,NULL),(2609,'SponsorAd','2024-06-21 11:34:09','2024-06-21 11:34:09','https://0.8.7kC30c29KX.com','Alt Text 0 8 M99uIewC9M43CAKh','Text 0 8 9QBDo6OD2A6yfSzW',9,268,NULL),(2610,'SponsorAd','2024-06-21 11:34:09','2024-06-21 11:34:09','https://0.9.ctphP2GAUD.com','Alt Text 0 9 hn8g4IRoxT0bCS93','Text 0 9 2afKj4ZIi1kSfOPU',10,268,NULL),(2611,'SponsorAd','2024-06-21 11:34:09','2024-06-21 11:34:09','https://1.0.TGgtDxUmJY.com','Alt Text 1 0 vlza2rJEAirDcDWE','Text 1 0 zSKcZWd3o8uuPNa8',1,272,NULL),(2612,'SponsorAd','2024-06-21 11:34:09','2024-06-21 11:34:09','https://1.1.CR6WjwAUHr.com','Alt Text 1 1 eizRagFyMXIKbNmJ','Text 1 1 jFdscXYazpvfcz8k',2,272,NULL),(2613,'SponsorAd','2024-06-21 11:34:09','2024-06-21 11:34:09','https://1.2.jo5rIsvaak.com','Alt Text 1 2 k5ACY2ncyXOVFN3a','Text 1 2 NjmsLzx2ohqC6wSV',3,272,NULL),(2614,'SponsorAd','2024-06-21 11:34:09','2024-06-21 11:34:09','https://1.3.6yBdX6ct0W.com','Alt Text 1 3 X3hkQjnIwL07MRON','Text 1 3 zYy0tF5hmgZO3q9T',4,272,NULL),(2615,'SponsorAd','2024-06-21 11:34:09','2024-06-21 11:34:09','https://1.4.FPzUyIFs3d.com','Alt Text 1 4 DQExW0bsk9OGO4Vz','Text 1 4 vB1mRsC1ZuCSrzk0',5,272,NULL),(2616,'SponsorAd','2024-06-21 11:34:09','2024-06-21 11:34:09','https://1.5.8OpQL7t5DM.com','Alt Text 1 5 oEhXGXeLAnFwNG2x','Text 1 5 JXdcnor3Qy1nOWEp',6,272,NULL),(2617,'SponsorAd','2024-06-21 11:34:09','2024-06-21 11:34:09','https://1.6.ykFiV9ZnVw.com','Alt Text 1 6 ZQD0DajW5hVniDOP','Text 1 6 gXpdmilRj9CWDqQH',7,272,NULL),(2618,'SponsorAd','2024-06-21 11:34:09','2024-06-21 11:34:09','https://1.7.vmhTtaPw6n.com','Alt Text 1 7 kMZHYDse9CxteFUe','Text 1 7 XDhqyGZ9qV5NxS0R',8,272,NULL),(2619,'SponsorAd','2024-06-21 11:34:09','2024-06-21 11:34:09','https://1.8.VhPT1AqVf8.com','Alt Text 1 8 MuJqDwt8q23iNRRL','Text 1 8 FqAcVOy2jxh7sWgR',9,272,NULL),(2620,'SponsorAd','2024-06-21 11:34:09','2024-06-21 11:34:09','https://1.9.MnNQ0SKkgn.com','Alt Text 1 9 HxAYAZ35MubkymBi','Text 1 9 QQTKWtrgpVzLCSQ9',10,272,NULL),(2621,'SponsorAd','2024-06-21 11:34:09','2024-06-21 11:34:09','https://2.0.D8Igi1snRc.com','Alt Text 2 0 MGeLFXIbgJjY6k3s','Text 2 0 P90F5kM9lFonWQHn',1,262,NULL),(2622,'SponsorAd','2024-06-21 11:34:09','2024-06-21 11:34:09','https://2.1.X5nDXPRxxk.com','Alt Text 2 1 mmtu0eaqa9cVWI1R','Text 2 1 ysICtZcKj1LPhEcL',2,262,NULL),(2623,'SponsorAd','2024-06-21 11:34:09','2024-06-21 11:34:09','https://2.2.b0PennbP4n.com','Alt Text 2 2 PG2JvuQ3X80kdSVm','Text 2 2 kwtzpHkXGMOKEJ0U',3,262,NULL),(2624,'SponsorAd','2024-06-21 11:34:09','2024-06-21 11:34:09','https://2.3.zV19n0mMWQ.com','Alt Text 2 3 MxfmO49zoNrS4AOF','Text 2 3 2czoXJ7DMjEKzjL4',4,262,NULL),(2625,'SponsorAd','2024-06-21 11:34:09','2024-06-21 11:34:09','https://2.4.5VbIJtnuxO.com','Alt Text 2 4 fHZQQMpQL78Zm0PR','Text 2 4 0iqEsLOawKbNlbEG',5,262,NULL),(2626,'SponsorAd','2024-06-21 11:34:09','2024-06-21 11:34:09','https://2.5.kZe10yUpD7.com','Alt Text 2 5 vB0h5iK47yfDEATS','Text 2 5 PqSAzLBU2qQHt6jY',6,262,NULL),(2627,'SponsorAd','2024-06-21 11:34:09','2024-06-21 11:34:09','https://2.6.VsvklwOayL.com','Alt Text 2 6 Tp9Svml0MtfUIgNM','Text 2 6 QHnHKEIg5Yt6qS9z',7,262,NULL),(2628,'SponsorAd','2024-06-21 11:34:09','2024-06-21 11:34:09','https://2.7.DnddqlDZk4.com','Alt Text 2 7 JlcyDCb4P1dMsXH7','Text 2 7 MngLGJQwdpkqHtkS',8,262,NULL),(2629,'SponsorAd','2024-06-21 11:34:09','2024-06-21 11:34:09','https://2.8.r9Xsv3ZtDj.com','Alt Text 2 8 Zf3NeGW7xsNO83q2','Text 2 8 06RlPrl4iOhBt5Gt',9,262,NULL),(2630,'SponsorAd','2024-06-21 11:34:09','2024-06-21 11:34:09','https://2.9.jbkU7hfyc0.com','Alt Text 2 9 Ed10IeSp8nJtENNb','Text 2 9 IwAVikhGS8Yok5gL',10,262,NULL),(2631,'SponsorAd','2024-06-21 11:34:09','2024-06-21 11:34:09','https://3.0.agK7FGQQX4.com','Alt Text 3 0 81djXLCRPeo40II8','Text 3 0 ZubwVRbzZwInbrwF',1,275,NULL),(2632,'SponsorAd','2024-06-21 11:34:09','2024-06-21 11:34:09','https://3.1.QLS0sQXJUd.com','Alt Text 3 1 8ni1Pbjtugp16ggL','Text 3 1 NYmkenEKyeqW6olh',2,275,NULL),(2633,'SponsorAd','2024-06-21 11:34:09','2024-06-21 11:34:09','https://3.2.XGiZlZARCp.com','Alt Text 3 2 kEPo4dFLklNpPKFP','Text 3 2 g9j9M8bXjIkFglAM',3,275,NULL),(2634,'SponsorAd','2024-06-21 11:34:09','2024-06-21 11:34:09','https://3.3.LBGR8vQJP8.com','Alt Text 3 3 LptJogBgquBTrEIr','Text 3 3 3WlaBPKHGunFpP9B',4,275,NULL),(2635,'SponsorAd','2024-06-21 11:34:09','2024-06-21 11:34:09','https://3.4.dVcVYOQsyH.com','Alt Text 3 4 a38eEMeZn8DlXsJp','Text 3 4 GeZmqerUn7fq2UiL',5,275,NULL),(2636,'SponsorAd','2024-06-21 11:34:09','2024-06-21 11:34:09','https://3.5.2XsT7V5cr9.com','Alt Text 3 5 pMQ2Sgqidtr0MQZP','Text 3 5 KlGRDUGvesrX6w6g',6,275,NULL),(2637,'SponsorAd','2024-06-21 11:34:09','2024-06-21 11:34:09','https://3.6.Usk35sHxYh.com','Alt Text 3 6 6m1j8a0nFTtAaTA0','Text 3 6 kusGEL2VGaZ1vLKX',7,275,NULL),(2638,'SponsorAd','2024-06-21 11:34:09','2024-06-21 11:34:09','https://3.7.9FASC59qtw.com','Alt Text 3 7 9ByIfockefSbLKPJ','Text 3 7 qa9y6wca85oneQg1',8,275,NULL),(2639,'SponsorAd','2024-06-21 11:34:09','2024-06-21 11:34:09','https://3.8.ipICD6nbhL.com','Alt Text 3 8 U1xxHUAuDYVMGIOo','Text 3 8 gVmbOo0CwviFTzjU',9,275,NULL),(2640,'SponsorAd','2024-06-21 11:34:09','2024-06-21 11:34:09','https://3.9.o8YKldXgyF.com','Alt Text 3 9 aS46T5EluXN1KS22','Text 3 9 aBZv8WG8PHTxsbm4',10,275,NULL),(2641,'SponsorAd','2024-06-21 11:34:09','2024-06-21 11:34:09','https://4.0.FjIqMp7lw4.com','Alt Text 4 0 K2QoIBBTFFRmbbqY','Text 4 0 Y656SVvrkBUBa0HH',1,274,NULL),(2642,'SponsorAd','2024-06-21 11:34:09','2024-06-21 11:34:09','https://4.1.8NGIOt4WKr.com','Alt Text 4 1 ZxcrjwGUybbbvLc9','Text 4 1 poiQZyhKLdUtZuSj',2,274,NULL),(2643,'SponsorAd','2024-06-21 11:34:09','2024-06-21 11:34:09','https://4.2.vfCOjFQWxX.com','Alt Text 4 2 AhqCCvhhgo5Qa2xh','Text 4 2 U4IwDm0QCejgLevE',3,274,NULL),(2644,'SponsorAd','2024-06-21 11:34:09','2024-06-21 11:34:09','https://4.3.97bTiUhCNg.com','Alt Text 4 3 sopSU200NnsdQwQz','Text 4 3 TbP8B7pDcZqflXa7',4,274,NULL),(2645,'SponsorAd','2024-06-21 11:34:09','2024-06-21 11:34:09','https://4.4.Dz6NEvZ2YL.com','Alt Text 4 4 epbHHMi8FteIWNNq','Text 4 4 8zJ4Zxm6ESNiRTCT',5,274,NULL),(2646,'SponsorAd','2024-06-21 11:34:09','2024-06-21 11:34:09','https://4.5.2vpdaPg3P7.com','Alt Text 4 5 mvUy9Ct1ekz1OEeD','Text 4 5 nNVHZXTgRjYTOt4U',6,274,NULL),(2647,'SponsorAd','2024-06-21 11:34:09','2024-06-21 11:34:09','https://4.6.oWXO1YrZIe.com','Alt Text 4 6 Yk9zcmN0LbVPP0vK','Text 4 6 nqFAZ6KEDoPQ5beS',7,274,NULL),(2648,'SponsorAd','2024-06-21 11:34:09','2024-06-21 11:34:09','https://4.7.M0h9FKokpe.com','Alt Text 4 7 Y06ZLv4yKgsY3bt6','Text 4 7 SCwmnkMWH61QdIZY',8,274,NULL),(2649,'SponsorAd','2024-06-21 11:34:09','2024-06-21 11:34:09','https://4.8.09VCJmkl0G.com','Alt Text 4 8 wy5MKC6gMScEMcYu','Text 4 8 TdBqmGmmE6X8RxLq',9,274,NULL),(2650,'SponsorAd','2024-06-21 11:34:09','2024-06-21 11:34:09','https://4.9.qL3QLPQgS7.com','Alt Text 4 9 eplgvVaaUh7rGGJV','Text 4 9 RSAzUNgFdIip9LKn',10,274,NULL),(2651,'SponsorAd','2024-06-21 11:34:09','2024-06-21 11:34:09','https://5.0.U81CDggHB3.com','Alt Text 5 0 OdxwxhybMZjYBvS4','Text 5 0 Y4qS0JOvGtdbQEvi',1,276,NULL),(2652,'SponsorAd','2024-06-21 11:34:09','2024-06-21 11:34:09','https://5.1.hlnyuw7cY3.com','Alt Text 5 1 2fXvRW90Uk38neYc','Text 5 1 Fj1By5opdkIAtZfj',2,276,NULL),(2653,'SponsorAd','2024-06-21 11:34:09','2024-06-21 11:34:09','https://5.2.qCQqyBxIXJ.com','Alt Text 5 2 cNsFUdDwtuRsBenK','Text 5 2 0wP7UKuxKwURFamU',3,276,NULL),(2654,'SponsorAd','2024-06-21 11:34:09','2024-06-21 11:34:09','https://5.3.Uv3YfUvfO1.com','Alt Text 5 3 p8xOF6XhxzVQifAI','Text 5 3 IgRDB2t2YXdyB1ud',4,276,NULL),(2655,'SponsorAd','2024-06-21 11:34:09','2024-06-21 11:34:09','https://5.4.fyQe53sOnw.com','Alt Text 5 4 gfI3SmWaz8CSeG5G','Text 5 4 CNKqfe63zLp7w1m5',5,276,NULL),(2656,'SponsorAd','2024-06-21 11:34:09','2024-06-21 11:34:09','https://5.5.AZG0QeUZnv.com','Alt Text 5 5 dEVxPYY6r4lzbnnZ','Text 5 5 SQr5Nn1HZCWB1FVc',6,276,NULL),(2657,'SponsorAd','2024-06-21 11:34:09','2024-06-21 11:34:09','https://5.6.kjVgNR1MLp.com','Alt Text 5 6 TqUN70VJrCKmlije','Text 5 6 xAdq8aRvShgUWFwx',7,276,NULL),(2658,'SponsorAd','2024-06-21 11:34:09','2024-06-21 11:34:09','https://5.7.Fp22ksJsU3.com','Alt Text 5 7 BBlO3R9aX1MiPoyP','Text 5 7 3D93ASkBKK3hxlnt',8,276,NULL),(2659,'SponsorAd','2024-06-21 11:34:09','2024-06-21 11:34:09','https://5.8.ziWHq6pmTi.com','Alt Text 5 8 nZmhHKbXJN6iT876','Text 5 8 kv36KDdsAkDMidhG',9,276,NULL),(2660,'SponsorAd','2024-06-21 11:34:09','2024-06-21 11:34:09','https://5.9.Et3iQX2st6.com','Alt Text 5 9 uA8c0C8OhIo6FrAb','Text 5 9 WrdRHZ4mulRqhwwh',10,276,NULL),(2661,'SponsorAd','2024-06-21 11:34:09','2024-06-21 11:34:09','https://6.0.N9SmVI1UXF.com','Alt Text 6 0 KGdUbUADGdbTbirG','Text 6 0 sI2TvmsAcBOgVS3n',1,263,NULL),(2662,'SponsorAd','2024-06-21 11:34:09','2024-06-21 11:34:09','https://6.1.ZI5dD8twuL.com','Alt Text 6 1 eN66NnifS1ek5IKb','Text 6 1 V8fZkunexoyzRg2X',2,263,NULL),(2663,'SponsorAd','2024-06-21 11:34:09','2024-06-21 11:34:09','https://6.2.eohRQcgUHP.com','Alt Text 6 2 wZzssKlamQjOIALp','Text 6 2 SMPK6VR6Wnc70jSy',3,263,NULL),(2664,'SponsorAd','2024-06-21 11:34:09','2024-06-21 11:34:09','https://6.3.KUNOi0LkOw.com','Alt Text 6 3 NwN32gERs2RVU5dU','Text 6 3 Hcuq8AIe3G6HKaI9',4,263,NULL),(2665,'SponsorAd','2024-06-21 11:34:09','2024-06-21 11:34:09','https://6.4.J1dEVLDB1u.com','Alt Text 6 4 5fJCzedQkrMxwhf8','Text 6 4 8GFyeKluAPC7EvsZ',5,263,NULL),(2666,'SponsorAd','2024-06-21 11:34:09','2024-06-21 11:34:09','https://6.5.I2EBGBKqkp.com','Alt Text 6 5 5DpCkkpXyWigqidw','Text 6 5 XSOKn1j98tVSWCrm',6,263,NULL),(2667,'SponsorAd','2024-06-21 11:34:09','2024-06-21 11:34:09','https://6.6.AQPmi54fkX.com','Alt Text 6 6 ELR7V7xtV3QZPwlM','Text 6 6 F0X1TAXsb3mtFYaf',7,263,NULL),(2668,'SponsorAd','2024-06-21 11:34:09','2024-06-21 11:34:09','https://6.7.A8u4kA5hfv.com','Alt Text 6 7 xVSCbHiiGtZOyhWd','Text 6 7 ZjKl3qZj0vq14Gv7',8,263,NULL),(2669,'SponsorAd','2024-06-21 11:34:09','2024-06-21 11:34:09','https://6.8.mDGm09mdZE.com','Alt Text 6 8 Jrk9MFgYlqdRBzCz','Text 6 8 P7NCV2fXVOoMAYMQ',9,263,NULL),(2670,'SponsorAd','2024-06-21 11:34:09','2024-06-21 11:34:09','https://6.9.mToeHg6cbF.com','Alt Text 6 9 QGM89BJ5tTV5o2We','Text 6 9 kAAips9Wp2fwAYoO',10,263,NULL),(2671,'SponsorAd','2024-06-21 11:34:09','2024-06-21 11:34:09','https://7.0.tyj92q0Q4R.com','Alt Text 7 0 8r5wQJV7gMNvIqNj','Text 7 0 sWVax4OxbHySqqsp',1,261,NULL),(2672,'SponsorAd','2024-06-21 11:34:09','2024-06-21 11:34:09','https://7.1.4FELAVEEEX.com','Alt Text 7 1 chtfF4f3NFyuXrRF','Text 7 1 oSfUdbpLubEXx0kV',2,261,NULL),(2673,'SponsorAd','2024-06-21 11:34:09','2024-06-21 11:34:09','https://7.2.boVeT6NUqB.com','Alt Text 7 2 HULET0vI0nv08zPi','Text 7 2 tLe217RlwWbEsM6f',3,261,NULL),(2674,'SponsorAd','2024-06-21 11:34:09','2024-06-21 11:34:09','https://7.3.VuM1FbfkYN.com','Alt Text 7 3 Z0X7Fhzvgi7jrN7a','Text 7 3 OS9sG9YjIWuIOEed',4,261,NULL),(2675,'SponsorAd','2024-06-21 11:34:09','2024-06-21 11:34:09','https://7.4.PYfSM8aqkI.com','Alt Text 7 4 fbxl4DeNnk36slpm','Text 7 4 RvsgXwd7YVlYVCUM',5,261,NULL),(2676,'SponsorAd','2024-06-21 11:34:09','2024-06-21 11:34:09','https://7.5.bLsbxsVroB.com','Alt Text 7 5 fqlz6TF9DTPosfe2','Text 7 5 CUEKcru4Q16V1S0B',6,261,NULL),(2677,'SponsorAd','2024-06-21 11:34:09','2024-06-21 11:34:09','https://7.6.qM1b11Yuo1.com','Alt Text 7 6 PkOauRHPSuNY0mVn','Text 7 6 EH4JrrJrOQVDq1mL',7,261,NULL),(2678,'SponsorAd','2024-06-21 11:34:09','2024-06-21 11:34:09','https://7.7.q0ZNfi6Qa8.com','Alt Text 7 7 6q9n7iKPvzqc984c','Text 7 7 dErGiC2gCWscSGiK',8,261,NULL),(2679,'SponsorAd','2024-06-21 11:34:09','2024-06-21 11:34:09','https://7.8.WqjH0FQYJj.com','Alt Text 7 8 78EAnGpQBCcAUFdI','Text 7 8 LNr6x4hXdQZMGiMc',9,261,NULL),(2680,'SponsorAd','2024-06-21 11:34:09','2024-06-21 11:34:09','https://7.9.hP0eWorC8h.com','Alt Text 7 9 CftgE3F90U3QF78y','Text 7 9 b1roeZld5gRBAFgn',10,261,NULL),(2681,'SponsorAd','2024-06-21 11:34:09','2024-06-21 11:34:09','https://8.0.jbNT5lDLV6.com','Alt Text 8 0 qNN7LVwATXxV3Ufx','Text 8 0 ztsyWdfVVLkt1TjG',1,265,NULL),(2682,'SponsorAd','2024-06-21 11:34:09','2024-06-21 11:34:09','https://8.1.5EexJiGyC4.com','Alt Text 8 1 Yhsgk9YsmixpxFgA','Text 8 1 cWwwRI6OHBrTJjvw',2,265,NULL),(2683,'SponsorAd','2024-06-21 11:34:09','2024-06-21 11:34:09','https://8.2.072JwRd3D5.com','Alt Text 8 2 AC0tQUHZVhQ8IjjZ','Text 8 2 H9tEneNGuRdXhlw9',3,265,NULL),(2684,'SponsorAd','2024-06-21 11:34:09','2024-06-21 11:34:09','https://8.3.9MWBGg04KY.com','Alt Text 8 3 qnCxt7hr0w5r5TsG','Text 8 3 SulNvt04pTvfa96W',4,265,NULL),(2685,'SponsorAd','2024-06-21 11:34:09','2024-06-21 11:34:09','https://8.4.PYIVCHFr5X.com','Alt Text 8 4 rs4ncTZuXjSyRZFs','Text 8 4 EQW3385U8leuGUiX',5,265,NULL),(2686,'SponsorAd','2024-06-21 11:34:09','2024-06-21 11:34:09','https://8.5.s4GNbfOGoO.com','Alt Text 8 5 dAmrRkIyYXVieBGv','Text 8 5 8Dx5oVf24CRo66sW',6,265,NULL),(2687,'SponsorAd','2024-06-21 11:34:09','2024-06-21 11:34:09','https://8.6.Epzj5yxsLY.com','Alt Text 8 6 QHLxHHEiow2tmjru','Text 8 6 kvQd3joRVh7yhzIh',7,265,NULL),(2688,'SponsorAd','2024-06-21 11:34:09','2024-06-21 11:34:09','https://8.7.XZs5765Iw7.com','Alt Text 8 7 eGcAK8wjHgj07zlD','Text 8 7 aYYfnXCEUPssKkm7',8,265,NULL),(2689,'SponsorAd','2024-06-21 11:34:09','2024-06-21 11:34:09','https://8.8.KTwZjg3jxA.com','Alt Text 8 8 V27kNLxvVugiNaSo','Text 8 8 W6SOIMAv6A4b2C5Q',9,265,NULL),(2690,'SponsorAd','2024-06-21 11:34:09','2024-06-21 11:34:09','https://8.9.Nl01HXNqfY.com','Alt Text 8 9 L1sdHztO4EMZfH4K','Text 8 9 NLsgao6dCz0cSi9O',10,265,NULL),(2691,'SponsorAd','2024-06-21 11:34:09','2024-06-21 11:34:09','https://9.0.GYS3nKfShc.com','Alt Text 9 0 ePUGP1OXF74Og2Fa','Text 9 0 dbOUnvBi1Ba3Qeex',1,277,NULL),(2692,'SponsorAd','2024-06-21 11:34:09','2024-06-21 11:34:09','https://9.1.wb7kSGyDE7.com','Alt Text 9 1 YHtTvgSZraRU2bDF','Text 9 1 AUf1qngRi1dNe4H3',2,277,NULL),(2693,'SponsorAd','2024-06-21 11:34:09','2024-06-21 11:34:09','https://9.2.yZEGZcrFhR.com','Alt Text 9 2 L9XNHJHkPNKCTURt','Text 9 2 OHfu0ZXem71Hiz4t',3,277,NULL),(2694,'SponsorAd','2024-06-21 11:34:09','2024-06-21 11:34:09','https://9.3.9Djk7bxYwb.com','Alt Text 9 3 wCelqCOEPmrme0rn','Text 9 3 hJUwrPR04LMuR5md',4,277,NULL),(2695,'SponsorAd','2024-06-21 11:34:09','2024-06-21 11:34:09','https://9.4.uoNsUK54Vj.com','Alt Text 9 4 TnIw30l6yNocmUwj','Text 9 4 wjA4GwT3C12UQq1S',5,277,NULL),(2696,'SponsorAd','2024-06-21 11:34:09','2024-06-21 11:34:09','https://9.5.aZZeR5QVdR.com','Alt Text 9 5 VMWlgVsjxGjhpPmi','Text 9 5 V4NJ0FBqqPeaGXY0',6,277,NULL),(2697,'SponsorAd','2024-06-21 11:34:09','2024-06-21 11:34:09','https://9.6.8ES5eSojWW.com','Alt Text 9 6 jKsZm1mupsWwxLmO','Text 9 6 dHswEQUQGkRY0YF3',7,277,NULL),(2698,'SponsorAd','2024-06-21 11:34:09','2024-06-21 11:34:09','https://9.7.8BgO90pNgv.com','Alt Text 9 7 c6W3jBTsu6ln2Nkk','Text 9 7 PVfPIVw3BSefZlTl',8,277,NULL),(2699,'SponsorAd','2024-06-21 11:34:09','2024-06-21 11:34:09','https://9.8.JBZeYv9cnD.com','Alt Text 9 8 SgMc4RaNxTZVygL4','Text 9 8 wuc3xY5jm5zKkMut',9,277,NULL),(2700,'SponsorAd','2024-06-21 11:34:09','2024-06-21 11:34:09','https://9.9.nOdQHMFTTL.com','Alt Text 9 9 8i1R9me5JB8Ia58e','Text 9 9 5q7la4VZYctFZO09',10,277,NULL),(2701,'SponsorAd','2024-06-21 11:34:09','2024-06-21 11:34:09','https://10.0.ShrFHLe8Rg.com','Alt Text 10 0 UZDAgh7lPWuLgP8X','Text 10 0 B2O2nZxl4deGgFeh',1,271,NULL),(2702,'SponsorAd','2024-06-21 11:34:09','2024-06-21 11:34:09','https://10.1.SN53avqDeH.com','Alt Text 10 1 Lr6pUExqCedSEWJ7','Text 10 1 vmD6LipnWbuyA2mc',2,271,NULL),(2703,'SponsorAd','2024-06-21 11:34:09','2024-06-21 11:34:09','https://10.2.oHjD3ottcK.com','Alt Text 10 2 7NvBsRN712NhK8ND','Text 10 2 qQfDB0IG2ZE2Rtq1',3,271,NULL),(2704,'SponsorAd','2024-06-21 11:34:09','2024-06-21 11:34:09','https://10.3.uTWmDqUq0z.com','Alt Text 10 3 ewAHnxhiXlh0Jfmu','Text 10 3 os9xHkur1sVavZMj',4,271,NULL),(2705,'SponsorAd','2024-06-21 11:34:09','2024-06-21 11:34:09','https://10.4.SAPaXFanYk.com','Alt Text 10 4 Qj9IbvEW2JHUyqMD','Text 10 4 9bdXLQUFYZ2u98Xz',5,271,NULL),(2706,'SponsorAd','2024-06-21 11:34:09','2024-06-21 11:34:09','https://10.5.RHhFpjZjRV.com','Alt Text 10 5 K9ZKNyL6ZCs7xW7k','Text 10 5 zAX3cyGbcGvzlI7e',6,271,NULL),(2707,'SponsorAd','2024-06-21 11:34:09','2024-06-21 11:34:09','https://10.6.kTAt1zuq1c.com','Alt Text 10 6 bSIGOesMM8Q2YJMa','Text 10 6 a4VdOtLthlPE19aj',7,271,NULL),(2708,'SponsorAd','2024-06-21 11:34:09','2024-06-21 11:34:09','https://10.7.mhQbtMLT3O.com','Alt Text 10 7 rY0Q1GJD7TSaBQTO','Text 10 7 v0nOe9BK2MV5rFus',8,271,NULL),(2709,'SponsorAd','2024-06-21 11:34:09','2024-06-21 11:34:09','https://10.8.3RuhX7Bqo3.com','Alt Text 10 8 wbvET1tilKAFinFn','Text 10 8 WE44HnDKxhYPiHGG',9,271,NULL),(2710,'SponsorAd','2024-06-21 11:34:09','2024-06-21 11:34:09','https://10.9.JfWsn2eqaf.com','Alt Text 10 9 xexOXfMVL9oje2ma','Text 10 9 qdJ21NrWKur5o63F',10,271,NULL),(2711,'SponsorAd','2024-06-21 11:34:09','2024-06-21 11:34:09','https://11.0.hLhjrlHDeo.com','Alt Text 11 0 fVAPdzGXZA7vdfS9','Text 11 0 BCZbCIIGT66fChYJ',1,278,NULL),(2712,'SponsorAd','2024-06-21 11:34:09','2024-06-21 11:34:09','https://11.1.gg9zh5kJ7T.com','Alt Text 11 1 EZn0DQ3EhWyjAgxb','Text 11 1 HlcpMWimo5aQYSHi',2,278,NULL),(2713,'SponsorAd','2024-06-21 11:34:09','2024-06-21 11:34:09','https://11.2.tBJKAvj8Wu.com','Alt Text 11 2 LRdmyXL91Kk7o8XY','Text 11 2 QCJ5uSK9lATtjavF',3,278,NULL),(2714,'SponsorAd','2024-06-21 11:34:09','2024-06-21 11:34:09','https://11.3.PlO1x29L1Y.com','Alt Text 11 3 BgCFmC0ErbHsA9mE','Text 11 3 dPTXt9xw8omPNVtM',4,278,NULL),(2715,'SponsorAd','2024-06-21 11:34:09','2024-06-21 11:34:09','https://11.4.i4nRJSQvNs.com','Alt Text 11 4 ypBUoy3kJCUipBAj','Text 11 4 bkBQET5YDOTDJvVs',5,278,NULL),(2716,'SponsorAd','2024-06-21 11:34:09','2024-06-21 11:34:09','https://11.5.l4HWIFYJpC.com','Alt Text 11 5 EkTr8rCKOYPWejwb','Text 11 5 W9wVXzS2GxIOSSrr',6,278,NULL),(2717,'SponsorAd','2024-06-21 11:34:09','2024-06-21 11:34:09','https://11.6.0lIngJaOuA.com','Alt Text 11 6 VJJxMUyjObCVrxpX','Text 11 6 svaYoNpZpHBFMcig',7,278,NULL),(2718,'SponsorAd','2024-06-21 11:34:09','2024-06-21 11:34:09','https://11.7.mC9OHEOGDt.com','Alt Text 11 7 qWIE3vzM1ASrNbnN','Text 11 7 yHXuisYaesKKsD97',8,278,NULL),(2719,'SponsorAd','2024-06-21 11:34:09','2024-06-21 11:34:09','https://11.8.4LA4PtjPex.com','Alt Text 11 8 t7z3Mum1sXwr8UaR','Text 11 8 qqpUtT1FKJonENGu',9,278,NULL),(2720,'SponsorAd','2024-06-21 11:34:09','2024-06-21 11:34:09','https://11.9.r6xXsdojPy.com','Alt Text 11 9 aCKqcaj67aVMM4Sa','Text 11 9 YSEXneI7UdEdLa4Z',10,278,NULL),(2721,'SponsorAd','2024-06-21 11:34:09','2024-06-21 11:34:09','https://12.0.rfR95X8xgO.com','Alt Text 12 0 AKdSAS5LVor2Ceg8','Text 12 0 RdaGI6QwBKJP8TXX',1,269,NULL),(2722,'SponsorAd','2024-06-21 11:34:09','2024-06-21 11:34:09','https://12.1.ls8W2jafT0.com','Alt Text 12 1 oGEoyHm9OrmDpaTG','Text 12 1 1jVRZgtmBLnlN4Ie',2,269,NULL),(2723,'SponsorAd','2024-06-21 11:34:09','2024-06-21 11:34:09','https://12.2.YBOoWxJUDq.com','Alt Text 12 2 U8Dp3T5Xiue1VB4m','Text 12 2 TYH4qBqdP6j1jCCo',3,269,NULL),(2724,'SponsorAd','2024-06-21 11:34:09','2024-06-21 11:34:09','https://12.3.guDHNvnJCZ.com','Alt Text 12 3 YHPEWxy0XTdKtMlE','Text 12 3 DEEZe5qpiHbLBjNu',4,269,NULL),(2725,'SponsorAd','2024-06-21 11:34:09','2024-06-21 11:34:09','https://12.4.wXL4YGTAYB.com','Alt Text 12 4 ysRrs4cFAV6iGJj9','Text 12 4 8XQocgSyZic7WvAq',5,269,NULL),(2726,'SponsorAd','2024-06-21 11:34:09','2024-06-21 11:34:09','https://12.5.ioQcbDKeN6.com','Alt Text 12 5 cHxjQNAsHHTLvj2i','Text 12 5 gZwmwaeRiDoMm6u2',6,269,NULL),(2727,'SponsorAd','2024-06-21 11:34:09','2024-06-21 11:34:09','https://12.6.1zWeJJvVdG.com','Alt Text 12 6 hAzDHoYysQH2F2d3','Text 12 6 wGOUNxEqLLhI3QRb',7,269,NULL),(2728,'SponsorAd','2024-06-21 11:34:09','2024-06-21 11:34:09','https://12.7.ugtCdBiff5.com','Alt Text 12 7 urJXeJcEDGvpKtRh','Text 12 7 Wpo8gf621lH7bDTg',8,269,NULL),(2729,'SponsorAd','2024-06-21 11:34:09','2024-06-21 11:34:09','https://12.8.QkN6xR0B4x.com','Alt Text 12 8 DJ5nAayzhdXoeVtF','Text 12 8 mL3MlYtsJm8r2C31',9,269,NULL),(2730,'SponsorAd','2024-06-21 11:34:09','2024-06-21 11:34:09','https://12.9.abXmHtOVc4.com','Alt Text 12 9 DfrLHLkQePfoPRym','Text 12 9 9eyTBBA1QseimeVZ',10,269,NULL),(2731,'SponsorAd','2024-06-21 11:34:09','2024-06-21 11:34:09','https://13.0.FKbStOZt3N.com','Alt Text 13 0 09J2160CuexrYtl7','Text 13 0 tu1Q1qvPvxy7jsM1',1,270,NULL),(2732,'SponsorAd','2024-06-21 11:34:09','2024-06-21 11:34:09','https://13.1.w5EYAqhNF5.com','Alt Text 13 1 z3iJjVeYaephQ14S','Text 13 1 xKZ7ygI00VbWYWu3',2,270,NULL),(2733,'SponsorAd','2024-06-21 11:34:09','2024-06-21 11:34:09','https://13.2.iChAOpjSmE.com','Alt Text 13 2 d3QlE2h4ibTCK6sM','Text 13 2 NUNVmCwVRDIAC5Uj',3,270,NULL),(2734,'SponsorAd','2024-06-21 11:34:09','2024-06-21 11:34:09','https://13.3.UMvqHbrlui.com','Alt Text 13 3 NZqSeLzn1buyBMwc','Text 13 3 Q7qaLAAfcClstBnm',4,270,NULL),(2735,'SponsorAd','2024-06-21 11:34:09','2024-06-21 11:34:09','https://13.4.OPbfoemebK.com','Alt Text 13 4 yhoCSlsmO6bl3Zfd','Text 13 4 B2unLri6SMmTTM3F',5,270,NULL),(2736,'SponsorAd','2024-06-21 11:34:09','2024-06-21 11:34:09','https://13.5.pFThPyDE9c.com','Alt Text 13 5 8lyvMuZXPASEXZ4A','Text 13 5 jhAr6siIK3UhbIay',6,270,NULL),(2737,'SponsorAd','2024-06-21 11:34:09','2024-06-21 11:34:09','https://13.6.lzLTTdLH0F.com','Alt Text 13 6 AxbuivaUzhqw6Luq','Text 13 6 YhueYtLrQQs9pS0j',7,270,NULL),(2738,'SponsorAd','2024-06-21 11:34:09','2024-06-21 11:34:09','https://13.7.Oulz8AXm27.com','Alt Text 13 7 J1Zu5LvAf1zQ5W6Y','Text 13 7 7fgt98PHNOF8Oe6f',8,270,NULL),(2739,'SponsorAd','2024-06-21 11:34:09','2024-06-21 11:34:09','https://13.8.Ohlb44AnbJ.com','Alt Text 13 8 5ujC77U1c0seVAgw','Text 13 8 yJyhMdLdXe9LQoSC',9,270,NULL),(2740,'SponsorAd','2024-06-21 11:34:09','2024-06-21 11:34:09','https://13.9.Tj9TdnmW6c.com','Alt Text 13 9 xJy94jy4siackkns','Text 13 9 6EPu61JPpklukTFR',10,270,NULL),(2741,'SponsorAd','2024-06-21 11:34:09','2024-06-21 11:34:09','https://14.0.CtDK6YeecO.com','Alt Text 14 0 oDKyt4UIvoy62dvO','Text 14 0 tOQLY6yUQwxI5izX',1,279,NULL),(2742,'SponsorAd','2024-06-21 11:34:09','2024-06-21 11:34:09','https://14.1.lHaNHuaUnz.com','Alt Text 14 1 K6PhHx3QwR2kF9JB','Text 14 1 3yLUG0Zceg6mLmlF',2,279,NULL),(2743,'SponsorAd','2024-06-21 11:34:09','2024-06-21 11:34:09','https://14.2.IHGAQnxn3e.com','Alt Text 14 2 x49fUDL8RNDQ6z2J','Text 14 2 7wazHZ0if44iCCqW',3,279,NULL),(2744,'SponsorAd','2024-06-21 11:34:09','2024-06-21 11:34:09','https://14.3.nuNb8Hyfik.com','Alt Text 14 3 6LEGN1uA6zUtCo4l','Text 14 3 otLz1rMDbt1BvIh6',4,279,NULL),(2745,'SponsorAd','2024-06-21 11:34:09','2024-06-21 11:34:09','https://14.4.2R78su8SfS.com','Alt Text 14 4 0MT3V9s40Dh0IFET','Text 14 4 EXT18ek2ZC73PxbR',5,279,NULL),(2746,'SponsorAd','2024-06-21 11:34:09','2024-06-21 11:34:09','https://14.5.EhgbFiw14O.com','Alt Text 14 5 ZpvR0OGJ6rGNbw9b','Text 14 5 iyFWnue0Et5AVpP3',6,279,NULL),(2747,'SponsorAd','2024-06-21 11:34:09','2024-06-21 11:34:09','https://14.6.Ve8ttud75i.com','Alt Text 14 6 R47zXW7OxbBQYTTv','Text 14 6 6eodaOViN9pZxLf3',7,279,NULL),(2748,'SponsorAd','2024-06-21 11:34:09','2024-06-21 11:34:09','https://14.7.ETL5sC0lp4.com','Alt Text 14 7 lvaSo3o36OzSJrs3','Text 14 7 5BtgyjgyTdBZ0tDJ',8,279,NULL),(2749,'SponsorAd','2024-06-21 11:34:09','2024-06-21 11:34:09','https://14.8.qshXfPOfzq.com','Alt Text 14 8 5y6PnXifZBc9wjnj','Text 14 8 O08whtZFvtoIkvyA',9,279,NULL),(2750,'SponsorAd','2024-06-21 11:34:09','2024-06-21 11:34:09','https://14.9.EpsBKwXtMG.com','Alt Text 14 9 mXlxnbwgM4vNEjv6','Text 14 9 4WOzYA4jDhLdlA8q',10,279,NULL),(2751,'SponsorAd','2024-06-21 11:34:09','2024-06-21 11:34:09','https://15.0.mr817T7bZE.com','Alt Text 15 0 BkByPBEHQdR621cj','Text 15 0 fdRJMEwu89n5zSlu',1,266,NULL),(2752,'SponsorAd','2024-06-21 11:34:09','2024-06-21 11:34:09','https://15.1.lLHyCmLVCF.com','Alt Text 15 1 lAS0xCI8MhwOjpYK','Text 15 1 kSl4cSdt494YvBV9',2,266,NULL),(2753,'SponsorAd','2024-06-21 11:34:09','2024-06-21 11:34:09','https://15.2.XU7OLJr6bW.com','Alt Text 15 2 VjwNf1PCM5BSTnAI','Text 15 2 09Tf1ErlP61eleWS',3,266,NULL),(2754,'SponsorAd','2024-06-21 11:34:09','2024-06-21 11:34:09','https://15.3.BsT5YZA7Wi.com','Alt Text 15 3 OgndxB2hfKENFrIE','Text 15 3 j05aXbhTgM3yYx4d',4,266,NULL),(2755,'SponsorAd','2024-06-21 11:34:09','2024-06-21 11:34:09','https://15.4.xxzijb5HvH.com','Alt Text 15 4 9GB2eB9xufqnW7j1','Text 15 4 MTT3EZQXRt1hdz2r',5,266,NULL),(2756,'SponsorAd','2024-06-21 11:34:09','2024-06-21 11:34:09','https://15.5.2mMRcB0eLg.com','Alt Text 15 5 fdrEZTuwLlm7g2VF','Text 15 5 nw8tht6uXpMoirR2',6,266,NULL),(2757,'SponsorAd','2024-06-21 11:34:09','2024-06-21 11:34:09','https://15.6.NiiVXmViSM.com','Alt Text 15 6 tyBY0wZV6HcueRZo','Text 15 6 kub2ahtRd5WV2V38',7,266,NULL),(2758,'SponsorAd','2024-06-21 11:34:09','2024-06-21 11:34:09','https://15.7.VijSfa1SuP.com','Alt Text 15 7 H5aRWOibBUs44z7G','Text 15 7 UgvB31Htr0WmgZfx',8,266,NULL),(2759,'SponsorAd','2024-06-21 11:34:09','2024-06-21 11:34:09','https://15.8.fq9mbh9eIz.com','Alt Text 15 8 9tGsUjyPYu2SMmPE','Text 15 8 piC1Ap5EBc8OptGO',9,266,NULL),(2760,'SponsorAd','2024-06-21 11:34:09','2024-06-21 11:34:09','https://15.9.HbmlzFc2v2.com','Alt Text 15 9 gaTaGJVRgcPqIVAk','Text 15 9 qccBtWoyq5j7D89q',10,266,NULL),(2761,'SponsorAd','2024-06-21 11:34:09','2024-06-21 11:34:09','https://16.0.f29Hzwu1wR.com','Alt Text 16 0 toV2QeEp2OjTPvtw','Text 16 0 kaiQtxV9tLWOM90R',1,264,NULL),(2762,'SponsorAd','2024-06-21 11:34:09','2024-06-21 11:34:09','https://16.1.nHW5OkJOII.com','Alt Text 16 1 7NggaT4lwTTkiUdR','Text 16 1 R1ZFOt8G4TJ5v5qi',2,264,NULL),(2763,'SponsorAd','2024-06-21 11:34:09','2024-06-21 11:34:09','https://16.2.U7rH3d3ENX.com','Alt Text 16 2 vSBG6gUtthNK1Efe','Text 16 2 lwKQiM2KmnZZ2WMO',3,264,NULL),(2764,'SponsorAd','2024-06-21 11:34:09','2024-06-21 11:34:09','https://16.3.0tXqi6eqLq.com','Alt Text 16 3 wSLLwEa9JCdWnYOV','Text 16 3 gck4Na4rBBHXZ9Q0',4,264,NULL),(2765,'SponsorAd','2024-06-21 11:34:09','2024-06-21 11:34:09','https://16.4.7JJFEQDf7K.com','Alt Text 16 4 tnnrFp1URGddwHkd','Text 16 4 vgevpQm8EDxF2aWw',5,264,NULL),(2766,'SponsorAd','2024-06-21 11:34:09','2024-06-21 11:34:09','https://16.5.vGN44ckNi8.com','Alt Text 16 5 e2QaJDrBR2F38YUu','Text 16 5 KywNTZLGqr5vHMxI',6,264,NULL),(2767,'SponsorAd','2024-06-21 11:34:09','2024-06-21 11:34:09','https://16.6.SVJAFooHea.com','Alt Text 16 6 iA41uPSz3DQuyUDI','Text 16 6 QTOVZv5M9AWVLGcV',7,264,NULL),(2768,'SponsorAd','2024-06-21 11:34:09','2024-06-21 11:34:09','https://16.7.4J7F0K8Kr2.com','Alt Text 16 7 Pr3fatTRqt3Fl1Wb','Text 16 7 WIUtk18NmlhMe0wo',8,264,NULL),(2769,'SponsorAd','2024-06-21 11:34:09','2024-06-21 11:34:09','https://16.8.sfuXX4Bini.com','Alt Text 16 8 Z08Jh0Dql5Qx13X6','Text 16 8 KflS1crEKlOsl0CR',9,264,NULL),(2770,'SponsorAd','2024-06-21 11:34:09','2024-06-21 11:34:09','https://16.9.jgkcBuG2Hz.com','Alt Text 16 9 nP67Z0W7YFcIGWUo','Text 16 9 WLYikdR1DTq3R1o2',10,264,NULL),(2771,'SponsorAd','2024-06-21 11:34:09','2024-06-21 11:34:09','https://17.0.iPHqjMapsX.com','Alt Text 17 0 iMJ0x1gVbs2pvcfM','Text 17 0 nKssRpxK71uQY39d',1,273,NULL),(2772,'SponsorAd','2024-06-21 11:34:09','2024-06-21 11:34:09','https://17.1.CJ8lboTVAf.com','Alt Text 17 1 QEF4y14OQeZgUq4n','Text 17 1 f32vQcE0RGrEa7A2',2,273,NULL),(2773,'SponsorAd','2024-06-21 11:34:09','2024-06-21 11:34:09','https://17.2.gAC3QKfTrH.com','Alt Text 17 2 9X2FrrHQ5XfpNQ8j','Text 17 2 7wPLTwVBH6s5GJXW',3,273,NULL),(2774,'SponsorAd','2024-06-21 11:34:09','2024-06-21 11:34:09','https://17.3.Yl4EO9wJGT.com','Alt Text 17 3 CdNso524Xdq3J4r5','Text 17 3 KYPKXLNvxcKqISpa',4,273,NULL),(2775,'SponsorAd','2024-06-21 11:34:09','2024-06-21 11:34:09','https://17.4.69m5MbPRTj.com','Alt Text 17 4 a4EBXpuYERxdJ4k7','Text 17 4 yZCUQfTscncWpA1K',5,273,NULL),(2776,'SponsorAd','2024-06-21 11:34:09','2024-06-21 11:34:09','https://17.5.CR2huvHgeI.com','Alt Text 17 5 X4GsGNzSLqPoSuyz','Text 17 5 4pROCHJlK33zQXAX',6,273,NULL),(2777,'SponsorAd','2024-06-21 11:34:09','2024-06-21 11:34:09','https://17.6.39xVDI3l18.com','Alt Text 17 6 rPinfBsoHdbneNrY','Text 17 6 8LNleQOyZPsFacFe',7,273,NULL),(2778,'SponsorAd','2024-06-21 11:34:09','2024-06-21 11:34:09','https://17.7.ZLOQq7216Y.com','Alt Text 17 7 82dUzX5dtBBl0uEw','Text 17 7 s2xYaIJ3s1iMZnkw',8,273,NULL),(2779,'SponsorAd','2024-06-21 11:34:09','2024-06-21 11:34:09','https://17.8.SDm8OaqdGH.com','Alt Text 17 8 j4ttux06zSGhJcml','Text 17 8 zHz2f9piSrjJRDq9',9,273,NULL),(2780,'SponsorAd','2024-06-21 11:34:09','2024-06-21 11:34:09','https://17.9.lKaJhlqxnA.com','Alt Text 17 9 oLcUBxkO0DqUZYS5','Text 17 9 n0O9DgXuRBfN5xIC',10,273,NULL),(2781,'SponsorAd','2024-06-21 11:34:09','2024-06-21 11:34:09','https://18.0.9kCYdnqlKL.com','Alt Text 18 0 FVyUbC0grIdHc7ox','Text 18 0 8gTmdae5SzoOkfe6',1,280,NULL),(2782,'SponsorAd','2024-06-21 11:34:09','2024-06-21 11:34:09','https://18.1.7ffGsZepd9.com','Alt Text 18 1 z3nxQVOOHq7YoMIa','Text 18 1 H4ZgXeywHCuSayA6',2,280,NULL),(2783,'SponsorAd','2024-06-21 11:34:09','2024-06-21 11:34:09','https://18.2.cE6vMHjBr0.com','Alt Text 18 2 q9sOdlXqJqVt5zY3','Text 18 2 QrLx4nAc3fVGcdiP',3,280,NULL),(2784,'SponsorAd','2024-06-21 11:34:09','2024-06-21 11:34:09','https://18.3.AyUbkETxWz.com','Alt Text 18 3 6BGeI09CIncN5YQA','Text 18 3 z5frXLP5DEQ2ly27',4,280,NULL),(2785,'SponsorAd','2024-06-21 11:34:09','2024-06-21 11:34:09','https://18.4.LvSKcTTftA.com','Alt Text 18 4 mUsYt2Mr2OvQbLzY','Text 18 4 cMgkuLeiFOJDoF8Q',5,280,NULL),(2786,'SponsorAd','2024-06-21 11:34:09','2024-06-21 11:34:09','https://18.5.WgkWORNTrW.com','Alt Text 18 5 PrQ7LXAZH4VWkHau','Text 18 5 YbtnL3NXTl8djXAc',6,280,NULL),(2787,'SponsorAd','2024-06-21 11:34:09','2024-06-21 11:34:09','https://18.6.F0maYKdGR2.com','Alt Text 18 6 7VBwzY85T7GfFAEl','Text 18 6 Ku5Z9M68s8JZGXij',7,280,NULL),(2788,'SponsorAd','2024-06-21 11:34:09','2024-06-21 11:34:09','https://18.7.f1sgoIo860.com','Alt Text 18 7 mGY5OPIXhy0jFu7g','Text 18 7 RkiD4j8ZeE3pY4RL',8,280,NULL),(2789,'SponsorAd','2024-06-21 11:34:09','2024-06-21 11:34:09','https://18.8.rAhsmQwKxx.com','Alt Text 18 8 yp2JoTIvyBYNjKqQ','Text 18 8 Ks46B0HMXYZS7ZUf',9,280,NULL),(2790,'SponsorAd','2024-06-21 11:34:09','2024-06-21 11:34:09','https://18.9.Vj3iwXZYth.com','Alt Text 18 9 W4cHxGxHIZHtnc7t','Text 18 9 RWM8JrHKMc5K1GKE',10,280,NULL),(2791,'SponsorAd','2024-06-21 11:34:09','2024-06-21 11:34:09','https://19.0.Q2zsLuXlSh.com','Alt Text 19 0 v5EsIGHEcPMGp6D0','Text 19 0 BNESru3Qvitqz98P',1,267,NULL),(2792,'SponsorAd','2024-06-21 11:34:09','2024-06-21 11:34:09','https://19.1.L9KocbvEPe.com','Alt Text 19 1 psocpbiJvsEeh4sy','Text 19 1 1RJLNXLK0Yjx8sHa',2,267,NULL),(2793,'SponsorAd','2024-06-21 11:34:09','2024-06-21 11:34:09','https://19.2.x6QGZjKnmw.com','Alt Text 19 2 0NshEV7IF0TyuFLL','Text 19 2 vmmPVweUsD99rdZm',3,267,NULL),(2794,'SponsorAd','2024-06-21 11:34:09','2024-06-21 11:34:09','https://19.3.f7bSNQN8kS.com','Alt Text 19 3 FWa9CAcK7FVpR2Oj','Text 19 3 iqTK8JJBzAsjcHiN',4,267,NULL),(2795,'SponsorAd','2024-06-21 11:34:09','2024-06-21 11:34:09','https://19.4.cx12XVtNy9.com','Alt Text 19 4 PX842Y9SryycrEIe','Text 19 4 VEokzvPGvlEn28Hw',5,267,NULL),(2796,'SponsorAd','2024-06-21 11:34:09','2024-06-21 11:34:09','https://19.5.xkUmctfeWJ.com','Alt Text 19 5 n3pMHhkUrIY1CsHP','Text 19 5 Odi9PMuGBXXgGWh5',6,267,NULL),(2797,'SponsorAd','2024-06-21 11:34:09','2024-06-21 11:34:09','https://19.6.LFEla48PIp.com','Alt Text 19 6 zrcCuzbSKUBOVUWc','Text 19 6 dLSRkIJ39XbiKalh',7,267,NULL),(2798,'SponsorAd','2024-06-21 11:34:09','2024-06-21 11:34:09','https://19.7.3W5QOU4x71.com','Alt Text 19 7 q7B89w0ziLqQmxmJ','Text 19 7 KjsYMBtJMxtDJjcq',8,267,NULL),(2799,'SponsorAd','2024-06-21 11:34:09','2024-06-21 11:34:09','https://19.8.OvXGPepawL.com','Alt Text 19 8 z5nGhbiUNWIgD6lO','Text 19 8 z0darPfHZQf7qYNg',9,267,NULL),(2800,'SponsorAd','2024-06-21 11:34:09','2024-06-21 11:34:09','https://19.9.8WVZv4MZiU.com','Alt Text 19 9 go0tlMyLZeOuvrvJ','Text 19 9 RbofT3l9LC7CLdzn',10,267,NULL);
/*!40000 ALTER TABLE `SponsorAd` ENABLE KEYS */;
UNLOCK TABLES;

--
-- Table structure for table `SponsorBadgeScan`
--

DROP TABLE IF EXISTS `SponsorBadgeScan`;
/*!40101 SET @saved_cs_client     = @@character_set_client */;
/*!50503 SET character_set_client = utf8mb4 */;
CREATE TABLE `SponsorBadgeScan` (
  `ID` int NOT NULL AUTO_INCREMENT,
  `ClassName` enum('SponsorBadgeScan') CHARACTER SET utf8mb3 COLLATE utf8mb3_general_ci DEFAULT 'SponsorBadgeScan',
  `LastEdited` datetime DEFAULT NULL,
  `Created` datetime DEFAULT NULL,
  `QRCode` varchar(255) CHARACTER SET utf8mb3 COLLATE utf8mb3_general_ci DEFAULT NULL,
  `ScanDate` datetime DEFAULT NULL,
  `UserID` int DEFAULT NULL,
  `BadgeID` int DEFAULT NULL,
  `Notes` varchar(1024) DEFAULT NULL,
  PRIMARY KEY (`ID`),
  KEY `BadgeID` (`BadgeID`),
  KEY `ClassName` (`ClassName`),
  KEY `UserID` (`UserID`),
  CONSTRAINT `FK_SponsorBadgeScan_SponsorUserInfoGrant` FOREIGN KEY (`ID`) REFERENCES `SponsorUserInfoGrant` (`ID`) ON DELETE CASCADE
) ENGINE=InnoDB DEFAULT CHARSET=latin1;
/*!40101 SET character_set_client = @saved_cs_client */;

--
-- Dumping data for table `SponsorBadgeScan`
--

LOCK TABLES `SponsorBadgeScan` WRITE;
/*!40000 ALTER TABLE `SponsorBadgeScan` DISABLE KEYS */;
/*!40000 ALTER TABLE `SponsorBadgeScan` ENABLE KEYS */;
UNLOCK TABLES;

--
-- Table structure for table `SponsorBadgeScanExtraQuestionAnswer`
--

DROP TABLE IF EXISTS `SponsorBadgeScanExtraQuestionAnswer`;
/*!40101 SET @saved_cs_client     = @@character_set_client */;
/*!50503 SET character_set_client = utf8mb4 */;
CREATE TABLE `SponsorBadgeScanExtraQuestionAnswer` (
  `ID` int NOT NULL AUTO_INCREMENT,
  `SponsorBadgeScanID` int NOT NULL,
  PRIMARY KEY (`ID`),
  KEY `SponsorBadgeScanID` (`SponsorBadgeScanID`),
  CONSTRAINT `FK_SponsorBadgeScanExtraQuestionAnswer_ExtraQuestionAnswer` FOREIGN KEY (`ID`) REFERENCES `ExtraQuestionAnswer` (`ID`) ON DELETE CASCADE,
  CONSTRAINT `FK_SponsorBadgeScanExtraQuestionAnswer_SponsorBadgeScan` FOREIGN KEY (`SponsorBadgeScanID`) REFERENCES `SponsorBadgeScan` (`ID`) ON DELETE CASCADE
) ENGINE=InnoDB DEFAULT CHARSET=utf8mb3 COLLATE=utf8mb3_unicode_ci;
/*!40101 SET character_set_client = @saved_cs_client */;

--
-- Dumping data for table `SponsorBadgeScanExtraQuestionAnswer`
--

LOCK TABLES `SponsorBadgeScanExtraQuestionAnswer` WRITE;
/*!40000 ALTER TABLE `SponsorBadgeScanExtraQuestionAnswer` DISABLE KEYS */;
/*!40000 ALTER TABLE `SponsorBadgeScanExtraQuestionAnswer` ENABLE KEYS */;
UNLOCK TABLES;

--
-- Table structure for table `SponsorMaterial`
--

DROP TABLE IF EXISTS `SponsorMaterial`;
/*!40101 SET @saved_cs_client     = @@character_set_client */;
/*!50503 SET character_set_client = utf8mb4 */;
CREATE TABLE `SponsorMaterial` (
  `ID` int NOT NULL AUTO_INCREMENT,
  `ClassName` varchar(255) COLLATE utf8mb3_unicode_ci NOT NULL DEFAULT 'SponsorMaterial',
  `Created` datetime NOT NULL,
  `LastEdited` datetime NOT NULL,
  `Link` varchar(255) COLLATE utf8mb3_unicode_ci DEFAULT NULL,
  `Name` varchar(255) COLLATE utf8mb3_unicode_ci DEFAULT NULL,
  `Type` enum('Video','Link','Slide') CHARACTER SET utf8mb3 COLLATE utf8mb3_general_ci DEFAULT 'Slide',
  `CustomOrder` int NOT NULL DEFAULT '1',
  `SponsorID` int DEFAULT NULL,
  PRIMARY KEY (`ID`),
  KEY `ClassName` (`ClassName`),
  KEY `SponsorID` (`SponsorID`),
  CONSTRAINT `FK_SponsorMaterial_Sponsor` FOREIGN KEY (`SponsorID`) REFERENCES `Sponsor` (`ID`) ON DELETE CASCADE
) ENGINE=InnoDB AUTO_INCREMENT=2801 DEFAULT CHARSET=utf8mb3 COLLATE=utf8mb3_unicode_ci;
/*!40101 SET character_set_client = @saved_cs_client */;

--
-- Dumping data for table `SponsorMaterial`
--

LOCK TABLES `SponsorMaterial` WRITE;
/*!40000 ALTER TABLE `SponsorMaterial` DISABLE KEYS */;
INSERT INTO `SponsorMaterial` VALUES (2601,'SponsorMaterial','2024-06-21 11:34:09','2024-06-21 11:34:09','https://0.0.sZfibaAnYO.com','Material 0 0 lmtfm64aRDyf75wb','Slide',1,268),(2602,'SponsorMaterial','2024-06-21 11:34:09','2024-06-21 11:34:09','https://0.1.XWPZWcZgSz.com','Material 0 1 4GelPeM9d2jGCwgn','Video',2,268),(2603,'SponsorMaterial','2024-06-21 11:34:09','2024-06-21 11:34:09','https://0.2.O4y1sdSBNh.com','Material 0 2 aOmE6vcEvLCOjgBJ','Link',3,268),(2604,'SponsorMaterial','2024-06-21 11:34:09','2024-06-21 11:34:09','https://0.3.oAMzfnLluk.com','Material 0 3 N4KkG1Wl7ooOghYV','Slide',4,268),(2605,'SponsorMaterial','2024-06-21 11:34:09','2024-06-21 11:34:09','https://0.4.XH2NSUBTTb.com','Material 0 4 dchAjmkXJDh7sFur','Video',5,268),(2606,'SponsorMaterial','2024-06-21 11:34:09','2024-06-21 11:34:09','https://0.5.QJEn1B768X.com','Material 0 5 y06FBWA62bB8TJSA','Slide',6,268),(2607,'SponsorMaterial','2024-06-21 11:34:09','2024-06-21 11:34:09','https://0.6.EjTKUtzXpG.com','Material 0 6 fYHl4ysg2HioZUEI','Link',7,268),(2608,'SponsorMaterial','2024-06-21 11:34:09','2024-06-21 11:34:09','https://0.7.ODC0HYtEj9.com','Material 0 7 7yCpvjOSuVifAaJk','Video',8,268),(2609,'SponsorMaterial','2024-06-21 11:34:09','2024-06-21 11:34:09','https://0.8.hqhsaPtP7d.com','Material 0 8 tmVH9G2vzZRnrahs','Link',9,268),(2610,'SponsorMaterial','2024-06-21 11:34:09','2024-06-21 11:34:09','https://0.9.a0cAeeVbLo.com','Material 0 9 okw5OhAAqcRkPzuJ','Video',10,268),(2611,'SponsorMaterial','2024-06-21 11:34:09','2024-06-21 11:34:09','https://1.0.kgDiSjisYr.com','Material 1 0 u50F9aJ1SppxvxPS','Video',1,272),(2612,'SponsorMaterial','2024-06-21 11:34:09','2024-06-21 11:34:09','https://1.1.fhGgVxGP0k.com','Material 1 1 OweINPCVYwHHUo9S','Link',2,272),(2613,'SponsorMaterial','2024-06-21 11:34:09','2024-06-21 11:34:09','https://1.2.oMGo37sVQb.com','Material 1 2 TooveuS8zz4970sA','Video',3,272),(2614,'SponsorMaterial','2024-06-21 11:34:09','2024-06-21 11:34:09','https://1.3.K9EkE5LyKU.com','Material 1 3 rMemsk1fRNgmhq7W','Video',4,272),(2615,'SponsorMaterial','2024-06-21 11:34:09','2024-06-21 11:34:09','https://1.4.4mN8JfN4R7.com','Material 1 4 4o54XonPG9Sktb8n','Video',5,272),(2616,'SponsorMaterial','2024-06-21 11:34:09','2024-06-21 11:34:09','https://1.5.HNApufEMFA.com','Material 1 5 nJHo1ceuqWMO05UX','Link',6,272),(2617,'SponsorMaterial','2024-06-21 11:34:09','2024-06-21 11:34:09','https://1.6.QxnjUmUL6o.com','Material 1 6 YBDBixxgCFA30MVh','Video',7,272),(2618,'SponsorMaterial','2024-06-21 11:34:09','2024-06-21 11:34:09','https://1.7.7Hg5Hrqy0U.com','Material 1 7 Q1CJ8ttDlEpf6M47','Video',8,272),(2619,'SponsorMaterial','2024-06-21 11:34:09','2024-06-21 11:34:09','https://1.8.iypr2oEekU.com','Material 1 8 sWWVQXRlaqFxollg','Link',9,272),(2620,'SponsorMaterial','2024-06-21 11:34:09','2024-06-21 11:34:09','https://1.9.Vyth6viAsW.com','Material 1 9 WpfjgoexV9g5siv6','Link',10,272),(2621,'SponsorMaterial','2024-06-21 11:34:09','2024-06-21 11:34:09','https://2.0.r17MS2ZCFx.com','Material 2 0 DT9pRKdtHBU0KT5n','Slide',1,262),(2622,'SponsorMaterial','2024-06-21 11:34:09','2024-06-21 11:34:09','https://2.1.eoYEW5rckH.com','Material 2 1 ygk67iGvAtEiZ1x6','Video',2,262),(2623,'SponsorMaterial','2024-06-21 11:34:09','2024-06-21 11:34:09','https://2.2.WTTAMlr75a.com','Material 2 2 m68uywdZ8nE1iWZA','Link',3,262),(2624,'SponsorMaterial','2024-06-21 11:34:09','2024-06-21 11:34:09','https://2.3.3vNy85P5oN.com','Material 2 3 nFja7lKMRl18QM27','Video',4,262),(2625,'SponsorMaterial','2024-06-21 11:34:09','2024-06-21 11:34:09','https://2.4.esVtyvHGpB.com','Material 2 4 yICTKBs48hXhm4x7','Slide',5,262),(2626,'SponsorMaterial','2024-06-21 11:34:09','2024-06-21 11:34:09','https://2.5.7lIq6iHOju.com','Material 2 5 jqWzr8sXSK4F1K7P','Link',6,262),(2627,'SponsorMaterial','2024-06-21 11:34:09','2024-06-21 11:34:09','https://2.6.3sPqwppHiQ.com','Material 2 6 kl59ibdQHFmTE2ps','Video',7,262),(2628,'SponsorMaterial','2024-06-21 11:34:09','2024-06-21 11:34:09','https://2.7.Zx4nlGUtKn.com','Material 2 7 X6EOPTPpq9MCTkyN','Link',8,262),(2629,'SponsorMaterial','2024-06-21 11:34:09','2024-06-21 11:34:09','https://2.8.wb5xYETDnu.com','Material 2 8 kaVqHPoaAnetJi4n','Slide',9,262),(2630,'SponsorMaterial','2024-06-21 11:34:09','2024-06-21 11:34:09','https://2.9.VuemgT8xAI.com','Material 2 9 tylZ7dpJg0HNDSZB','Link',10,262),(2631,'SponsorMaterial','2024-06-21 11:34:09','2024-06-21 11:34:09','https://3.0.4NHpGigLek.com','Material 3 0 wZ60eE9xtnvwzULj','Link',1,275),(2632,'SponsorMaterial','2024-06-21 11:34:09','2024-06-21 11:34:09','https://3.1.gST8UmdcFS.com','Material 3 1 4zIrK18nk5yZtONV','Slide',2,275),(2633,'SponsorMaterial','2024-06-21 11:34:09','2024-06-21 11:34:09','https://3.2.PZpGHxFCXV.com','Material 3 2 AKetASwEhq5ogmZS','Video',3,275),(2634,'SponsorMaterial','2024-06-21 11:34:09','2024-06-21 11:34:09','https://3.3.VeBDGih9HS.com','Material 3 3 WEuvXgwY3ymxLUEQ','Slide',4,275),(2635,'SponsorMaterial','2024-06-21 11:34:09','2024-06-21 11:34:09','https://3.4.MoLuxSxGuM.com','Material 3 4 YDoxO37pctiTXOAF','Link',5,275),(2636,'SponsorMaterial','2024-06-21 11:34:09','2024-06-21 11:34:09','https://3.5.nmLVD55bDU.com','Material 3 5 yjeZpXZdKUtw8zDR','Video',6,275),(2637,'SponsorMaterial','2024-06-21 11:34:09','2024-06-21 11:34:09','https://3.6.rQGCO7SyD5.com','Material 3 6 qYkAqPEwj4RLsz7U','Video',7,275),(2638,'SponsorMaterial','2024-06-21 11:34:09','2024-06-21 11:34:09','https://3.7.Hp7FT6Yg6Y.com','Material 3 7 EW7A12LmPujbInsn','Video',8,275),(2639,'SponsorMaterial','2024-06-21 11:34:09','2024-06-21 11:34:09','https://3.8.mvp1pCxhKk.com','Material 3 8 HIQ99aJGof0dMhuY','Slide',9,275),(2640,'SponsorMaterial','2024-06-21 11:34:09','2024-06-21 11:34:09','https://3.9.w3hdpAjIk3.com','Material 3 9 zfwdhNWH5ghTScSa','Slide',10,275),(2641,'SponsorMaterial','2024-06-21 11:34:09','2024-06-21 11:34:09','https://4.0.HAmn7CtukN.com','Material 4 0 zJtMZThyur72pqzm','Slide',1,274),(2642,'SponsorMaterial','2024-06-21 11:34:09','2024-06-21 11:34:09','https://4.1.eMGDkQD1Yx.com','Material 4 1 IIkD3nwRKYeZKjbE','Video',2,274),(2643,'SponsorMaterial','2024-06-21 11:34:09','2024-06-21 11:34:09','https://4.2.9qjf7TeGGF.com','Material 4 2 x1Cro4psadmgDMv1','Link',3,274),(2644,'SponsorMaterial','2024-06-21 11:34:09','2024-06-21 11:34:09','https://4.3.C8CDeY7lqt.com','Material 4 3 h4JTts8aj1Yky5kO','Slide',4,274),(2645,'SponsorMaterial','2024-06-21 11:34:09','2024-06-21 11:34:09','https://4.4.cze1fy7z6J.com','Material 4 4 sKfxWJODaY6fcETX','Link',5,274),(2646,'SponsorMaterial','2024-06-21 11:34:09','2024-06-21 11:34:09','https://4.5.nbwKwWh5uw.com','Material 4 5 73fhG4WHkBV4G5b6','Slide',6,274),(2647,'SponsorMaterial','2024-06-21 11:34:09','2024-06-21 11:34:09','https://4.6.xo8EwyhnwD.com','Material 4 6 yLIQQYIBBfvq2zPQ','Video',7,274),(2648,'SponsorMaterial','2024-06-21 11:34:09','2024-06-21 11:34:09','https://4.7.JPE7SfyKjR.com','Material 4 7 UnFNnPGJ71fU0rqh','Link',8,274),(2649,'SponsorMaterial','2024-06-21 11:34:09','2024-06-21 11:34:09','https://4.8.XN24ECd4AO.com','Material 4 8 s5CNBb5AkC2nujVR','Slide',9,274),(2650,'SponsorMaterial','2024-06-21 11:34:09','2024-06-21 11:34:09','https://4.9.WLEWOxKzO7.com','Material 4 9 llnG4c96zmyWT2Ox','Slide',10,274),(2651,'SponsorMaterial','2024-06-21 11:34:09','2024-06-21 11:34:09','https://5.0.J7aAPKJIm7.com','Material 5 0 yguvFrOhdzwg5QbG','Video',1,276),(2652,'SponsorMaterial','2024-06-21 11:34:09','2024-06-21 11:34:09','https://5.1.ifclMnXNFV.com','Material 5 1 hnHbQRzhNe7xxReV','Video',2,276),(2653,'SponsorMaterial','2024-06-21 11:34:09','2024-06-21 11:34:09','https://5.2.fYmJ7nCTOy.com','Material 5 2 8YrnTDToXP8Kr3Tg','Link',3,276),(2654,'SponsorMaterial','2024-06-21 11:34:09','2024-06-21 11:34:09','https://5.3.97HQiduQdA.com','Material 5 3 j1vqC6AEsfcoYOup','Link',4,276),(2655,'SponsorMaterial','2024-06-21 11:34:09','2024-06-21 11:34:09','https://5.4.VpkNoBbJuj.com','Material 5 4 RubHg26se1FDweXZ','Link',5,276),(2656,'SponsorMaterial','2024-06-21 11:34:09','2024-06-21 11:34:09','https://5.5.4x7yL1Kjn7.com','Material 5 5 TLNUi3DETHpqTL9O','Link',6,276),(2657,'SponsorMaterial','2024-06-21 11:34:09','2024-06-21 11:34:09','https://5.6.UAd84p78tV.com','Material 5 6 08jFMsWLef01iod0','Slide',7,276),(2658,'SponsorMaterial','2024-06-21 11:34:09','2024-06-21 11:34:09','https://5.7.oXCwZEoWLu.com','Material 5 7 ujxNbggaErXmpxxj','Link',8,276),(2659,'SponsorMaterial','2024-06-21 11:34:09','2024-06-21 11:34:09','https://5.8.HrlPJqi7y8.com','Material 5 8 3hlcGMldmz8LMgga','Link',9,276),(2660,'SponsorMaterial','2024-06-21 11:34:09','2024-06-21 11:34:09','https://5.9.2nNEb786sx.com','Material 5 9 9KyKLtvPtmN7I9f0','Slide',10,276),(2661,'SponsorMaterial','2024-06-21 11:34:09','2024-06-21 11:34:09','https://6.0.HgUqRgpuTr.com','Material 6 0 oIye77hsb9RxpGlz','Link',1,263),(2662,'SponsorMaterial','2024-06-21 11:34:09','2024-06-21 11:34:09','https://6.1.OsrbPg3XHS.com','Material 6 1 SroDmke744xgsbs0','Video',2,263),(2663,'SponsorMaterial','2024-06-21 11:34:09','2024-06-21 11:34:09','https://6.2.xE1uWOs7Pk.com','Material 6 2 lRMPJ69dhZOmzjLr','Link',3,263),(2664,'SponsorMaterial','2024-06-21 11:34:09','2024-06-21 11:34:09','https://6.3.twhkpa1tHu.com','Material 6 3 nwB2ZKf52oviPmbe','Link',4,263),(2665,'SponsorMaterial','2024-06-21 11:34:09','2024-06-21 11:34:09','https://6.4.HN8IfujlBR.com','Material 6 4 t7tzKIFpsVHp9GOd','Slide',5,263),(2666,'SponsorMaterial','2024-06-21 11:34:09','2024-06-21 11:34:09','https://6.5.w2TdF9NXpv.com','Material 6 5 fDMuZox78UoVoKew','Slide',6,263),(2667,'SponsorMaterial','2024-06-21 11:34:09','2024-06-21 11:34:09','https://6.6.6J0gCL6e5x.com','Material 6 6 4zz8A6zxQ1RUEM8l','Video',7,263),(2668,'SponsorMaterial','2024-06-21 11:34:09','2024-06-21 11:34:09','https://6.7.5nQD7VdBcc.com','Material 6 7 QdVZXyJIBq9tn9G3','Slide',8,263),(2669,'SponsorMaterial','2024-06-21 11:34:09','2024-06-21 11:34:09','https://6.8.uxo3AEoTJD.com','Material 6 8 6XHpLXedsaSPJXlp','Slide',9,263),(2670,'SponsorMaterial','2024-06-21 11:34:09','2024-06-21 11:34:09','https://6.9.3TvCBou36S.com','Material 6 9 sbm2c3o2F9GAKYWV','Slide',10,263),(2671,'SponsorMaterial','2024-06-21 11:34:09','2024-06-21 11:34:09','https://7.0.cM2WjIgF02.com','Material 7 0 AelxfwwnsrLYYa78','Slide',1,261),(2672,'SponsorMaterial','2024-06-21 11:34:09','2024-06-21 11:34:09','https://7.1.khW3MLIFCz.com','Material 7 1 Eoqw6Tb07u8U4yMO','Video',2,261),(2673,'SponsorMaterial','2024-06-21 11:34:09','2024-06-21 11:34:09','https://7.2.Cu9y2B5f2R.com','Material 7 2 EZZysBwAwVyk3yVY','Video',3,261),(2674,'SponsorMaterial','2024-06-21 11:34:09','2024-06-21 11:34:09','https://7.3.jEX6yy4ABd.com','Material 7 3 I0ht3PEBVnkPA8Pw','Link',4,261),(2675,'SponsorMaterial','2024-06-21 11:34:09','2024-06-21 11:34:09','https://7.4.zAAts0QWs6.com','Material 7 4 V0rXZGbFB1gDZGnz','Video',5,261),(2676,'SponsorMaterial','2024-06-21 11:34:09','2024-06-21 11:34:09','https://7.5.NKPX6Rw7iS.com','Material 7 5 hVBs0rJ6Ob1Fis6u','Video',6,261),(2677,'SponsorMaterial','2024-06-21 11:34:09','2024-06-21 11:34:09','https://7.6.HHlGTMP8FF.com','Material 7 6 AhELZDbIMZVGFHIH','Slide',7,261),(2678,'SponsorMaterial','2024-06-21 11:34:09','2024-06-21 11:34:09','https://7.7.rtE7Ypd4Tj.com','Material 7 7 1AXANOufPKuqXRPT','Video',8,261),(2679,'SponsorMaterial','2024-06-21 11:34:09','2024-06-21 11:34:09','https://7.8.Zv5aRX0lqv.com','Material 7 8 qkRGIncpD7r6GZaH','Video',9,261),(2680,'SponsorMaterial','2024-06-21 11:34:09','2024-06-21 11:34:09','https://7.9.b6rRm2a9SS.com','Material 7 9 sstGo59pGqBastd9','Slide',10,261),(2681,'SponsorMaterial','2024-06-21 11:34:09','2024-06-21 11:34:09','https://8.0.piMtVdHp0n.com','Material 8 0 hYsO2GzG0TfErh4p','Video',1,265),(2682,'SponsorMaterial','2024-06-21 11:34:09','2024-06-21 11:34:09','https://8.1.DKgqKdvZ7S.com','Material 8 1 YVuCyrgdQ1zAMAxS','Slide',2,265),(2683,'SponsorMaterial','2024-06-21 11:34:09','2024-06-21 11:34:09','https://8.2.CP3ksNmjcm.com','Material 8 2 trv6om7ERfadmrDo','Link',3,265),(2684,'SponsorMaterial','2024-06-21 11:34:09','2024-06-21 11:34:09','https://8.3.z3uP0VuRXe.com','Material 8 3 kYrRcb5D2w5vVAwc','Link',4,265),(2685,'SponsorMaterial','2024-06-21 11:34:09','2024-06-21 11:34:09','https://8.4.LmySyUObB3.com','Material 8 4 wWPROrbUvluQeIGW','Slide',5,265),(2686,'SponsorMaterial','2024-06-21 11:34:09','2024-06-21 11:34:09','https://8.5.X8P5MEXKOg.com','Material 8 5 WzOQBIZbLLmOb2i9','Video',6,265),(2687,'SponsorMaterial','2024-06-21 11:34:09','2024-06-21 11:34:09','https://8.6.odEhTxCFvX.com','Material 8 6 UsmvEO2mRvCWKtC1','Link',7,265),(2688,'SponsorMaterial','2024-06-21 11:34:09','2024-06-21 11:34:09','https://8.7.GWSqlf38Ei.com','Material 8 7 pDCn2jdjDptTP4OW','Link',8,265),(2689,'SponsorMaterial','2024-06-21 11:34:09','2024-06-21 11:34:09','https://8.8.eudKiX8saG.com','Material 8 8 213FF9GTPbzYc1RG','Video',9,265),(2690,'SponsorMaterial','2024-06-21 11:34:09','2024-06-21 11:34:09','https://8.9.PtN8g9pxiK.com','Material 8 9 Xtu3oEgQIjOLoFPx','Video',10,265),(2691,'SponsorMaterial','2024-06-21 11:34:09','2024-06-21 11:34:09','https://9.0.n9KklsX6fE.com','Material 9 0 WSuAL5S84AEbrW8H','Link',1,277),(2692,'SponsorMaterial','2024-06-21 11:34:09','2024-06-21 11:34:09','https://9.1.KUki7UsJ64.com','Material 9 1 XkCLsISYDVHnYv4Y','Slide',2,277),(2693,'SponsorMaterial','2024-06-21 11:34:09','2024-06-21 11:34:09','https://9.2.9kECcTRu9W.com','Material 9 2 1ejgF3MPenmOx5yo','Video',3,277),(2694,'SponsorMaterial','2024-06-21 11:34:09','2024-06-21 11:34:09','https://9.3.EXu4hq3LTW.com','Material 9 3 2GQ9BAeEWdPJtjpG','Link',4,277),(2695,'SponsorMaterial','2024-06-21 11:34:09','2024-06-21 11:34:09','https://9.4.2UQPo04XkI.com','Material 9 4 utUx1R7MOLm97cml','Video',5,277),(2696,'SponsorMaterial','2024-06-21 11:34:09','2024-06-21 11:34:09','https://9.5.e8fgaKyn1t.com','Material 9 5 XwxNwJi9kYABOk2z','Slide',6,277),(2697,'SponsorMaterial','2024-06-21 11:34:09','2024-06-21 11:34:09','https://9.6.hXnZxs83M2.com','Material 9 6 F4mSFjqwpE7wCyUC','Video',7,277),(2698,'SponsorMaterial','2024-06-21 11:34:09','2024-06-21 11:34:09','https://9.7.xhKDxHp7Ng.com','Material 9 7 kViZ64jCxmClt5xc','Video',8,277),(2699,'SponsorMaterial','2024-06-21 11:34:09','2024-06-21 11:34:09','https://9.8.qpQf0Yw0a7.com','Material 9 8 P2QjJ7cJZtFpB3MU','Link',9,277),(2700,'SponsorMaterial','2024-06-21 11:34:09','2024-06-21 11:34:09','https://9.9.6OsNnUDO1M.com','Material 9 9 JwgK8WPe1xehBQLt','Link',10,277),(2701,'SponsorMaterial','2024-06-21 11:34:09','2024-06-21 11:34:09','https://10.0.uIcmNcqLlM.com','Material 10 0 2irCQpb57c7s3EjQ','Video',1,271),(2702,'SponsorMaterial','2024-06-21 11:34:09','2024-06-21 11:34:09','https://10.1.7o58tOaXef.com','Material 10 1 uTm6SNQoCoEH6Jy7','Video',2,271),(2703,'SponsorMaterial','2024-06-21 11:34:09','2024-06-21 11:34:09','https://10.2.21QxKbLYuk.com','Material 10 2 Hn896alaZCJt2DfZ','Slide',3,271),(2704,'SponsorMaterial','2024-06-21 11:34:09','2024-06-21 11:34:09','https://10.3.TZ1KAuAKPy.com','Material 10 3 k6DIAGdctpwX9q1i','Slide',4,271),(2705,'SponsorMaterial','2024-06-21 11:34:09','2024-06-21 11:34:09','https://10.4.AytEqYtiy1.com','Material 10 4 EseS0iU19tiNDVvN','Video',5,271),(2706,'SponsorMaterial','2024-06-21 11:34:09','2024-06-21 11:34:09','https://10.5.ZEe6jMWzps.com','Material 10 5 hVbY1wvervoJ5Bek','Video',6,271),(2707,'SponsorMaterial','2024-06-21 11:34:09','2024-06-21 11:34:09','https://10.6.Ec22A4foco.com','Material 10 6 Krq4DrsCFVCj4iXP','Slide',7,271),(2708,'SponsorMaterial','2024-06-21 11:34:09','2024-06-21 11:34:09','https://10.7.xJm0qfH7KP.com','Material 10 7 5yyaPwOXPLnup2vT','Slide',8,271),(2709,'SponsorMaterial','2024-06-21 11:34:09','2024-06-21 11:34:09','https://10.8.YgkuuLRSJ9.com','Material 10 8 rIUas8piju72ZcKK','Link',9,271),(2710,'SponsorMaterial','2024-06-21 11:34:09','2024-06-21 11:34:09','https://10.9.58zoxKFgkr.com','Material 10 9 ZeRgK7ui6ycMTkGn','Link',10,271),(2711,'SponsorMaterial','2024-06-21 11:34:09','2024-06-21 11:34:09','https://11.0.5NRgC17dHs.com','Material 11 0 iRNHAQlpRxg66Iud','Video',1,278),(2712,'SponsorMaterial','2024-06-21 11:34:09','2024-06-21 11:34:09','https://11.1.GvQlim506K.com','Material 11 1 LRzdw4hYmM4Bxazk','Video',2,278),(2713,'SponsorMaterial','2024-06-21 11:34:09','2024-06-21 11:34:09','https://11.2.MzAkpWMLBW.com','Material 11 2 Kt6UIiWjr6misTXL','Video',3,278),(2714,'SponsorMaterial','2024-06-21 11:34:09','2024-06-21 11:34:09','https://11.3.biJQ28RBJw.com','Material 11 3 e7qif0BWTWSe0GrT','Slide',4,278),(2715,'SponsorMaterial','2024-06-21 11:34:09','2024-06-21 11:34:09','https://11.4.eEwEjMY3Wy.com','Material 11 4 a0MHbptfWBsyPrE8','Video',5,278),(2716,'SponsorMaterial','2024-06-21 11:34:09','2024-06-21 11:34:09','https://11.5.kR3BOB5cSl.com','Material 11 5 Kz43RTjwFLTYyUzA','Link',6,278),(2717,'SponsorMaterial','2024-06-21 11:34:09','2024-06-21 11:34:09','https://11.6.ettYHEpfBt.com','Material 11 6 1Xm1nxhMtyjBLv3C','Video',7,278),(2718,'SponsorMaterial','2024-06-21 11:34:09','2024-06-21 11:34:09','https://11.7.0rM0k9qmpK.com','Material 11 7 U5PgvPpduXt0lUfS','Video',8,278),(2719,'SponsorMaterial','2024-06-21 11:34:09','2024-06-21 11:34:09','https://11.8.bEdXd7LwaK.com','Material 11 8 yo8bpSWFwOIk9zh5','Video',9,278),(2720,'SponsorMaterial','2024-06-21 11:34:09','2024-06-21 11:34:09','https://11.9.sGPIpXEK2l.com','Material 11 9 zBWYlvL58Czj3chS','Video',10,278),(2721,'SponsorMaterial','2024-06-21 11:34:09','2024-06-21 11:34:09','https://12.0.wSDz2x3WTl.com','Material 12 0 gWdKHWo3WfN4dyeo','Slide',1,269),(2722,'SponsorMaterial','2024-06-21 11:34:09','2024-06-21 11:34:09','https://12.1.vfD5bMjNjh.com','Material 12 1 PibLG6oOoNN0sr7P','Slide',2,269),(2723,'SponsorMaterial','2024-06-21 11:34:09','2024-06-21 11:34:09','https://12.2.ViIcV3l9W2.com','Material 12 2 U9pnIQmJ0kb5RAHa','Video',3,269),(2724,'SponsorMaterial','2024-06-21 11:34:09','2024-06-21 11:34:09','https://12.3.onU1JIxTN5.com','Material 12 3 fox191xoKX41DiyV','Link',4,269),(2725,'SponsorMaterial','2024-06-21 11:34:09','2024-06-21 11:34:09','https://12.4.3ptPy1tdzj.com','Material 12 4 3TksvRtCkgRbWAdq','Link',5,269),(2726,'SponsorMaterial','2024-06-21 11:34:09','2024-06-21 11:34:09','https://12.5.o05BbLe5fD.com','Material 12 5 KiUYRr0geDEGgGD2','Video',6,269),(2727,'SponsorMaterial','2024-06-21 11:34:09','2024-06-21 11:34:09','https://12.6.2BdNsbCtMy.com','Material 12 6 u636AdPcRyBBGLMe','Video',7,269),(2728,'SponsorMaterial','2024-06-21 11:34:09','2024-06-21 11:34:09','https://12.7.XFmfWXfAfQ.com','Material 12 7 3eH88ybhqD457mdd','Slide',8,269),(2729,'SponsorMaterial','2024-06-21 11:34:09','2024-06-21 11:34:09','https://12.8.opJi4CmSn2.com','Material 12 8 Qb8gDjOezCvQNlMg','Slide',9,269),(2730,'SponsorMaterial','2024-06-21 11:34:09','2024-06-21 11:34:09','https://12.9.1fSeIx6GyJ.com','Material 12 9 oFDgOlSpK7DCU5mf','Video',10,269),(2731,'SponsorMaterial','2024-06-21 11:34:09','2024-06-21 11:34:09','https://13.0.2ac1BXnfsa.com','Material 13 0 JSTRPMODB4OsgBXk','Slide',1,270),(2732,'SponsorMaterial','2024-06-21 11:34:09','2024-06-21 11:34:09','https://13.1.j4FyNcrlqJ.com','Material 13 1 7RRWb5rbv41N3bei','Video',2,270),(2733,'SponsorMaterial','2024-06-21 11:34:09','2024-06-21 11:34:09','https://13.2.HIawIYBWLA.com','Material 13 2 9yiMzULrvYvtlUKt','Slide',3,270),(2734,'SponsorMaterial','2024-06-21 11:34:09','2024-06-21 11:34:09','https://13.3.ONXIMTs11o.com','Material 13 3 QYjIB7KFQK17aBzl','Slide',4,270),(2735,'SponsorMaterial','2024-06-21 11:34:09','2024-06-21 11:34:09','https://13.4.qkznsXmJmo.com','Material 13 4 pWiUfiSSN4xkBWht','Link',5,270),(2736,'SponsorMaterial','2024-06-21 11:34:09','2024-06-21 11:34:09','https://13.5.5QOMz2e8AP.com','Material 13 5 T27lRaTs6ClT9XZP','Video',6,270),(2737,'SponsorMaterial','2024-06-21 11:34:09','2024-06-21 11:34:09','https://13.6.RtigGLWHV9.com','Material 13 6 0RRXy2zgOKVAxQqj','Link',7,270),(2738,'SponsorMaterial','2024-06-21 11:34:09','2024-06-21 11:34:09','https://13.7.yZu5zn90Ht.com','Material 13 7 6VtoLk0GzOTZd2qb','Link',8,270),(2739,'SponsorMaterial','2024-06-21 11:34:09','2024-06-21 11:34:09','https://13.8.fsHGzLAumh.com','Material 13 8 oFoC6fJTjsGZu4ub','Link',9,270),(2740,'SponsorMaterial','2024-06-21 11:34:09','2024-06-21 11:34:09','https://13.9.v2LPmwQRQ7.com','Material 13 9 4LI4WBDdfl3RgbZe','Link',10,270),(2741,'SponsorMaterial','2024-06-21 11:34:09','2024-06-21 11:34:09','https://14.0.IuvYELwkUo.com','Material 14 0 NVXUCkutTgugJC7N','Link',1,279),(2742,'SponsorMaterial','2024-06-21 11:34:09','2024-06-21 11:34:09','https://14.1.AKXC9Gye8l.com','Material 14 1 qCkhvweUBWwsqAFF','Link',2,279),(2743,'SponsorMaterial','2024-06-21 11:34:09','2024-06-21 11:34:09','https://14.2.vFjGt2dnmW.com','Material 14 2 RmLoSIBscCaG4TxD','Slide',3,279),(2744,'SponsorMaterial','2024-06-21 11:34:09','2024-06-21 11:34:09','https://14.3.oyYdTSbYrS.com','Material 14 3 P54jUFWjVqggwY7U','Video',4,279),(2745,'SponsorMaterial','2024-06-21 11:34:09','2024-06-21 11:34:09','https://14.4.uhP1jCTLsd.com','Material 14 4 LJxHasY91bGGNF5r','Link',5,279),(2746,'SponsorMaterial','2024-06-21 11:34:09','2024-06-21 11:34:09','https://14.5.mmt0MGTi3N.com','Material 14 5 rGiPRZfEHG3mQ2Mp','Link',6,279),(2747,'SponsorMaterial','2024-06-21 11:34:09','2024-06-21 11:34:09','https://14.6.UF7UKXO8Pd.com','Material 14 6 nX6YikD2MMICv2IM','Slide',7,279),(2748,'SponsorMaterial','2024-06-21 11:34:09','2024-06-21 11:34:09','https://14.7.Kkb0P2gIm0.com','Material 14 7 A1qLJB7qQEjKz5Wa','Video',8,279),(2749,'SponsorMaterial','2024-06-21 11:34:09','2024-06-21 11:34:09','https://14.8.xDzfqDBy8H.com','Material 14 8 P2d35hB6D0IfD00k','Link',9,279),(2750,'SponsorMaterial','2024-06-21 11:34:09','2024-06-21 11:34:09','https://14.9.6RVBzoSF3S.com','Material 14 9 FqoQeVXpNT1dqUs7','Video',10,279),(2751,'SponsorMaterial','2024-06-21 11:34:09','2024-06-21 11:34:09','https://15.0.BoC27dMxb2.com','Material 15 0 eECT6xYMurNuQka3','Slide',1,266),(2752,'SponsorMaterial','2024-06-21 11:34:09','2024-06-21 11:34:09','https://15.1.Bd1sQLs9jE.com','Material 15 1 JJ3m9lhKNMVZfmsV','Slide',2,266),(2753,'SponsorMaterial','2024-06-21 11:34:09','2024-06-21 11:34:09','https://15.2.MGUysjt5nG.com','Material 15 2 qkBfKPvqYkMzJF02','Slide',3,266),(2754,'SponsorMaterial','2024-06-21 11:34:09','2024-06-21 11:34:09','https://15.3.BNwqrJlAwM.com','Material 15 3 1abVKKYsb5Epu2mz','Slide',4,266),(2755,'SponsorMaterial','2024-06-21 11:34:09','2024-06-21 11:34:09','https://15.4.cfXR6bcRQn.com','Material 15 4 g944wABnxAEvWytJ','Slide',5,266),(2756,'SponsorMaterial','2024-06-21 11:34:09','2024-06-21 11:34:09','https://15.5.2CtJNV7NrN.com','Material 15 5 sGGVGRsKuJXRdbuL','Video',6,266),(2757,'SponsorMaterial','2024-06-21 11:34:09','2024-06-21 11:34:09','https://15.6.wHluRouGxT.com','Material 15 6 noNIkzO38NxK8gc2','Link',7,266),(2758,'SponsorMaterial','2024-06-21 11:34:09','2024-06-21 11:34:09','https://15.7.hhtT11qYPL.com','Material 15 7 22RHpWbOYvNdiReJ','Video',8,266),(2759,'SponsorMaterial','2024-06-21 11:34:09','2024-06-21 11:34:09','https://15.8.QFPCgiqIan.com','Material 15 8 I3EFgHSNXy5dc6P5','Link',9,266),(2760,'SponsorMaterial','2024-06-21 11:34:09','2024-06-21 11:34:09','https://15.9.vkmx0cHEUp.com','Material 15 9 Aen49O4xdYdQOzzA','Video',10,266),(2761,'SponsorMaterial','2024-06-21 11:34:09','2024-06-21 11:34:09','https://16.0.YK5DpyYYtV.com','Material 16 0 UUoSKxcgXJnaSIWO','Link',1,264),(2762,'SponsorMaterial','2024-06-21 11:34:09','2024-06-21 11:34:09','https://16.1.aOzR0B6Zz7.com','Material 16 1 Yr7qXjopwcyNvXSh','Link',2,264),(2763,'SponsorMaterial','2024-06-21 11:34:09','2024-06-21 11:34:09','https://16.2.lhIbgF02S1.com','Material 16 2 wz1zEFp71uaKCDWc','Video',3,264),(2764,'SponsorMaterial','2024-06-21 11:34:09','2024-06-21 11:34:09','https://16.3.zW7ieTq9me.com','Material 16 3 ntTxr40xluFhJsai','Slide',4,264),(2765,'SponsorMaterial','2024-06-21 11:34:09','2024-06-21 11:34:09','https://16.4.Ii3wGNn7wD.com','Material 16 4 iXeqz9tw91AHWl7K','Link',5,264),(2766,'SponsorMaterial','2024-06-21 11:34:09','2024-06-21 11:34:09','https://16.5.qfTJOJ2dtR.com','Material 16 5 UJ0Dx95TrhyhKfbX','Video',6,264),(2767,'SponsorMaterial','2024-06-21 11:34:09','2024-06-21 11:34:09','https://16.6.n2RPwylbSH.com','Material 16 6 ixVvYMneKxVneEiS','Video',7,264),(2768,'SponsorMaterial','2024-06-21 11:34:09','2024-06-21 11:34:09','https://16.7.RpM0MsNcP2.com','Material 16 7 dQC9ULq124VClPMu','Video',8,264),(2769,'SponsorMaterial','2024-06-21 11:34:09','2024-06-21 11:34:09','https://16.8.4vlKcupjqI.com','Material 16 8 XV4pPJmViGv6bVof','Video',9,264),(2770,'SponsorMaterial','2024-06-21 11:34:09','2024-06-21 11:34:09','https://16.9.72YBgIB0nY.com','Material 16 9 lEQRQ8aFudoaoLii','Link',10,264),(2771,'SponsorMaterial','2024-06-21 11:34:09','2024-06-21 11:34:09','https://17.0.TurJFpxhk3.com','Material 17 0 XVxm1DunRpLwJPW4','Slide',1,273),(2772,'SponsorMaterial','2024-06-21 11:34:09','2024-06-21 11:34:09','https://17.1.8BtMTwJ1OM.com','Material 17 1 jEMQa2sDcCmNFIGc','Video',2,273),(2773,'SponsorMaterial','2024-06-21 11:34:09','2024-06-21 11:34:09','https://17.2.9iN7Vq8N8R.com','Material 17 2 sNjc8gG6zZ5ZqAeQ','Video',3,273),(2774,'SponsorMaterial','2024-06-21 11:34:09','2024-06-21 11:34:09','https://17.3.JZV4c0VHw4.com','Material 17 3 a2Sdh5j2edC6760i','Video',4,273),(2775,'SponsorMaterial','2024-06-21 11:34:09','2024-06-21 11:34:09','https://17.4.Ikq5mO4yLp.com','Material 17 4 3HwKPYtR0p2nKpfm','Slide',5,273),(2776,'SponsorMaterial','2024-06-21 11:34:09','2024-06-21 11:34:09','https://17.5.exhhd1Ge16.com','Material 17 5 4YGUdoN0tB9wJknR','Slide',6,273),(2777,'SponsorMaterial','2024-06-21 11:34:09','2024-06-21 11:34:09','https://17.6.Z14QtQhGyJ.com','Material 17 6 YGeD9x16nZyrP5kE','Link',7,273),(2778,'SponsorMaterial','2024-06-21 11:34:09','2024-06-21 11:34:09','https://17.7.6VQHphgf2G.com','Material 17 7 kYVZVJm8IAHRYL5E','Link',8,273),(2779,'SponsorMaterial','2024-06-21 11:34:09','2024-06-21 11:34:09','https://17.8.8ICg7D5gFM.com','Material 17 8 KucQbyjQrgCyfT26','Slide',9,273),(2780,'SponsorMaterial','2024-06-21 11:34:09','2024-06-21 11:34:09','https://17.9.m1n9OV1N11.com','Material 17 9 wSWL3f8oR9RQcpSF','Video',10,273),(2781,'SponsorMaterial','2024-06-21 11:34:09','2024-06-21 11:34:09','https://18.0.lWk65mvWbi.com','Material 18 0 e9KtyjvProUFP1Cl','Link',1,280),(2782,'SponsorMaterial','2024-06-21 11:34:09','2024-06-21 11:34:09','https://18.1.hPtj4rdBci.com','Material 18 1 QRq2o1RcskSzSdZH','Slide',2,280),(2783,'SponsorMaterial','2024-06-21 11:34:09','2024-06-21 11:34:09','https://18.2.9NsavOUsxl.com','Material 18 2 nqHvR22McCRRbJCk','Slide',3,280),(2784,'SponsorMaterial','2024-06-21 11:34:09','2024-06-21 11:34:09','https://18.3.Y9zoJlCmcX.com','Material 18 3 IQjJLU9l8Z2Bf4Bz','Link',4,280),(2785,'SponsorMaterial','2024-06-21 11:34:09','2024-06-21 11:34:09','https://18.4.DvdZTNYDCX.com','Material 18 4 SLrVpkJoJJk8w2c4','Slide',5,280),(2786,'SponsorMaterial','2024-06-21 11:34:09','2024-06-21 11:34:09','https://18.5.fUYBbYkMcQ.com','Material 18 5 dvbIdLtW6Z4QIhNB','Video',6,280),(2787,'SponsorMaterial','2024-06-21 11:34:09','2024-06-21 11:34:09','https://18.6.i0Xx4Q6N1U.com','Material 18 6 UtUQCEVtMOCm8rTm','Video',7,280),(2788,'SponsorMaterial','2024-06-21 11:34:09','2024-06-21 11:34:09','https://18.7.6y4jGvXzYI.com','Material 18 7 bvpQsWUz2Y8sVCgi','Slide',8,280),(2789,'SponsorMaterial','2024-06-21 11:34:09','2024-06-21 11:34:09','https://18.8.aHc15B6NEr.com','Material 18 8 XFF22PTVKE8ejAWX','Link',9,280),(2790,'SponsorMaterial','2024-06-21 11:34:09','2024-06-21 11:34:09','https://18.9.UMyVoq6xQE.com','Material 18 9 on9mzbHLMiDOIGhU','Video',10,280),(2791,'SponsorMaterial','2024-06-21 11:34:09','2024-06-21 11:34:09','https://19.0.2FYPoyiUam.com','Material 19 0 9YNZ3R5vaxQxrPZ1','Slide',1,267),(2792,'SponsorMaterial','2024-06-21 11:34:09','2024-06-21 11:34:09','https://19.1.7F1FkoxN10.com','Material 19 1 wOjrbD5bdU4ktg22','Video',2,267),(2793,'SponsorMaterial','2024-06-21 11:34:09','2024-06-21 11:34:09','https://19.2.ufEHlHMqtj.com','Material 19 2 T98jJ7OYIb6Mc1HP','Slide',3,267),(2794,'SponsorMaterial','2024-06-21 11:34:09','2024-06-21 11:34:09','https://19.3.HTemE4C3qJ.com','Material 19 3 SKjzvkaPGjqUM24e','Link',4,267),(2795,'SponsorMaterial','2024-06-21 11:34:09','2024-06-21 11:34:09','https://19.4.MuOKW6tj9w.com','Material 19 4 gQTpnINe93RCoMi8','Slide',5,267),(2796,'SponsorMaterial','2024-06-21 11:34:09','2024-06-21 11:34:09','https://19.5.QALDzncSSh.com','Material 19 5 JQ8D0as3D1hG54Oy','Link',6,267),(2797,'SponsorMaterial','2024-06-21 11:34:09','2024-06-21 11:34:09','https://19.6.uXxz8OMLd5.com','Material 19 6 RdNEAMPFL7qwobBe','Video',7,267),(2798,'SponsorMaterial','2024-06-21 11:34:09','2024-06-21 11:34:09','https://19.7.StP6tOn4RH.com','Material 19 7 kcuL9AMEyDEk9O89','Video',8,267),(2799,'SponsorMaterial','2024-06-21 11:34:09','2024-06-21 11:34:09','https://19.8.STmLrqq3SD.com','Material 19 8 jLpcH6vxxsveMZUf','Link',9,267),(2800,'SponsorMaterial','2024-06-21 11:34:09','2024-06-21 11:34:09','https://19.9.gVfyqDmR8S.com','Material 19 9 SLZdDlvLmrCKP8tB','Video',10,267);
/*!40000 ALTER TABLE `SponsorMaterial` ENABLE KEYS */;
UNLOCK TABLES;

--
-- Table structure for table `SponsorSocialNetwork`
--

DROP TABLE IF EXISTS `SponsorSocialNetwork`;
/*!40101 SET @saved_cs_client     = @@character_set_client */;
/*!50503 SET character_set_client = utf8mb4 */;
CREATE TABLE `SponsorSocialNetwork` (
  `ID` int NOT NULL AUTO_INCREMENT,
  `ClassName` varchar(255) COLLATE utf8mb3_unicode_ci NOT NULL DEFAULT 'SponsorSocialNetwork',
  `Created` datetime NOT NULL,
  `LastEdited` datetime NOT NULL,
  `Link` varchar(255) COLLATE utf8mb3_unicode_ci DEFAULT NULL,
  `IconCSSClass` varchar(255) COLLATE utf8mb3_unicode_ci DEFAULT NULL,
  `IsEnable` tinyint(1) NOT NULL DEFAULT '1',
  `SponsorID` int DEFAULT NULL,
  PRIMARY KEY (`ID`),
  KEY `ClassName` (`ClassName`),
  KEY `SponsorID` (`SponsorID`),
  CONSTRAINT `FK_SponsorSocialNetwork_Sponsor` FOREIGN KEY (`SponsorID`) REFERENCES `Sponsor` (`ID`) ON DELETE CASCADE
) ENGINE=InnoDB AUTO_INCREMENT=2801 DEFAULT CHARSET=utf8mb3 COLLATE=utf8mb3_unicode_ci;
/*!40101 SET character_set_client = @saved_cs_client */;

--
-- Dumping data for table `SponsorSocialNetwork`
--

LOCK TABLES `SponsorSocialNetwork` WRITE;
/*!40000 ALTER TABLE `SponsorSocialNetwork` DISABLE KEYS */;
INSERT INTO `SponsorSocialNetwork` VALUES (2601,'SponsorSocialNetwork','2024-06-21 11:34:09','2024-06-21 11:34:09','https://0.0.bxwHP9kksY.com','icon',1,268),(2602,'SponsorSocialNetwork','2024-06-21 11:34:09','2024-06-21 11:34:09','https://0.1.675jgrB6Wa.com','icon',1,268),(2603,'SponsorSocialNetwork','2024-06-21 11:34:09','2024-06-21 11:34:09','https://0.2.QoFdmXTdrW.com','icon',1,268),(2604,'SponsorSocialNetwork','2024-06-21 11:34:09','2024-06-21 11:34:09','https://0.3.yLgeCONwXa.com','icon',1,268),(2605,'SponsorSocialNetwork','2024-06-21 11:34:09','2024-06-21 11:34:09','https://0.4.CArK7F8GIr.com','icon',1,268),(2606,'SponsorSocialNetwork','2024-06-21 11:34:09','2024-06-21 11:34:09','https://0.5.EaXQyRtk8y.com','icon',1,268),(2607,'SponsorSocialNetwork','2024-06-21 11:34:09','2024-06-21 11:34:09','https://0.6.hMPTrIznGm.com','icon',1,268),(2608,'SponsorSocialNetwork','2024-06-21 11:34:09','2024-06-21 11:34:09','https://0.7.kSdYy0FohA.com','icon',1,268),(2609,'SponsorSocialNetwork','2024-06-21 11:34:09','2024-06-21 11:34:09','https://0.8.9i6cg9RnNx.com','icon',1,268),(2610,'SponsorSocialNetwork','2024-06-21 11:34:09','2024-06-21 11:34:09','https://0.9.x8tO1hUtLu.com','icon',1,268),(2611,'SponsorSocialNetwork','2024-06-21 11:34:09','2024-06-21 11:34:09','https://1.0.ZeFMqqBu6e.com','icon',1,272),(2612,'SponsorSocialNetwork','2024-06-21 11:34:09','2024-06-21 11:34:09','https://1.1.vkwhIM5t98.com','icon',1,272),(2613,'SponsorSocialNetwork','2024-06-21 11:34:09','2024-06-21 11:34:09','https://1.2.RlJkBBXIrk.com','icon',1,272),(2614,'SponsorSocialNetwork','2024-06-21 11:34:09','2024-06-21 11:34:09','https://1.3.a9od4I2l2O.com','icon',1,272),(2615,'SponsorSocialNetwork','2024-06-21 11:34:09','2024-06-21 11:34:09','https://1.4.V9hxDNUh88.com','icon',1,272),(2616,'SponsorSocialNetwork','2024-06-21 11:34:09','2024-06-21 11:34:09','https://1.5.6q2AmKwboj.com','icon',1,272),(2617,'SponsorSocialNetwork','2024-06-21 11:34:09','2024-06-21 11:34:09','https://1.6.fVbwdX5IvU.com','icon',1,272),(2618,'SponsorSocialNetwork','2024-06-21 11:34:09','2024-06-21 11:34:09','https://1.7.cX5UlqXAWR.com','icon',1,272),(2619,'SponsorSocialNetwork','2024-06-21 11:34:09','2024-06-21 11:34:09','https://1.8.evTVSWJn1r.com','icon',1,272),(2620,'SponsorSocialNetwork','2024-06-21 11:34:09','2024-06-21 11:34:09','https://1.9.U8sA7aGomM.com','icon',1,272),(2621,'SponsorSocialNetwork','2024-06-21 11:34:09','2024-06-21 11:34:09','https://2.0.CclM5HDIYq.com','icon',1,262),(2622,'SponsorSocialNetwork','2024-06-21 11:34:09','2024-06-21 11:34:09','https://2.1.9d8n4SmXAz.com','icon',1,262),(2623,'SponsorSocialNetwork','2024-06-21 11:34:09','2024-06-21 11:34:09','https://2.2.4K9VikGcZH.com','icon',1,262),(2624,'SponsorSocialNetwork','2024-06-21 11:34:09','2024-06-21 11:34:09','https://2.3.SVZF8PbeLE.com','icon',1,262),(2625,'SponsorSocialNetwork','2024-06-21 11:34:09','2024-06-21 11:34:09','https://2.4.O4o11ahZR7.com','icon',1,262),(2626,'SponsorSocialNetwork','2024-06-21 11:34:09','2024-06-21 11:34:09','https://2.5.etzpBBJAqz.com','icon',1,262),(2627,'SponsorSocialNetwork','2024-06-21 11:34:09','2024-06-21 11:34:09','https://2.6.adQisw36WH.com','icon',1,262),(2628,'SponsorSocialNetwork','2024-06-21 11:34:09','2024-06-21 11:34:09','https://2.7.PDUsaPXEgb.com','icon',1,262),(2629,'SponsorSocialNetwork','2024-06-21 11:34:09','2024-06-21 11:34:09','https://2.8.UdINUD7vtw.com','icon',1,262),(2630,'SponsorSocialNetwork','2024-06-21 11:34:09','2024-06-21 11:34:09','https://2.9.LChIyIUCzt.com','icon',1,262),(2631,'SponsorSocialNetwork','2024-06-21 11:34:09','2024-06-21 11:34:09','https://3.0.V1RCmTROVQ.com','icon',1,275),(2632,'SponsorSocialNetwork','2024-06-21 11:34:09','2024-06-21 11:34:09','https://3.1.5fdkapANyu.com','icon',1,275),(2633,'SponsorSocialNetwork','2024-06-21 11:34:09','2024-06-21 11:34:09','https://3.2.taFkC2KJq8.com','icon',1,275),(2634,'SponsorSocialNetwork','2024-06-21 11:34:09','2024-06-21 11:34:09','https://3.3.WxcucnCjFn.com','icon',1,275),(2635,'SponsorSocialNetwork','2024-06-21 11:34:09','2024-06-21 11:34:09','https://3.4.98yjiNRRC8.com','icon',1,275),(2636,'SponsorSocialNetwork','2024-06-21 11:34:09','2024-06-21 11:34:09','https://3.5.ay1apZ4gJ6.com','icon',1,275),(2637,'SponsorSocialNetwork','2024-06-21 11:34:09','2024-06-21 11:34:09','https://3.6.GzW6lzPK8m.com','icon',1,275),(2638,'SponsorSocialNetwork','2024-06-21 11:34:09','2024-06-21 11:34:09','https://3.7.xBCUbNT4qa.com','icon',1,275),(2639,'SponsorSocialNetwork','2024-06-21 11:34:09','2024-06-21 11:34:09','https://3.8.cLUjpjdnMU.com','icon',1,275),(2640,'SponsorSocialNetwork','2024-06-21 11:34:09','2024-06-21 11:34:09','https://3.9.sTjBYJLBcj.com','icon',1,275),(2641,'SponsorSocialNetwork','2024-06-21 11:34:09','2024-06-21 11:34:09','https://4.0.32528NwiAt.com','icon',1,274),(2642,'SponsorSocialNetwork','2024-06-21 11:34:09','2024-06-21 11:34:09','https://4.1.r7Sp3dK9Nd.com','icon',1,274),(2643,'SponsorSocialNetwork','2024-06-21 11:34:09','2024-06-21 11:34:09','https://4.2.XmH8FUCAfc.com','icon',1,274),(2644,'SponsorSocialNetwork','2024-06-21 11:34:09','2024-06-21 11:34:09','https://4.3.mZsHKmS9d3.com','icon',1,274),(2645,'SponsorSocialNetwork','2024-06-21 11:34:09','2024-06-21 11:34:09','https://4.4.pLg0JBA3qi.com','icon',1,274),(2646,'SponsorSocialNetwork','2024-06-21 11:34:09','2024-06-21 11:34:09','https://4.5.1UU48qrhbZ.com','icon',1,274),(2647,'SponsorSocialNetwork','2024-06-21 11:34:09','2024-06-21 11:34:09','https://4.6.fXE4scTAln.com','icon',1,274),(2648,'SponsorSocialNetwork','2024-06-21 11:34:09','2024-06-21 11:34:09','https://4.7.Qwaz7mJnOM.com','icon',1,274),(2649,'SponsorSocialNetwork','2024-06-21 11:34:09','2024-06-21 11:34:09','https://4.8.G3ryXnkVR6.com','icon',1,274),(2650,'SponsorSocialNetwork','2024-06-21 11:34:09','2024-06-21 11:34:09','https://4.9.vOwji10PCX.com','icon',1,274),(2651,'SponsorSocialNetwork','2024-06-21 11:34:09','2024-06-21 11:34:09','https://5.0.d6hLeNSbkX.com','icon',1,276),(2652,'SponsorSocialNetwork','2024-06-21 11:34:09','2024-06-21 11:34:09','https://5.1.xYIXzmLQtH.com','icon',1,276),(2653,'SponsorSocialNetwork','2024-06-21 11:34:09','2024-06-21 11:34:09','https://5.2.iHIIdubzHa.com','icon',1,276),(2654,'SponsorSocialNetwork','2024-06-21 11:34:09','2024-06-21 11:34:09','https://5.3.hdt3YW1bz6.com','icon',1,276),(2655,'SponsorSocialNetwork','2024-06-21 11:34:09','2024-06-21 11:34:09','https://5.4.0ALRyzILYe.com','icon',1,276),(2656,'SponsorSocialNetwork','2024-06-21 11:34:09','2024-06-21 11:34:09','https://5.5.7l0n6nhnf4.com','icon',1,276),(2657,'SponsorSocialNetwork','2024-06-21 11:34:09','2024-06-21 11:34:09','https://5.6.M50eTumcft.com','icon',1,276),(2658,'SponsorSocialNetwork','2024-06-21 11:34:09','2024-06-21 11:34:09','https://5.7.pXxmjfcU9x.com','icon',1,276),(2659,'SponsorSocialNetwork','2024-06-21 11:34:09','2024-06-21 11:34:09','https://5.8.fxC2IZaJto.com','icon',1,276),(2660,'SponsorSocialNetwork','2024-06-21 11:34:09','2024-06-21 11:34:09','https://5.9.aO2YVYVE7n.com','icon',1,276),(2661,'SponsorSocialNetwork','2024-06-21 11:34:09','2024-06-21 11:34:09','https://6.0.Qkv9FkKsfW.com','icon',1,263),(2662,'SponsorSocialNetwork','2024-06-21 11:34:09','2024-06-21 11:34:09','https://6.1.W0av0ekkZH.com','icon',1,263),(2663,'SponsorSocialNetwork','2024-06-21 11:34:09','2024-06-21 11:34:09','https://6.2.uZjthx0Au9.com','icon',1,263),(2664,'SponsorSocialNetwork','2024-06-21 11:34:09','2024-06-21 11:34:09','https://6.3.Vm82P2vdMV.com','icon',1,263),(2665,'SponsorSocialNetwork','2024-06-21 11:34:09','2024-06-21 11:34:09','https://6.4.z30XkNDkyN.com','icon',1,263),(2666,'SponsorSocialNetwork','2024-06-21 11:34:09','2024-06-21 11:34:09','https://6.5.JwSwVxETNY.com','icon',1,263),(2667,'SponsorSocialNetwork','2024-06-21 11:34:09','2024-06-21 11:34:09','https://6.6.jhKl0PhYs2.com','icon',1,263),(2668,'SponsorSocialNetwork','2024-06-21 11:34:09','2024-06-21 11:34:09','https://6.7.nD7j6JYHRi.com','icon',1,263),(2669,'SponsorSocialNetwork','2024-06-21 11:34:09','2024-06-21 11:34:09','https://6.8.i7q1xWtt60.com','icon',1,263),(2670,'SponsorSocialNetwork','2024-06-21 11:34:09','2024-06-21 11:34:09','https://6.9.oUWm44mY90.com','icon',1,263),(2671,'SponsorSocialNetwork','2024-06-21 11:34:09','2024-06-21 11:34:09','https://7.0.093cOdgTYc.com','icon',1,261),(2672,'SponsorSocialNetwork','2024-06-21 11:34:09','2024-06-21 11:34:09','https://7.1.RPW6SM1Y1u.com','icon',1,261),(2673,'SponsorSocialNetwork','2024-06-21 11:34:09','2024-06-21 11:34:09','https://7.2.bqoFNCrr40.com','icon',1,261),(2674,'SponsorSocialNetwork','2024-06-21 11:34:09','2024-06-21 11:34:09','https://7.3.HtXPIMtOwS.com','icon',1,261),(2675,'SponsorSocialNetwork','2024-06-21 11:34:09','2024-06-21 11:34:09','https://7.4.LVdvd21aqJ.com','icon',1,261),(2676,'SponsorSocialNetwork','2024-06-21 11:34:09','2024-06-21 11:34:09','https://7.5.ZNQ2Xv9eLq.com','icon',1,261),(2677,'SponsorSocialNetwork','2024-06-21 11:34:09','2024-06-21 11:34:09','https://7.6.44r3Q2C4R7.com','icon',1,261),(2678,'SponsorSocialNetwork','2024-06-21 11:34:09','2024-06-21 11:34:09','https://7.7.P6WjNFkXID.com','icon',1,261),(2679,'SponsorSocialNetwork','2024-06-21 11:34:09','2024-06-21 11:34:09','https://7.8.QKEwe2YfPQ.com','icon',1,261),(2680,'SponsorSocialNetwork','2024-06-21 11:34:09','2024-06-21 11:34:09','https://7.9.7jpT6CGqTf.com','icon',1,261),(2681,'SponsorSocialNetwork','2024-06-21 11:34:09','2024-06-21 11:34:09','https://8.0.lJ0PraSEFy.com','icon',1,265),(2682,'SponsorSocialNetwork','2024-06-21 11:34:09','2024-06-21 11:34:09','https://8.1.WAnu057LHJ.com','icon',1,265),(2683,'SponsorSocialNetwork','2024-06-21 11:34:09','2024-06-21 11:34:09','https://8.2.642ruRQ0sb.com','icon',1,265),(2684,'SponsorSocialNetwork','2024-06-21 11:34:09','2024-06-21 11:34:09','https://8.3.qTjBj1me8B.com','icon',1,265),(2685,'SponsorSocialNetwork','2024-06-21 11:34:09','2024-06-21 11:34:09','https://8.4.XOpwUgz42O.com','icon',1,265),(2686,'SponsorSocialNetwork','2024-06-21 11:34:09','2024-06-21 11:34:09','https://8.5.XGCHlI1DxV.com','icon',1,265),(2687,'SponsorSocialNetwork','2024-06-21 11:34:09','2024-06-21 11:34:09','https://8.6.yRSqHIdgXd.com','icon',1,265),(2688,'SponsorSocialNetwork','2024-06-21 11:34:09','2024-06-21 11:34:09','https://8.7.uWbaMcnlcs.com','icon',1,265),(2689,'SponsorSocialNetwork','2024-06-21 11:34:09','2024-06-21 11:34:09','https://8.8.Av0eapjCYt.com','icon',1,265),(2690,'SponsorSocialNetwork','2024-06-21 11:34:09','2024-06-21 11:34:09','https://8.9.JBAbOC9cou.com','icon',1,265),(2691,'SponsorSocialNetwork','2024-06-21 11:34:09','2024-06-21 11:34:09','https://9.0.cHJ3TVGnIf.com','icon',1,277),(2692,'SponsorSocialNetwork','2024-06-21 11:34:09','2024-06-21 11:34:09','https://9.1.AuLvuuHJcH.com','icon',1,277),(2693,'SponsorSocialNetwork','2024-06-21 11:34:09','2024-06-21 11:34:09','https://9.2.fvr75dIUmw.com','icon',1,277),(2694,'SponsorSocialNetwork','2024-06-21 11:34:09','2024-06-21 11:34:09','https://9.3.dPBPTzG1fA.com','icon',1,277),(2695,'SponsorSocialNetwork','2024-06-21 11:34:09','2024-06-21 11:34:09','https://9.4.7il0jNvsGF.com','icon',1,277),(2696,'SponsorSocialNetwork','2024-06-21 11:34:09','2024-06-21 11:34:09','https://9.5.sNmbXwWkYB.com','icon',1,277),(2697,'SponsorSocialNetwork','2024-06-21 11:34:09','2024-06-21 11:34:09','https://9.6.HUtNdk59uk.com','icon',1,277),(2698,'SponsorSocialNetwork','2024-06-21 11:34:09','2024-06-21 11:34:09','https://9.7.FBc0Ht2gr4.com','icon',1,277),(2699,'SponsorSocialNetwork','2024-06-21 11:34:09','2024-06-21 11:34:09','https://9.8.4EBSBvAjiE.com','icon',1,277),(2700,'SponsorSocialNetwork','2024-06-21 11:34:09','2024-06-21 11:34:09','https://9.9.Jlwi3d5Z0c.com','icon',1,277),(2701,'SponsorSocialNetwork','2024-06-21 11:34:09','2024-06-21 11:34:09','https://10.0.HiTEWyEHyt.com','icon',1,271),(2702,'SponsorSocialNetwork','2024-06-21 11:34:09','2024-06-21 11:34:09','https://10.1.IKZDHVCEKE.com','icon',1,271),(2703,'SponsorSocialNetwork','2024-06-21 11:34:09','2024-06-21 11:34:09','https://10.2.5S7OiRSaT2.com','icon',1,271),(2704,'SponsorSocialNetwork','2024-06-21 11:34:09','2024-06-21 11:34:09','https://10.3.vLJEBEffpk.com','icon',1,271),(2705,'SponsorSocialNetwork','2024-06-21 11:34:09','2024-06-21 11:34:09','https://10.4.KPvfXyi3qm.com','icon',1,271),(2706,'SponsorSocialNetwork','2024-06-21 11:34:09','2024-06-21 11:34:09','https://10.5.BYBaPCUDfA.com','icon',1,271),(2707,'SponsorSocialNetwork','2024-06-21 11:34:09','2024-06-21 11:34:09','https://10.6.fekdGt7WaW.com','icon',1,271),(2708,'SponsorSocialNetwork','2024-06-21 11:34:09','2024-06-21 11:34:09','https://10.7.KHxtHPhp9z.com','icon',1,271),(2709,'SponsorSocialNetwork','2024-06-21 11:34:09','2024-06-21 11:34:09','https://10.8.SDADL1J2sB.com','icon',1,271),(2710,'SponsorSocialNetwork','2024-06-21 11:34:09','2024-06-21 11:34:09','https://10.9.KRblmR16Df.com','icon',1,271),(2711,'SponsorSocialNetwork','2024-06-21 11:34:09','2024-06-21 11:34:09','https://11.0.Q1WBWTCViM.com','icon',1,278),(2712,'SponsorSocialNetwork','2024-06-21 11:34:09','2024-06-21 11:34:09','https://11.1.3ueceOejk7.com','icon',1,278),(2713,'SponsorSocialNetwork','2024-06-21 11:34:09','2024-06-21 11:34:09','https://11.2.5hFbbkqjLA.com','icon',1,278),(2714,'SponsorSocialNetwork','2024-06-21 11:34:09','2024-06-21 11:34:09','https://11.3.rxOHF8SsHX.com','icon',1,278),(2715,'SponsorSocialNetwork','2024-06-21 11:34:09','2024-06-21 11:34:09','https://11.4.dGVuCmiIbR.com','icon',1,278),(2716,'SponsorSocialNetwork','2024-06-21 11:34:09','2024-06-21 11:34:09','https://11.5.zaAeu6I0ql.com','icon',1,278),(2717,'SponsorSocialNetwork','2024-06-21 11:34:09','2024-06-21 11:34:09','https://11.6.PFnseaJaFB.com','icon',1,278),(2718,'SponsorSocialNetwork','2024-06-21 11:34:09','2024-06-21 11:34:09','https://11.7.s6UYs34s7j.com','icon',1,278),(2719,'SponsorSocialNetwork','2024-06-21 11:34:09','2024-06-21 11:34:09','https://11.8.V75mDs2gS7.com','icon',1,278),(2720,'SponsorSocialNetwork','2024-06-21 11:34:09','2024-06-21 11:34:09','https://11.9.Y8Jh2iqQaa.com','icon',1,278),(2721,'SponsorSocialNetwork','2024-06-21 11:34:09','2024-06-21 11:34:09','https://12.0.xj1qvoBrFc.com','icon',1,269),(2722,'SponsorSocialNetwork','2024-06-21 11:34:09','2024-06-21 11:34:09','https://12.1.AUUL4DLx7n.com','icon',1,269),(2723,'SponsorSocialNetwork','2024-06-21 11:34:09','2024-06-21 11:34:09','https://12.2.PW79Tjj7mP.com','icon',1,269),(2724,'SponsorSocialNetwork','2024-06-21 11:34:09','2024-06-21 11:34:09','https://12.3.OFgQMRP91c.com','icon',1,269),(2725,'SponsorSocialNetwork','2024-06-21 11:34:09','2024-06-21 11:34:09','https://12.4.slu74pYdLY.com','icon',1,269),(2726,'SponsorSocialNetwork','2024-06-21 11:34:09','2024-06-21 11:34:09','https://12.5.OSzp4lxZW6.com','icon',1,269),(2727,'SponsorSocialNetwork','2024-06-21 11:34:09','2024-06-21 11:34:09','https://12.6.sZrEgeBeqv.com','icon',1,269),(2728,'SponsorSocialNetwork','2024-06-21 11:34:09','2024-06-21 11:34:09','https://12.7.FqxLsBpaqH.com','icon',1,269),(2729,'SponsorSocialNetwork','2024-06-21 11:34:09','2024-06-21 11:34:09','https://12.8.NTKkGZza2h.com','icon',1,269),(2730,'SponsorSocialNetwork','2024-06-21 11:34:09','2024-06-21 11:34:09','https://12.9.rRSJZt2pWT.com','icon',1,269),(2731,'SponsorSocialNetwork','2024-06-21 11:34:09','2024-06-21 11:34:09','https://13.0.hUO6cJdSgj.com','icon',1,270),(2732,'SponsorSocialNetwork','2024-06-21 11:34:09','2024-06-21 11:34:09','https://13.1.O6F3e67cFF.com','icon',1,270),(2733,'SponsorSocialNetwork','2024-06-21 11:34:09','2024-06-21 11:34:09','https://13.2.qy1s9cxDnZ.com','icon',1,270),(2734,'SponsorSocialNetwork','2024-06-21 11:34:09','2024-06-21 11:34:09','https://13.3.ByVowSw37A.com','icon',1,270),(2735,'SponsorSocialNetwork','2024-06-21 11:34:09','2024-06-21 11:34:09','https://13.4.u4gcEU4yUr.com','icon',1,270),(2736,'SponsorSocialNetwork','2024-06-21 11:34:09','2024-06-21 11:34:09','https://13.5.83n2GbItgy.com','icon',1,270),(2737,'SponsorSocialNetwork','2024-06-21 11:34:09','2024-06-21 11:34:09','https://13.6.PvXPA9iCT8.com','icon',1,270),(2738,'SponsorSocialNetwork','2024-06-21 11:34:09','2024-06-21 11:34:09','https://13.7.MwPhbFsw4L.com','icon',1,270),(2739,'SponsorSocialNetwork','2024-06-21 11:34:09','2024-06-21 11:34:09','https://13.8.OU4UkopYou.com','icon',1,270),(2740,'SponsorSocialNetwork','2024-06-21 11:34:09','2024-06-21 11:34:09','https://13.9.lFS4qioqcv.com','icon',1,270),(2741,'SponsorSocialNetwork','2024-06-21 11:34:09','2024-06-21 11:34:09','https://14.0.f4709LYypT.com','icon',1,279),(2742,'SponsorSocialNetwork','2024-06-21 11:34:09','2024-06-21 11:34:09','https://14.1.eifjcQu5Wu.com','icon',1,279),(2743,'SponsorSocialNetwork','2024-06-21 11:34:09','2024-06-21 11:34:09','https://14.2.AMLJ7vH9h4.com','icon',1,279),(2744,'SponsorSocialNetwork','2024-06-21 11:34:09','2024-06-21 11:34:09','https://14.3.bReHVantyQ.com','icon',1,279),(2745,'SponsorSocialNetwork','2024-06-21 11:34:09','2024-06-21 11:34:09','https://14.4.pIfXHbDZ47.com','icon',1,279),(2746,'SponsorSocialNetwork','2024-06-21 11:34:09','2024-06-21 11:34:09','https://14.5.jm1JGI4AXN.com','icon',1,279),(2747,'SponsorSocialNetwork','2024-06-21 11:34:09','2024-06-21 11:34:09','https://14.6.yjw6pW0U0G.com','icon',1,279),(2748,'SponsorSocialNetwork','2024-06-21 11:34:09','2024-06-21 11:34:09','https://14.7.NoWiX1tugG.com','icon',1,279),(2749,'SponsorSocialNetwork','2024-06-21 11:34:09','2024-06-21 11:34:09','https://14.8.qNlTDya1lY.com','icon',1,279),(2750,'SponsorSocialNetwork','2024-06-21 11:34:09','2024-06-21 11:34:09','https://14.9.dnFSxPzToF.com','icon',1,279),(2751,'SponsorSocialNetwork','2024-06-21 11:34:09','2024-06-21 11:34:09','https://15.0.z04yQL91qQ.com','icon',1,266),(2752,'SponsorSocialNetwork','2024-06-21 11:34:09','2024-06-21 11:34:09','https://15.1.K77SrVGNzL.com','icon',1,266),(2753,'SponsorSocialNetwork','2024-06-21 11:34:09','2024-06-21 11:34:09','https://15.2.43SSHm0J9o.com','icon',1,266),(2754,'SponsorSocialNetwork','2024-06-21 11:34:09','2024-06-21 11:34:09','https://15.3.EOUgzKDjGh.com','icon',1,266),(2755,'SponsorSocialNetwork','2024-06-21 11:34:09','2024-06-21 11:34:09','https://15.4.5LbAjBWwjI.com','icon',1,266),(2756,'SponsorSocialNetwork','2024-06-21 11:34:09','2024-06-21 11:34:09','https://15.5.2OvfJcgtCY.com','icon',1,266),(2757,'SponsorSocialNetwork','2024-06-21 11:34:09','2024-06-21 11:34:09','https://15.6.Ub4v2Wmucb.com','icon',1,266),(2758,'SponsorSocialNetwork','2024-06-21 11:34:09','2024-06-21 11:34:09','https://15.7.b9shPIusHv.com','icon',1,266),(2759,'SponsorSocialNetwork','2024-06-21 11:34:09','2024-06-21 11:34:09','https://15.8.aky06AvN04.com','icon',1,266),(2760,'SponsorSocialNetwork','2024-06-21 11:34:09','2024-06-21 11:34:09','https://15.9.O9QsEgl3zX.com','icon',1,266),(2761,'SponsorSocialNetwork','2024-06-21 11:34:09','2024-06-21 11:34:09','https://16.0.y9Tj6plbMP.com','icon',1,264),(2762,'SponsorSocialNetwork','2024-06-21 11:34:09','2024-06-21 11:34:09','https://16.1.cH4dXw0lpw.com','icon',1,264),(2763,'SponsorSocialNetwork','2024-06-21 11:34:09','2024-06-21 11:34:09','https://16.2.jMJAb3mcva.com','icon',1,264),(2764,'SponsorSocialNetwork','2024-06-21 11:34:09','2024-06-21 11:34:09','https://16.3.16m6qvr5G2.com','icon',1,264),(2765,'SponsorSocialNetwork','2024-06-21 11:34:09','2024-06-21 11:34:09','https://16.4.OcqjRm8Ud6.com','icon',1,264),(2766,'SponsorSocialNetwork','2024-06-21 11:34:09','2024-06-21 11:34:09','https://16.5.Mf7mWN0qku.com','icon',1,264),(2767,'SponsorSocialNetwork','2024-06-21 11:34:09','2024-06-21 11:34:09','https://16.6.hpSbwr6M2O.com','icon',1,264),(2768,'SponsorSocialNetwork','2024-06-21 11:34:09','2024-06-21 11:34:09','https://16.7.PVEg0U5gMm.com','icon',1,264),(2769,'SponsorSocialNetwork','2024-06-21 11:34:09','2024-06-21 11:34:09','https://16.8.49zwpkB4XL.com','icon',1,264),(2770,'SponsorSocialNetwork','2024-06-21 11:34:09','2024-06-21 11:34:09','https://16.9.YzBAKUUFnq.com','icon',1,264),(2771,'SponsorSocialNetwork','2024-06-21 11:34:09','2024-06-21 11:34:09','https://17.0.GGbwyGsLXr.com','icon',1,273),(2772,'SponsorSocialNetwork','2024-06-21 11:34:09','2024-06-21 11:34:09','https://17.1.IxTj6CisYJ.com','icon',1,273),(2773,'SponsorSocialNetwork','2024-06-21 11:34:09','2024-06-21 11:34:09','https://17.2.eBYmBVUjmD.com','icon',1,273),(2774,'SponsorSocialNetwork','2024-06-21 11:34:09','2024-06-21 11:34:09','https://17.3.QT4DJgpA4v.com','icon',1,273),(2775,'SponsorSocialNetwork','2024-06-21 11:34:09','2024-06-21 11:34:09','https://17.4.wHQtT2iO5g.com','icon',1,273),(2776,'SponsorSocialNetwork','2024-06-21 11:34:09','2024-06-21 11:34:09','https://17.5.EkZwe53yrU.com','icon',1,273),(2777,'SponsorSocialNetwork','2024-06-21 11:34:09','2024-06-21 11:34:09','https://17.6.Wc34pdxgjN.com','icon',1,273),(2778,'SponsorSocialNetwork','2024-06-21 11:34:09','2024-06-21 11:34:09','https://17.7.o5wJ0PkTLX.com','icon',1,273),(2779,'SponsorSocialNetwork','2024-06-21 11:34:09','2024-06-21 11:34:09','https://17.8.oyOdcEoxct.com','icon',1,273),(2780,'SponsorSocialNetwork','2024-06-21 11:34:09','2024-06-21 11:34:09','https://17.9.aJf4I9W7qp.com','icon',1,273),(2781,'SponsorSocialNetwork','2024-06-21 11:34:09','2024-06-21 11:34:09','https://18.0.w6RCcZWxqT.com','icon',1,280),(2782,'SponsorSocialNetwork','2024-06-21 11:34:09','2024-06-21 11:34:09','https://18.1.ZejGJxADMt.com','icon',1,280),(2783,'SponsorSocialNetwork','2024-06-21 11:34:09','2024-06-21 11:34:09','https://18.2.YjsOTSX4F7.com','icon',1,280),(2784,'SponsorSocialNetwork','2024-06-21 11:34:09','2024-06-21 11:34:09','https://18.3.j6tFUHBRVP.com','icon',1,280),(2785,'SponsorSocialNetwork','2024-06-21 11:34:09','2024-06-21 11:34:09','https://18.4.BgpJ7AKURH.com','icon',1,280),(2786,'SponsorSocialNetwork','2024-06-21 11:34:09','2024-06-21 11:34:09','https://18.5.xJNlPFAG7h.com','icon',1,280),(2787,'SponsorSocialNetwork','2024-06-21 11:34:09','2024-06-21 11:34:09','https://18.6.26UqBkVGBU.com','icon',1,280),(2788,'SponsorSocialNetwork','2024-06-21 11:34:09','2024-06-21 11:34:09','https://18.7.w6X3wKJPLC.com','icon',1,280),(2789,'SponsorSocialNetwork','2024-06-21 11:34:09','2024-06-21 11:34:09','https://18.8.IRpRvFjtdf.com','icon',1,280),(2790,'SponsorSocialNetwork','2024-06-21 11:34:09','2024-06-21 11:34:09','https://18.9.a29atipyjW.com','icon',1,280),(2791,'SponsorSocialNetwork','2024-06-21 11:34:09','2024-06-21 11:34:09','https://19.0.5FOOvWhLKb.com','icon',1,267),(2792,'SponsorSocialNetwork','2024-06-21 11:34:09','2024-06-21 11:34:09','https://19.1.R0nVbKgj3i.com','icon',1,267),(2793,'SponsorSocialNetwork','2024-06-21 11:34:09','2024-06-21 11:34:09','https://19.2.x7c9vYC3OY.com','icon',1,267),(2794,'SponsorSocialNetwork','2024-06-21 11:34:09','2024-06-21 11:34:09','https://19.3.uXvURSJgJl.com','icon',1,267),(2795,'SponsorSocialNetwork','2024-06-21 11:34:09','2024-06-21 11:34:09','https://19.4.13vLtIj82J.com','icon',1,267),(2796,'SponsorSocialNetwork','2024-06-21 11:34:09','2024-06-21 11:34:09','https://19.5.QRb3sMn2Zc.com','icon',1,267),(2797,'SponsorSocialNetwork','2024-06-21 11:34:09','2024-06-21 11:34:09','https://19.6.y74fXMzuy0.com','icon',1,267),(2798,'SponsorSocialNetwork','2024-06-21 11:34:09','2024-06-21 11:34:09','https://19.7.eSzwdHdaxV.com','icon',1,267),(2799,'SponsorSocialNetwork','2024-06-21 11:34:09','2024-06-21 11:34:09','https://19.8.477xyNZImN.com','icon',1,267),(2800,'SponsorSocialNetwork','2024-06-21 11:34:09','2024-06-21 11:34:09','https://19.9.L64n3GsTUd.com','icon',1,267);
/*!40000 ALTER TABLE `SponsorSocialNetwork` ENABLE KEYS */;
UNLOCK TABLES;

--
-- Table structure for table `SponsorSummitRegistrationDiscountCode`
--

DROP TABLE IF EXISTS `SponsorSummitRegistrationDiscountCode`;
/*!40101 SET @saved_cs_client     = @@character_set_client */;
/*!50503 SET character_set_client = utf8mb4 */;
CREATE TABLE `SponsorSummitRegistrationDiscountCode` (
  `ID` int NOT NULL AUTO_INCREMENT,
  `SponsorID` int DEFAULT NULL,
  `ContactEmail` varchar(255) DEFAULT NULL,
  PRIMARY KEY (`ID`),
  KEY `SponsorID` (`SponsorID`),
  CONSTRAINT `FK_SponsorSummitRegistrationDiscountCode_PromoCode` FOREIGN KEY (`ID`) REFERENCES `SummitRegistrationPromoCode` (`ID`) ON DELETE CASCADE,
  CONSTRAINT `FK_SponsorSummitRegistrationDiscountCode_Sponsor` FOREIGN KEY (`SponsorID`) REFERENCES `Sponsor` (`ID`)
) ENGINE=InnoDB AUTO_INCREMENT=323 DEFAULT CHARSET=latin1;
/*!40101 SET character_set_client = @saved_cs_client */;

--
-- Dumping data for table `SponsorSummitRegistrationDiscountCode`
--

LOCK TABLES `SponsorSummitRegistrationDiscountCode` WRITE;
/*!40000 ALTER TABLE `SponsorSummitRegistrationDiscountCode` DISABLE KEYS */;
INSERT INTO `SponsorSummitRegistrationDiscountCode` VALUES (303,261,'test@test.com'),(304,262,'test@test.com'),(305,263,'test@test.com'),(306,264,'test@test.com'),(307,265,'test@test.com'),(308,266,'test@test.com'),(309,267,'test@test.com'),(310,264,'test@test.com'),(311,268,'test@test.com'),(312,262,'test@test.com'),(313,268,'test@test.com'),(314,269,'test@test.com'),(315,270,'test@test.com'),(316,261,'test@test.com'),(317,271,'test@test.com'),(318,272,'test@test.com'),(319,273,'test@test.com'),(320,266,'test@test.com'),(321,266,'test@test.com'),(322,274,'test@test.com');
/*!40000 ALTER TABLE `SponsorSummitRegistrationDiscountCode` ENABLE KEYS */;
UNLOCK TABLES;

--
-- Table structure for table `SponsorSummitRegistrationPromoCode`
--

DROP TABLE IF EXISTS `SponsorSummitRegistrationPromoCode`;
/*!40101 SET @saved_cs_client     = @@character_set_client */;
/*!50503 SET character_set_client = utf8mb4 */;
CREATE TABLE `SponsorSummitRegistrationPromoCode` (
  `ID` int NOT NULL AUTO_INCREMENT,
  `SponsorID` int DEFAULT NULL,
  `ContactEmail` varchar(255) DEFAULT NULL,
  PRIMARY KEY (`ID`),
  KEY `SponsorID` (`SponsorID`),
  CONSTRAINT `FK_SponsorSummitRegistrationPromoCode_PromoCode` FOREIGN KEY (`ID`) REFERENCES `SummitRegistrationPromoCode` (`ID`) ON DELETE CASCADE,
  CONSTRAINT `FK_SponsorSummitRegistrationPromoCode_Sponsor` FOREIGN KEY (`SponsorID`) REFERENCES `Sponsor` (`ID`)
) ENGINE=InnoDB DEFAULT CHARSET=latin1;
/*!40101 SET character_set_client = @saved_cs_client */;

--
-- Dumping data for table `SponsorSummitRegistrationPromoCode`
--

LOCK TABLES `SponsorSummitRegistrationPromoCode` WRITE;
/*!40000 ALTER TABLE `SponsorSummitRegistrationPromoCode` DISABLE KEYS */;
/*!40000 ALTER TABLE `SponsorSummitRegistrationPromoCode` ENABLE KEYS */;
UNLOCK TABLES;

--
-- Table structure for table `SponsorUserInfoGrant`
--

DROP TABLE IF EXISTS `SponsorUserInfoGrant`;
/*!40101 SET @saved_cs_client     = @@character_set_client */;
/*!50503 SET character_set_client = utf8mb4 */;
CREATE TABLE `SponsorUserInfoGrant` (
  `ID` int NOT NULL AUTO_INCREMENT,
  `Created` datetime DEFAULT NULL,
  `LastEdited` datetime DEFAULT NULL,
  `ClassName` enum('SponsorUserInfoGrant','SponsorBadgeScan') CHARACTER SET utf8mb3 COLLATE utf8mb3_general_ci DEFAULT 'SponsorUserInfoGrant',
  `AllowedUserID` int DEFAULT NULL,
  `SponsorID` int DEFAULT NULL,
  PRIMARY KEY (`ID`),
  KEY `AllowedUserID` (`AllowedUserID`),
  KEY `ClassName` (`ClassName`),
  KEY `SponsorID` (`SponsorID`),
  CONSTRAINT `FK_39DC8CF694CE1A1A` FOREIGN KEY (`SponsorID`) REFERENCES `Sponsor` (`ID`) ON DELETE CASCADE,
  CONSTRAINT `FK_39DC8CF6A293D583` FOREIGN KEY (`AllowedUserID`) REFERENCES `Member` (`ID`) ON DELETE CASCADE
) ENGINE=InnoDB DEFAULT CHARSET=utf8mb3 COLLATE=utf8mb3_unicode_ci;
/*!40101 SET character_set_client = @saved_cs_client */;

--
-- Dumping data for table `SponsorUserInfoGrant`
--

LOCK TABLES `SponsorUserInfoGrant` WRITE;
/*!40000 ALTER TABLE `SponsorUserInfoGrant` DISABLE KEYS */;
/*!40000 ALTER TABLE `SponsorUserInfoGrant` ENABLE KEYS */;
UNLOCK TABLES;

--
-- Table structure for table `Sponsor_Users`
--

DROP TABLE IF EXISTS `Sponsor_Users`;
/*!40101 SET @saved_cs_client     = @@character_set_client */;
/*!50503 SET character_set_client = utf8mb4 */;
CREATE TABLE `Sponsor_Users` (
  `ID` int NOT NULL AUTO_INCREMENT,
  `SponsorID` int NOT NULL DEFAULT '0',
  `MemberID` int NOT NULL DEFAULT '0',
  PRIMARY KEY (`ID`),
  KEY `MemberID` (`MemberID`),
  KEY `SponsorID` (`SponsorID`)
) ENGINE=InnoDB DEFAULT CHARSET=latin1;
/*!40101 SET character_set_client = @saved_cs_client */;

--
-- Dumping data for table `Sponsor_Users`
--

LOCK TABLES `Sponsor_Users` WRITE;
/*!40000 ALTER TABLE `Sponsor_Users` DISABLE KEYS */;
/*!40000 ALTER TABLE `Sponsor_Users` ENABLE KEYS */;
UNLOCK TABLES;

--
-- Table structure for table `SponsoredProject`
--

DROP TABLE IF EXISTS `SponsoredProject`;
/*!40101 SET @saved_cs_client     = @@character_set_client */;
/*!50503 SET character_set_client = utf8mb4 */;
CREATE TABLE `SponsoredProject` (
  `ID` int NOT NULL AUTO_INCREMENT,
  `Created` datetime NOT NULL,
  `LastEdited` datetime NOT NULL,
  `ClassName` varchar(255) COLLATE utf8mb3_unicode_ci NOT NULL DEFAULT 'SponsoredProject',
  `Name` varchar(255) COLLATE utf8mb3_unicode_ci NOT NULL,
  `Description` varchar(1024) COLLATE utf8mb3_unicode_ci DEFAULT NULL,
  `Slug` varchar(255) COLLATE utf8mb3_unicode_ci NOT NULL,
  `IsActive` tinyint(1) NOT NULL,
  `ShouldShowOnNavBar` tinyint(1) NOT NULL DEFAULT '1',
  `SiteURL` varchar(255) COLLATE utf8mb3_unicode_ci DEFAULT NULL,
  `LogoID` int DEFAULT NULL,
  `ParentProjectID` int DEFAULT NULL,
  PRIMARY KEY (`ID`),
  UNIQUE KEY `UNIQ_785938A738AF345C` (`Slug`),
  UNIQUE KEY `UNIQ_785938A7FE11D138` (`Name`),
  KEY `LogoID` (`LogoID`),
  KEY `ParentProjectID` (`ParentProjectID`),
  CONSTRAINT `FK_785938A7674AB94A` FOREIGN KEY (`LogoID`) REFERENCES `File` (`ID`) ON DELETE CASCADE,
  CONSTRAINT `FK_Parent_SubProject` FOREIGN KEY (`ParentProjectID`) REFERENCES `SponsoredProject` (`ID`) ON DELETE SET NULL
) ENGINE=InnoDB DEFAULT CHARSET=utf8mb3 COLLATE=utf8mb3_unicode_ci;
/*!40101 SET character_set_client = @saved_cs_client */;

--
-- Dumping data for table `SponsoredProject`
--

LOCK TABLES `SponsoredProject` WRITE;
/*!40000 ALTER TABLE `SponsoredProject` DISABLE KEYS */;
/*!40000 ALTER TABLE `SponsoredProject` ENABLE KEYS */;
UNLOCK TABLES;

--
-- Table structure for table `SponsorsPage_Companies`
--

DROP TABLE IF EXISTS `SponsorsPage_Companies`;
/*!40101 SET @saved_cs_client     = @@character_set_client */;
/*!50503 SET character_set_client = utf8mb4 */;
CREATE TABLE `SponsorsPage_Companies` (
  `ID` int NOT NULL AUTO_INCREMENT,
  `SponsorsPageID` int NOT NULL DEFAULT '0',
  `CompanyID` int NOT NULL DEFAULT '0',
  `SponsorshipType` enum('Headline','Premier','Event','Startup','InKind','Spotlight','Media') CHARACTER SET utf8mb3 COLLATE utf8mb3_general_ci DEFAULT 'Startup',
  `SubmitPageUrl` mediumtext CHARACTER SET utf8mb3 COLLATE utf8mb3_general_ci,
  `LogoSize` enum('None','Small','Medium','Large','Big') CHARACTER SET utf8mb3 COLLATE utf8mb3_general_ci DEFAULT 'None',
  PRIMARY KEY (`ID`),
  KEY `CompanyID` (`CompanyID`),
  KEY `SponsorsPageID` (`SponsorsPageID`)
) ENGINE=InnoDB DEFAULT CHARSET=latin1;
/*!40101 SET character_set_client = @saved_cs_client */;

--
-- Dumping data for table `SponsorsPage_Companies`
--

LOCK TABLES `SponsorsPage_Companies` WRITE;
/*!40000 ALTER TABLE `SponsorsPage_Companies` DISABLE KEYS */;
/*!40000 ALTER TABLE `SponsorsPage_Companies` ENABLE KEYS */;
UNLOCK TABLES;

--
-- Table structure for table `SponsorshipType`
--

DROP TABLE IF EXISTS `SponsorshipType`;
/*!40101 SET @saved_cs_client     = @@character_set_client */;
/*!50503 SET character_set_client = utf8mb4 */;
CREATE TABLE `SponsorshipType` (
  `ID` int NOT NULL AUTO_INCREMENT,
  `ClassName` enum('SponsorshipType') CHARACTER SET utf8mb3 COLLATE utf8mb3_general_ci DEFAULT 'SponsorshipType',
  `LastEdited` datetime DEFAULT NULL,
  `Created` datetime DEFAULT NULL,
  `Name` varchar(50) CHARACTER SET utf8mb3 COLLATE utf8mb3_general_ci DEFAULT NULL,
  `Label` varchar(50) CHARACTER SET utf8mb3 COLLATE utf8mb3_general_ci DEFAULT NULL,
  `Order` int NOT NULL DEFAULT '1',
  `Size` enum('Small','Medium','Large','Big') CHARACTER SET utf8mb3 COLLATE utf8mb3_general_ci DEFAULT 'Medium',
  PRIMARY KEY (`ID`),
  KEY `ClassName` (`ClassName`)
) ENGINE=InnoDB AUTO_INCREMENT=29 DEFAULT CHARSET=latin1;
/*!40101 SET character_set_client = @saved_cs_client */;

--
-- Dumping data for table `SponsorshipType`
--

LOCK TABLES `SponsorshipType` WRITE;
/*!40000 ALTER TABLE `SponsorshipType` DISABLE KEYS */;
INSERT INTO `SponsorshipType` VALUES (5,'SponsorshipType','2024-06-21 04:33:45','2024-06-21 04:33:45','Default',NULL,1,'Big'),(6,'SponsorshipType','2024-06-21 04:33:45','2024-06-21 04:33:45','Default2',NULL,1,'Small'),(7,'SponsorshipType','2024-06-21 04:38:05','2024-06-21 04:38:05','Default',NULL,1,'Big'),(8,'SponsorshipType','2024-06-21 04:38:05','2024-06-21 04:38:05','Default2',NULL,1,'Small'),(9,'SponsorshipType','2024-06-21 04:38:33','2024-06-21 04:38:33','Default',NULL,1,'Big'),(10,'SponsorshipType','2024-06-21 04:38:33','2024-06-21 04:38:33','Default2',NULL,1,'Small'),(11,'SponsorshipType','2024-06-21 04:39:40','2024-06-21 04:39:40','Default',NULL,1,'Big'),(12,'SponsorshipType','2024-06-21 04:39:40','2024-06-21 04:39:40','Default2',NULL,1,'Small'),(13,'SponsorshipType','2024-06-21 04:40:06','2024-06-21 04:40:06','Default',NULL,1,'Big'),(14,'SponsorshipType','2024-06-21 04:40:06','2024-06-21 04:40:06','Default2',NULL,1,'Small'),(15,'SponsorshipType','2024-06-21 11:13:56','2024-06-21 11:13:56','Default',NULL,1,'Big'),(16,'SponsorshipType','2024-06-21 11:13:56','2024-06-21 11:13:56','Default2',NULL,1,'Small'),(17,'SponsorshipType','2024-06-21 11:15:03','2024-06-21 11:15:03','Default',NULL,1,'Big'),(18,'SponsorshipType','2024-06-21 11:15:03','2024-06-21 11:15:03','Default2',NULL,1,'Small'),(19,'SponsorshipType','2024-06-21 11:15:17','2024-06-21 11:15:17','Default',NULL,1,'Big'),(20,'SponsorshipType','2024-06-21 11:15:17','2024-06-21 11:15:17','Default2',NULL,1,'Small'),(21,'SponsorshipType','2024-06-21 11:17:03','2024-06-21 11:17:03','Default',NULL,1,'Big'),(22,'SponsorshipType','2024-06-21 11:17:03','2024-06-21 11:17:03','Default2',NULL,1,'Small'),(23,'SponsorshipType','2024-06-21 11:18:32','2024-06-21 11:18:32','Default',NULL,1,'Big'),(24,'SponsorshipType','2024-06-21 11:18:32','2024-06-21 11:18:32','Default2',NULL,1,'Small'),(25,'SponsorshipType','2024-06-21 11:33:07','2024-06-21 11:33:07','Default',NULL,1,'Big'),(26,'SponsorshipType','2024-06-21 11:33:07','2024-06-21 11:33:07','Default2',NULL,1,'Small'),(27,'SponsorshipType','2024-06-21 11:34:09','2024-06-21 11:34:09','Default',NULL,1,'Big'),(28,'SponsorshipType','2024-06-21 11:34:09','2024-06-21 11:34:09','Default2',NULL,1,'Small');
/*!40000 ALTER TABLE `SponsorshipType` ENABLE KEYS */;
UNLOCK TABLES;

--
-- Table structure for table `StartPage`
--

DROP TABLE IF EXISTS `StartPage`;
/*!40101 SET @saved_cs_client     = @@character_set_client */;
/*!50503 SET character_set_client = utf8mb4 */;
CREATE TABLE `StartPage` (
  `ID` int NOT NULL AUTO_INCREMENT,
  `Summary` mediumtext CHARACTER SET utf8mb3 COLLATE utf8mb3_general_ci,
  PRIMARY KEY (`ID`)
) ENGINE=InnoDB DEFAULT CHARSET=latin1;
/*!40101 SET character_set_client = @saved_cs_client */;

--
-- Dumping data for table `StartPage`
--

LOCK TABLES `StartPage` WRITE;
/*!40000 ALTER TABLE `StartPage` DISABLE KEYS */;
/*!40000 ALTER TABLE `StartPage` ENABLE KEYS */;
UNLOCK TABLES;

--
-- Table structure for table `StartPage_Live`
--

DROP TABLE IF EXISTS `StartPage_Live`;
/*!40101 SET @saved_cs_client     = @@character_set_client */;
/*!50503 SET character_set_client = utf8mb4 */;
CREATE TABLE `StartPage_Live` (
  `ID` int NOT NULL AUTO_INCREMENT,
  `Summary` mediumtext CHARACTER SET utf8mb3 COLLATE utf8mb3_general_ci,
  PRIMARY KEY (`ID`)
) ENGINE=InnoDB DEFAULT CHARSET=latin1;
/*!40101 SET character_set_client = @saved_cs_client */;

--
-- Dumping data for table `StartPage_Live`
--

LOCK TABLES `StartPage_Live` WRITE;
/*!40000 ALTER TABLE `StartPage_Live` DISABLE KEYS */;
/*!40000 ALTER TABLE `StartPage_Live` ENABLE KEYS */;
UNLOCK TABLES;

--
-- Table structure for table `StartPage_versions`
--

DROP TABLE IF EXISTS `StartPage_versions`;
/*!40101 SET @saved_cs_client     = @@character_set_client */;
/*!50503 SET character_set_client = utf8mb4 */;
CREATE TABLE `StartPage_versions` (
  `ID` int NOT NULL AUTO_INCREMENT,
  `RecordID` int NOT NULL DEFAULT '0',
  `Version` int NOT NULL DEFAULT '0',
  `Summary` mediumtext CHARACTER SET utf8mb3 COLLATE utf8mb3_general_ci,
  PRIMARY KEY (`ID`),
  UNIQUE KEY `RecordID_Version` (`RecordID`,`Version`),
  KEY `RecordID` (`RecordID`),
  KEY `Version` (`Version`)
) ENGINE=InnoDB DEFAULT CHARSET=latin1;
/*!40101 SET character_set_client = @saved_cs_client */;

--
-- Dumping data for table `StartPage_versions`
--

LOCK TABLES `StartPage_versions` WRITE;
/*!40000 ALTER TABLE `StartPage_versions` DISABLE KEYS */;
/*!40000 ALTER TABLE `StartPage_versions` ENABLE KEYS */;
UNLOCK TABLES;

--
-- Table structure for table `StripePaymentProfile`
--

DROP TABLE IF EXISTS `StripePaymentProfile`;
/*!40101 SET @saved_cs_client     = @@character_set_client */;
/*!50503 SET character_set_client = utf8mb4 */;
CREATE TABLE `StripePaymentProfile` (
  `ID` int NOT NULL AUTO_INCREMENT,
  `IsTestModeEnabled` tinyint(1) NOT NULL DEFAULT '0',
  `LiveSecretKey` longtext COLLATE utf8mb3_unicode_ci,
  `LivePublishableKey` longtext COLLATE utf8mb3_unicode_ci,
  `LiveWebHookSecretKey` longtext COLLATE utf8mb3_unicode_ci,
  `LiveWebHookId` longtext COLLATE utf8mb3_unicode_ci,
  `TestSecretKey` longtext COLLATE utf8mb3_unicode_ci,
  `TestPublishableKey` longtext COLLATE utf8mb3_unicode_ci,
  `TestWebHookSecretKey` longtext COLLATE utf8mb3_unicode_ci,
  `TestWebHookId` longtext COLLATE utf8mb3_unicode_ci,
  `SendEmailReceipt` tinyint(1) NOT NULL DEFAULT '0',
  PRIMARY KEY (`ID`),
  CONSTRAINT `FK_1AEAFB5011D3633A` FOREIGN KEY (`ID`) REFERENCES `PaymentGatewayProfile` (`ID`) ON DELETE CASCADE
) ENGINE=InnoDB AUTO_INCREMENT=8 DEFAULT CHARSET=utf8mb3 COLLATE=utf8mb3_unicode_ci;
/*!40101 SET character_set_client = @saved_cs_client */;

--
-- Dumping data for table `StripePaymentProfile`
--

LOCK TABLES `StripePaymentProfile` WRITE;
/*!40000 ALTER TABLE `StripePaymentProfile` DISABLE KEYS */;
INSERT INTO `StripePaymentProfile` VALUES (7,0,NULL,NULL,'','',NULL,NULL,'','',0);
/*!40000 ALTER TABLE `StripePaymentProfile` ENABLE KEYS */;
UNLOCK TABLES;

--
-- Table structure for table `SubQuestionRule`
--

DROP TABLE IF EXISTS `SubQuestionRule`;
/*!40101 SET @saved_cs_client     = @@character_set_client */;
/*!50503 SET character_set_client = utf8mb4 */;
CREATE TABLE `SubQuestionRule` (
  `ID` int NOT NULL AUTO_INCREMENT,
  `Created` datetime NOT NULL,
  `LastEdited` datetime NOT NULL,
  `Visibility` enum('Visible','NotVisible') COLLATE utf8mb3_unicode_ci DEFAULT 'Visible',
  `VisibilityCondition` enum('Equal','NotEqual') COLLATE utf8mb3_unicode_ci DEFAULT 'Equal',
  `AnswerValues` longtext COLLATE utf8mb3_unicode_ci NOT NULL,
  `AnswerValuesOperator` enum('Or','And') COLLATE utf8mb3_unicode_ci DEFAULT 'Or',
  `ParentQuestionID` int NOT NULL,
  `SubQuestionID` int NOT NULL,
  `CustomOrder` int NOT NULL DEFAULT '0',
  PRIMARY KEY (`ID`),
  UNIQUE KEY `UNIQ_B025D976949CB82CD39BE1F4` (`ParentQuestionID`,`SubQuestionID`),
  KEY `ParentQuestionID` (`ParentQuestionID`),
  KEY `SubQuestionID` (`SubQuestionID`),
  CONSTRAINT `FK_SubQuestionRule_ParentQuestion` FOREIGN KEY (`ParentQuestionID`) REFERENCES `ExtraQuestionType` (`ID`) ON DELETE CASCADE,
  CONSTRAINT `FK_SubQuestionRule_SubQuestion` FOREIGN KEY (`SubQuestionID`) REFERENCES `ExtraQuestionType` (`ID`) ON DELETE CASCADE
) ENGINE=InnoDB DEFAULT CHARSET=utf8mb3 COLLATE=utf8mb3_unicode_ci;
/*!40101 SET character_set_client = @saved_cs_client */;

--
-- Dumping data for table `SubQuestionRule`
--

LOCK TABLES `SubQuestionRule` WRITE;
/*!40000 ALTER TABLE `SubQuestionRule` DISABLE KEYS */;
/*!40000 ALTER TABLE `SubQuestionRule` ENABLE KEYS */;
UNLOCK TABLES;

--
-- Table structure for table `Submitter`
--

DROP TABLE IF EXISTS `Submitter`;
/*!40101 SET @saved_cs_client     = @@character_set_client */;
/*!50503 SET character_set_client = utf8mb4 */;
CREATE TABLE `Submitter` (
  `ID` int NOT NULL AUTO_INCREMENT,
  `ClassName` enum('Submitter') CHARACTER SET utf8mb3 COLLATE utf8mb3_general_ci DEFAULT 'Submitter',
  `LastEdited` datetime DEFAULT NULL,
  `Created` datetime DEFAULT NULL,
  `FirstName` varchar(50) CHARACTER SET utf8mb3 COLLATE utf8mb3_general_ci DEFAULT NULL,
  `LastName` varchar(50) CHARACTER SET utf8mb3 COLLATE utf8mb3_general_ci DEFAULT NULL,
  `Email` varchar(50) CHARACTER SET utf8mb3 COLLATE utf8mb3_general_ci DEFAULT NULL,
  `Company` varchar(50) CHARACTER SET utf8mb3 COLLATE utf8mb3_general_ci DEFAULT NULL,
  `Phone` varchar(50) CHARACTER SET utf8mb3 COLLATE utf8mb3_general_ci DEFAULT NULL,
  PRIMARY KEY (`ID`),
  KEY `ClassName` (`ClassName`)
) ENGINE=InnoDB DEFAULT CHARSET=latin1;
/*!40101 SET character_set_client = @saved_cs_client */;

--
-- Dumping data for table `Submitter`
--

LOCK TABLES `Submitter` WRITE;
/*!40000 ALTER TABLE `Submitter` DISABLE KEYS */;
/*!40000 ALTER TABLE `Submitter` ENABLE KEYS */;
UNLOCK TABLES;

--
-- Table structure for table `Summit`
--

DROP TABLE IF EXISTS `Summit`;
/*!40101 SET @saved_cs_client     = @@character_set_client */;
/*!50503 SET character_set_client = utf8mb4 */;
CREATE TABLE `Summit` (
  `ID` int NOT NULL AUTO_INCREMENT,
  `ClassName` enum('Summit') CHARACTER SET utf8mb3 COLLATE utf8mb3_general_ci DEFAULT 'Summit',
  `LastEdited` datetime DEFAULT NULL,
  `Created` datetime DEFAULT NULL,
  `Title` varchar(50) CHARACTER SET utf8mb3 COLLATE utf8mb3_general_ci DEFAULT NULL,
  `SummitBeginDate` datetime DEFAULT NULL,
  `SummitEndDate` datetime DEFAULT NULL,
  `RegistrationBeginDate` datetime DEFAULT NULL,
  `RegistrationEndDate` datetime DEFAULT NULL,
  `Active` tinyint unsigned NOT NULL DEFAULT '0',
  `DateLabel` varchar(50) CHARACTER SET utf8mb3 COLLATE utf8mb3_general_ci DEFAULT NULL,
  `Link` varchar(50) CHARACTER SET utf8mb3 COLLATE utf8mb3_general_ci DEFAULT NULL,
  `Slug` varchar(50) CHARACTER SET utf8mb3 COLLATE utf8mb3_general_ci DEFAULT NULL,
  `RegistrationLink` mediumtext CHARACTER SET utf8mb3 COLLATE utf8mb3_general_ci,
  `ComingSoonBtnText` mediumtext CHARACTER SET utf8mb3 COLLATE utf8mb3_general_ci,
  `SecondaryRegistrationLink` mediumtext CHARACTER SET utf8mb3 COLLATE utf8mb3_general_ci,
  `SecondaryRegistrationBtnText` mediumtext CHARACTER SET utf8mb3 COLLATE utf8mb3_general_ci,
  `ExternalEventId` mediumtext CHARACTER SET utf8mb3 COLLATE utf8mb3_general_ci,
  `TimeZoneIdentifier` varchar(255) CHARACTER SET utf8mb3 COLLATE utf8mb3_general_ci DEFAULT NULL,
  `StartShowingVenuesDate` datetime DEFAULT NULL,
  `MaxSubmissionAllowedPerUser` int NOT NULL DEFAULT '0',
  `ScheduleDefaultStartDate` datetime DEFAULT NULL,
  `AvailableOnApi` tinyint unsigned NOT NULL DEFAULT '0',
  `CalendarSyncName` varchar(255) CHARACTER SET utf8mb3 COLLATE utf8mb3_general_ci DEFAULT NULL,
  `CalendarSyncDescription` mediumtext CHARACTER SET utf8mb3 COLLATE utf8mb3_general_ci,
  `MeetingRoomBookingStartTime` time DEFAULT NULL,
  `MeetingRoomBookingEndTime` time DEFAULT NULL,
  `MeetingRoomBookingSlotLength` int NOT NULL DEFAULT '0',
  `MeetingRoomBookingMaxAllowed` int NOT NULL DEFAULT '0',
  `ApiFeedType` mediumtext CHARACTER SET utf8mb3 COLLATE utf8mb3_general_ci,
  `ApiFeedUrl` mediumtext CHARACTER SET utf8mb3 COLLATE utf8mb3_general_ci,
  `ApiFeedKey` mediumtext CHARACTER SET utf8mb3 COLLATE utf8mb3_general_ci,
  `LogoID` int DEFAULT NULL,
  `TypeID` int DEFAULT NULL,
  `ReAssignTicketTillDate` datetime DEFAULT NULL,
  `RegistrationDisclaimerContent` mediumtext CHARACTER SET utf8mb3 COLLATE utf8mb3_general_ci,
  `RegistrationDisclaimerMandatory` tinyint unsigned NOT NULL DEFAULT '0',
  `ExternalRegistrationFeedType` mediumtext CHARACTER SET utf8mb3 COLLATE utf8mb3_general_ci,
  `ExternalRegistrationFeedApiKey` mediumtext CHARACTER SET utf8mb3 COLLATE utf8mb3_general_ci,
  `BeginAllowBookingDate` datetime DEFAULT NULL,
  `EndAllowBookingDate` datetime DEFAULT NULL,
  `RegistrationReminderEmailsDaysInterval` int DEFAULT NULL,
  `RegistrationSlugPrefix` varchar(255) DEFAULT NULL,
  `ScheduleDefaultPageUrl` longtext,
  `ScheduleDefaultEventDetailUrl` longtext,
  `ScheduleOGSiteName` longtext,
  `ScheduleOGImageUrl` longtext,
  `ScheduleOGImageSecureUrl` longtext,
  `ScheduleOGImageWidth` int NOT NULL DEFAULT '0',
  `ScheduleOGImageHeight` int NOT NULL DEFAULT '0',
  `ScheduleFacebookAppId` longtext,
  `ScheduleIOSAppName` longtext,
  `ScheduleIOSAppStoreId` longtext,
  `ScheduleIOSAppCustomSchema` longtext,
  `ScheduleAndroidAppName` longtext,
  `ScheduleAndroidAppPackage` longtext,
  `ScheduleAndroidAppCustomSchema` longtext,
  `ScheduleTwitterAppName` longtext,
  `ScheduleTwitterText` longtext,
  `DefaultPageUrl` longtext,
  `SpeakerConfirmationDefaultPageUrl` longtext,
  `VirtualSiteUrl` varchar(255) DEFAULT NULL,
  `MarketingSiteUrl` varchar(255) DEFAULT NULL,
  `MarketingSiteOAuth2ClientId` varchar(255) DEFAULT NULL,
  `VirtualSiteOAuth2ClientId` varchar(255) DEFAULT NULL,
  `SupportEmail` varchar(255) DEFAULT NULL,
  `RegistrationSendQRAsImageAttachmentOnTicketEmail` tinyint(1) DEFAULT '0',
  `RegistrationSendTicketAsPDFAttachmentOnTicketEmail` tinyint(1) DEFAULT '0',
  `RegistrationSendTicketEmailAutomatically` tinyint(1) DEFAULT '1',
  `RegistrationAllowUpdateAttendeeExtraQuestions` tinyint(1) DEFAULT '0',
  `TimeZoneLabel` varchar(255) DEFAULT NULL,
  `RegistrationAllowAutomaticReminderEmails` tinyint(1) NOT NULL DEFAULT '1',
  `RegistrationSendOrderEmailAutomatically` tinyint(1) DEFAULT '1',
  `ExternalRegistrationFeedLastIngestDate` datetime DEFAULT NULL,
  `RegistrationAllowedRefundRequestTillDate` datetime DEFAULT NULL,
  `MarketingSiteOAuth2ClientScopes` longtext,
  `QRCodesEncKey` varchar(256) DEFAULT NULL,
  `MUXTokenId` varchar(255) DEFAULT NULL,
  `MUXTokenSecret` varchar(255) DEFAULT NULL,
  `MUXPrivateKey` longtext,
  `MUXPrivateKeyId` varchar(255) DEFAULT NULL,
  `MUXPlaybackRestrictionId` longtext,
  `MUXAllowedDomains` varchar(255) DEFAULT NULL,
  `SecondaryLogoID` int DEFAULT NULL,
  `SpeakersSupportEmail` varchar(255) DEFAULT NULL,
  PRIMARY KEY (`ID`),
  UNIQUE KEY `QRCodesEncKey` (`QRCodesEncKey`),
  UNIQUE KEY `Summit_RegistrationSlugPrefix` (`RegistrationSlugPrefix`),
  UNIQUE KEY `IDX_Summit_Slug_Unique` (`Slug`),
  KEY `ClassName` (`ClassName`),
  KEY `LogoID` (`LogoID`),
  KEY `SecondaryLogoID` (`SecondaryLogoID`),
  KEY `TypeID` (`TypeID`),
  CONSTRAINT `FK_60FEA623790DBE2E` FOREIGN KEY (`SecondaryLogoID`) REFERENCES `File` (`ID`) ON DELETE CASCADE
) ENGINE=InnoDB AUTO_INCREMENT=29 DEFAULT CHARSET=latin1;
/*!40101 SET character_set_client = @saved_cs_client */;

--
-- Dumping data for table `Summit`
--

LOCK TABLES `Summit` WRITE;
/*!40000 ALTER TABLE `Summit` DISABLE KEYS */;
INSERT INTO `Summit` VALUES (27,'Summit','2024-06-21 11:34:11','2024-06-21 11:34:09','TEST SUMMIT','2024-06-22 16:34:09','2024-07-22 16:34:09','2024-06-22 16:34:09','2024-07-22 16:34:09',1,NULL,NULL,'test-summit',NULL,NULL,NULL,NULL,NULL,'America/Chicago',NULL,3,NULL,0,NULL,NULL,NULL,NULL,60,2,NULL,'','',NULL,NULL,NULL,NULL,0,NULL,NULL,NULL,NULL,NULL,'test-summit',NULL,NULL,NULL,NULL,NULL,0,0,NULL,NULL,NULL,NULL,NULL,NULL,NULL,NULL,NULL,NULL,NULL,NULL,NULL,NULL,NULL,NULL,0,0,1,0,NULL,1,1,NULL,NULL,NULL,NULL,NULL,NULL,NULL,NULL,NULL,NULL,NULL,NULL),(28,'Summit','2024-06-21 11:34:09','2024-06-21 11:34:09','TEST SUMMIT2','2024-06-21 16:34:09','2024-07-21 16:34:09','2024-06-21 16:34:09','2024-07-21 16:34:09',1,NULL,NULL,'test-summit-2',NULL,NULL,NULL,NULL,NULL,'America/Chicago',NULL,3,NULL,0,NULL,NULL,NULL,NULL,60,2,NULL,'','',NULL,NULL,NULL,NULL,0,NULL,NULL,NULL,NULL,NULL,NULL,NULL,NULL,NULL,NULL,NULL,0,0,NULL,NULL,NULL,NULL,NULL,NULL,NULL,NULL,NULL,NULL,NULL,NULL,NULL,NULL,NULL,NULL,0,0,1,0,NULL,1,1,NULL,NULL,NULL,NULL,NULL,NULL,NULL,NULL,NULL,NULL,NULL,NULL);
/*!40000 ALTER TABLE `Summit` ENABLE KEYS */;
UNLOCK TABLES;

--
-- Table structure for table `SummitAbstractLocation`
--

DROP TABLE IF EXISTS `SummitAbstractLocation`;
/*!40101 SET @saved_cs_client     = @@character_set_client */;
/*!50503 SET character_set_client = utf8mb4 */;
CREATE TABLE `SummitAbstractLocation` (
  `ID` int NOT NULL AUTO_INCREMENT,
  `ClassName` enum('SummitAbstractLocation','SummitGeoLocatedLocation','SummitExternalLocation','SummitAirport','SummitHotel','SummitVenue','SummitVenueRoom','SummitBookableVenueRoom') CHARACTER SET utf8mb3 COLLATE utf8mb3_general_ci DEFAULT 'SummitAbstractLocation',
  `LastEdited` datetime DEFAULT NULL,
  `Created` datetime DEFAULT NULL,
  `Name` varchar(255) CHARACTER SET utf8mb3 COLLATE utf8mb3_general_ci DEFAULT NULL,
  `Description` mediumtext CHARACTER SET utf8mb3 COLLATE utf8mb3_general_ci,
  `Order` int NOT NULL DEFAULT '1',
  `LocationType` enum('External','Internal','None') CHARACTER SET utf8mb3 COLLATE utf8mb3_general_ci DEFAULT 'None',
  `SummitID` int DEFAULT NULL,
  `ShortName` varchar(255) DEFAULT NULL,
  `OpeningHour` smallint unsigned DEFAULT NULL,
  `ClosingHour` smallint unsigned DEFAULT NULL,
  PRIMARY KEY (`ID`),
  KEY `ClassName` (`ClassName`),
  KEY `SummitID` (`SummitID`)
) ENGINE=InnoDB AUTO_INCREMENT=295 DEFAULT CHARSET=latin1;
/*!40101 SET character_set_client = @saved_cs_client */;

--
-- Dumping data for table `SummitAbstractLocation`
--

LOCK TABLES `SummitAbstractLocation` WRITE;
/*!40000 ALTER TABLE `SummitAbstractLocation` DISABLE KEYS */;
INSERT INTO `SummitAbstractLocation` VALUES (43,'SummitVenue','2024-06-21 04:33:45','2024-06-21 04:33:45','TEST VENUE',NULL,1,'Internal',3,NULL,NULL,NULL),(44,'SummitVenueRoom','2024-06-21 04:33:45','2024-06-21 04:33:45','Room 0',NULL,2,'Internal',3,NULL,NULL,NULL),(45,'SummitVenueRoom','2024-06-21 04:33:45','2024-06-21 04:33:45','Room 1',NULL,3,'Internal',3,NULL,NULL,NULL),(46,'SummitVenueRoom','2024-06-21 04:33:45','2024-06-21 04:33:45','Room 2',NULL,4,'Internal',3,NULL,NULL,NULL),(47,'SummitVenueRoom','2024-06-21 04:33:45','2024-06-21 04:33:45','Room 3',NULL,5,'Internal',3,NULL,NULL,NULL),(48,'SummitVenueRoom','2024-06-21 04:33:45','2024-06-21 04:33:45','Room 4',NULL,6,'Internal',3,NULL,NULL,NULL),(49,'SummitVenueRoom','2024-06-21 04:33:45','2024-06-21 04:33:45','Room 5',NULL,7,'Internal',3,NULL,NULL,NULL),(50,'SummitVenueRoom','2024-06-21 04:33:45','2024-06-21 04:33:45','Room 6',NULL,8,'Internal',3,NULL,NULL,NULL),(51,'SummitVenueRoom','2024-06-21 04:33:45','2024-06-21 04:33:45','Room 7',NULL,9,'Internal',3,NULL,NULL,NULL),(52,'SummitVenueRoom','2024-06-21 04:33:45','2024-06-21 04:33:45','Room 8',NULL,10,'Internal',3,NULL,NULL,NULL),(53,'SummitVenueRoom','2024-06-21 04:33:45','2024-06-21 04:33:45','Room 9',NULL,11,'Internal',3,NULL,NULL,NULL),(54,'SummitVenueRoom','2024-06-21 04:33:45','2024-06-21 04:33:45','Room 10',NULL,12,'Internal',3,NULL,NULL,NULL),(55,'SummitVenueRoom','2024-06-21 04:33:45','2024-06-21 04:33:45','Room 11',NULL,13,'Internal',3,NULL,NULL,NULL),(56,'SummitVenueRoom','2024-06-21 04:33:45','2024-06-21 04:33:45','Room 12',NULL,14,'Internal',3,NULL,NULL,NULL),(57,'SummitVenueRoom','2024-06-21 04:33:45','2024-06-21 04:33:45','Room 13',NULL,15,'Internal',3,NULL,NULL,NULL),(58,'SummitVenueRoom','2024-06-21 04:33:45','2024-06-21 04:33:45','Room 14',NULL,16,'Internal',3,NULL,NULL,NULL),(59,'SummitVenueRoom','2024-06-21 04:33:45','2024-06-21 04:33:45','Room 15',NULL,17,'Internal',3,NULL,NULL,NULL),(60,'SummitVenueRoom','2024-06-21 04:33:45','2024-06-21 04:33:45','Room 16',NULL,18,'Internal',3,NULL,NULL,NULL),(61,'SummitVenueRoom','2024-06-21 04:33:45','2024-06-21 04:33:45','Room 17',NULL,19,'Internal',3,NULL,NULL,NULL),(62,'SummitVenueRoom','2024-06-21 04:33:45','2024-06-21 04:33:45','Room 18',NULL,20,'Internal',3,NULL,NULL,NULL),(63,'SummitVenueRoom','2024-06-21 04:33:45','2024-06-21 04:33:45','Room 19',NULL,21,'Internal',3,NULL,NULL,NULL),(64,'SummitVenue','2024-06-21 04:38:05','2024-06-21 04:38:05','TEST VENUE',NULL,1,'Internal',6,NULL,NULL,NULL),(65,'SummitVenueRoom','2024-06-21 04:38:05','2024-06-21 04:38:05','Room 0',NULL,2,'Internal',6,NULL,NULL,NULL),(66,'SummitVenueRoom','2024-06-21 04:38:05','2024-06-21 04:38:05','Room 1',NULL,3,'Internal',6,NULL,NULL,NULL),(67,'SummitVenueRoom','2024-06-21 04:38:05','2024-06-21 04:38:05','Room 2',NULL,4,'Internal',6,NULL,NULL,NULL),(68,'SummitVenueRoom','2024-06-21 04:38:05','2024-06-21 04:38:05','Room 3',NULL,5,'Internal',6,NULL,NULL,NULL),(69,'SummitVenueRoom','2024-06-21 04:38:05','2024-06-21 04:38:05','Room 4',NULL,6,'Internal',6,NULL,NULL,NULL),(70,'SummitVenueRoom','2024-06-21 04:38:05','2024-06-21 04:38:05','Room 5',NULL,7,'Internal',6,NULL,NULL,NULL),(71,'SummitVenueRoom','2024-06-21 04:38:05','2024-06-21 04:38:05','Room 6',NULL,8,'Internal',6,NULL,NULL,NULL),(72,'SummitVenueRoom','2024-06-21 04:38:05','2024-06-21 04:38:05','Room 7',NULL,9,'Internal',6,NULL,NULL,NULL),(73,'SummitVenueRoom','2024-06-21 04:38:05','2024-06-21 04:38:05','Room 8',NULL,10,'Internal',6,NULL,NULL,NULL),(74,'SummitVenueRoom','2024-06-21 04:38:05','2024-06-21 04:38:05','Room 9',NULL,11,'Internal',6,NULL,NULL,NULL),(75,'SummitVenueRoom','2024-06-21 04:38:05','2024-06-21 04:38:05','Room 10',NULL,12,'Internal',6,NULL,NULL,NULL),(76,'SummitVenueRoom','2024-06-21 04:38:05','2024-06-21 04:38:05','Room 11',NULL,13,'Internal',6,NULL,NULL,NULL),(77,'SummitVenueRoom','2024-06-21 04:38:05','2024-06-21 04:38:05','Room 12',NULL,14,'Internal',6,NULL,NULL,NULL),(78,'SummitVenueRoom','2024-06-21 04:38:05','2024-06-21 04:38:05','Room 13',NULL,15,'Internal',6,NULL,NULL,NULL),(79,'SummitVenueRoom','2024-06-21 04:38:05','2024-06-21 04:38:05','Room 14',NULL,16,'Internal',6,NULL,NULL,NULL),(80,'SummitVenueRoom','2024-06-21 04:38:05','2024-06-21 04:38:05','Room 15',NULL,17,'Internal',6,NULL,NULL,NULL),(81,'SummitVenueRoom','2024-06-21 04:38:05','2024-06-21 04:38:05','Room 16',NULL,18,'Internal',6,NULL,NULL,NULL),(82,'SummitVenueRoom','2024-06-21 04:38:05','2024-06-21 04:38:05','Room 17',NULL,19,'Internal',6,NULL,NULL,NULL),(83,'SummitVenueRoom','2024-06-21 04:38:05','2024-06-21 04:38:05','Room 18',NULL,20,'Internal',6,NULL,NULL,NULL),(84,'SummitVenueRoom','2024-06-21 04:38:05','2024-06-21 04:38:05','Room 19',NULL,21,'Internal',6,NULL,NULL,NULL),(85,'SummitVenue','2024-06-21 04:38:33','2024-06-21 04:38:33','TEST VENUE',NULL,1,'Internal',9,NULL,NULL,NULL),(86,'SummitVenueRoom','2024-06-21 04:38:33','2024-06-21 04:38:33','Room 0',NULL,2,'Internal',9,NULL,NULL,NULL),(87,'SummitVenueRoom','2024-06-21 04:38:33','2024-06-21 04:38:33','Room 1',NULL,3,'Internal',9,NULL,NULL,NULL),(88,'SummitVenueRoom','2024-06-21 04:38:33','2024-06-21 04:38:33','Room 2',NULL,4,'Internal',9,NULL,NULL,NULL),(89,'SummitVenueRoom','2024-06-21 04:38:33','2024-06-21 04:38:33','Room 3',NULL,5,'Internal',9,NULL,NULL,NULL),(90,'SummitVenueRoom','2024-06-21 04:38:33','2024-06-21 04:38:33','Room 4',NULL,6,'Internal',9,NULL,NULL,NULL),(91,'SummitVenueRoom','2024-06-21 04:38:33','2024-06-21 04:38:33','Room 5',NULL,7,'Internal',9,NULL,NULL,NULL),(92,'SummitVenueRoom','2024-06-21 04:38:33','2024-06-21 04:38:33','Room 6',NULL,8,'Internal',9,NULL,NULL,NULL),(93,'SummitVenueRoom','2024-06-21 04:38:33','2024-06-21 04:38:33','Room 7',NULL,9,'Internal',9,NULL,NULL,NULL),(94,'SummitVenueRoom','2024-06-21 04:38:33','2024-06-21 04:38:33','Room 8',NULL,10,'Internal',9,NULL,NULL,NULL),(95,'SummitVenueRoom','2024-06-21 04:38:33','2024-06-21 04:38:33','Room 9',NULL,11,'Internal',9,NULL,NULL,NULL),(96,'SummitVenueRoom','2024-06-21 04:38:33','2024-06-21 04:38:33','Room 10',NULL,12,'Internal',9,NULL,NULL,NULL),(97,'SummitVenueRoom','2024-06-21 04:38:33','2024-06-21 04:38:33','Room 11',NULL,13,'Internal',9,NULL,NULL,NULL),(98,'SummitVenueRoom','2024-06-21 04:38:33','2024-06-21 04:38:33','Room 12',NULL,14,'Internal',9,NULL,NULL,NULL),(99,'SummitVenueRoom','2024-06-21 04:38:33','2024-06-21 04:38:33','Room 13',NULL,15,'Internal',9,NULL,NULL,NULL),(100,'SummitVenueRoom','2024-06-21 04:38:33','2024-06-21 04:38:33','Room 14',NULL,16,'Internal',9,NULL,NULL,NULL),(101,'SummitVenueRoom','2024-06-21 04:38:33','2024-06-21 04:38:33','Room 15',NULL,17,'Internal',9,NULL,NULL,NULL),(102,'SummitVenueRoom','2024-06-21 04:38:33','2024-06-21 04:38:33','Room 16',NULL,18,'Internal',9,NULL,NULL,NULL),(103,'SummitVenueRoom','2024-06-21 04:38:33','2024-06-21 04:38:33','Room 17',NULL,19,'Internal',9,NULL,NULL,NULL),(104,'SummitVenueRoom','2024-06-21 04:38:33','2024-06-21 04:38:33','Room 18',NULL,20,'Internal',9,NULL,NULL,NULL),(105,'SummitVenueRoom','2024-06-21 04:38:33','2024-06-21 04:38:33','Room 19',NULL,21,'Internal',9,NULL,NULL,NULL),(106,'SummitVenue','2024-06-21 04:39:40','2024-06-21 04:39:40','TEST VENUE',NULL,1,'Internal',11,NULL,NULL,NULL),(107,'SummitVenueRoom','2024-06-21 04:39:40','2024-06-21 04:39:40','Room 0',NULL,2,'Internal',11,NULL,NULL,NULL),(108,'SummitVenueRoom','2024-06-21 04:39:40','2024-06-21 04:39:40','Room 1',NULL,3,'Internal',11,NULL,NULL,NULL),(109,'SummitVenueRoom','2024-06-21 04:39:40','2024-06-21 04:39:40','Room 2',NULL,4,'Internal',11,NULL,NULL,NULL),(110,'SummitVenueRoom','2024-06-21 04:39:40','2024-06-21 04:39:40','Room 3',NULL,5,'Internal',11,NULL,NULL,NULL),(111,'SummitVenueRoom','2024-06-21 04:39:40','2024-06-21 04:39:40','Room 4',NULL,6,'Internal',11,NULL,NULL,NULL),(112,'SummitVenueRoom','2024-06-21 04:39:40','2024-06-21 04:39:40','Room 5',NULL,7,'Internal',11,NULL,NULL,NULL),(113,'SummitVenueRoom','2024-06-21 04:39:40','2024-06-21 04:39:40','Room 6',NULL,8,'Internal',11,NULL,NULL,NULL),(114,'SummitVenueRoom','2024-06-21 04:39:40','2024-06-21 04:39:40','Room 7',NULL,9,'Internal',11,NULL,NULL,NULL),(115,'SummitVenueRoom','2024-06-21 04:39:40','2024-06-21 04:39:40','Room 8',NULL,10,'Internal',11,NULL,NULL,NULL),(116,'SummitVenueRoom','2024-06-21 04:39:40','2024-06-21 04:39:40','Room 9',NULL,11,'Internal',11,NULL,NULL,NULL),(117,'SummitVenueRoom','2024-06-21 04:39:40','2024-06-21 04:39:40','Room 10',NULL,12,'Internal',11,NULL,NULL,NULL),(118,'SummitVenueRoom','2024-06-21 04:39:40','2024-06-21 04:39:40','Room 11',NULL,13,'Internal',11,NULL,NULL,NULL),(119,'SummitVenueRoom','2024-06-21 04:39:40','2024-06-21 04:39:40','Room 12',NULL,14,'Internal',11,NULL,NULL,NULL),(120,'SummitVenueRoom','2024-06-21 04:39:40','2024-06-21 04:39:40','Room 13',NULL,15,'Internal',11,NULL,NULL,NULL),(121,'SummitVenueRoom','2024-06-21 04:39:40','2024-06-21 04:39:40','Room 14',NULL,16,'Internal',11,NULL,NULL,NULL),(122,'SummitVenueRoom','2024-06-21 04:39:40','2024-06-21 04:39:40','Room 15',NULL,17,'Internal',11,NULL,NULL,NULL),(123,'SummitVenueRoom','2024-06-21 04:39:40','2024-06-21 04:39:40','Room 16',NULL,18,'Internal',11,NULL,NULL,NULL),(124,'SummitVenueRoom','2024-06-21 04:39:40','2024-06-21 04:39:40','Room 17',NULL,19,'Internal',11,NULL,NULL,NULL),(125,'SummitVenueRoom','2024-06-21 04:39:40','2024-06-21 04:39:40','Room 18',NULL,20,'Internal',11,NULL,NULL,NULL),(126,'SummitVenueRoom','2024-06-21 04:39:40','2024-06-21 04:39:40','Room 19',NULL,21,'Internal',11,NULL,NULL,NULL),(127,'SummitVenue','2024-06-21 04:40:06','2024-06-21 04:40:06','TEST VENUE',NULL,1,'Internal',13,NULL,NULL,NULL),(128,'SummitVenueRoom','2024-06-21 04:40:06','2024-06-21 04:40:06','Room 0',NULL,2,'Internal',13,NULL,NULL,NULL),(129,'SummitVenueRoom','2024-06-21 04:40:06','2024-06-21 04:40:06','Room 1',NULL,3,'Internal',13,NULL,NULL,NULL),(130,'SummitVenueRoom','2024-06-21 04:40:06','2024-06-21 04:40:06','Room 2',NULL,4,'Internal',13,NULL,NULL,NULL),(131,'SummitVenueRoom','2024-06-21 04:40:06','2024-06-21 04:40:06','Room 3',NULL,5,'Internal',13,NULL,NULL,NULL),(132,'SummitVenueRoom','2024-06-21 04:40:06','2024-06-21 04:40:06','Room 4',NULL,6,'Internal',13,NULL,NULL,NULL),(133,'SummitVenueRoom','2024-06-21 04:40:06','2024-06-21 04:40:06','Room 5',NULL,7,'Internal',13,NULL,NULL,NULL),(134,'SummitVenueRoom','2024-06-21 04:40:06','2024-06-21 04:40:06','Room 6',NULL,8,'Internal',13,NULL,NULL,NULL),(135,'SummitVenueRoom','2024-06-21 04:40:06','2024-06-21 04:40:06','Room 7',NULL,9,'Internal',13,NULL,NULL,NULL),(136,'SummitVenueRoom','2024-06-21 04:40:06','2024-06-21 04:40:06','Room 8',NULL,10,'Internal',13,NULL,NULL,NULL),(137,'SummitVenueRoom','2024-06-21 04:40:06','2024-06-21 04:40:06','Room 9',NULL,11,'Internal',13,NULL,NULL,NULL),(138,'SummitVenueRoom','2024-06-21 04:40:06','2024-06-21 04:40:06','Room 10',NULL,12,'Internal',13,NULL,NULL,NULL),(139,'SummitVenueRoom','2024-06-21 04:40:06','2024-06-21 04:40:06','Room 11',NULL,13,'Internal',13,NULL,NULL,NULL),(140,'SummitVenueRoom','2024-06-21 04:40:06','2024-06-21 04:40:06','Room 12',NULL,14,'Internal',13,NULL,NULL,NULL),(141,'SummitVenueRoom','2024-06-21 04:40:06','2024-06-21 04:40:06','Room 13',NULL,15,'Internal',13,NULL,NULL,NULL),(142,'SummitVenueRoom','2024-06-21 04:40:06','2024-06-21 04:40:06','Room 14',NULL,16,'Internal',13,NULL,NULL,NULL),(143,'SummitVenueRoom','2024-06-21 04:40:06','2024-06-21 04:40:06','Room 15',NULL,17,'Internal',13,NULL,NULL,NULL),(144,'SummitVenueRoom','2024-06-21 04:40:06','2024-06-21 04:40:06','Room 16',NULL,18,'Internal',13,NULL,NULL,NULL),(145,'SummitVenueRoom','2024-06-21 04:40:06','2024-06-21 04:40:06','Room 17',NULL,19,'Internal',13,NULL,NULL,NULL),(146,'SummitVenueRoom','2024-06-21 04:40:06','2024-06-21 04:40:06','Room 18',NULL,20,'Internal',13,NULL,NULL,NULL),(147,'SummitVenueRoom','2024-06-21 04:40:06','2024-06-21 04:40:06','Room 19',NULL,21,'Internal',13,NULL,NULL,NULL),(148,'SummitVenue','2024-06-21 11:13:56','2024-06-21 11:13:56','TEST VENUE',NULL,1,'Internal',15,NULL,NULL,NULL),(149,'SummitVenueRoom','2024-06-21 11:13:56','2024-06-21 11:13:56','Room 0',NULL,2,'Internal',15,NULL,NULL,NULL),(150,'SummitVenueRoom','2024-06-21 11:13:56','2024-06-21 11:13:56','Room 1',NULL,3,'Internal',15,NULL,NULL,NULL),(151,'SummitVenueRoom','2024-06-21 11:13:56','2024-06-21 11:13:56','Room 2',NULL,4,'Internal',15,NULL,NULL,NULL),(152,'SummitVenueRoom','2024-06-21 11:13:56','2024-06-21 11:13:56','Room 3',NULL,5,'Internal',15,NULL,NULL,NULL),(153,'SummitVenueRoom','2024-06-21 11:13:56','2024-06-21 11:13:56','Room 4',NULL,6,'Internal',15,NULL,NULL,NULL),(154,'SummitVenueRoom','2024-06-21 11:13:56','2024-06-21 11:13:56','Room 5',NULL,7,'Internal',15,NULL,NULL,NULL),(155,'SummitVenueRoom','2024-06-21 11:13:56','2024-06-21 11:13:56','Room 6',NULL,8,'Internal',15,NULL,NULL,NULL),(156,'SummitVenueRoom','2024-06-21 11:13:56','2024-06-21 11:13:56','Room 7',NULL,9,'Internal',15,NULL,NULL,NULL),(157,'SummitVenueRoom','2024-06-21 11:13:56','2024-06-21 11:13:56','Room 8',NULL,10,'Internal',15,NULL,NULL,NULL),(158,'SummitVenueRoom','2024-06-21 11:13:56','2024-06-21 11:13:56','Room 9',NULL,11,'Internal',15,NULL,NULL,NULL),(159,'SummitVenueRoom','2024-06-21 11:13:56','2024-06-21 11:13:56','Room 10',NULL,12,'Internal',15,NULL,NULL,NULL),(160,'SummitVenueRoom','2024-06-21 11:13:56','2024-06-21 11:13:56','Room 11',NULL,13,'Internal',15,NULL,NULL,NULL),(161,'SummitVenueRoom','2024-06-21 11:13:56','2024-06-21 11:13:56','Room 12',NULL,14,'Internal',15,NULL,NULL,NULL),(162,'SummitVenueRoom','2024-06-21 11:13:56','2024-06-21 11:13:56','Room 13',NULL,15,'Internal',15,NULL,NULL,NULL),(163,'SummitVenueRoom','2024-06-21 11:13:56','2024-06-21 11:13:56','Room 14',NULL,16,'Internal',15,NULL,NULL,NULL),(164,'SummitVenueRoom','2024-06-21 11:13:56','2024-06-21 11:13:56','Room 15',NULL,17,'Internal',15,NULL,NULL,NULL),(165,'SummitVenueRoom','2024-06-21 11:13:56','2024-06-21 11:13:56','Room 16',NULL,18,'Internal',15,NULL,NULL,NULL),(166,'SummitVenueRoom','2024-06-21 11:13:56','2024-06-21 11:13:56','Room 17',NULL,19,'Internal',15,NULL,NULL,NULL),(167,'SummitVenueRoom','2024-06-21 11:13:56','2024-06-21 11:13:56','Room 18',NULL,20,'Internal',15,NULL,NULL,NULL),(168,'SummitVenueRoom','2024-06-21 11:13:56','2024-06-21 11:13:56','Room 19',NULL,21,'Internal',15,NULL,NULL,NULL),(169,'SummitVenue','2024-06-21 11:15:03','2024-06-21 11:15:03','TEST VENUE',NULL,1,'Internal',17,NULL,NULL,NULL),(170,'SummitVenueRoom','2024-06-21 11:15:03','2024-06-21 11:15:03','Room 0',NULL,2,'Internal',17,NULL,NULL,NULL),(171,'SummitVenueRoom','2024-06-21 11:15:03','2024-06-21 11:15:03','Room 1',NULL,3,'Internal',17,NULL,NULL,NULL),(172,'SummitVenueRoom','2024-06-21 11:15:03','2024-06-21 11:15:03','Room 2',NULL,4,'Internal',17,NULL,NULL,NULL),(173,'SummitVenueRoom','2024-06-21 11:15:03','2024-06-21 11:15:03','Room 3',NULL,5,'Internal',17,NULL,NULL,NULL),(174,'SummitVenueRoom','2024-06-21 11:15:03','2024-06-21 11:15:03','Room 4',NULL,6,'Internal',17,NULL,NULL,NULL),(175,'SummitVenueRoom','2024-06-21 11:15:03','2024-06-21 11:15:03','Room 5',NULL,7,'Internal',17,NULL,NULL,NULL),(176,'SummitVenueRoom','2024-06-21 11:15:03','2024-06-21 11:15:03','Room 6',NULL,8,'Internal',17,NULL,NULL,NULL),(177,'SummitVenueRoom','2024-06-21 11:15:03','2024-06-21 11:15:03','Room 7',NULL,9,'Internal',17,NULL,NULL,NULL),(178,'SummitVenueRoom','2024-06-21 11:15:03','2024-06-21 11:15:03','Room 8',NULL,10,'Internal',17,NULL,NULL,NULL),(179,'SummitVenueRoom','2024-06-21 11:15:03','2024-06-21 11:15:03','Room 9',NULL,11,'Internal',17,NULL,NULL,NULL),(180,'SummitVenueRoom','2024-06-21 11:15:03','2024-06-21 11:15:03','Room 10',NULL,12,'Internal',17,NULL,NULL,NULL),(181,'SummitVenueRoom','2024-06-21 11:15:03','2024-06-21 11:15:03','Room 11',NULL,13,'Internal',17,NULL,NULL,NULL),(182,'SummitVenueRoom','2024-06-21 11:15:03','2024-06-21 11:15:03','Room 12',NULL,14,'Internal',17,NULL,NULL,NULL),(183,'SummitVenueRoom','2024-06-21 11:15:03','2024-06-21 11:15:03','Room 13',NULL,15,'Internal',17,NULL,NULL,NULL),(184,'SummitVenueRoom','2024-06-21 11:15:03','2024-06-21 11:15:03','Room 14',NULL,16,'Internal',17,NULL,NULL,NULL),(185,'SummitVenueRoom','2024-06-21 11:15:03','2024-06-21 11:15:03','Room 15',NULL,17,'Internal',17,NULL,NULL,NULL),(186,'SummitVenueRoom','2024-06-21 11:15:03','2024-06-21 11:15:03','Room 16',NULL,18,'Internal',17,NULL,NULL,NULL),(187,'SummitVenueRoom','2024-06-21 11:15:03','2024-06-21 11:15:03','Room 17',NULL,19,'Internal',17,NULL,NULL,NULL),(188,'SummitVenueRoom','2024-06-21 11:15:03','2024-06-21 11:15:03','Room 18',NULL,20,'Internal',17,NULL,NULL,NULL),(189,'SummitVenueRoom','2024-06-21 11:15:03','2024-06-21 11:15:03','Room 19',NULL,21,'Internal',17,NULL,NULL,NULL),(190,'SummitVenue','2024-06-21 11:15:17','2024-06-21 11:15:17','TEST VENUE',NULL,1,'Internal',19,NULL,NULL,NULL),(191,'SummitVenueRoom','2024-06-21 11:15:17','2024-06-21 11:15:17','Room 0',NULL,2,'Internal',19,NULL,NULL,NULL),(192,'SummitVenueRoom','2024-06-21 11:15:17','2024-06-21 11:15:17','Room 1',NULL,3,'Internal',19,NULL,NULL,NULL),(193,'SummitVenueRoom','2024-06-21 11:15:17','2024-06-21 11:15:17','Room 2',NULL,4,'Internal',19,NULL,NULL,NULL),(194,'SummitVenueRoom','2024-06-21 11:15:17','2024-06-21 11:15:17','Room 3',NULL,5,'Internal',19,NULL,NULL,NULL),(195,'SummitVenueRoom','2024-06-21 11:15:17','2024-06-21 11:15:17','Room 4',NULL,6,'Internal',19,NULL,NULL,NULL),(196,'SummitVenueRoom','2024-06-21 11:15:17','2024-06-21 11:15:17','Room 5',NULL,7,'Internal',19,NULL,NULL,NULL),(197,'SummitVenueRoom','2024-06-21 11:15:17','2024-06-21 11:15:17','Room 6',NULL,8,'Internal',19,NULL,NULL,NULL),(198,'SummitVenueRoom','2024-06-21 11:15:17','2024-06-21 11:15:17','Room 7',NULL,9,'Internal',19,NULL,NULL,NULL),(199,'SummitVenueRoom','2024-06-21 11:15:17','2024-06-21 11:15:17','Room 8',NULL,10,'Internal',19,NULL,NULL,NULL),(200,'SummitVenueRoom','2024-06-21 11:15:17','2024-06-21 11:15:17','Room 9',NULL,11,'Internal',19,NULL,NULL,NULL),(201,'SummitVenueRoom','2024-06-21 11:15:17','2024-06-21 11:15:17','Room 10',NULL,12,'Internal',19,NULL,NULL,NULL),(202,'SummitVenueRoom','2024-06-21 11:15:17','2024-06-21 11:15:17','Room 11',NULL,13,'Internal',19,NULL,NULL,NULL),(203,'SummitVenueRoom','2024-06-21 11:15:17','2024-06-21 11:15:17','Room 12',NULL,14,'Internal',19,NULL,NULL,NULL),(204,'SummitVenueRoom','2024-06-21 11:15:17','2024-06-21 11:15:17','Room 13',NULL,15,'Internal',19,NULL,NULL,NULL),(205,'SummitVenueRoom','2024-06-21 11:15:17','2024-06-21 11:15:17','Room 14',NULL,16,'Internal',19,NULL,NULL,NULL),(206,'SummitVenueRoom','2024-06-21 11:15:17','2024-06-21 11:15:17','Room 15',NULL,17,'Internal',19,NULL,NULL,NULL),(207,'SummitVenueRoom','2024-06-21 11:15:17','2024-06-21 11:15:17','Room 16',NULL,18,'Internal',19,NULL,NULL,NULL),(208,'SummitVenueRoom','2024-06-21 11:15:17','2024-06-21 11:15:17','Room 17',NULL,19,'Internal',19,NULL,NULL,NULL),(209,'SummitVenueRoom','2024-06-21 11:15:17','2024-06-21 11:15:17','Room 18',NULL,20,'Internal',19,NULL,NULL,NULL),(210,'SummitVenueRoom','2024-06-21 11:15:17','2024-06-21 11:15:17','Room 19',NULL,21,'Internal',19,NULL,NULL,NULL),(211,'SummitVenue','2024-06-21 11:17:03','2024-06-21 11:17:03','TEST VENUE',NULL,1,'Internal',21,NULL,NULL,NULL),(212,'SummitVenueRoom','2024-06-21 11:17:03','2024-06-21 11:17:03','Room 0',NULL,2,'Internal',21,NULL,NULL,NULL),(213,'SummitVenueRoom','2024-06-21 11:17:03','2024-06-21 11:17:03','Room 1',NULL,3,'Internal',21,NULL,NULL,NULL),(214,'SummitVenueRoom','2024-06-21 11:17:03','2024-06-21 11:17:03','Room 2',NULL,4,'Internal',21,NULL,NULL,NULL),(215,'SummitVenueRoom','2024-06-21 11:17:03','2024-06-21 11:17:03','Room 3',NULL,5,'Internal',21,NULL,NULL,NULL),(216,'SummitVenueRoom','2024-06-21 11:17:03','2024-06-21 11:17:03','Room 4',NULL,6,'Internal',21,NULL,NULL,NULL),(217,'SummitVenueRoom','2024-06-21 11:17:03','2024-06-21 11:17:03','Room 5',NULL,7,'Internal',21,NULL,NULL,NULL),(218,'SummitVenueRoom','2024-06-21 11:17:03','2024-06-21 11:17:03','Room 6',NULL,8,'Internal',21,NULL,NULL,NULL),(219,'SummitVenueRoom','2024-06-21 11:17:03','2024-06-21 11:17:03','Room 7',NULL,9,'Internal',21,NULL,NULL,NULL),(220,'SummitVenueRoom','2024-06-21 11:17:03','2024-06-21 11:17:03','Room 8',NULL,10,'Internal',21,NULL,NULL,NULL),(221,'SummitVenueRoom','2024-06-21 11:17:03','2024-06-21 11:17:03','Room 9',NULL,11,'Internal',21,NULL,NULL,NULL),(222,'SummitVenueRoom','2024-06-21 11:17:03','2024-06-21 11:17:03','Room 10',NULL,12,'Internal',21,NULL,NULL,NULL),(223,'SummitVenueRoom','2024-06-21 11:17:03','2024-06-21 11:17:03','Room 11',NULL,13,'Internal',21,NULL,NULL,NULL),(224,'SummitVenueRoom','2024-06-21 11:17:03','2024-06-21 11:17:03','Room 12',NULL,14,'Internal',21,NULL,NULL,NULL),(225,'SummitVenueRoom','2024-06-21 11:17:03','2024-06-21 11:17:03','Room 13',NULL,15,'Internal',21,NULL,NULL,NULL),(226,'SummitVenueRoom','2024-06-21 11:17:03','2024-06-21 11:17:03','Room 14',NULL,16,'Internal',21,NULL,NULL,NULL),(227,'SummitVenueRoom','2024-06-21 11:17:03','2024-06-21 11:17:03','Room 15',NULL,17,'Internal',21,NULL,NULL,NULL),(228,'SummitVenueRoom','2024-06-21 11:17:03','2024-06-21 11:17:03','Room 16',NULL,18,'Internal',21,NULL,NULL,NULL),(229,'SummitVenueRoom','2024-06-21 11:17:03','2024-06-21 11:17:03','Room 17',NULL,19,'Internal',21,NULL,NULL,NULL),(230,'SummitVenueRoom','2024-06-21 11:17:03','2024-06-21 11:17:03','Room 18',NULL,20,'Internal',21,NULL,NULL,NULL),(231,'SummitVenueRoom','2024-06-21 11:17:03','2024-06-21 11:17:03','Room 19',NULL,21,'Internal',21,NULL,NULL,NULL),(232,'SummitVenue','2024-06-21 11:18:32','2024-06-21 11:18:32','TEST VENUE',NULL,1,'Internal',23,NULL,NULL,NULL),(233,'SummitVenueRoom','2024-06-21 11:18:32','2024-06-21 11:18:32','Room 0',NULL,2,'Internal',23,NULL,NULL,NULL),(234,'SummitVenueRoom','2024-06-21 11:18:32','2024-06-21 11:18:32','Room 1',NULL,3,'Internal',23,NULL,NULL,NULL),(235,'SummitVenueRoom','2024-06-21 11:18:32','2024-06-21 11:18:32','Room 2',NULL,4,'Internal',23,NULL,NULL,NULL),(236,'SummitVenueRoom','2024-06-21 11:18:32','2024-06-21 11:18:32','Room 3',NULL,5,'Internal',23,NULL,NULL,NULL),(237,'SummitVenueRoom','2024-06-21 11:18:32','2024-06-21 11:18:32','Room 4',NULL,6,'Internal',23,NULL,NULL,NULL),(238,'SummitVenueRoom','2024-06-21 11:18:32','2024-06-21 11:18:32','Room 5',NULL,7,'Internal',23,NULL,NULL,NULL),(239,'SummitVenueRoom','2024-06-21 11:18:32','2024-06-21 11:18:32','Room 6',NULL,8,'Internal',23,NULL,NULL,NULL),(240,'SummitVenueRoom','2024-06-21 11:18:32','2024-06-21 11:18:32','Room 7',NULL,9,'Internal',23,NULL,NULL,NULL),(241,'SummitVenueRoom','2024-06-21 11:18:32','2024-06-21 11:18:32','Room 8',NULL,10,'Internal',23,NULL,NULL,NULL),(242,'SummitVenueRoom','2024-06-21 11:18:32','2024-06-21 11:18:32','Room 9',NULL,11,'Internal',23,NULL,NULL,NULL),(243,'SummitVenueRoom','2024-06-21 11:18:32','2024-06-21 11:18:32','Room 10',NULL,12,'Internal',23,NULL,NULL,NULL),(244,'SummitVenueRoom','2024-06-21 11:18:32','2024-06-21 11:18:32','Room 11',NULL,13,'Internal',23,NULL,NULL,NULL),(245,'SummitVenueRoom','2024-06-21 11:18:32','2024-06-21 11:18:32','Room 12',NULL,14,'Internal',23,NULL,NULL,NULL),(246,'SummitVenueRoom','2024-06-21 11:18:32','2024-06-21 11:18:32','Room 13',NULL,15,'Internal',23,NULL,NULL,NULL),(247,'SummitVenueRoom','2024-06-21 11:18:32','2024-06-21 11:18:32','Room 14',NULL,16,'Internal',23,NULL,NULL,NULL),(248,'SummitVenueRoom','2024-06-21 11:18:32','2024-06-21 11:18:32','Room 15',NULL,17,'Internal',23,NULL,NULL,NULL),(249,'SummitVenueRoom','2024-06-21 11:18:32','2024-06-21 11:18:32','Room 16',NULL,18,'Internal',23,NULL,NULL,NULL),(250,'SummitVenueRoom','2024-06-21 11:18:32','2024-06-21 11:18:32','Room 17',NULL,19,'Internal',23,NULL,NULL,NULL),(251,'SummitVenueRoom','2024-06-21 11:18:32','2024-06-21 11:18:32','Room 18',NULL,20,'Internal',23,NULL,NULL,NULL),(252,'SummitVenueRoom','2024-06-21 11:18:32','2024-06-21 11:18:32','Room 19',NULL,21,'Internal',23,NULL,NULL,NULL),(253,'SummitVenue','2024-06-21 11:33:07','2024-06-21 11:33:07','TEST VENUE',NULL,1,'Internal',25,NULL,NULL,NULL),(254,'SummitVenueRoom','2024-06-21 11:33:07','2024-06-21 11:33:07','Room 0',NULL,2,'Internal',25,NULL,NULL,NULL),(255,'SummitVenueRoom','2024-06-21 11:33:07','2024-06-21 11:33:07','Room 1',NULL,3,'Internal',25,NULL,NULL,NULL),(256,'SummitVenueRoom','2024-06-21 11:33:07','2024-06-21 11:33:07','Room 2',NULL,4,'Internal',25,NULL,NULL,NULL),(257,'SummitVenueRoom','2024-06-21 11:33:07','2024-06-21 11:33:07','Room 3',NULL,5,'Internal',25,NULL,NULL,NULL),(258,'SummitVenueRoom','2024-06-21 11:33:07','2024-06-21 11:33:07','Room 4',NULL,6,'Internal',25,NULL,NULL,NULL),(259,'SummitVenueRoom','2024-06-21 11:33:07','2024-06-21 11:33:07','Room 5',NULL,7,'Internal',25,NULL,NULL,NULL),(260,'SummitVenueRoom','2024-06-21 11:33:07','2024-06-21 11:33:07','Room 6',NULL,8,'Internal',25,NULL,NULL,NULL),(261,'SummitVenueRoom','2024-06-21 11:33:07','2024-06-21 11:33:07','Room 7',NULL,9,'Internal',25,NULL,NULL,NULL),(262,'SummitVenueRoom','2024-06-21 11:33:07','2024-06-21 11:33:07','Room 8',NULL,10,'Internal',25,NULL,NULL,NULL),(263,'SummitVenueRoom','2024-06-21 11:33:07','2024-06-21 11:33:07','Room 9',NULL,11,'Internal',25,NULL,NULL,NULL),(264,'SummitVenueRoom','2024-06-21 11:33:07','2024-06-21 11:33:07','Room 10',NULL,12,'Internal',25,NULL,NULL,NULL),(265,'SummitVenueRoom','2024-06-21 11:33:07','2024-06-21 11:33:07','Room 11',NULL,13,'Internal',25,NULL,NULL,NULL),(266,'SummitVenueRoom','2024-06-21 11:33:07','2024-06-21 11:33:07','Room 12',NULL,14,'Internal',25,NULL,NULL,NULL),(267,'SummitVenueRoom','2024-06-21 11:33:07','2024-06-21 11:33:07','Room 13',NULL,15,'Internal',25,NULL,NULL,NULL),(268,'SummitVenueRoom','2024-06-21 11:33:07','2024-06-21 11:33:07','Room 14',NULL,16,'Internal',25,NULL,NULL,NULL),(269,'SummitVenueRoom','2024-06-21 11:33:07','2024-06-21 11:33:07','Room 15',NULL,17,'Internal',25,NULL,NULL,NULL),(270,'SummitVenueRoom','2024-06-21 11:33:07','2024-06-21 11:33:07','Room 16',NULL,18,'Internal',25,NULL,NULL,NULL),(271,'SummitVenueRoom','2024-06-21 11:33:07','2024-06-21 11:33:07','Room 17',NULL,19,'Internal',25,NULL,NULL,NULL),(272,'SummitVenueRoom','2024-06-21 11:33:07','2024-06-21 11:33:07','Room 18',NULL,20,'Internal',25,NULL,NULL,NULL),(273,'SummitVenueRoom','2024-06-21 11:33:07','2024-06-21 11:33:07','Room 19',NULL,21,'Internal',25,NULL,NULL,NULL),(274,'SummitVenue','2024-06-21 11:34:09','2024-06-21 11:34:09','TEST VENUE',NULL,1,'Internal',27,NULL,NULL,NULL),(275,'SummitVenueRoom','2024-06-21 11:34:09','2024-06-21 11:34:09','Room 0',NULL,2,'Internal',27,NULL,NULL,NULL),(276,'SummitVenueRoom','2024-06-21 11:34:09','2024-06-21 11:34:09','Room 1',NULL,3,'Internal',27,NULL,NULL,NULL),(277,'SummitVenueRoom','2024-06-21 11:34:09','2024-06-21 11:34:09','Room 2',NULL,4,'Internal',27,NULL,NULL,NULL),(278,'SummitVenueRoom','2024-06-21 11:34:09','2024-06-21 11:34:09','Room 3',NULL,5,'Internal',27,NULL,NULL,NULL),(279,'SummitVenueRoom','2024-06-21 11:34:09','2024-06-21 11:34:09','Room 4',NULL,6,'Internal',27,NULL,NULL,NULL),(280,'SummitVenueRoom','2024-06-21 11:34:09','2024-06-21 11:34:09','Room 5',NULL,7,'Internal',27,NULL,NULL,NULL),(281,'SummitVenueRoom','2024-06-21 11:34:09','2024-06-21 11:34:09','Room 6',NULL,8,'Internal',27,NULL,NULL,NULL),(282,'SummitVenueRoom','2024-06-21 11:34:09','2024-06-21 11:34:09','Room 7',NULL,9,'Internal',27,NULL,NULL,NULL),(283,'SummitVenueRoom','2024-06-21 11:34:09','2024-06-21 11:34:09','Room 8',NULL,10,'Internal',27,NULL,NULL,NULL),(284,'SummitVenueRoom','2024-06-21 11:34:09','2024-06-21 11:34:09','Room 9',NULL,11,'Internal',27,NULL,NULL,NULL),(285,'SummitVenueRoom','2024-06-21 11:34:09','2024-06-21 11:34:09','Room 10',NULL,12,'Internal',27,NULL,NULL,NULL),(286,'SummitVenueRoom','2024-06-21 11:34:09','2024-06-21 11:34:09','Room 11',NULL,13,'Internal',27,NULL,NULL,NULL),(287,'SummitVenueRoom','2024-06-21 11:34:09','2024-06-21 11:34:09','Room 12',NULL,14,'Internal',27,NULL,NULL,NULL),(288,'SummitVenueRoom','2024-06-21 11:34:09','2024-06-21 11:34:09','Room 13',NULL,15,'Internal',27,NULL,NULL,NULL),(289,'SummitVenueRoom','2024-06-21 11:34:09','2024-06-21 11:34:09','Room 14',NULL,16,'Internal',27,NULL,NULL,NULL),(290,'SummitVenueRoom','2024-06-21 11:34:09','2024-06-21 11:34:09','Room 15',NULL,17,'Internal',27,NULL,NULL,NULL),(291,'SummitVenueRoom','2024-06-21 11:34:09','2024-06-21 11:34:09','Room 16',NULL,18,'Internal',27,NULL,NULL,NULL),(292,'SummitVenueRoom','2024-06-21 11:34:09','2024-06-21 11:34:09','Room 17',NULL,19,'Internal',27,NULL,NULL,NULL),(293,'SummitVenueRoom','2024-06-21 11:34:09','2024-06-21 11:34:09','Room 18',NULL,20,'Internal',27,NULL,NULL,NULL),(294,'SummitVenueRoom','2024-06-21 11:34:09','2024-06-21 11:34:09','Room 19',NULL,21,'Internal',27,NULL,NULL,NULL);
/*!40000 ALTER TABLE `SummitAbstractLocation` ENABLE KEYS */;
UNLOCK TABLES;

--
-- Table structure for table `SummitAccessLevelType`
--

DROP TABLE IF EXISTS `SummitAccessLevelType`;
/*!40101 SET @saved_cs_client     = @@character_set_client */;
/*!50503 SET character_set_client = utf8mb4 */;
CREATE TABLE `SummitAccessLevelType` (
  `ID` int NOT NULL AUTO_INCREMENT,
  `ClassName` enum('SummitAccessLevelType') CHARACTER SET utf8mb3 COLLATE utf8mb3_general_ci DEFAULT 'SummitAccessLevelType',
  `LastEdited` datetime DEFAULT NULL,
  `Created` datetime DEFAULT NULL,
  `Name` varchar(255) CHARACTER SET utf8mb3 COLLATE utf8mb3_general_ci DEFAULT NULL,
  `Description` varchar(255) CHARACTER SET utf8mb3 COLLATE utf8mb3_general_ci DEFAULT NULL,
  `IsDefault` tinyint unsigned NOT NULL DEFAULT '0',
  `TemplateContent` mediumtext CHARACTER SET utf8mb3 COLLATE utf8mb3_general_ci,
  `SummitID` int DEFAULT NULL,
  PRIMARY KEY (`ID`),
  KEY `ClassName` (`ClassName`),
  KEY `SummitID` (`SummitID`)
) ENGINE=InnoDB AUTO_INCREMENT=77 DEFAULT CHARSET=latin1;
/*!40101 SET character_set_client = @saved_cs_client */;

--
-- Dumping data for table `SummitAccessLevelType`
--

LOCK TABLES `SummitAccessLevelType` WRITE;
/*!40000 ALTER TABLE `SummitAccessLevelType` DISABLE KEYS */;
INSERT INTO `SummitAccessLevelType` VALUES (1,'SummitAccessLevelType','2024-06-21 04:31:26','2024-06-21 04:31:26','Access Level 0',NULL,0,'',1),(2,'SummitAccessLevelType','2024-06-21 04:31:26','2024-06-21 04:31:26','Access Level 1',NULL,0,'',1),(3,'SummitAccessLevelType','2024-06-21 04:31:26','2024-06-21 04:31:26','Access Level 2',NULL,0,'',1),(4,'SummitAccessLevelType','2024-06-21 04:31:26','2024-06-21 04:31:26','Access Level 3',NULL,0,'',1),(5,'SummitAccessLevelType','2024-06-21 04:31:26','2024-06-21 04:31:26','Access Level 4',NULL,0,'',1),(6,'SummitAccessLevelType','2024-06-21 04:31:57','2024-06-21 04:31:57','Access Level 0',NULL,0,'',2),(7,'SummitAccessLevelType','2024-06-21 04:31:57','2024-06-21 04:31:57','Access Level 1',NULL,0,'',2),(8,'SummitAccessLevelType','2024-06-21 04:31:57','2024-06-21 04:31:57','Access Level 2',NULL,0,'',2),(9,'SummitAccessLevelType','2024-06-21 04:31:57','2024-06-21 04:31:57','Access Level 3',NULL,0,'',2),(10,'SummitAccessLevelType','2024-06-21 04:31:57','2024-06-21 04:31:57','Access Level 4',NULL,0,'',2),(11,'SummitAccessLevelType','2024-06-21 04:33:44','2024-06-21 04:33:44','Access Level 0',NULL,0,'',3),(12,'SummitAccessLevelType','2024-06-21 04:33:44','2024-06-21 04:33:44','Access Level 1',NULL,0,'',3),(13,'SummitAccessLevelType','2024-06-21 04:33:44','2024-06-21 04:33:44','Access Level 2',NULL,0,'',3),(14,'SummitAccessLevelType','2024-06-21 04:33:44','2024-06-21 04:33:44','Access Level 3',NULL,0,'',3),(15,'SummitAccessLevelType','2024-06-21 04:33:44','2024-06-21 04:33:44','Access Level 4',NULL,0,'',3),(16,'SummitAccessLevelType','2024-06-21 04:34:37','2024-06-21 04:34:37','CHAT','Enables Chat Feature.',1,'',5),(17,'SummitAccessLevelType','2024-06-21 04:34:37','2024-06-21 04:34:37','IN_PERSON','Allows in person show access.',1,'',5),(18,'SummitAccessLevelType','2024-06-21 04:34:37','2024-06-21 04:34:37','VIRTUAL','Allows virtual show access.',1,'',5),(19,'SummitAccessLevelType','2024-06-21 04:38:05','2024-06-21 04:38:05','Access Level 0',NULL,0,'',6),(20,'SummitAccessLevelType','2024-06-21 04:38:05','2024-06-21 04:38:05','Access Level 1',NULL,0,'',6),(21,'SummitAccessLevelType','2024-06-21 04:38:05','2024-06-21 04:38:05','Access Level 2',NULL,0,'',6),(22,'SummitAccessLevelType','2024-06-21 04:38:05','2024-06-21 04:38:05','Access Level 3',NULL,0,'',6),(23,'SummitAccessLevelType','2024-06-21 04:38:05','2024-06-21 04:38:05','Access Level 4',NULL,0,'',6),(24,'SummitAccessLevelType','2024-06-21 04:38:11','2024-06-21 04:38:11','CHAT','Enables Chat Feature.',1,'',8),(25,'SummitAccessLevelType','2024-06-21 04:38:11','2024-06-21 04:38:11','IN_PERSON','Allows in person show access.',1,'',8),(26,'SummitAccessLevelType','2024-06-21 04:38:11','2024-06-21 04:38:11','VIRTUAL','Allows virtual show access.',1,'',8),(27,'SummitAccessLevelType','2024-06-21 04:38:33','2024-06-21 04:38:33','Access Level 0',NULL,0,'',9),(28,'SummitAccessLevelType','2024-06-21 04:38:33','2024-06-21 04:38:33','Access Level 1',NULL,0,'',9),(29,'SummitAccessLevelType','2024-06-21 04:38:33','2024-06-21 04:38:33','Access Level 2',NULL,0,'',9),(30,'SummitAccessLevelType','2024-06-21 04:38:33','2024-06-21 04:38:33','Access Level 3',NULL,0,'',9),(31,'SummitAccessLevelType','2024-06-21 04:38:33','2024-06-21 04:38:33','Access Level 4',NULL,0,'',9),(32,'SummitAccessLevelType','2024-06-21 04:39:39','2024-06-21 04:39:39','Access Level 0',NULL,0,'',11),(33,'SummitAccessLevelType','2024-06-21 04:39:39','2024-06-21 04:39:39','Access Level 1',NULL,0,'',11),(34,'SummitAccessLevelType','2024-06-21 04:39:39','2024-06-21 04:39:39','Access Level 2',NULL,0,'',11),(35,'SummitAccessLevelType','2024-06-21 04:39:39','2024-06-21 04:39:39','Access Level 3',NULL,0,'',11),(36,'SummitAccessLevelType','2024-06-21 04:39:39','2024-06-21 04:39:39','Access Level 4',NULL,0,'',11),(37,'SummitAccessLevelType','2024-06-21 04:40:05','2024-06-21 04:40:05','Access Level 0',NULL,0,'',13),(38,'SummitAccessLevelType','2024-06-21 04:40:05','2024-06-21 04:40:05','Access Level 1',NULL,0,'',13),(39,'SummitAccessLevelType','2024-06-21 04:40:05','2024-06-21 04:40:05','Access Level 2',NULL,0,'',13),(40,'SummitAccessLevelType','2024-06-21 04:40:05','2024-06-21 04:40:05','Access Level 3',NULL,0,'',13),(41,'SummitAccessLevelType','2024-06-21 04:40:05','2024-06-21 04:40:05','Access Level 4',NULL,0,'',13),(42,'SummitAccessLevelType','2024-06-21 11:13:56','2024-06-21 11:13:56','Access Level 0',NULL,0,'',15),(43,'SummitAccessLevelType','2024-06-21 11:13:56','2024-06-21 11:13:56','Access Level 1',NULL,0,'',15),(44,'SummitAccessLevelType','2024-06-21 11:13:56','2024-06-21 11:13:56','Access Level 2',NULL,0,'',15),(45,'SummitAccessLevelType','2024-06-21 11:13:56','2024-06-21 11:13:56','Access Level 3',NULL,0,'',15),(46,'SummitAccessLevelType','2024-06-21 11:13:56','2024-06-21 11:13:56','Access Level 4',NULL,0,'',15),(47,'SummitAccessLevelType','2024-06-21 11:15:03','2024-06-21 11:15:03','Access Level 0',NULL,0,'',17),(48,'SummitAccessLevelType','2024-06-21 11:15:03','2024-06-21 11:15:03','Access Level 1',NULL,0,'',17),(49,'SummitAccessLevelType','2024-06-21 11:15:03','2024-06-21 11:15:03','Access Level 2',NULL,0,'',17),(50,'SummitAccessLevelType','2024-06-21 11:15:03','2024-06-21 11:15:03','Access Level 3',NULL,0,'',17),(51,'SummitAccessLevelType','2024-06-21 11:15:03','2024-06-21 11:15:03','Access Level 4',NULL,0,'',17),(52,'SummitAccessLevelType','2024-06-21 11:15:17','2024-06-21 11:15:17','Access Level 0',NULL,0,'',19),(53,'SummitAccessLevelType','2024-06-21 11:15:17','2024-06-21 11:15:17','Access Level 1',NULL,0,'',19),(54,'SummitAccessLevelType','2024-06-21 11:15:17','2024-06-21 11:15:17','Access Level 2',NULL,0,'',19),(55,'SummitAccessLevelType','2024-06-21 11:15:17','2024-06-21 11:15:17','Access Level 3',NULL,0,'',19),(56,'SummitAccessLevelType','2024-06-21 11:15:17','2024-06-21 11:15:17','Access Level 4',NULL,0,'',19),(57,'SummitAccessLevelType','2024-06-21 11:17:02','2024-06-21 11:17:02','Access Level 0',NULL,0,'',21),(58,'SummitAccessLevelType','2024-06-21 11:17:02','2024-06-21 11:17:02','Access Level 1',NULL,0,'',21),(59,'SummitAccessLevelType','2024-06-21 11:17:02','2024-06-21 11:17:02','Access Level 2',NULL,0,'',21),(60,'SummitAccessLevelType','2024-06-21 11:17:02','2024-06-21 11:17:02','Access Level 3',NULL,0,'',21),(61,'SummitAccessLevelType','2024-06-21 11:17:02','2024-06-21 11:17:02','Access Level 4',NULL,0,'',21),(62,'SummitAccessLevelType','2024-06-21 11:18:31','2024-06-21 11:18:31','Access Level 0',NULL,0,'',23),(63,'SummitAccessLevelType','2024-06-21 11:18:31','2024-06-21 11:18:31','Access Level 1',NULL,0,'',23),(64,'SummitAccessLevelType','2024-06-21 11:18:31','2024-06-21 11:18:31','Access Level 2',NULL,0,'',23),(65,'SummitAccessLevelType','2024-06-21 11:18:31','2024-06-21 11:18:31','Access Level 3',NULL,0,'',23),(66,'SummitAccessLevelType','2024-06-21 11:18:31','2024-06-21 11:18:31','Access Level 4',NULL,0,'',23),(67,'SummitAccessLevelType','2024-06-21 11:33:07','2024-06-21 11:33:07','Access Level 0',NULL,0,'',25),(68,'SummitAccessLevelType','2024-06-21 11:33:07','2024-06-21 11:33:07','Access Level 1',NULL,0,'',25),(69,'SummitAccessLevelType','2024-06-21 11:33:07','2024-06-21 11:33:07','Access Level 2',NULL,0,'',25),(70,'SummitAccessLevelType','2024-06-21 11:33:07','2024-06-21 11:33:07','Access Level 3',NULL,0,'',25),(71,'SummitAccessLevelType','2024-06-21 11:33:07','2024-06-21 11:33:07','Access Level 4',NULL,0,'',25),(72,'SummitAccessLevelType','2024-06-21 11:34:09','2024-06-21 11:34:09','Access Level 0',NULL,0,'',27),(73,'SummitAccessLevelType','2024-06-21 11:34:09','2024-06-21 11:34:09','Access Level 1',NULL,0,'',27),(74,'SummitAccessLevelType','2024-06-21 11:34:09','2024-06-21 11:34:09','Access Level 2',NULL,0,'',27),(75,'SummitAccessLevelType','2024-06-21 11:34:09','2024-06-21 11:34:09','Access Level 3',NULL,0,'',27),(76,'SummitAccessLevelType','2024-06-21 11:34:09','2024-06-21 11:34:09','Access Level 4',NULL,0,'',27);
/*!40000 ALTER TABLE `SummitAccessLevelType` ENABLE KEYS */;
UNLOCK TABLES;

--
-- Table structure for table `SummitActivityDate`
--

DROP TABLE IF EXISTS `SummitActivityDate`;
/*!40101 SET @saved_cs_client     = @@character_set_client */;
/*!50503 SET character_set_client = utf8mb4 */;
CREATE TABLE `SummitActivityDate` (
  `ID` int NOT NULL AUTO_INCREMENT,
  `ClassName` enum('SummitActivityDate') CHARACTER SET utf8mb3 COLLATE utf8mb3_general_ci DEFAULT 'SummitActivityDate',
  `LastEdited` datetime DEFAULT NULL,
  `Created` datetime DEFAULT NULL,
  `Date` date DEFAULT NULL,
  `Description` mediumtext CHARACTER SET utf8mb3 COLLATE utf8mb3_general_ci,
  `SummitUpdatesPageID` int DEFAULT NULL,
  PRIMARY KEY (`ID`),
  KEY `ClassName` (`ClassName`),
  KEY `SummitUpdatesPageID` (`SummitUpdatesPageID`)
) ENGINE=InnoDB DEFAULT CHARSET=latin1;
/*!40101 SET character_set_client = @saved_cs_client */;

--
-- Dumping data for table `SummitActivityDate`
--

LOCK TABLES `SummitActivityDate` WRITE;
/*!40000 ALTER TABLE `SummitActivityDate` DISABLE KEYS */;
/*!40000 ALTER TABLE `SummitActivityDate` ENABLE KEYS */;
UNLOCK TABLES;

--
-- Table structure for table `SummitAddOn`
--

DROP TABLE IF EXISTS `SummitAddOn`;
/*!40101 SET @saved_cs_client     = @@character_set_client */;
/*!50503 SET character_set_client = utf8mb4 */;
CREATE TABLE `SummitAddOn` (
  `ID` int NOT NULL AUTO_INCREMENT,
  `ClassName` enum('SummitAddOn') CHARACTER SET utf8mb3 COLLATE utf8mb3_general_ci DEFAULT 'SummitAddOn',
  `LastEdited` datetime DEFAULT NULL,
  `Created` datetime DEFAULT NULL,
  `Title` mediumtext CHARACTER SET utf8mb3 COLLATE utf8mb3_general_ci,
  `Cost` mediumtext CHARACTER SET utf8mb3 COLLATE utf8mb3_general_ci,
  `MaxAvailable` int NOT NULL DEFAULT '0',
  `CurrentlyAvailable` int NOT NULL DEFAULT '0',
  `Order` int NOT NULL DEFAULT '0',
  `ShowQuantity` tinyint unsigned NOT NULL DEFAULT '0',
  `SummitID` int DEFAULT NULL,
  PRIMARY KEY (`ID`),
  KEY `ClassName` (`ClassName`),
  KEY `SummitID` (`SummitID`)
) ENGINE=InnoDB DEFAULT CHARSET=latin1;
/*!40101 SET character_set_client = @saved_cs_client */;

--
-- Dumping data for table `SummitAddOn`
--

LOCK TABLES `SummitAddOn` WRITE;
/*!40000 ALTER TABLE `SummitAddOn` DISABLE KEYS */;
/*!40000 ALTER TABLE `SummitAddOn` ENABLE KEYS */;
UNLOCK TABLES;

--
-- Table structure for table `SummitAdministratorPermissionGroup`
--

DROP TABLE IF EXISTS `SummitAdministratorPermissionGroup`;
/*!40101 SET @saved_cs_client     = @@character_set_client */;
/*!50503 SET character_set_client = utf8mb4 */;
CREATE TABLE `SummitAdministratorPermissionGroup` (
  `ID` int NOT NULL AUTO_INCREMENT,
  `Created` datetime DEFAULT NULL,
  `LastEdited` datetime DEFAULT NULL,
  `ClassName` enum('SummitAdministratorPermissionGroup') CHARACTER SET utf8mb3 COLLATE utf8mb3_general_ci DEFAULT 'SummitAdministratorPermissionGroup',
  `Title` varchar(255) CHARACTER SET utf8mb3 COLLATE utf8mb3_general_ci DEFAULT NULL,
  PRIMARY KEY (`ID`),
  UNIQUE KEY `UNIQ_1D5C1CCDEAF7576F` (`Title`),
  KEY `ClassName` (`ClassName`)
) ENGINE=InnoDB AUTO_INCREMENT=13 DEFAULT CHARSET=utf8mb3 COLLATE=utf8mb3_unicode_ci;
/*!40101 SET character_set_client = @saved_cs_client */;

--
-- Dumping data for table `SummitAdministratorPermissionGroup`
--

LOCK TABLES `SummitAdministratorPermissionGroup` WRITE;
/*!40000 ALTER TABLE `SummitAdministratorPermissionGroup` DISABLE KEYS */;
INSERT INTO `SummitAdministratorPermissionGroup` VALUES (1,'2024-06-21 04:33:45','2024-06-21 04:33:45','SummitAdministratorPermissionGroup','DEFAULT PERMISSION GROUP mSFIiJhZV7JOvyZ3'),(2,'2024-06-21 04:38:05','2024-06-21 04:38:05','SummitAdministratorPermissionGroup','DEFAULT PERMISSION GROUP wWUsFvSfaotXY3m3'),(3,'2024-06-21 04:38:33','2024-06-21 04:38:33','SummitAdministratorPermissionGroup','DEFAULT PERMISSION GROUP 3ClKaptoPcKaFGe3'),(4,'2024-06-21 04:39:40','2024-06-21 04:39:40','SummitAdministratorPermissionGroup','DEFAULT PERMISSION GROUP SrYG1aLIY9qY0Zlo'),(5,'2024-06-21 04:40:06','2024-06-21 04:40:06','SummitAdministratorPermissionGroup','DEFAULT PERMISSION GROUP GgjIeVCSWO00L4Dc'),(6,'2024-06-21 11:13:56','2024-06-21 11:13:56','SummitAdministratorPermissionGroup','DEFAULT PERMISSION GROUP grOEneQcNP6qguNZ'),(7,'2024-06-21 11:15:03','2024-06-21 11:15:03','SummitAdministratorPermissionGroup','DEFAULT PERMISSION GROUP wPdNPOqv02Yc22Bf'),(8,'2024-06-21 11:15:17','2024-06-21 11:15:17','SummitAdministratorPermissionGroup','DEFAULT PERMISSION GROUP ghmenldqkps0qyxg'),(9,'2024-06-21 11:17:03','2024-06-21 11:17:03','SummitAdministratorPermissionGroup','DEFAULT PERMISSION GROUP kuCDzSvPoJ9uW1fi'),(10,'2024-06-21 11:18:32','2024-06-21 11:18:32','SummitAdministratorPermissionGroup','DEFAULT PERMISSION GROUP MQ8h90bU6nPNMy0f'),(11,'2024-06-21 11:33:07','2024-06-21 11:33:07','SummitAdministratorPermissionGroup','DEFAULT PERMISSION GROUP j3oZG8QL6M3B9Aea'),(12,'2024-06-21 11:34:09','2024-06-21 11:34:09','SummitAdministratorPermissionGroup','DEFAULT PERMISSION GROUP wtSOwahB2TjFHqdV');
/*!40000 ALTER TABLE `SummitAdministratorPermissionGroup` ENABLE KEYS */;
UNLOCK TABLES;

--
-- Table structure for table `SummitAdministratorPermissionGroup_Members`
--

DROP TABLE IF EXISTS `SummitAdministratorPermissionGroup_Members`;
/*!40101 SET @saved_cs_client     = @@character_set_client */;
/*!50503 SET character_set_client = utf8mb4 */;
CREATE TABLE `SummitAdministratorPermissionGroup_Members` (
  `ID` int NOT NULL AUTO_INCREMENT,
  `MemberID` int NOT NULL DEFAULT '0',
  `SummitAdministratorPermissionGroupID` int NOT NULL DEFAULT '0',
  PRIMARY KEY (`ID`),
  UNIQUE KEY `UNIQ_5CB435FD7B868B2A522B9974` (`SummitAdministratorPermissionGroupID`,`MemberID`),
  KEY `MemberID` (`MemberID`),
  KEY `SummitAdministratorPermissionGroupID` (`SummitAdministratorPermissionGroupID`)
) ENGINE=InnoDB DEFAULT CHARSET=utf8mb3 COLLATE=utf8mb3_unicode_ci;
/*!40101 SET character_set_client = @saved_cs_client */;

--
-- Dumping data for table `SummitAdministratorPermissionGroup_Members`
--

LOCK TABLES `SummitAdministratorPermissionGroup_Members` WRITE;
/*!40000 ALTER TABLE `SummitAdministratorPermissionGroup_Members` DISABLE KEYS */;
/*!40000 ALTER TABLE `SummitAdministratorPermissionGroup_Members` ENABLE KEYS */;
UNLOCK TABLES;

--
-- Table structure for table `SummitAdministratorPermissionGroup_Summits`
--

DROP TABLE IF EXISTS `SummitAdministratorPermissionGroup_Summits`;
/*!40101 SET @saved_cs_client     = @@character_set_client */;
/*!50503 SET character_set_client = utf8mb4 */;
CREATE TABLE `SummitAdministratorPermissionGroup_Summits` (
  `ID` int NOT NULL AUTO_INCREMENT,
  `SummitID` int NOT NULL DEFAULT '0',
  `SummitAdministratorPermissionGroupID` int NOT NULL DEFAULT '0',
  PRIMARY KEY (`ID`),
  UNIQUE KEY `UNIQ_6FA09E417B868B2A90CF7278` (`SummitAdministratorPermissionGroupID`,`SummitID`),
  KEY `SummitAdministratorPermissionGroupID` (`SummitAdministratorPermissionGroupID`),
  KEY `SummitID` (`SummitID`)
) ENGINE=InnoDB AUTO_INCREMENT=13 DEFAULT CHARSET=utf8mb3 COLLATE=utf8mb3_unicode_ci;
/*!40101 SET character_set_client = @saved_cs_client */;

--
-- Dumping data for table `SummitAdministratorPermissionGroup_Summits`
--

LOCK TABLES `SummitAdministratorPermissionGroup_Summits` WRITE;
/*!40000 ALTER TABLE `SummitAdministratorPermissionGroup_Summits` DISABLE KEYS */;
INSERT INTO `SummitAdministratorPermissionGroup_Summits` VALUES (1,3,1),(2,6,2),(3,9,3),(4,11,4),(5,13,5),(6,15,6),(7,17,7),(8,19,8),(9,21,9),(10,23,10),(11,25,11),(12,27,12);
/*!40000 ALTER TABLE `SummitAdministratorPermissionGroup_Summits` ENABLE KEYS */;
UNLOCK TABLES;

--
-- Table structure for table `SummitAirport`
--

DROP TABLE IF EXISTS `SummitAirport`;
/*!40101 SET @saved_cs_client     = @@character_set_client */;
/*!50503 SET character_set_client = utf8mb4 */;
CREATE TABLE `SummitAirport` (
  `ID` int NOT NULL AUTO_INCREMENT,
  `Type` enum('International','Domestic') CHARACTER SET utf8mb3 COLLATE utf8mb3_general_ci DEFAULT 'International',
  PRIMARY KEY (`ID`)
) ENGINE=InnoDB DEFAULT CHARSET=latin1;
/*!40101 SET character_set_client = @saved_cs_client */;

--
-- Dumping data for table `SummitAirport`
--

LOCK TABLES `SummitAirport` WRITE;
/*!40000 ALTER TABLE `SummitAirport` DISABLE KEYS */;
/*!40000 ALTER TABLE `SummitAirport` ENABLE KEYS */;
UNLOCK TABLES;

--
-- Table structure for table `SummitAppSchedPage`
--

DROP TABLE IF EXISTS `SummitAppSchedPage`;
/*!40101 SET @saved_cs_client     = @@character_set_client */;
/*!50503 SET character_set_client = utf8mb4 */;
CREATE TABLE `SummitAppSchedPage` (
  `ID` int NOT NULL AUTO_INCREMENT,
  `EnableMobileSupport` tinyint unsigned NOT NULL DEFAULT '0',
  PRIMARY KEY (`ID`)
) ENGINE=InnoDB DEFAULT CHARSET=latin1;
/*!40101 SET character_set_client = @saved_cs_client */;

--
-- Dumping data for table `SummitAppSchedPage`
--

LOCK TABLES `SummitAppSchedPage` WRITE;
/*!40000 ALTER TABLE `SummitAppSchedPage` DISABLE KEYS */;
/*!40000 ALTER TABLE `SummitAppSchedPage` ENABLE KEYS */;
UNLOCK TABLES;

--
-- Table structure for table `SummitAppSchedPage_Live`
--

DROP TABLE IF EXISTS `SummitAppSchedPage_Live`;
/*!40101 SET @saved_cs_client     = @@character_set_client */;
/*!50503 SET character_set_client = utf8mb4 */;
CREATE TABLE `SummitAppSchedPage_Live` (
  `ID` int NOT NULL AUTO_INCREMENT,
  `EnableMobileSupport` tinyint unsigned NOT NULL DEFAULT '0',
  PRIMARY KEY (`ID`)
) ENGINE=InnoDB DEFAULT CHARSET=latin1;
/*!40101 SET character_set_client = @saved_cs_client */;

--
-- Dumping data for table `SummitAppSchedPage_Live`
--

LOCK TABLES `SummitAppSchedPage_Live` WRITE;
/*!40000 ALTER TABLE `SummitAppSchedPage_Live` DISABLE KEYS */;
/*!40000 ALTER TABLE `SummitAppSchedPage_Live` ENABLE KEYS */;
UNLOCK TABLES;

--
-- Table structure for table `SummitAppSchedPage_versions`
--

DROP TABLE IF EXISTS `SummitAppSchedPage_versions`;
/*!40101 SET @saved_cs_client     = @@character_set_client */;
/*!50503 SET character_set_client = utf8mb4 */;
CREATE TABLE `SummitAppSchedPage_versions` (
  `ID` int NOT NULL AUTO_INCREMENT,
  `RecordID` int NOT NULL DEFAULT '0',
  `Version` int NOT NULL DEFAULT '0',
  `EnableMobileSupport` tinyint unsigned NOT NULL DEFAULT '0',
  PRIMARY KEY (`ID`),
  UNIQUE KEY `RecordID_Version` (`RecordID`,`Version`),
  KEY `RecordID` (`RecordID`),
  KEY `Version` (`Version`)
) ENGINE=InnoDB DEFAULT CHARSET=latin1;
/*!40101 SET character_set_client = @saved_cs_client */;

--
-- Dumping data for table `SummitAppSchedPage_versions`
--

LOCK TABLES `SummitAppSchedPage_versions` WRITE;
/*!40000 ALTER TABLE `SummitAppSchedPage_versions` DISABLE KEYS */;
/*!40000 ALTER TABLE `SummitAppSchedPage_versions` ENABLE KEYS */;
UNLOCK TABLES;

--
-- Table structure for table `SummitAttendee`
--

DROP TABLE IF EXISTS `SummitAttendee`;
/*!40101 SET @saved_cs_client     = @@character_set_client */;
/*!50503 SET character_set_client = utf8mb4 */;
CREATE TABLE `SummitAttendee` (
  `ID` int NOT NULL AUTO_INCREMENT,
  `ClassName` enum('SummitAttendee') CHARACTER SET utf8mb3 COLLATE utf8mb3_general_ci DEFAULT 'SummitAttendee',
  `LastEdited` datetime DEFAULT NULL ON UPDATE CURRENT_TIMESTAMP,
  `Created` datetime DEFAULT NULL,
  `SharedContactInfo` tinyint unsigned NOT NULL DEFAULT '0',
  `SummitHallCheckedIn` tinyint unsigned NOT NULL DEFAULT '0',
  `SummitHallCheckedInDate` datetime DEFAULT NULL,
  `MemberID` int DEFAULT NULL,
  `SummitID` int DEFAULT NULL,
  `FirstName` varchar(255) CHARACTER SET utf8mb3 COLLATE utf8mb3_general_ci DEFAULT NULL,
  `Surname` varchar(255) CHARACTER SET utf8mb3 COLLATE utf8mb3_general_ci DEFAULT NULL,
  `ExternalId` varchar(255) CHARACTER SET utf8mb3 COLLATE utf8mb3_general_ci DEFAULT NULL,
  `Email` varchar(100) CHARACTER SET utf8mb3 COLLATE utf8mb3_general_ci NOT NULL,
  `DisclaimerAcceptedDate` datetime DEFAULT NULL,
  `Company` varchar(255) CHARACTER SET utf8mb3 COLLATE utf8mb3_general_ci DEFAULT NULL,
  `CompanyID` int DEFAULT NULL,
  `Status` enum('Incomplete','Complete') DEFAULT 'Incomplete',
  `LastReminderEmailSentDate` datetime DEFAULT NULL,
  `SummitVirtualCheckedInDate` datetime DEFAULT NULL,
  `InvitationEmailSentDate` datetime DEFAULT NULL,
  `PublicEditionEmailSentDate` datetime DEFAULT NULL,
  PRIMARY KEY (`ID`),
  UNIQUE KEY `SummitAttendee_Email_SummitID` (`SummitID`,`Email`),
  UNIQUE KEY `SummitAttendee_Member_Summit` (`MemberID`,`SummitID`),
  KEY `FK_SummitAttendee_CompanyID` (`CompanyID`),
  KEY `ClassName` (`ClassName`),
  KEY `MemberID` (`MemberID`),
  KEY `SummitID` (`SummitID`),
  CONSTRAINT `FK_SummitAttendee_CompanyID` FOREIGN KEY (`CompanyID`) REFERENCES `Company` (`ID`) ON DELETE SET NULL,
  CONSTRAINT `FK_SummitAttendee_MemberID` FOREIGN KEY (`MemberID`) REFERENCES `Member` (`ID`) ON DELETE SET NULL,
  CONSTRAINT `FK_SummitAttendee_SummitID` FOREIGN KEY (`SummitID`) REFERENCES `Summit` (`ID`) ON DELETE CASCADE
) ENGINE=InnoDB DEFAULT CHARSET=latin1;
/*!40101 SET character_set_client = @saved_cs_client */;

--
-- Dumping data for table `SummitAttendee`
--

LOCK TABLES `SummitAttendee` WRITE;
/*!40000 ALTER TABLE `SummitAttendee` DISABLE KEYS */;
/*!40000 ALTER TABLE `SummitAttendee` ENABLE KEYS */;
UNLOCK TABLES;

--
-- Table structure for table `SummitAttendeeBadge`
--

DROP TABLE IF EXISTS `SummitAttendeeBadge`;
/*!40101 SET @saved_cs_client     = @@character_set_client */;
/*!50503 SET character_set_client = utf8mb4 */;
CREATE TABLE `SummitAttendeeBadge` (
  `ID` int NOT NULL AUTO_INCREMENT,
  `ClassName` enum('SummitAttendeeBadge') CHARACTER SET utf8mb3 COLLATE utf8mb3_general_ci DEFAULT 'SummitAttendeeBadge',
  `LastEdited` datetime DEFAULT NULL,
  `Created` datetime DEFAULT NULL,
  `IsVoid` tinyint unsigned NOT NULL DEFAULT '0',
  `QRCode` varchar(255) CHARACTER SET utf8mb3 COLLATE utf8mb3_general_ci DEFAULT NULL,
  `TicketID` int DEFAULT NULL,
  `BadgeTypeID` int DEFAULT NULL,
  PRIMARY KEY (`ID`),
  KEY `BadgeTypeID` (`BadgeTypeID`),
  KEY `ClassName` (`ClassName`),
  KEY `TicketID` (`TicketID`),
  CONSTRAINT `FK_BadgeTypeID` FOREIGN KEY (`BadgeTypeID`) REFERENCES `SummitBadgeType` (`ID`) ON DELETE CASCADE
) ENGINE=InnoDB AUTO_INCREMENT=121 DEFAULT CHARSET=latin1;
/*!40101 SET character_set_client = @saved_cs_client */;

--
-- Dumping data for table `SummitAttendeeBadge`
--

LOCK TABLES `SummitAttendeeBadge` WRITE;
/*!40000 ALTER TABLE `SummitAttendeeBadge` DISABLE KEYS */;
INSERT INTO `SummitAttendeeBadge` VALUES (1,'SummitAttendeeBadge','2024-06-21 04:33:46','2024-06-21 04:33:46',0,NULL,1,4),(2,'SummitAttendeeBadge','2024-06-21 04:33:46','2024-06-21 04:33:46',0,NULL,2,4),(3,'SummitAttendeeBadge','2024-06-21 04:33:46','2024-06-21 04:33:46',0,NULL,3,4),(4,'SummitAttendeeBadge','2024-06-21 04:33:46','2024-06-21 04:33:46',0,NULL,4,4),(5,'SummitAttendeeBadge','2024-06-21 04:33:46','2024-06-21 04:33:46',0,NULL,5,4),(6,'SummitAttendeeBadge','2024-06-21 04:33:46','2024-06-21 04:33:46',0,NULL,6,4),(7,'SummitAttendeeBadge','2024-06-21 04:33:46','2024-06-21 04:33:46',0,NULL,7,4),(8,'SummitAttendeeBadge','2024-06-21 04:33:46','2024-06-21 04:33:46',0,NULL,8,4),(9,'SummitAttendeeBadge','2024-06-21 04:33:46','2024-06-21 04:33:46',0,NULL,9,4),(10,'SummitAttendeeBadge','2024-06-21 04:33:46','2024-06-21 04:33:46',0,NULL,10,4),(11,'SummitAttendeeBadge','2024-06-21 04:38:06','2024-06-21 04:38:06',0,NULL,11,7),(12,'SummitAttendeeBadge','2024-06-21 04:38:06','2024-06-21 04:38:06',0,NULL,12,7),(13,'SummitAttendeeBadge','2024-06-21 04:38:06','2024-06-21 04:38:06',0,NULL,13,7),(14,'SummitAttendeeBadge','2024-06-21 04:38:06','2024-06-21 04:38:06',0,NULL,14,7),(15,'SummitAttendeeBadge','2024-06-21 04:38:06','2024-06-21 04:38:06',0,NULL,15,7),(16,'SummitAttendeeBadge','2024-06-21 04:38:06','2024-06-21 04:38:06',0,NULL,16,7),(17,'SummitAttendeeBadge','2024-06-21 04:38:06','2024-06-21 04:38:06',0,NULL,17,7),(18,'SummitAttendeeBadge','2024-06-21 04:38:06','2024-06-21 04:38:06',0,NULL,18,7),(19,'SummitAttendeeBadge','2024-06-21 04:38:06','2024-06-21 04:38:06',0,NULL,19,7),(20,'SummitAttendeeBadge','2024-06-21 04:38:06','2024-06-21 04:38:06',0,NULL,20,7),(21,'SummitAttendeeBadge','2024-06-21 04:38:34','2024-06-21 04:38:34',0,NULL,21,10),(22,'SummitAttendeeBadge','2024-06-21 04:38:34','2024-06-21 04:38:34',0,NULL,22,10),(23,'SummitAttendeeBadge','2024-06-21 04:38:34','2024-06-21 04:38:34',0,NULL,23,10),(24,'SummitAttendeeBadge','2024-06-21 04:38:34','2024-06-21 04:38:34',0,NULL,24,10),(25,'SummitAttendeeBadge','2024-06-21 04:38:34','2024-06-21 04:38:34',0,NULL,25,10),(26,'SummitAttendeeBadge','2024-06-21 04:38:34','2024-06-21 04:38:34',0,NULL,26,10),(27,'SummitAttendeeBadge','2024-06-21 04:38:34','2024-06-21 04:38:34',0,NULL,27,10),(28,'SummitAttendeeBadge','2024-06-21 04:38:34','2024-06-21 04:38:34',0,NULL,28,10),(29,'SummitAttendeeBadge','2024-06-21 04:38:34','2024-06-21 04:38:34',0,NULL,29,10),(30,'SummitAttendeeBadge','2024-06-21 04:38:34','2024-06-21 04:38:34',0,NULL,30,10),(31,'SummitAttendeeBadge','2024-06-21 04:39:40','2024-06-21 04:39:40',0,NULL,31,13),(32,'SummitAttendeeBadge','2024-06-21 04:39:40','2024-06-21 04:39:40',0,NULL,32,13),(33,'SummitAttendeeBadge','2024-06-21 04:39:40','2024-06-21 04:39:40',0,NULL,33,13),(34,'SummitAttendeeBadge','2024-06-21 04:39:40','2024-06-21 04:39:40',0,NULL,34,13),(35,'SummitAttendeeBadge','2024-06-21 04:39:40','2024-06-21 04:39:40',0,NULL,35,13),(36,'SummitAttendeeBadge','2024-06-21 04:39:40','2024-06-21 04:39:40',0,NULL,36,13),(37,'SummitAttendeeBadge','2024-06-21 04:39:40','2024-06-21 04:39:40',0,NULL,37,13),(38,'SummitAttendeeBadge','2024-06-21 04:39:40','2024-06-21 04:39:40',0,NULL,38,13),(39,'SummitAttendeeBadge','2024-06-21 04:39:40','2024-06-21 04:39:40',0,NULL,39,13),(40,'SummitAttendeeBadge','2024-06-21 04:39:40','2024-06-21 04:39:40',0,NULL,40,13),(41,'SummitAttendeeBadge','2024-06-21 04:40:07','2024-06-21 04:40:07',0,NULL,41,16),(42,'SummitAttendeeBadge','2024-06-21 04:40:07','2024-06-21 04:40:07',0,NULL,42,16),(43,'SummitAttendeeBadge','2024-06-21 04:40:07','2024-06-21 04:40:07',0,NULL,43,16),(44,'SummitAttendeeBadge','2024-06-21 04:40:07','2024-06-21 04:40:07',0,NULL,44,16),(45,'SummitAttendeeBadge','2024-06-21 04:40:07','2024-06-21 04:40:07',0,NULL,45,16),(46,'SummitAttendeeBadge','2024-06-21 04:40:07','2024-06-21 04:40:07',0,NULL,46,16),(47,'SummitAttendeeBadge','2024-06-21 04:40:07','2024-06-21 04:40:07',0,NULL,47,16),(48,'SummitAttendeeBadge','2024-06-21 04:40:07','2024-06-21 04:40:07',0,NULL,48,16),(49,'SummitAttendeeBadge','2024-06-21 04:40:07','2024-06-21 04:40:07',0,NULL,49,16),(50,'SummitAttendeeBadge','2024-06-21 04:40:07','2024-06-21 04:40:07',0,NULL,50,16),(51,'SummitAttendeeBadge','2024-06-21 11:13:57','2024-06-21 11:13:57',0,NULL,51,19),(52,'SummitAttendeeBadge','2024-06-21 11:13:57','2024-06-21 11:13:57',0,NULL,52,19),(53,'SummitAttendeeBadge','2024-06-21 11:13:57','2024-06-21 11:13:57',0,NULL,53,19),(54,'SummitAttendeeBadge','2024-06-21 11:13:57','2024-06-21 11:13:57',0,NULL,54,19),(55,'SummitAttendeeBadge','2024-06-21 11:13:57','2024-06-21 11:13:57',0,NULL,55,19),(56,'SummitAttendeeBadge','2024-06-21 11:13:57','2024-06-21 11:13:57',0,NULL,56,19),(57,'SummitAttendeeBadge','2024-06-21 11:13:57','2024-06-21 11:13:57',0,NULL,57,19),(58,'SummitAttendeeBadge','2024-06-21 11:13:57','2024-06-21 11:13:57',0,NULL,58,19),(59,'SummitAttendeeBadge','2024-06-21 11:13:57','2024-06-21 11:13:57',0,NULL,59,19),(60,'SummitAttendeeBadge','2024-06-21 11:13:57','2024-06-21 11:13:57',0,NULL,60,19),(61,'SummitAttendeeBadge','2024-06-21 11:15:04','2024-06-21 11:15:04',0,NULL,61,22),(62,'SummitAttendeeBadge','2024-06-21 11:15:04','2024-06-21 11:15:04',0,NULL,62,22),(63,'SummitAttendeeBadge','2024-06-21 11:15:04','2024-06-21 11:15:04',0,NULL,63,22),(64,'SummitAttendeeBadge','2024-06-21 11:15:04','2024-06-21 11:15:04',0,NULL,64,22),(65,'SummitAttendeeBadge','2024-06-21 11:15:04','2024-06-21 11:15:04',0,NULL,65,22),(66,'SummitAttendeeBadge','2024-06-21 11:15:04','2024-06-21 11:15:04',0,NULL,66,22),(67,'SummitAttendeeBadge','2024-06-21 11:15:04','2024-06-21 11:15:04',0,NULL,67,22),(68,'SummitAttendeeBadge','2024-06-21 11:15:04','2024-06-21 11:15:04',0,NULL,68,22),(69,'SummitAttendeeBadge','2024-06-21 11:15:04','2024-06-21 11:15:04',0,NULL,69,22),(70,'SummitAttendeeBadge','2024-06-21 11:15:04','2024-06-21 11:15:04',0,NULL,70,22),(71,'SummitAttendeeBadge','2024-06-21 11:15:18','2024-06-21 11:15:18',0,NULL,71,25),(72,'SummitAttendeeBadge','2024-06-21 11:15:18','2024-06-21 11:15:18',0,NULL,72,25),(73,'SummitAttendeeBadge','2024-06-21 11:15:18','2024-06-21 11:15:18',0,NULL,73,25),(74,'SummitAttendeeBadge','2024-06-21 11:15:18','2024-06-21 11:15:18',0,NULL,74,25),(75,'SummitAttendeeBadge','2024-06-21 11:15:18','2024-06-21 11:15:18',0,NULL,75,25),(76,'SummitAttendeeBadge','2024-06-21 11:15:18','2024-06-21 11:15:18',0,NULL,76,25),(77,'SummitAttendeeBadge','2024-06-21 11:15:18','2024-06-21 11:15:18',0,NULL,77,25),(78,'SummitAttendeeBadge','2024-06-21 11:15:18','2024-06-21 11:15:18',0,NULL,78,25),(79,'SummitAttendeeBadge','2024-06-21 11:15:18','2024-06-21 11:15:18',0,NULL,79,25),(80,'SummitAttendeeBadge','2024-06-21 11:15:18','2024-06-21 11:15:18',0,NULL,80,25),(81,'SummitAttendeeBadge','2024-06-21 11:17:04','2024-06-21 11:17:04',0,NULL,81,28),(82,'SummitAttendeeBadge','2024-06-21 11:17:04','2024-06-21 11:17:04',0,NULL,82,28),(83,'SummitAttendeeBadge','2024-06-21 11:17:04','2024-06-21 11:17:04',0,NULL,83,28),(84,'SummitAttendeeBadge','2024-06-21 11:17:04','2024-06-21 11:17:04',0,NULL,84,28),(85,'SummitAttendeeBadge','2024-06-21 11:17:04','2024-06-21 11:17:04',0,NULL,85,28),(86,'SummitAttendeeBadge','2024-06-21 11:17:04','2024-06-21 11:17:04',0,NULL,86,28),(87,'SummitAttendeeBadge','2024-06-21 11:17:04','2024-06-21 11:17:04',0,NULL,87,28),(88,'SummitAttendeeBadge','2024-06-21 11:17:04','2024-06-21 11:17:04',0,NULL,88,28),(89,'SummitAttendeeBadge','2024-06-21 11:17:04','2024-06-21 11:17:04',0,NULL,89,28),(90,'SummitAttendeeBadge','2024-06-21 11:17:04','2024-06-21 11:17:04',0,NULL,90,28),(91,'SummitAttendeeBadge','2024-06-21 11:18:33','2024-06-21 11:18:33',0,NULL,91,31),(92,'SummitAttendeeBadge','2024-06-21 11:18:33','2024-06-21 11:18:33',0,NULL,92,31),(93,'SummitAttendeeBadge','2024-06-21 11:18:33','2024-06-21 11:18:33',0,NULL,93,31),(94,'SummitAttendeeBadge','2024-06-21 11:18:33','2024-06-21 11:18:33',0,NULL,94,31),(95,'SummitAttendeeBadge','2024-06-21 11:18:33','2024-06-21 11:18:33',0,NULL,95,31),(96,'SummitAttendeeBadge','2024-06-21 11:18:33','2024-06-21 11:18:33',0,NULL,96,31),(97,'SummitAttendeeBadge','2024-06-21 11:18:33','2024-06-21 11:18:33',0,NULL,97,31),(98,'SummitAttendeeBadge','2024-06-21 11:18:33','2024-06-21 11:18:33',0,NULL,98,31),(99,'SummitAttendeeBadge','2024-06-21 11:18:33','2024-06-21 11:18:33',0,NULL,99,31),(100,'SummitAttendeeBadge','2024-06-21 11:18:33','2024-06-21 11:18:33',0,NULL,100,31),(101,'SummitAttendeeBadge','2024-06-21 11:33:08','2024-06-21 11:33:08',0,NULL,101,34),(102,'SummitAttendeeBadge','2024-06-21 11:33:08','2024-06-21 11:33:08',0,NULL,102,34),(103,'SummitAttendeeBadge','2024-06-21 11:33:08','2024-06-21 11:33:08',0,NULL,103,34),(104,'SummitAttendeeBadge','2024-06-21 11:33:08','2024-06-21 11:33:08',0,NULL,104,34),(105,'SummitAttendeeBadge','2024-06-21 11:33:08','2024-06-21 11:33:08',0,NULL,105,34),(106,'SummitAttendeeBadge','2024-06-21 11:33:08','2024-06-21 11:33:08',0,NULL,106,34),(107,'SummitAttendeeBadge','2024-06-21 11:33:08','2024-06-21 11:33:08',0,NULL,107,34),(108,'SummitAttendeeBadge','2024-06-21 11:33:08','2024-06-21 11:33:08',0,NULL,108,34),(109,'SummitAttendeeBadge','2024-06-21 11:33:08','2024-06-21 11:33:08',0,NULL,109,34),(110,'SummitAttendeeBadge','2024-06-21 11:33:08','2024-06-21 11:33:08',0,NULL,110,34),(111,'SummitAttendeeBadge','2024-06-21 11:34:10','2024-06-21 11:34:10',0,NULL,111,37),(112,'SummitAttendeeBadge','2024-06-21 11:34:10','2024-06-21 11:34:10',0,NULL,112,37),(113,'SummitAttendeeBadge','2024-06-21 11:34:10','2024-06-21 11:34:10',0,NULL,113,37),(114,'SummitAttendeeBadge','2024-06-21 11:34:10','2024-06-21 11:34:10',0,NULL,114,37),(115,'SummitAttendeeBadge','2024-06-21 11:34:10','2024-06-21 11:34:10',0,NULL,115,37),(116,'SummitAttendeeBadge','2024-06-21 11:34:10','2024-06-21 11:34:10',0,NULL,116,37),(117,'SummitAttendeeBadge','2024-06-21 11:34:10','2024-06-21 11:34:10',0,NULL,117,37),(118,'SummitAttendeeBadge','2024-06-21 11:34:10','2024-06-21 11:34:10',0,NULL,118,37),(119,'SummitAttendeeBadge','2024-06-21 11:34:10','2024-06-21 11:34:10',0,NULL,119,37),(120,'SummitAttendeeBadge','2024-06-21 11:34:10','2024-06-21 11:34:10',0,NULL,120,37);
/*!40000 ALTER TABLE `SummitAttendeeBadge` ENABLE KEYS */;
UNLOCK TABLES;

--
-- Table structure for table `SummitAttendeeBadgeAuditLog`
--

DROP TABLE IF EXISTS `SummitAttendeeBadgeAuditLog`;
/*!40101 SET @saved_cs_client     = @@character_set_client */;
/*!50503 SET character_set_client = utf8mb4 */;
CREATE TABLE `SummitAttendeeBadgeAuditLog` (
  `ID` int NOT NULL,
  `SummitAttendeeBadgeID` int NOT NULL,
  PRIMARY KEY (`ID`),
  KEY `SummitAttendeeBadgeID` (`SummitAttendeeBadgeID`),
  CONSTRAINT `FK_SummitAttendeeBadgeAuditLog_AuditLog` FOREIGN KEY (`ID`) REFERENCES `AuditLog` (`ID`) ON DELETE CASCADE
) ENGINE=InnoDB DEFAULT CHARSET=utf8mb3 COLLATE=utf8mb3_unicode_ci;
/*!40101 SET character_set_client = @saved_cs_client */;

--
-- Dumping data for table `SummitAttendeeBadgeAuditLog`
--

LOCK TABLES `SummitAttendeeBadgeAuditLog` WRITE;
/*!40000 ALTER TABLE `SummitAttendeeBadgeAuditLog` DISABLE KEYS */;
/*!40000 ALTER TABLE `SummitAttendeeBadgeAuditLog` ENABLE KEYS */;
UNLOCK TABLES;

--
-- Table structure for table `SummitAttendeeBadgePrint`
--

DROP TABLE IF EXISTS `SummitAttendeeBadgePrint`;
/*!40101 SET @saved_cs_client     = @@character_set_client */;
/*!50503 SET character_set_client = utf8mb4 */;
CREATE TABLE `SummitAttendeeBadgePrint` (
  `ID` int NOT NULL AUTO_INCREMENT,
  `Created` datetime DEFAULT NULL,
  `LastEdited` datetime DEFAULT NULL,
  `PrintDate` datetime DEFAULT NULL,
  `BadgeID` int DEFAULT NULL,
  `RequestorID` int DEFAULT NULL,
  `ClassName` enum('SummitAttendeeBadgePrint') CHARACTER SET utf8mb3 COLLATE utf8mb3_general_ci DEFAULT 'SummitAttendeeBadgePrint',
  `SummitBadgeViewTypeID` int DEFAULT NULL,
  PRIMARY KEY (`ID`),
  KEY `BadgeID` (`BadgeID`),
  KEY `ClassName` (`ClassName`),
  KEY `RequestorID` (`RequestorID`),
  KEY `SummitBadgeViewTypeID` (`SummitBadgeViewTypeID`),
  CONSTRAINT `FK_A3FFCDAE43A322D3` FOREIGN KEY (`RequestorID`) REFERENCES `Member` (`ID`) ON DELETE CASCADE,
  CONSTRAINT `FK_A3FFCDAE590501E8` FOREIGN KEY (`BadgeID`) REFERENCES `SummitAttendeeBadge` (`ID`) ON DELETE CASCADE,
  CONSTRAINT `FK_SummitAttendeeBadgePrint_SummitBadgeViewType` FOREIGN KEY (`SummitBadgeViewTypeID`) REFERENCES `SummitBadgeViewType` (`ID`) ON DELETE SET NULL
) ENGINE=InnoDB DEFAULT CHARSET=utf8mb3 COLLATE=utf8mb3_unicode_ci;
/*!40101 SET character_set_client = @saved_cs_client */;

--
-- Dumping data for table `SummitAttendeeBadgePrint`
--

LOCK TABLES `SummitAttendeeBadgePrint` WRITE;
/*!40000 ALTER TABLE `SummitAttendeeBadgePrint` DISABLE KEYS */;
/*!40000 ALTER TABLE `SummitAttendeeBadgePrint` ENABLE KEYS */;
UNLOCK TABLES;

--
-- Table structure for table `SummitAttendeeBadgePrintBackUp`
--

DROP TABLE IF EXISTS `SummitAttendeeBadgePrintBackUp`;
/*!40101 SET @saved_cs_client     = @@character_set_client */;
/*!50503 SET character_set_client = utf8mb4 */;
CREATE TABLE `SummitAttendeeBadgePrintBackUp` (
  `ID` int NOT NULL AUTO_INCREMENT,
  `Created` datetime NOT NULL,
  `LastEdited` datetime NOT NULL,
  `PrintDate` datetime DEFAULT NULL,
  `BadgeID` int DEFAULT NULL,
  `RequestorID` int DEFAULT NULL,
  `ClassName` varchar(255) COLLATE utf8mb3_unicode_ci NOT NULL DEFAULT 'SummitAttendeeBadgePrint',
  `SummitBadgeViewTypeID` int DEFAULT NULL,
  PRIMARY KEY (`ID`)
) ENGINE=InnoDB DEFAULT CHARSET=utf8mb3 COLLATE=utf8mb3_unicode_ci;
/*!40101 SET character_set_client = @saved_cs_client */;

--
-- Dumping data for table `SummitAttendeeBadgePrintBackUp`
--

LOCK TABLES `SummitAttendeeBadgePrintBackUp` WRITE;
/*!40000 ALTER TABLE `SummitAttendeeBadgePrintBackUp` DISABLE KEYS */;
/*!40000 ALTER TABLE `SummitAttendeeBadgePrintBackUp` ENABLE KEYS */;
UNLOCK TABLES;

--
-- Table structure for table `SummitAttendeeBadgePrintRule`
--

DROP TABLE IF EXISTS `SummitAttendeeBadgePrintRule`;
/*!40101 SET @saved_cs_client     = @@character_set_client */;
/*!50503 SET character_set_client = utf8mb4 */;
CREATE TABLE `SummitAttendeeBadgePrintRule` (
  `ID` int NOT NULL AUTO_INCREMENT,
  `Created` datetime DEFAULT NULL,
  `LastEdited` datetime DEFAULT NULL,
  `MaxPrintTimes` int NOT NULL DEFAULT '0',
  `GroupID` int DEFAULT NULL,
  `ClassName` enum('SummitAttendeeBadgePrintRule') CHARACTER SET utf8mb3 COLLATE utf8mb3_general_ci DEFAULT 'SummitAttendeeBadgePrintRule',
  PRIMARY KEY (`ID`),
  KEY `ClassName` (`ClassName`),
  KEY `GroupID` (`GroupID`),
  CONSTRAINT `FK_ED267F7195291E4` FOREIGN KEY (`GroupID`) REFERENCES `Group` (`ID`) ON DELETE CASCADE
) ENGINE=InnoDB DEFAULT CHARSET=utf8mb3 COLLATE=utf8mb3_unicode_ci;
/*!40101 SET character_set_client = @saved_cs_client */;

--
-- Dumping data for table `SummitAttendeeBadgePrintRule`
--

LOCK TABLES `SummitAttendeeBadgePrintRule` WRITE;
/*!40000 ALTER TABLE `SummitAttendeeBadgePrintRule` DISABLE KEYS */;
/*!40000 ALTER TABLE `SummitAttendeeBadgePrintRule` ENABLE KEYS */;
UNLOCK TABLES;

--
-- Table structure for table `SummitAttendeeBadge_Features`
--

DROP TABLE IF EXISTS `SummitAttendeeBadge_Features`;
/*!40101 SET @saved_cs_client     = @@character_set_client */;
/*!50503 SET character_set_client = utf8mb4 */;
CREATE TABLE `SummitAttendeeBadge_Features` (
  `ID` int NOT NULL AUTO_INCREMENT,
  `SummitAttendeeBadgeID` int NOT NULL DEFAULT '0',
  `SummitBadgeFeatureTypeID` int NOT NULL DEFAULT '0',
  PRIMARY KEY (`ID`),
  UNIQUE KEY `SummitAttendeeBadge_Features_Unique` (`SummitAttendeeBadgeID`,`SummitBadgeFeatureTypeID`),
  KEY `SummitAttendeeBadgeID` (`SummitAttendeeBadgeID`),
  KEY `SummitBadgeFeatureTypeID` (`SummitBadgeFeatureTypeID`)
) ENGINE=InnoDB DEFAULT CHARSET=latin1;
/*!40101 SET character_set_client = @saved_cs_client */;

--
-- Dumping data for table `SummitAttendeeBadge_Features`
--

LOCK TABLES `SummitAttendeeBadge_Features` WRITE;
/*!40000 ALTER TABLE `SummitAttendeeBadge_Features` DISABLE KEYS */;
/*!40000 ALTER TABLE `SummitAttendeeBadge_Features` ENABLE KEYS */;
UNLOCK TABLES;

--
-- Table structure for table `SummitAttendeeNote`
--

DROP TABLE IF EXISTS `SummitAttendeeNote`;
/*!40101 SET @saved_cs_client     = @@character_set_client */;
/*!50503 SET character_set_client = utf8mb4 */;
CREATE TABLE `SummitAttendeeNote` (
  `ID` int NOT NULL AUTO_INCREMENT,
  `ClassName` varchar(255) COLLATE utf8mb3_unicode_ci NOT NULL DEFAULT 'SummitAttendeeNote',
  `Created` datetime NOT NULL,
  `LastEdited` datetime NOT NULL,
  `Content` longtext COLLATE utf8mb3_unicode_ci,
  `AuthorID` int DEFAULT NULL,
  `OwnerID` int NOT NULL,
  `TicketID` int DEFAULT NULL,
  PRIMARY KEY (`ID`),
  KEY `AuthorID` (`AuthorID`),
  KEY `ClassName` (`ClassName`),
  KEY `OwnerID` (`OwnerID`),
  KEY `SummitAttendeeNote_IDX_AUTHOR_OWNER_TICKET_ID` (`AuthorID`,`OwnerID`,`TicketID`),
  KEY `TicketID` (`TicketID`),
  CONSTRAINT `FK_AE878F98148DE471` FOREIGN KEY (`OwnerID`) REFERENCES `SummitAttendee` (`ID`) ON DELETE CASCADE,
  CONSTRAINT `FK_AE878F98638EBB63` FOREIGN KEY (`AuthorID`) REFERENCES `Member` (`ID`) ON DELETE CASCADE,
  CONSTRAINT `FK_AE878F98C5E8A6B3` FOREIGN KEY (`TicketID`) REFERENCES `SummitAttendeeTicket` (`ID`) ON DELETE CASCADE
) ENGINE=InnoDB DEFAULT CHARSET=utf8mb3 COLLATE=utf8mb3_unicode_ci;
/*!40101 SET character_set_client = @saved_cs_client */;

--
-- Dumping data for table `SummitAttendeeNote`
--

LOCK TABLES `SummitAttendeeNote` WRITE;
/*!40000 ALTER TABLE `SummitAttendeeNote` DISABLE KEYS */;
/*!40000 ALTER TABLE `SummitAttendeeNote` ENABLE KEYS */;
UNLOCK TABLES;

--
-- Table structure for table `SummitAttendeeTicket`
--

DROP TABLE IF EXISTS `SummitAttendeeTicket`;
/*!40101 SET @saved_cs_client     = @@character_set_client */;
/*!50503 SET character_set_client = utf8mb4 */;
CREATE TABLE `SummitAttendeeTicket` (
  `ID` int NOT NULL AUTO_INCREMENT,
  `ClassName` enum('SummitAttendeeTicket') CHARACTER SET utf8mb3 COLLATE utf8mb3_general_ci DEFAULT 'SummitAttendeeTicket',
  `LastEdited` datetime DEFAULT NULL ON UPDATE CURRENT_TIMESTAMP,
  `Created` datetime DEFAULT NULL,
  `ExternalOrderId` varchar(255) CHARACTER SET utf8mb3 COLLATE utf8mb3_general_ci DEFAULT NULL,
  `ExternalAttendeeId` varchar(255) CHARACTER SET utf8mb3 COLLATE utf8mb3_general_ci DEFAULT NULL,
  `TicketBoughtDate` datetime DEFAULT NULL,
  `TicketChangedDate` datetime DEFAULT NULL,
  `TicketTypeID` int DEFAULT NULL,
  `OwnerID` int DEFAULT NULL,
  `Status` enum('Reserved','Cancelled','RefundRequested','Refunded','Confirmed','Paid') CHARACTER SET utf8mb3 COLLATE utf8mb3_general_ci DEFAULT 'Reserved',
  `Number` varchar(255) CHARACTER SET utf8mb3 COLLATE utf8mb3_general_ci DEFAULT NULL,
  `RawCost` decimal(19,4) NOT NULL DEFAULT '0.0000',
  `Discount` decimal(19,4) NOT NULL DEFAULT '0.0000',
  `RefundedAmount` decimal(19,4) NOT NULL DEFAULT '0.0000',
  `Currency` varchar(3) CHARACTER SET utf8mb3 COLLATE utf8mb3_general_ci DEFAULT NULL,
  `QRCode` varchar(255) CHARACTER SET utf8mb3 COLLATE utf8mb3_general_ci DEFAULT NULL,
  `Hash` varchar(255) CHARACTER SET utf8mb3 COLLATE utf8mb3_general_ci DEFAULT NULL,
  `HashCreationDate` datetime DEFAULT NULL,
  `SummitAttendeeBadgeID` int DEFAULT NULL,
  `OrderID` int DEFAULT NULL,
  `PromoCodeID` int DEFAULT NULL,
  `IsActive` tinyint(1) NOT NULL DEFAULT '1',
  PRIMARY KEY (`ID`),
  KEY `ClassName` (`ClassName`),
  KEY `OrderID` (`OrderID`),
  KEY `Order_Attendee` (`ExternalOrderId`,`ExternalAttendeeId`),
  KEY `OwnerID` (`OwnerID`),
  KEY `PromoCodeID` (`PromoCodeID`),
  KEY `SummitAttendeeBadgeID` (`SummitAttendeeBadgeID`),
  KEY `TicketTypeID` (`TicketTypeID`),
  CONSTRAINT `FK_SummitAttendeeTicket_Badge` FOREIGN KEY (`SummitAttendeeBadgeID`) REFERENCES `SummitAttendeeBadge` (`ID`) ON DELETE CASCADE,
  CONSTRAINT `FK_SummitAttendeeTicket_ORDER` FOREIGN KEY (`OrderID`) REFERENCES `SummitOrder` (`ID`) ON DELETE CASCADE,
  CONSTRAINT `FK_SummitAttendeeTicket_Owner` FOREIGN KEY (`OwnerID`) REFERENCES `SummitAttendee` (`ID`) ON DELETE SET NULL,
  CONSTRAINT `FK_SummitAttendeeTicket_PromoCode` FOREIGN KEY (`PromoCodeID`) REFERENCES `SummitRegistrationPromoCode` (`ID`) ON DELETE SET NULL,
  CONSTRAINT `FK_SummitAttendeeTicket_Type` FOREIGN KEY (`TicketTypeID`) REFERENCES `SummitTicketType` (`ID`) ON DELETE CASCADE
) ENGINE=InnoDB AUTO_INCREMENT=121 DEFAULT CHARSET=latin1;
/*!40101 SET character_set_client = @saved_cs_client */;

--
-- Dumping data for table `SummitAttendeeTicket`
--

LOCK TABLES `SummitAttendeeTicket` WRITE;
/*!40000 ALTER TABLE `SummitAttendeeTicket` DISABLE KEYS */;
INSERT INTO `SummitAttendeeTicket` VALUES (111,'SummitAttendeeTicket','2024-06-21 11:34:10','2024-06-21 11:34:10',NULL,NULL,'2024-06-21 16:34:10',NULL,166,NULL,'Paid','TICKET_TEST-SUMMIT_6675AB82EBE6B085101921',100.0000,0.0000,0.0000,'USD','TICKET_TEST-SUMMIT|TICKET_TEST-SUMMIT_6675AB82EBE6B085101921','519074bc79202343c9c0e04158e07d902d4f47ebf14a764fad988e64632ff062','2024-06-21 16:34:10',NULL,111,NULL,1),(112,'SummitAttendeeTicket','2024-06-21 11:34:10','2024-06-21 11:34:10',NULL,NULL,'2024-06-21 16:34:10',NULL,166,NULL,'Paid','TICKET_TEST-SUMMIT_6675AB82EC42D959816857',100.0000,0.0000,0.0000,'USD','TICKET_TEST-SUMMIT|TICKET_TEST-SUMMIT_6675AB82EC42D959816857','5acec411411e2551a5ae2c3e5544084966bacc395fbe2df35adf4211329e0927','2024-06-21 16:34:10',NULL,112,NULL,1),(113,'SummitAttendeeTicket','2024-06-21 11:34:10','2024-06-21 11:34:10',NULL,NULL,'2024-06-21 16:34:10',NULL,166,NULL,'Paid','TICKET_TEST-SUMMIT_6675AB82EC861198312749',100.0000,0.0000,0.0000,'USD','TICKET_TEST-SUMMIT|TICKET_TEST-SUMMIT_6675AB82EC861198312749','67df5686fcfa2986689b6e74097b6057763a6210950d259e8125287b9a39ae5a','2024-06-21 16:34:10',NULL,113,NULL,1),(114,'SummitAttendeeTicket','2024-06-21 11:34:10','2024-06-21 11:34:10',NULL,NULL,'2024-06-21 16:34:10',NULL,166,NULL,'Paid','TICKET_TEST-SUMMIT_6675AB82ECB38692692763',100.0000,0.0000,0.0000,'USD','TICKET_TEST-SUMMIT|TICKET_TEST-SUMMIT_6675AB82ECB38692692763','3014413220a7a05a5a9a200ee39f9542551dd01ebcbfb6b6c5a3a5489698928e','2024-06-21 16:34:10',NULL,114,NULL,1),(115,'SummitAttendeeTicket','2024-06-21 11:34:10','2024-06-21 11:34:10',NULL,NULL,'2024-06-21 16:34:10',NULL,166,NULL,'Paid','TICKET_TEST-SUMMIT_6675AB82ECDE4610626703',100.0000,0.0000,0.0000,'USD','TICKET_TEST-SUMMIT|TICKET_TEST-SUMMIT_6675AB82ECDE4610626703','5a72286de65eea331f4d23620bfa8420ccce0cc2525e6663602f9a9dbb9f505d','2024-06-21 16:34:10',NULL,115,NULL,1),(116,'SummitAttendeeTicket','2024-06-21 11:34:10','2024-06-21 11:34:10',NULL,NULL,'2024-06-21 16:34:10',NULL,166,NULL,'Paid','TICKET_TEST-SUMMIT_6675AB82ED091938573139',100.0000,0.0000,0.0000,'USD','TICKET_TEST-SUMMIT|TICKET_TEST-SUMMIT_6675AB82ED091938573139','0bd73917426a60688f29c538140d0186b56e66a8470c14660af5ec3463a4f57f','2024-06-21 16:34:10',NULL,116,NULL,1),(117,'SummitAttendeeTicket','2024-06-21 11:34:10','2024-06-21 11:34:10',NULL,NULL,'2024-06-21 16:34:10',NULL,166,NULL,'Paid','TICKET_TEST-SUMMIT_6675AB82ED37E186927154',100.0000,0.0000,0.0000,'USD','TICKET_TEST-SUMMIT|TICKET_TEST-SUMMIT_6675AB82ED37E186927154','aab47937024534254598faf9741b865ff974596df33df20d99aed443e6c698de','2024-06-21 16:34:10',NULL,117,NULL,1),(118,'SummitAttendeeTicket','2024-06-21 11:34:10','2024-06-21 11:34:10',NULL,NULL,'2024-06-21 16:34:10',NULL,166,NULL,'Paid','TICKET_TEST-SUMMIT_6675AB82ED70B549977567',100.0000,0.0000,0.0000,'USD','TICKET_TEST-SUMMIT|TICKET_TEST-SUMMIT_6675AB82ED70B549977567','61dd6e88c6db7f73badbe2510a6c6aff9e087ba861cd9497a7f65a2044859ed5','2024-06-21 16:34:10',NULL,118,NULL,1),(119,'SummitAttendeeTicket','2024-06-21 11:34:10','2024-06-21 11:34:10',NULL,NULL,'2024-06-21 16:34:10',NULL,166,NULL,'Paid','TICKET_TEST-SUMMIT_6675AB82EDA1D267430899',100.0000,0.0000,0.0000,'USD','TICKET_TEST-SUMMIT|TICKET_TEST-SUMMIT_6675AB82EDA1D267430899','ccb31f68822edf47c1ecd55e728969dfaf6f95b2ad927d6f9f625981e6d8a6f8','2024-06-21 16:34:10',NULL,119,NULL,1),(120,'SummitAttendeeTicket','2024-06-21 11:34:10','2024-06-21 11:34:10',NULL,NULL,'2024-06-21 16:34:10',NULL,166,NULL,'Paid','TICKET_TEST-SUMMIT_6675AB82EDCEA132125498',100.0000,0.0000,0.0000,'USD','TICKET_TEST-SUMMIT|TICKET_TEST-SUMMIT_6675AB82EDCEA132125498','3f1db49e8865428994552a68d9208cec498311a31e1a35f9d821dcdb5c027020','2024-06-21 16:34:10',NULL,120,NULL,1);
/*!40000 ALTER TABLE `SummitAttendeeTicket` ENABLE KEYS */;
UNLOCK TABLES;

--
-- Table structure for table `SummitAttendeeTicketFormerHash`
--

DROP TABLE IF EXISTS `SummitAttendeeTicketFormerHash`;
/*!40101 SET @saved_cs_client     = @@character_set_client */;
/*!50503 SET character_set_client = utf8mb4 */;
CREATE TABLE `SummitAttendeeTicketFormerHash` (
  `ID` int NOT NULL AUTO_INCREMENT,
  `Created` datetime NOT NULL,
  `LastEdited` datetime NOT NULL,
  `Hash` varchar(255) COLLATE utf8mb3_unicode_ci DEFAULT NULL,
  `SummitAttendeeTicketID` int DEFAULT NULL,
  PRIMARY KEY (`ID`),
  UNIQUE KEY `Hash` (`Hash`),
  KEY `SummitAttendeeTicketID` (`SummitAttendeeTicketID`),
  CONSTRAINT `FK_75D2F561D637E86A` FOREIGN KEY (`SummitAttendeeTicketID`) REFERENCES `SummitAttendeeTicket` (`ID`) ON DELETE CASCADE
) ENGINE=InnoDB DEFAULT CHARSET=utf8mb3 COLLATE=utf8mb3_unicode_ci;
/*!40101 SET character_set_client = @saved_cs_client */;

--
-- Dumping data for table `SummitAttendeeTicketFormerHash`
--

LOCK TABLES `SummitAttendeeTicketFormerHash` WRITE;
/*!40000 ALTER TABLE `SummitAttendeeTicketFormerHash` DISABLE KEYS */;
/*!40000 ALTER TABLE `SummitAttendeeTicketFormerHash` ENABLE KEYS */;
UNLOCK TABLES;

--
-- Table structure for table `SummitAttendeeTicketRefundRequest`
--

DROP TABLE IF EXISTS `SummitAttendeeTicketRefundRequest`;
/*!40101 SET @saved_cs_client     = @@character_set_client */;
/*!50503 SET character_set_client = utf8mb4 */;
CREATE TABLE `SummitAttendeeTicketRefundRequest` (
  `ID` int NOT NULL,
  `TicketID` int DEFAULT NULL,
  PRIMARY KEY (`ID`),
  KEY `TicketID` (`TicketID`),
  CONSTRAINT `FK_A6F6E11611D3633A` FOREIGN KEY (`ID`) REFERENCES `SummitRefundRequest` (`ID`) ON DELETE CASCADE,
  CONSTRAINT `FK_SummitAttendeeTicketRefundRequest_SummitRefundRequest` FOREIGN KEY (`TicketID`) REFERENCES `SummitAttendeeTicket` (`ID`) ON DELETE CASCADE
) ENGINE=InnoDB DEFAULT CHARSET=utf8mb3 COLLATE=utf8mb3_unicode_ci;
/*!40101 SET character_set_client = @saved_cs_client */;

--
-- Dumping data for table `SummitAttendeeTicketRefundRequest`
--

LOCK TABLES `SummitAttendeeTicketRefundRequest` WRITE;
/*!40000 ALTER TABLE `SummitAttendeeTicketRefundRequest` DISABLE KEYS */;
/*!40000 ALTER TABLE `SummitAttendeeTicketRefundRequest` ENABLE KEYS */;
UNLOCK TABLES;

--
-- Table structure for table `SummitAttendeeTicket_Taxes`
--

DROP TABLE IF EXISTS `SummitAttendeeTicket_Taxes`;
/*!40101 SET @saved_cs_client     = @@character_set_client */;
/*!50503 SET character_set_client = utf8mb4 */;
CREATE TABLE `SummitAttendeeTicket_Taxes` (
  `ID` int NOT NULL AUTO_INCREMENT,
  `SummitAttendeeTicketID` int NOT NULL DEFAULT '0',
  `SummitTaxTypeID` int NOT NULL DEFAULT '0',
  `Amount` decimal(32,10) NOT NULL DEFAULT '0.0000000000',
  `Rate` decimal(9,2) NOT NULL DEFAULT '0.00',
  PRIMARY KEY (`ID`),
  KEY `SummitAttendeeTicketID` (`SummitAttendeeTicketID`),
  KEY `SummitTaxTypeID` (`SummitTaxTypeID`),
  CONSTRAINT `FK_SummitAttendeeTicket_Taxes_TAx` FOREIGN KEY (`SummitTaxTypeID`) REFERENCES `SummitTaxType` (`ID`) ON DELETE CASCADE,
  CONSTRAINT `FK_SummitAttendeeTicket_Taxes_Ticket` FOREIGN KEY (`SummitAttendeeTicketID`) REFERENCES `SummitAttendeeTicket` (`ID`) ON DELETE CASCADE
) ENGINE=InnoDB AUTO_INCREMENT=241 DEFAULT CHARSET=latin1;
/*!40101 SET character_set_client = @saved_cs_client */;

--
-- Dumping data for table `SummitAttendeeTicket_Taxes`
--

LOCK TABLES `SummitAttendeeTicket_Taxes` WRITE;
/*!40000 ALTER TABLE `SummitAttendeeTicket_Taxes` DISABLE KEYS */;
INSERT INTO `SummitAttendeeTicket_Taxes` VALUES (221,111,23,10.5000000000,10.50),(222,111,24,1.5000000000,1.50),(223,112,23,10.5000000000,10.50),(224,112,24,1.5000000000,1.50),(225,113,23,10.5000000000,10.50),(226,113,24,1.5000000000,1.50),(227,114,23,10.5000000000,10.50),(228,114,24,1.5000000000,1.50),(229,115,23,10.5000000000,10.50),(230,115,24,1.5000000000,1.50),(231,116,23,10.5000000000,10.50),(232,116,24,1.5000000000,1.50),(233,117,23,10.5000000000,10.50),(234,117,24,1.5000000000,1.50),(235,118,23,10.5000000000,10.50),(236,118,24,1.5000000000,1.50),(237,119,23,10.5000000000,10.50),(238,119,24,1.5000000000,1.50),(239,120,23,10.5000000000,10.50),(240,120,24,1.5000000000,1.50);
/*!40000 ALTER TABLE `SummitAttendeeTicket_Taxes` ENABLE KEYS */;
UNLOCK TABLES;

--
-- Table structure for table `SummitAttendee_Tags`
--

DROP TABLE IF EXISTS `SummitAttendee_Tags`;
/*!40101 SET @saved_cs_client     = @@character_set_client */;
/*!50503 SET character_set_client = utf8mb4 */;
CREATE TABLE `SummitAttendee_Tags` (
  `ID` bigint NOT NULL AUTO_INCREMENT,
  `Created` datetime NOT NULL DEFAULT CURRENT_TIMESTAMP,
  `LastEdited` datetime NOT NULL DEFAULT CURRENT_TIMESTAMP,
  `SummitAttendeeID` int DEFAULT NULL,
  `TagID` int DEFAULT NULL,
  PRIMARY KEY (`ID`),
  UNIQUE KEY `UNIQ_B7059179D008A3A995B9A210` (`SummitAttendeeID`,`TagID`),
  KEY `SummitAttendeeID` (`SummitAttendeeID`),
  KEY `TagID` (`TagID`),
  CONSTRAINT `FK_SummitAttendee_Tags_Attendee` FOREIGN KEY (`SummitAttendeeID`) REFERENCES `SummitAttendee` (`ID`) ON DELETE CASCADE,
  CONSTRAINT `FK_SummitAttendee_Tags_Tag` FOREIGN KEY (`TagID`) REFERENCES `Tag` (`ID`) ON DELETE CASCADE
) ENGINE=InnoDB DEFAULT CHARSET=utf8mb3 COLLATE=utf8mb3_unicode_ci;
/*!40101 SET character_set_client = @saved_cs_client */;

--
-- Dumping data for table `SummitAttendee_Tags`
--

LOCK TABLES `SummitAttendee_Tags` WRITE;
/*!40000 ALTER TABLE `SummitAttendee_Tags` DISABLE KEYS */;
/*!40000 ALTER TABLE `SummitAttendee_Tags` ENABLE KEYS */;
UNLOCK TABLES;

--
-- Table structure for table `SummitAuditLog`
--

DROP TABLE IF EXISTS `SummitAuditLog`;
/*!40101 SET @saved_cs_client     = @@character_set_client */;
/*!50503 SET character_set_client = utf8mb4 */;
CREATE TABLE `SummitAuditLog` (
  `ID` int NOT NULL AUTO_INCREMENT,
  `SummitID` int NOT NULL,
  PRIMARY KEY (`ID`),
  KEY `SummitID` (`SummitID`),
  CONSTRAINT `FK_SummitAuditLog_AuditLog` FOREIGN KEY (`ID`) REFERENCES `AuditLog` (`ID`) ON DELETE CASCADE
) ENGINE=InnoDB AUTO_INCREMENT=1441 DEFAULT CHARSET=utf8mb3 COLLATE=utf8mb3_unicode_ci;
/*!40101 SET character_set_client = @saved_cs_client */;

--
-- Dumping data for table `SummitAuditLog`
--

LOCK TABLES `SummitAuditLog` WRITE;
/*!40000 ALTER TABLE `SummitAuditLog` DISABLE KEYS */;
INSERT INTO `SummitAuditLog` VALUES (1,3),(2,3),(3,3),(4,3),(5,3),(6,3),(7,3),(8,3),(9,3),(10,3),(11,3),(12,3),(13,3),(14,3),(15,3),(16,3),(17,3),(18,3),(19,3),(20,3),(21,3),(22,3),(23,3),(24,3),(25,3),(26,3),(27,3),(28,3),(29,3),(30,3),(31,3),(32,3),(33,3),(34,3),(35,3),(36,3),(37,3),(38,3),(39,3),(40,3),(41,3),(42,3),(43,3),(44,3),(45,3),(46,3),(47,3),(48,3),(49,3),(50,3),(51,3),(52,3),(53,3),(54,3),(55,3),(56,3),(57,3),(58,3),(59,3),(60,3),(61,3),(62,3),(63,3),(64,3),(65,3),(66,3),(67,3),(68,3),(69,3),(70,3),(71,3),(72,3),(73,3),(74,3),(75,3),(76,3),(77,3),(78,3),(79,3),(80,3),(81,3),(82,3),(83,3),(84,3),(85,3),(86,3),(87,3),(88,3),(89,3),(90,3),(91,3),(92,3),(93,3),(94,3),(95,3),(96,3),(97,3),(98,3),(99,3),(100,3),(101,3),(102,3),(103,3),(104,3),(105,3),(106,3),(107,3),(108,3),(109,3),(110,3),(111,3),(112,3),(113,3),(114,3),(115,3),(116,3),(117,3),(118,3),(119,3),(120,3),(121,6),(122,6),(123,6),(124,6),(125,6),(126,6),(127,6),(128,6),(129,6),(130,6),(131,6),(132,6),(133,6),(134,6),(135,6),(136,6),(137,6),(138,6),(139,6),(140,6),(141,6),(142,6),(143,6),(144,6),(145,6),(146,6),(147,6),(148,6),(149,6),(150,6),(151,6),(152,6),(153,6),(154,6),(155,6),(156,6),(157,6),(158,6),(159,6),(160,6),(161,6),(162,6),(163,6),(164,6),(165,6),(166,6),(167,6),(168,6),(169,6),(170,6),(171,6),(172,6),(173,6),(174,6),(175,6),(176,6),(177,6),(178,6),(179,6),(180,6),(181,6),(182,6),(183,6),(184,6),(185,6),(186,6),(187,6),(188,6),(189,6),(190,6),(191,6),(192,6),(193,6),(194,6),(195,6),(196,6),(197,6),(198,6),(199,6),(200,6),(201,6),(202,6),(203,6),(204,6),(205,6),(206,6),(207,6),(208,6),(209,6),(210,6),(211,6),(212,6),(213,6),(214,6),(215,6),(216,6),(217,6),(218,6),(219,6),(220,6),(221,6),(222,6),(223,6),(224,6),(225,6),(226,6),(227,6),(228,6),(229,6),(230,6),(231,6),(232,6),(233,6),(234,6),(235,6),(236,6),(237,6),(238,6),(239,6),(240,6),(241,9),(242,9),(243,9),(244,9),(245,9),(246,9),(247,9),(248,9),(249,9),(250,9),(251,9),(252,9),(253,9),(254,9),(255,9),(256,9),(257,9),(258,9),(259,9),(260,9),(261,9),(262,9),(263,9),(264,9),(265,9),(266,9),(267,9),(268,9),(269,9),(270,9),(271,9),(272,9),(273,9),(274,9),(275,9),(276,9),(277,9),(278,9),(279,9),(280,9),(281,9),(282,9),(283,9),(284,9),(285,9),(286,9),(287,9),(288,9),(289,9),(290,9),(291,9),(292,9),(293,9),(294,9),(295,9),(296,9),(297,9),(298,9),(299,9),(300,9),(301,9),(302,9),(303,9),(304,9),(305,9),(306,9),(307,9),(308,9),(309,9),(310,9),(311,9),(312,9),(313,9),(314,9),(315,9),(316,9),(317,9),(318,9),(319,9),(320,9),(321,9),(322,9),(323,9),(324,9),(325,9),(326,9),(327,9),(328,9),(329,9),(330,9),(331,9),(332,9),(333,9),(334,9),(335,9),(336,9),(337,9),(338,9),(339,9),(340,9),(341,9),(342,9),(343,9),(344,9),(345,9),(346,9),(347,9),(348,9),(349,9),(350,9),(351,9),(352,9),(353,9),(354,9),(355,9),(356,9),(357,9),(358,9),(359,9),(360,9),(361,11),(362,11),(363,11),(364,11),(365,11),(366,11),(367,11),(368,11),(369,11),(370,11),(371,11),(372,11),(373,11),(374,11),(375,11),(376,11),(377,11),(378,11),(379,11),(380,11),(381,11),(382,11),(383,11),(384,11),(385,11),(386,11),(387,11),(388,11),(389,11),(390,11),(391,11),(392,11),(393,11),(394,11),(395,11),(396,11),(397,11),(398,11),(399,11),(400,11),(401,11),(402,11),(403,11),(404,11),(405,11),(406,11),(407,11),(408,11),(409,11),(410,11),(411,11),(412,11),(413,11),(414,11),(415,11),(416,11),(417,11),(418,11),(419,11),(420,11),(421,11),(422,11),(423,11),(424,11),(425,11),(426,11),(427,11),(428,11),(429,11),(430,11),(431,11),(432,11),(433,11),(434,11),(435,11),(436,11),(437,11),(438,11),(439,11),(440,11),(441,11),(442,11),(443,11),(444,11),(445,11),(446,11),(447,11),(448,11),(449,11),(450,11),(451,11),(452,11),(453,11),(454,11),(455,11),(456,11),(457,11),(458,11),(459,11),(460,11),(461,11),(462,11),(463,11),(464,11),(465,11),(466,11),(467,11),(468,11),(469,11),(470,11),(471,11),(472,11),(473,11),(474,11),(475,11),(476,11),(477,11),(478,11),(479,11),(480,11),(481,13),(482,13),(483,13),(484,13),(485,13),(486,13),(487,13),(488,13),(489,13),(490,13),(491,13),(492,13),(493,13),(494,13),(495,13),(496,13),(497,13),(498,13),(499,13),(500,13),(501,13),(502,13),(503,13),(504,13),(505,13),(506,13),(507,13),(508,13),(509,13),(510,13),(511,13),(512,13),(513,13),(514,13),(515,13),(516,13),(517,13),(518,13),(519,13),(520,13),(521,13),(522,13),(523,13),(524,13),(525,13),(526,13),(527,13),(528,13),(529,13),(530,13),(531,13),(532,13),(533,13),(534,13),(535,13),(536,13),(537,13),(538,13),(539,13),(540,13),(541,13),(542,13),(543,13),(544,13),(545,13),(546,13),(547,13),(548,13),(549,13),(550,13),(551,13),(552,13),(553,13),(554,13),(555,13),(556,13),(557,13),(558,13),(559,13),(560,13),(561,13),(562,13),(563,13),(564,13),(565,13),(566,13),(567,13),(568,13),(569,13),(570,13),(571,13),(572,13),(573,13),(574,13),(575,13),(576,13),(577,13),(578,13),(579,13),(580,13),(581,13),(582,13),(583,13),(584,13),(585,13),(586,13),(587,13),(588,13),(589,13),(590,13),(591,13),(592,13),(593,13),(594,13),(595,13),(596,13),(597,13),(598,13),(599,13),(600,13),(601,15),(602,15),(603,15),(604,15),(605,15),(606,15),(607,15),(608,15),(609,15),(610,15),(611,15),(612,15),(613,15),(614,15),(615,15),(616,15),(617,15),(618,15),(619,15),(620,15),(621,15),(622,15),(623,15),(624,15),(625,15),(626,15),(627,15),(628,15),(629,15),(630,15),(631,15),(632,15),(633,15),(634,15),(635,15),(636,15),(637,15),(638,15),(639,15),(640,15),(641,15),(642,15),(643,15),(644,15),(645,15),(646,15),(647,15),(648,15),(649,15),(650,15),(651,15),(652,15),(653,15),(654,15),(655,15),(656,15),(657,15),(658,15),(659,15),(660,15),(661,15),(662,15),(663,15),(664,15),(665,15),(666,15),(667,15),(668,15),(669,15),(670,15),(671,15),(672,15),(673,15),(674,15),(675,15),(676,15),(677,15),(678,15),(679,15),(680,15),(681,15),(682,15),(683,15),(684,15),(685,15),(686,15),(687,15),(688,15),(689,15),(690,15),(691,15),(692,15),(693,15),(694,15),(695,15),(696,15),(697,15),(698,15),(699,15),(700,15),(701,15),(702,15),(703,15),(704,15),(705,15),(706,15),(707,15),(708,15),(709,15),(710,15),(711,15),(712,15),(713,15),(714,15),(715,15),(716,15),(717,15),(718,15),(719,15),(720,15),(721,17),(722,17),(723,17),(724,17),(725,17),(726,17),(727,17),(728,17),(729,17),(730,17),(731,17),(732,17),(733,17),(734,17),(735,17),(736,17),(737,17),(738,17),(739,17),(740,17),(741,17),(742,17),(743,17),(744,17),(745,17),(746,17),(747,17),(748,17),(749,17),(750,17),(751,17),(752,17),(753,17),(754,17),(755,17),(756,17),(757,17),(758,17),(759,17),(760,17),(761,17),(762,17),(763,17),(764,17),(765,17),(766,17),(767,17),(768,17),(769,17),(770,17),(771,17),(772,17),(773,17),(774,17),(775,17),(776,17),(777,17),(778,17),(779,17),(780,17),(781,17),(782,17),(783,17),(784,17),(785,17),(786,17),(787,17),(788,17),(789,17),(790,17),(791,17),(792,17),(793,17),(794,17),(795,17),(796,17),(797,17),(798,17),(799,17),(800,17),(801,17),(802,17),(803,17),(804,17),(805,17),(806,17),(807,17),(808,17),(809,17),(810,17),(811,17),(812,17),(813,17),(814,17),(815,17),(816,17),(817,17),(818,17),(819,17),(820,17),(821,17),(822,17),(823,17),(824,17),(825,17),(826,17),(827,17),(828,17),(829,17),(830,17),(831,17),(832,17),(833,17),(834,17),(835,17),(836,17),(837,17),(838,17),(839,17),(840,17),(841,19),(842,19),(843,19),(844,19),(845,19),(846,19),(847,19),(848,19),(849,19),(850,19),(851,19),(852,19),(853,19),(854,19),(855,19),(856,19),(857,19),(858,19),(859,19),(860,19),(861,19),(862,19),(863,19),(864,19),(865,19),(866,19),(867,19),(868,19),(869,19),(870,19),(871,19),(872,19),(873,19),(874,19),(875,19),(876,19),(877,19),(878,19),(879,19),(880,19),(881,19),(882,19),(883,19),(884,19),(885,19),(886,19),(887,19),(888,19),(889,19),(890,19),(891,19),(892,19),(893,19),(894,19),(895,19),(896,19),(897,19),(898,19),(899,19),(900,19),(901,19),(902,19),(903,19),(904,19),(905,19),(906,19),(907,19),(908,19),(909,19),(910,19),(911,19),(912,19),(913,19),(914,19),(915,19),(916,19),(917,19),(918,19),(919,19),(920,19),(921,19),(922,19),(923,19),(924,19),(925,19),(926,19),(927,19),(928,19),(929,19),(930,19),(931,19),(932,19),(933,19),(934,19),(935,19),(936,19),(937,19),(938,19),(939,19),(940,19),(941,19),(942,19),(943,19),(944,19),(945,19),(946,19),(947,19),(948,19),(949,19),(950,19),(951,19),(952,19),(953,19),(954,19),(955,19),(956,19),(957,19),(958,19),(959,19),(960,19),(961,21),(962,21),(963,21),(964,21),(965,21),(966,21),(967,21),(968,21),(969,21),(970,21),(971,21),(972,21),(973,21),(974,21),(975,21),(976,21),(977,21),(978,21),(979,21),(980,21),(981,21),(982,21),(983,21),(984,21),(985,21),(986,21),(987,21),(988,21),(989,21),(990,21),(991,21),(992,21),(993,21),(994,21),(995,21),(996,21),(997,21),(998,21),(999,21),(1000,21),(1001,21),(1002,21),(1003,21),(1004,21),(1005,21),(1006,21),(1007,21),(1008,21),(1009,21),(1010,21),(1011,21),(1012,21),(1013,21),(1014,21),(1015,21),(1016,21),(1017,21),(1018,21),(1019,21),(1020,21),(1021,21),(1022,21),(1023,21),(1024,21),(1025,21),(1026,21),(1027,21),(1028,21),(1029,21),(1030,21),(1031,21),(1032,21),(1033,21),(1034,21),(1035,21),(1036,21),(1037,21),(1038,21),(1039,21),(1040,21),(1041,21),(1042,21),(1043,21),(1044,21),(1045,21),(1046,21),(1047,21),(1048,21),(1049,21),(1050,21),(1051,21),(1052,21),(1053,21),(1054,21),(1055,21),(1056,21),(1057,21),(1058,21),(1059,21),(1060,21),(1061,21),(1062,21),(1063,21),(1064,21),(1065,21),(1066,21),(1067,21),(1068,21),(1069,21),(1070,21),(1071,21),(1072,21),(1073,21),(1074,21),(1075,21),(1076,21),(1077,21),(1078,21),(1079,21),(1080,21),(1081,23),(1082,23),(1083,23),(1084,23),(1085,23),(1086,23),(1087,23),(1088,23),(1089,23),(1090,23),(1091,23),(1092,23),(1093,23),(1094,23),(1095,23),(1096,23),(1097,23),(1098,23),(1099,23),(1100,23),(1101,23),(1102,23),(1103,23),(1104,23),(1105,23),(1106,23),(1107,23),(1108,23),(1109,23),(1110,23),(1111,23),(1112,23),(1113,23),(1114,23),(1115,23),(1116,23),(1117,23),(1118,23),(1119,23),(1120,23),(1121,23),(1122,23),(1123,23),(1124,23),(1125,23),(1126,23),(1127,23),(1128,23),(1129,23),(1130,23),(1131,23),(1132,23),(1133,23),(1134,23),(1135,23),(1136,23),(1137,23),(1138,23),(1139,23),(1140,23),(1141,23),(1142,23),(1143,23),(1144,23),(1145,23),(1146,23),(1147,23),(1148,23),(1149,23),(1150,23),(1151,23),(1152,23),(1153,23),(1154,23),(1155,23),(1156,23),(1157,23),(1158,23),(1159,23),(1160,23),(1161,23),(1162,23),(1163,23),(1164,23),(1165,23),(1166,23),(1167,23),(1168,23),(1169,23),(1170,23),(1171,23),(1172,23),(1173,23),(1174,23),(1175,23),(1176,23),(1177,23),(1178,23),(1179,23),(1180,23),(1181,23),(1182,23),(1183,23),(1184,23),(1185,23),(1186,23),(1187,23),(1188,23),(1189,23),(1190,23),(1191,23),(1192,23),(1193,23),(1194,23),(1195,23),(1196,23),(1197,23),(1198,23),(1199,23),(1200,23),(1201,25),(1202,25),(1203,25),(1204,25),(1205,25),(1206,25),(1207,25),(1208,25),(1209,25),(1210,25),(1211,25),(1212,25),(1213,25),(1214,25),(1215,25),(1216,25),(1217,25),(1218,25),(1219,25),(1220,25),(1221,25),(1222,25),(1223,25),(1224,25),(1225,25),(1226,25),(1227,25),(1228,25),(1229,25),(1230,25),(1231,25),(1232,25),(1233,25),(1234,25),(1235,25),(1236,25),(1237,25),(1238,25),(1239,25),(1240,25),(1241,25),(1242,25),(1243,25),(1244,25),(1245,25),(1246,25),(1247,25),(1248,25),(1249,25),(1250,25),(1251,25),(1252,25),(1253,25),(1254,25),(1255,25),(1256,25),(1257,25),(1258,25),(1259,25),(1260,25),(1261,25),(1262,25),(1263,25),(1264,25),(1265,25),(1266,25),(1267,25),(1268,25),(1269,25),(1270,25),(1271,25),(1272,25),(1273,25),(1274,25),(1275,25),(1276,25),(1277,25),(1278,25),(1279,25),(1280,25),(1281,25),(1282,25),(1283,25),(1284,25),(1285,25),(1286,25),(1287,25),(1288,25),(1289,25),(1290,25),(1291,25),(1292,25),(1293,25),(1294,25),(1295,25),(1296,25),(1297,25),(1298,25),(1299,25),(1300,25),(1301,25),(1302,25),(1303,25),(1304,25),(1305,25),(1306,25),(1307,25),(1308,25),(1309,25),(1310,25),(1311,25),(1312,25),(1313,25),(1314,25),(1315,25),(1316,25),(1317,25),(1318,25),(1319,25),(1320,25),(1321,27),(1322,27),(1323,27),(1324,27),(1325,27),(1326,27),(1327,27),(1328,27),(1329,27),(1330,27),(1331,27),(1332,27),(1333,27),(1334,27),(1335,27),(1336,27),(1337,27),(1338,27),(1339,27),(1340,27),(1341,27),(1342,27),(1343,27),(1344,27),(1345,27),(1346,27),(1347,27),(1348,27),(1349,27),(1350,27),(1351,27),(1352,27),(1353,27),(1354,27),(1355,27),(1356,27),(1357,27),(1358,27),(1359,27),(1360,27),(1361,27),(1362,27),(1363,27),(1364,27),(1365,27),(1366,27),(1367,27),(1368,27),(1369,27),(1370,27),(1371,27),(1372,27),(1373,27),(1374,27),(1375,27),(1376,27),(1377,27),(1378,27),(1379,27),(1380,27),(1381,27),(1382,27),(1383,27),(1384,27),(1385,27),(1386,27),(1387,27),(1388,27),(1389,27),(1390,27),(1391,27),(1392,27),(1393,27),(1394,27),(1395,27),(1396,27),(1397,27),(1398,27),(1399,27),(1400,27),(1401,27),(1402,27),(1403,27),(1404,27),(1405,27),(1406,27),(1407,27),(1408,27),(1409,27),(1410,27),(1411,27),(1412,27),(1413,27),(1414,27),(1415,27),(1416,27),(1417,27),(1418,27),(1419,27),(1420,27),(1421,27),(1422,27),(1423,27),(1424,27),(1425,27),(1426,27),(1427,27),(1428,27),(1429,27),(1430,27),(1431,27),(1432,27),(1433,27),(1434,27),(1435,27),(1436,27),(1437,27),(1438,27),(1439,27),(1440,27);
/*!40000 ALTER TABLE `SummitAuditLog` ENABLE KEYS */;
UNLOCK TABLES;

--
-- Table structure for table `SummitBadgeFeatureType`
--

DROP TABLE IF EXISTS `SummitBadgeFeatureType`;
/*!40101 SET @saved_cs_client     = @@character_set_client */;
/*!50503 SET character_set_client = utf8mb4 */;
CREATE TABLE `SummitBadgeFeatureType` (
  `ID` int NOT NULL AUTO_INCREMENT,
  `ClassName` enum('SummitBadgeFeatureType') CHARACTER SET utf8mb3 COLLATE utf8mb3_general_ci DEFAULT 'SummitBadgeFeatureType',
  `LastEdited` datetime DEFAULT NULL,
  `Created` datetime DEFAULT NULL,
  `Name` varchar(255) CHARACTER SET utf8mb3 COLLATE utf8mb3_general_ci DEFAULT NULL,
  `Description` varchar(255) CHARACTER SET utf8mb3 COLLATE utf8mb3_general_ci DEFAULT NULL,
  `TemplateContent` mediumtext CHARACTER SET utf8mb3 COLLATE utf8mb3_general_ci,
  `SummitID` int DEFAULT NULL,
  `ImageID` int DEFAULT NULL,
  PRIMARY KEY (`ID`),
  KEY `ClassName` (`ClassName`),
  KEY `ImageID` (`ImageID`),
  KEY `SummitID` (`SummitID`),
  CONSTRAINT `FK_506A5DAFE4201A19` FOREIGN KEY (`ImageID`) REFERENCES `File` (`ID`) ON DELETE CASCADE
) ENGINE=InnoDB AUTO_INCREMENT=121 DEFAULT CHARSET=latin1;
/*!40101 SET character_set_client = @saved_cs_client */;

--
-- Dumping data for table `SummitBadgeFeatureType`
--

LOCK TABLES `SummitBadgeFeatureType` WRITE;
/*!40000 ALTER TABLE `SummitBadgeFeatureType` DISABLE KEYS */;
INSERT INTO `SummitBadgeFeatureType` VALUES (1,'SummitBadgeFeatureType','2024-06-21 04:33:46','2024-06-21 04:33:46','FEATURE 1','FEATURE 1','',3,NULL),(2,'SummitBadgeFeatureType','2024-06-21 04:33:46','2024-06-21 04:33:46','FEATURE 2','FEATURE 2','',3,NULL),(3,'SummitBadgeFeatureType','2024-06-21 04:33:46','2024-06-21 04:33:46','FEATURE 3','FEATURE 3','',3,NULL),(4,'SummitBadgeFeatureType','2024-06-21 04:33:46','2024-06-21 04:33:46','FEATURE 4','FEATURE 4','',3,NULL),(5,'SummitBadgeFeatureType','2024-06-21 04:33:46','2024-06-21 04:33:46','FEATURE 5','FEATURE 5','',3,NULL),(6,'SummitBadgeFeatureType','2024-06-21 04:33:46','2024-06-21 04:33:46','FEATURE 6','FEATURE 6','',3,NULL),(7,'SummitBadgeFeatureType','2024-06-21 04:33:46','2024-06-21 04:33:46','FEATURE 7','FEATURE 7','',3,NULL),(8,'SummitBadgeFeatureType','2024-06-21 04:33:46','2024-06-21 04:33:46','FEATURE 8','FEATURE 8','',3,NULL),(9,'SummitBadgeFeatureType','2024-06-21 04:33:46','2024-06-21 04:33:46','FEATURE 9','FEATURE 9','',3,NULL),(10,'SummitBadgeFeatureType','2024-06-21 04:33:46','2024-06-21 04:33:46','FEATURE 10','FEATURE 10','',3,NULL),(11,'SummitBadgeFeatureType','2024-06-21 04:38:06','2024-06-21 04:38:06','FEATURE 1','FEATURE 1','',6,NULL),(12,'SummitBadgeFeatureType','2024-06-21 04:38:06','2024-06-21 04:38:06','FEATURE 2','FEATURE 2','',6,NULL),(13,'SummitBadgeFeatureType','2024-06-21 04:38:06','2024-06-21 04:38:06','FEATURE 3','FEATURE 3','',6,NULL),(14,'SummitBadgeFeatureType','2024-06-21 04:38:06','2024-06-21 04:38:06','FEATURE 4','FEATURE 4','',6,NULL),(15,'SummitBadgeFeatureType','2024-06-21 04:38:06','2024-06-21 04:38:06','FEATURE 5','FEATURE 5','',6,NULL),(16,'SummitBadgeFeatureType','2024-06-21 04:38:06','2024-06-21 04:38:06','FEATURE 6','FEATURE 6','',6,NULL),(17,'SummitBadgeFeatureType','2024-06-21 04:38:06','2024-06-21 04:38:06','FEATURE 7','FEATURE 7','',6,NULL),(18,'SummitBadgeFeatureType','2024-06-21 04:38:06','2024-06-21 04:38:06','FEATURE 8','FEATURE 8','',6,NULL),(19,'SummitBadgeFeatureType','2024-06-21 04:38:06','2024-06-21 04:38:06','FEATURE 9','FEATURE 9','',6,NULL),(20,'SummitBadgeFeatureType','2024-06-21 04:38:06','2024-06-21 04:38:06','FEATURE 10','FEATURE 10','',6,NULL),(21,'SummitBadgeFeatureType','2024-06-21 04:38:34','2024-06-21 04:38:34','FEATURE 1','FEATURE 1','',9,NULL),(22,'SummitBadgeFeatureType','2024-06-21 04:38:34','2024-06-21 04:38:34','FEATURE 2','FEATURE 2','',9,NULL),(23,'SummitBadgeFeatureType','2024-06-21 04:38:34','2024-06-21 04:38:34','FEATURE 3','FEATURE 3','',9,NULL),(24,'SummitBadgeFeatureType','2024-06-21 04:38:34','2024-06-21 04:38:34','FEATURE 4','FEATURE 4','',9,NULL),(25,'SummitBadgeFeatureType','2024-06-21 04:38:34','2024-06-21 04:38:34','FEATURE 5','FEATURE 5','',9,NULL),(26,'SummitBadgeFeatureType','2024-06-21 04:38:34','2024-06-21 04:38:34','FEATURE 6','FEATURE 6','',9,NULL),(27,'SummitBadgeFeatureType','2024-06-21 04:38:34','2024-06-21 04:38:34','FEATURE 7','FEATURE 7','',9,NULL),(28,'SummitBadgeFeatureType','2024-06-21 04:38:34','2024-06-21 04:38:34','FEATURE 8','FEATURE 8','',9,NULL),(29,'SummitBadgeFeatureType','2024-06-21 04:38:34','2024-06-21 04:38:34','FEATURE 9','FEATURE 9','',9,NULL),(30,'SummitBadgeFeatureType','2024-06-21 04:38:34','2024-06-21 04:38:34','FEATURE 10','FEATURE 10','',9,NULL),(31,'SummitBadgeFeatureType','2024-06-21 04:39:40','2024-06-21 04:39:40','FEATURE 1','FEATURE 1','',11,NULL),(32,'SummitBadgeFeatureType','2024-06-21 04:39:40','2024-06-21 04:39:40','FEATURE 2','FEATURE 2','',11,NULL),(33,'SummitBadgeFeatureType','2024-06-21 04:39:40','2024-06-21 04:39:40','FEATURE 3','FEATURE 3','',11,NULL),(34,'SummitBadgeFeatureType','2024-06-21 04:39:40','2024-06-21 04:39:40','FEATURE 4','FEATURE 4','',11,NULL),(35,'SummitBadgeFeatureType','2024-06-21 04:39:40','2024-06-21 04:39:40','FEATURE 5','FEATURE 5','',11,NULL),(36,'SummitBadgeFeatureType','2024-06-21 04:39:40','2024-06-21 04:39:40','FEATURE 6','FEATURE 6','',11,NULL),(37,'SummitBadgeFeatureType','2024-06-21 04:39:40','2024-06-21 04:39:40','FEATURE 7','FEATURE 7','',11,NULL),(38,'SummitBadgeFeatureType','2024-06-21 04:39:40','2024-06-21 04:39:40','FEATURE 8','FEATURE 8','',11,NULL),(39,'SummitBadgeFeatureType','2024-06-21 04:39:40','2024-06-21 04:39:40','FEATURE 9','FEATURE 9','',11,NULL),(40,'SummitBadgeFeatureType','2024-06-21 04:39:40','2024-06-21 04:39:40','FEATURE 10','FEATURE 10','',11,NULL),(41,'SummitBadgeFeatureType','2024-06-21 04:40:06','2024-06-21 04:40:06','FEATURE 1','FEATURE 1','',13,NULL),(42,'SummitBadgeFeatureType','2024-06-21 04:40:06','2024-06-21 04:40:06','FEATURE 2','FEATURE 2','',13,NULL),(43,'SummitBadgeFeatureType','2024-06-21 04:40:06','2024-06-21 04:40:06','FEATURE 3','FEATURE 3','',13,NULL),(44,'SummitBadgeFeatureType','2024-06-21 04:40:06','2024-06-21 04:40:06','FEATURE 4','FEATURE 4','',13,NULL),(45,'SummitBadgeFeatureType','2024-06-21 04:40:06','2024-06-21 04:40:06','FEATURE 5','FEATURE 5','',13,NULL),(46,'SummitBadgeFeatureType','2024-06-21 04:40:06','2024-06-21 04:40:06','FEATURE 6','FEATURE 6','',13,NULL),(47,'SummitBadgeFeatureType','2024-06-21 04:40:06','2024-06-21 04:40:06','FEATURE 7','FEATURE 7','',13,NULL),(48,'SummitBadgeFeatureType','2024-06-21 04:40:06','2024-06-21 04:40:06','FEATURE 8','FEATURE 8','',13,NULL),(49,'SummitBadgeFeatureType','2024-06-21 04:40:06','2024-06-21 04:40:06','FEATURE 9','FEATURE 9','',13,NULL),(50,'SummitBadgeFeatureType','2024-06-21 04:40:06','2024-06-21 04:40:06','FEATURE 10','FEATURE 10','',13,NULL),(51,'SummitBadgeFeatureType','2024-06-21 11:13:57','2024-06-21 11:13:57','FEATURE 1','FEATURE 1','',15,NULL),(52,'SummitBadgeFeatureType','2024-06-21 11:13:57','2024-06-21 11:13:57','FEATURE 2','FEATURE 2','',15,NULL),(53,'SummitBadgeFeatureType','2024-06-21 11:13:57','2024-06-21 11:13:57','FEATURE 3','FEATURE 3','',15,NULL),(54,'SummitBadgeFeatureType','2024-06-21 11:13:57','2024-06-21 11:13:57','FEATURE 4','FEATURE 4','',15,NULL),(55,'SummitBadgeFeatureType','2024-06-21 11:13:57','2024-06-21 11:13:57','FEATURE 5','FEATURE 5','',15,NULL),(56,'SummitBadgeFeatureType','2024-06-21 11:13:57','2024-06-21 11:13:57','FEATURE 6','FEATURE 6','',15,NULL),(57,'SummitBadgeFeatureType','2024-06-21 11:13:57','2024-06-21 11:13:57','FEATURE 7','FEATURE 7','',15,NULL),(58,'SummitBadgeFeatureType','2024-06-21 11:13:57','2024-06-21 11:13:57','FEATURE 8','FEATURE 8','',15,NULL),(59,'SummitBadgeFeatureType','2024-06-21 11:13:57','2024-06-21 11:13:57','FEATURE 9','FEATURE 9','',15,NULL),(60,'SummitBadgeFeatureType','2024-06-21 11:13:57','2024-06-21 11:13:57','FEATURE 10','FEATURE 10','',15,NULL),(61,'SummitBadgeFeatureType','2024-06-21 11:15:04','2024-06-21 11:15:04','FEATURE 1','FEATURE 1','',17,NULL),(62,'SummitBadgeFeatureType','2024-06-21 11:15:04','2024-06-21 11:15:04','FEATURE 2','FEATURE 2','',17,NULL),(63,'SummitBadgeFeatureType','2024-06-21 11:15:04','2024-06-21 11:15:04','FEATURE 3','FEATURE 3','',17,NULL),(64,'SummitBadgeFeatureType','2024-06-21 11:15:04','2024-06-21 11:15:04','FEATURE 4','FEATURE 4','',17,NULL),(65,'SummitBadgeFeatureType','2024-06-21 11:15:04','2024-06-21 11:15:04','FEATURE 5','FEATURE 5','',17,NULL),(66,'SummitBadgeFeatureType','2024-06-21 11:15:04','2024-06-21 11:15:04','FEATURE 6','FEATURE 6','',17,NULL),(67,'SummitBadgeFeatureType','2024-06-21 11:15:04','2024-06-21 11:15:04','FEATURE 7','FEATURE 7','',17,NULL),(68,'SummitBadgeFeatureType','2024-06-21 11:15:04','2024-06-21 11:15:04','FEATURE 8','FEATURE 8','',17,NULL),(69,'SummitBadgeFeatureType','2024-06-21 11:15:04','2024-06-21 11:15:04','FEATURE 9','FEATURE 9','',17,NULL),(70,'SummitBadgeFeatureType','2024-06-21 11:15:04','2024-06-21 11:15:04','FEATURE 10','FEATURE 10','',17,NULL),(71,'SummitBadgeFeatureType','2024-06-21 11:15:18','2024-06-21 11:15:18','FEATURE 1','FEATURE 1','',19,NULL),(72,'SummitBadgeFeatureType','2024-06-21 11:15:18','2024-06-21 11:15:18','FEATURE 2','FEATURE 2','',19,NULL),(73,'SummitBadgeFeatureType','2024-06-21 11:15:18','2024-06-21 11:15:18','FEATURE 3','FEATURE 3','',19,NULL),(74,'SummitBadgeFeatureType','2024-06-21 11:15:18','2024-06-21 11:15:18','FEATURE 4','FEATURE 4','',19,NULL),(75,'SummitBadgeFeatureType','2024-06-21 11:15:18','2024-06-21 11:15:18','FEATURE 5','FEATURE 5','',19,NULL),(76,'SummitBadgeFeatureType','2024-06-21 11:15:18','2024-06-21 11:15:18','FEATURE 6','FEATURE 6','',19,NULL),(77,'SummitBadgeFeatureType','2024-06-21 11:15:18','2024-06-21 11:15:18','FEATURE 7','FEATURE 7','',19,NULL),(78,'SummitBadgeFeatureType','2024-06-21 11:15:18','2024-06-21 11:15:18','FEATURE 8','FEATURE 8','',19,NULL),(79,'SummitBadgeFeatureType','2024-06-21 11:15:18','2024-06-21 11:15:18','FEATURE 9','FEATURE 9','',19,NULL),(80,'SummitBadgeFeatureType','2024-06-21 11:15:18','2024-06-21 11:15:18','FEATURE 10','FEATURE 10','',19,NULL),(81,'SummitBadgeFeatureType','2024-06-21 11:17:04','2024-06-21 11:17:04','FEATURE 1','FEATURE 1','',21,NULL),(82,'SummitBadgeFeatureType','2024-06-21 11:17:04','2024-06-21 11:17:04','FEATURE 2','FEATURE 2','',21,NULL),(83,'SummitBadgeFeatureType','2024-06-21 11:17:04','2024-06-21 11:17:04','FEATURE 3','FEATURE 3','',21,NULL),(84,'SummitBadgeFeatureType','2024-06-21 11:17:04','2024-06-21 11:17:04','FEATURE 4','FEATURE 4','',21,NULL),(85,'SummitBadgeFeatureType','2024-06-21 11:17:04','2024-06-21 11:17:04','FEATURE 5','FEATURE 5','',21,NULL),(86,'SummitBadgeFeatureType','2024-06-21 11:17:04','2024-06-21 11:17:04','FEATURE 6','FEATURE 6','',21,NULL),(87,'SummitBadgeFeatureType','2024-06-21 11:17:04','2024-06-21 11:17:04','FEATURE 7','FEATURE 7','',21,NULL),(88,'SummitBadgeFeatureType','2024-06-21 11:17:04','2024-06-21 11:17:04','FEATURE 8','FEATURE 8','',21,NULL),(89,'SummitBadgeFeatureType','2024-06-21 11:17:04','2024-06-21 11:17:04','FEATURE 9','FEATURE 9','',21,NULL),(90,'SummitBadgeFeatureType','2024-06-21 11:17:04','2024-06-21 11:17:04','FEATURE 10','FEATURE 10','',21,NULL),(91,'SummitBadgeFeatureType','2024-06-21 11:18:32','2024-06-21 11:18:32','FEATURE 1','FEATURE 1','',23,NULL),(92,'SummitBadgeFeatureType','2024-06-21 11:18:32','2024-06-21 11:18:32','FEATURE 2','FEATURE 2','',23,NULL),(93,'SummitBadgeFeatureType','2024-06-21 11:18:32','2024-06-21 11:18:32','FEATURE 3','FEATURE 3','',23,NULL),(94,'SummitBadgeFeatureType','2024-06-21 11:18:32','2024-06-21 11:18:32','FEATURE 4','FEATURE 4','',23,NULL),(95,'SummitBadgeFeatureType','2024-06-21 11:18:32','2024-06-21 11:18:32','FEATURE 5','FEATURE 5','',23,NULL),(96,'SummitBadgeFeatureType','2024-06-21 11:18:32','2024-06-21 11:18:32','FEATURE 6','FEATURE 6','',23,NULL),(97,'SummitBadgeFeatureType','2024-06-21 11:18:32','2024-06-21 11:18:32','FEATURE 7','FEATURE 7','',23,NULL),(98,'SummitBadgeFeatureType','2024-06-21 11:18:32','2024-06-21 11:18:32','FEATURE 8','FEATURE 8','',23,NULL),(99,'SummitBadgeFeatureType','2024-06-21 11:18:32','2024-06-21 11:18:32','FEATURE 9','FEATURE 9','',23,NULL),(100,'SummitBadgeFeatureType','2024-06-21 11:18:32','2024-06-21 11:18:32','FEATURE 10','FEATURE 10','',23,NULL),(101,'SummitBadgeFeatureType','2024-06-21 11:33:08','2024-06-21 11:33:08','FEATURE 1','FEATURE 1','',25,NULL),(102,'SummitBadgeFeatureType','2024-06-21 11:33:08','2024-06-21 11:33:08','FEATURE 2','FEATURE 2','',25,NULL),(103,'SummitBadgeFeatureType','2024-06-21 11:33:08','2024-06-21 11:33:08','FEATURE 3','FEATURE 3','',25,NULL),(104,'SummitBadgeFeatureType','2024-06-21 11:33:08','2024-06-21 11:33:08','FEATURE 4','FEATURE 4','',25,NULL),(105,'SummitBadgeFeatureType','2024-06-21 11:33:08','2024-06-21 11:33:08','FEATURE 5','FEATURE 5','',25,NULL),(106,'SummitBadgeFeatureType','2024-06-21 11:33:08','2024-06-21 11:33:08','FEATURE 6','FEATURE 6','',25,NULL),(107,'SummitBadgeFeatureType','2024-06-21 11:33:08','2024-06-21 11:33:08','FEATURE 7','FEATURE 7','',25,NULL),(108,'SummitBadgeFeatureType','2024-06-21 11:33:08','2024-06-21 11:33:08','FEATURE 8','FEATURE 8','',25,NULL),(109,'SummitBadgeFeatureType','2024-06-21 11:33:08','2024-06-21 11:33:08','FEATURE 9','FEATURE 9','',25,NULL),(110,'SummitBadgeFeatureType','2024-06-21 11:33:08','2024-06-21 11:33:08','FEATURE 10','FEATURE 10','',25,NULL),(111,'SummitBadgeFeatureType','2024-06-21 11:34:10','2024-06-21 11:34:10','FEATURE 1','FEATURE 1','',27,NULL),(112,'SummitBadgeFeatureType','2024-06-21 11:34:10','2024-06-21 11:34:10','FEATURE 2','FEATURE 2','',27,NULL),(113,'SummitBadgeFeatureType','2024-06-21 11:34:10','2024-06-21 11:34:10','FEATURE 3','FEATURE 3','',27,NULL),(114,'SummitBadgeFeatureType','2024-06-21 11:34:10','2024-06-21 11:34:10','FEATURE 4','FEATURE 4','',27,NULL),(115,'SummitBadgeFeatureType','2024-06-21 11:34:10','2024-06-21 11:34:10','FEATURE 5','FEATURE 5','',27,NULL),(116,'SummitBadgeFeatureType','2024-06-21 11:34:10','2024-06-21 11:34:10','FEATURE 6','FEATURE 6','',27,NULL),(117,'SummitBadgeFeatureType','2024-06-21 11:34:10','2024-06-21 11:34:10','FEATURE 7','FEATURE 7','',27,NULL),(118,'SummitBadgeFeatureType','2024-06-21 11:34:10','2024-06-21 11:34:10','FEATURE 8','FEATURE 8','',27,NULL),(119,'SummitBadgeFeatureType','2024-06-21 11:34:10','2024-06-21 11:34:10','FEATURE 9','FEATURE 9','',27,NULL),(120,'SummitBadgeFeatureType','2024-06-21 11:34:10','2024-06-21 11:34:10','FEATURE 10','FEATURE 10','',27,NULL);
/*!40000 ALTER TABLE `SummitBadgeFeatureType` ENABLE KEYS */;
UNLOCK TABLES;

--
-- Table structure for table `SummitBadgeType`
--

DROP TABLE IF EXISTS `SummitBadgeType`;
/*!40101 SET @saved_cs_client     = @@character_set_client */;
/*!50503 SET character_set_client = utf8mb4 */;
CREATE TABLE `SummitBadgeType` (
  `ID` int NOT NULL AUTO_INCREMENT,
  `ClassName` enum('SummitBadgeType') CHARACTER SET utf8mb3 COLLATE utf8mb3_general_ci DEFAULT 'SummitBadgeType',
  `LastEdited` datetime DEFAULT NULL,
  `Created` datetime DEFAULT NULL,
  `Name` varchar(255) CHARACTER SET utf8mb3 COLLATE utf8mb3_general_ci DEFAULT NULL,
  `Description` varchar(500) CHARACTER SET utf8mb3 COLLATE utf8mb3_general_ci DEFAULT NULL,
  `IsDefault` tinyint unsigned NOT NULL DEFAULT '0',
  `TemplateContent` mediumtext CHARACTER SET utf8mb3 COLLATE utf8mb3_general_ci,
  `SummitID` int DEFAULT NULL,
  `FileID` int DEFAULT NULL,
  PRIMARY KEY (`ID`),
  KEY `ClassName` (`ClassName`),
  KEY `FileID` (`FileID`),
  KEY `SummitID` (`SummitID`)
) ENGINE=InnoDB AUTO_INCREMENT=39 DEFAULT CHARSET=latin1;
/*!40101 SET character_set_client = @saved_cs_client */;

--
-- Dumping data for table `SummitBadgeType`
--

LOCK TABLES `SummitBadgeType` WRITE;
/*!40000 ALTER TABLE `SummitBadgeType` DISABLE KEYS */;
INSERT INTO `SummitBadgeType` VALUES (1,'SummitBadgeType','2024-06-21 04:31:26','2024-06-21 04:31:26','BADGE TYPE1','BADGE TYPE1 DESCRIPTION',1,'',1,NULL),(2,'SummitBadgeType','2024-06-21 04:31:57','2024-06-21 04:31:57','BADGE TYPE1','BADGE TYPE1 DESCRIPTION',1,'',2,NULL),(3,'SummitBadgeType','2024-06-21 04:33:44','2024-06-21 04:33:44','BADGE TYPE1','BADGE TYPE1 DESCRIPTION',1,'',3,NULL),(4,'SummitBadgeType','2024-06-21 04:33:46','2024-06-21 04:33:46','BADGE TYPE1','BADGE TYPE1 DESCRIPTION',1,'',3,NULL),(5,'SummitBadgeType','2024-06-21 04:33:46','2024-06-21 04:33:46','BADGE TYPE2','BADGE TYPE2 DESCRIPTION',0,'',3,NULL),(6,'SummitBadgeType','2024-06-21 04:38:05','2024-06-21 04:38:05','BADGE TYPE1','BADGE TYPE1 DESCRIPTION',1,'',6,NULL),(7,'SummitBadgeType','2024-06-21 04:38:06','2024-06-21 04:38:06','BADGE TYPE1','BADGE TYPE1 DESCRIPTION',1,'',6,NULL),(8,'SummitBadgeType','2024-06-21 04:38:06','2024-06-21 04:38:06','BADGE TYPE2','BADGE TYPE2 DESCRIPTION',0,'',6,NULL),(9,'SummitBadgeType','2024-06-21 04:38:33','2024-06-21 04:38:33','BADGE TYPE1','BADGE TYPE1 DESCRIPTION',1,'',9,NULL),(10,'SummitBadgeType','2024-06-21 04:38:34','2024-06-21 04:38:34','BADGE TYPE1','BADGE TYPE1 DESCRIPTION',1,'',9,NULL),(11,'SummitBadgeType','2024-06-21 04:38:34','2024-06-21 04:38:34','BADGE TYPE2','BADGE TYPE2 DESCRIPTION',0,'',9,NULL),(12,'SummitBadgeType','2024-06-21 04:39:39','2024-06-21 04:39:39','BADGE TYPE1','BADGE TYPE1 DESCRIPTION',1,'',11,NULL),(13,'SummitBadgeType','2024-06-21 04:39:40','2024-06-21 04:39:40','BADGE TYPE1','BADGE TYPE1 DESCRIPTION',1,'',11,NULL),(14,'SummitBadgeType','2024-06-21 04:39:40','2024-06-21 04:39:40','BADGE TYPE2','BADGE TYPE2 DESCRIPTION',0,'',11,NULL),(15,'SummitBadgeType','2024-06-21 04:40:05','2024-06-21 04:40:05','BADGE TYPE1','BADGE TYPE1 DESCRIPTION',1,'',13,NULL),(16,'SummitBadgeType','2024-06-21 04:40:06','2024-06-21 04:40:06','BADGE TYPE1','BADGE TYPE1 DESCRIPTION',1,'',13,NULL),(17,'SummitBadgeType','2024-06-21 04:40:06','2024-06-21 04:40:06','BADGE TYPE2','BADGE TYPE2 DESCRIPTION',0,'',13,NULL),(18,'SummitBadgeType','2024-06-21 11:13:56','2024-06-21 11:13:56','BADGE TYPE1','BADGE TYPE1 DESCRIPTION',1,'',15,NULL),(19,'SummitBadgeType','2024-06-21 11:13:57','2024-06-21 11:13:57','BADGE TYPE1','BADGE TYPE1 DESCRIPTION',1,'',15,NULL),(20,'SummitBadgeType','2024-06-21 11:13:57','2024-06-21 11:13:57','BADGE TYPE2','BADGE TYPE2 DESCRIPTION',0,'',15,NULL),(21,'SummitBadgeType','2024-06-21 11:15:03','2024-06-21 11:15:03','BADGE TYPE1','BADGE TYPE1 DESCRIPTION',1,'',17,NULL),(22,'SummitBadgeType','2024-06-21 11:15:04','2024-06-21 11:15:04','BADGE TYPE1','BADGE TYPE1 DESCRIPTION',1,'',17,NULL),(23,'SummitBadgeType','2024-06-21 11:15:04','2024-06-21 11:15:04','BADGE TYPE2','BADGE TYPE2 DESCRIPTION',0,'',17,NULL),(24,'SummitBadgeType','2024-06-21 11:15:17','2024-06-21 11:15:17','BADGE TYPE1','BADGE TYPE1 DESCRIPTION',1,'',19,NULL),(25,'SummitBadgeType','2024-06-21 11:15:18','2024-06-21 11:15:18','BADGE TYPE1','BADGE TYPE1 DESCRIPTION',1,'',19,NULL),(26,'SummitBadgeType','2024-06-21 11:15:18','2024-06-21 11:15:18','BADGE TYPE2','BADGE TYPE2 DESCRIPTION',0,'',19,NULL),(27,'SummitBadgeType','2024-06-21 11:17:02','2024-06-21 11:17:02','BADGE TYPE1','BADGE TYPE1 DESCRIPTION',1,'',21,NULL),(28,'SummitBadgeType','2024-06-21 11:17:04','2024-06-21 11:17:04','BADGE TYPE1','BADGE TYPE1 DESCRIPTION',1,'',21,NULL),(29,'SummitBadgeType','2024-06-21 11:17:04','2024-06-21 11:17:04','BADGE TYPE2','BADGE TYPE2 DESCRIPTION',0,'',21,NULL),(30,'SummitBadgeType','2024-06-21 11:18:31','2024-06-21 11:18:31','BADGE TYPE1','BADGE TYPE1 DESCRIPTION',1,'',23,NULL),(31,'SummitBadgeType','2024-06-21 11:18:32','2024-06-21 11:18:32','BADGE TYPE1','BADGE TYPE1 DESCRIPTION',1,'',23,NULL),(32,'SummitBadgeType','2024-06-21 11:18:32','2024-06-21 11:18:32','BADGE TYPE2','BADGE TYPE2 DESCRIPTION',0,'',23,NULL),(33,'SummitBadgeType','2024-06-21 11:33:07','2024-06-21 11:33:07','BADGE TYPE1','BADGE TYPE1 DESCRIPTION',1,'',25,NULL),(34,'SummitBadgeType','2024-06-21 11:33:08','2024-06-21 11:33:08','BADGE TYPE1','BADGE TYPE1 DESCRIPTION',1,'',25,NULL),(35,'SummitBadgeType','2024-06-21 11:33:08','2024-06-21 11:33:08','BADGE TYPE2','BADGE TYPE2 DESCRIPTION',0,'',25,NULL),(36,'SummitBadgeType','2024-06-21 11:34:09','2024-06-21 11:34:09','BADGE TYPE1','BADGE TYPE1 DESCRIPTION',1,'',27,NULL),(37,'SummitBadgeType','2024-06-21 11:34:10','2024-06-21 11:34:10','BADGE TYPE1','BADGE TYPE1 DESCRIPTION',1,'',27,NULL),(38,'SummitBadgeType','2024-06-21 11:34:10','2024-06-21 11:34:10','BADGE TYPE2','BADGE TYPE2 DESCRIPTION',0,'',27,NULL);
/*!40000 ALTER TABLE `SummitBadgeType` ENABLE KEYS */;
UNLOCK TABLES;

--
-- Table structure for table `SummitBadgeType_AccessLevels`
--

DROP TABLE IF EXISTS `SummitBadgeType_AccessLevels`;
/*!40101 SET @saved_cs_client     = @@character_set_client */;
/*!50503 SET character_set_client = utf8mb4 */;
CREATE TABLE `SummitBadgeType_AccessLevels` (
  `ID` int NOT NULL AUTO_INCREMENT,
  `SummitBadgeTypeID` int NOT NULL DEFAULT '0',
  `SummitAccessLevelTypeID` int NOT NULL DEFAULT '0',
  PRIMARY KEY (`ID`),
  KEY `SummitAccessLevelTypeID` (`SummitAccessLevelTypeID`),
  KEY `SummitBadgeTypeID` (`SummitBadgeTypeID`)
) ENGINE=InnoDB AUTO_INCREMENT=71 DEFAULT CHARSET=latin1;
/*!40101 SET character_set_client = @saved_cs_client */;

--
-- Dumping data for table `SummitBadgeType_AccessLevels`
--

LOCK TABLES `SummitBadgeType_AccessLevels` WRITE;
/*!40000 ALTER TABLE `SummitBadgeType_AccessLevels` DISABLE KEYS */;
INSERT INTO `SummitBadgeType_AccessLevels` VALUES (1,1,1),(2,1,2),(3,1,3),(4,1,4),(5,1,5),(6,2,6),(7,2,7),(8,2,8),(9,2,9),(10,2,10),(11,3,11),(12,3,12),(13,3,13),(14,3,14),(15,3,15),(16,6,19),(17,6,20),(18,6,21),(19,6,22),(20,6,23),(21,9,27),(22,9,28),(23,9,29),(24,9,30),(25,9,31),(26,12,32),(27,12,33),(28,12,34),(29,12,35),(30,12,36),(31,15,37),(32,15,38),(33,15,39),(34,15,40),(35,15,41),(36,18,42),(37,18,43),(38,18,44),(39,18,45),(40,18,46),(41,21,47),(42,21,48),(43,21,49),(44,21,50),(45,21,51),(46,24,52),(47,24,53),(48,24,54),(49,24,55),(50,24,56),(51,27,57),(52,27,58),(53,27,59),(54,27,60),(55,27,61),(56,30,62),(57,30,63),(58,30,64),(59,30,65),(60,30,66),(61,33,67),(62,33,68),(63,33,69),(64,33,70),(65,33,71),(66,36,72),(67,36,73),(68,36,74),(69,36,75),(70,36,76);
/*!40000 ALTER TABLE `SummitBadgeType_AccessLevels` ENABLE KEYS */;
UNLOCK TABLES;

--
-- Table structure for table `SummitBadgeType_BadgeFeatures`
--

DROP TABLE IF EXISTS `SummitBadgeType_BadgeFeatures`;
/*!40101 SET @saved_cs_client     = @@character_set_client */;
/*!50503 SET character_set_client = utf8mb4 */;
CREATE TABLE `SummitBadgeType_BadgeFeatures` (
  `ID` int NOT NULL AUTO_INCREMENT,
  `SummitBadgeTypeID` int NOT NULL DEFAULT '0',
  `SummitBadgeFeatureTypeID` int NOT NULL DEFAULT '0',
  PRIMARY KEY (`ID`),
  KEY `SummitBadgeFeatureTypeID` (`SummitBadgeFeatureTypeID`),
  KEY `SummitBadgeTypeID` (`SummitBadgeTypeID`)
) ENGINE=InnoDB DEFAULT CHARSET=latin1;
/*!40101 SET character_set_client = @saved_cs_client */;

--
-- Dumping data for table `SummitBadgeType_BadgeFeatures`
--

LOCK TABLES `SummitBadgeType_BadgeFeatures` WRITE;
/*!40000 ALTER TABLE `SummitBadgeType_BadgeFeatures` DISABLE KEYS */;
/*!40000 ALTER TABLE `SummitBadgeType_BadgeFeatures` ENABLE KEYS */;
UNLOCK TABLES;

--
-- Table structure for table `SummitBadgeViewType`
--

DROP TABLE IF EXISTS `SummitBadgeViewType`;
/*!40101 SET @saved_cs_client     = @@character_set_client */;
/*!50503 SET character_set_client = utf8mb4 */;
CREATE TABLE `SummitBadgeViewType` (
  `ID` int NOT NULL AUTO_INCREMENT,
  `ClassName` varchar(255) COLLATE utf8mb3_unicode_ci NOT NULL DEFAULT 'SummitBadgeViewType',
  `Created` datetime NOT NULL,
  `LastEdited` datetime NOT NULL,
  `Name` varchar(255) COLLATE utf8mb3_unicode_ci NOT NULL,
  `Description` longtext COLLATE utf8mb3_unicode_ci,
  `IsDefault` tinyint(1) NOT NULL DEFAULT '0',
  `SummitID` int DEFAULT NULL,
  PRIMARY KEY (`ID`),
  UNIQUE KEY `SummitID_Name` (`SummitID`,`Name`),
  KEY `ClassName` (`ClassName`),
  KEY `SummitID` (`SummitID`),
  CONSTRAINT `FK_SummitBadgeViewType_Summit` FOREIGN KEY (`SummitID`) REFERENCES `Summit` (`ID`) ON DELETE CASCADE
) ENGINE=InnoDB AUTO_INCREMENT=17 DEFAULT CHARSET=utf8mb3 COLLATE=utf8mb3_unicode_ci;
/*!40101 SET character_set_client = @saved_cs_client */;

--
-- Dumping data for table `SummitBadgeViewType`
--

LOCK TABLES `SummitBadgeViewType` WRITE;
/*!40000 ALTER TABLE `SummitBadgeViewType` DISABLE KEYS */;
INSERT INTO `SummitBadgeViewType` VALUES (16,'SummitBadgeViewType','2024-06-21 11:34:09','2024-06-21 11:34:09','VIEW 1','VIEW 1',1,27);
/*!40000 ALTER TABLE `SummitBadgeViewType` ENABLE KEYS */;
UNLOCK TABLES;

--
-- Table structure for table `SummitBadgeViewType_SummitBadgeType`
--

DROP TABLE IF EXISTS `SummitBadgeViewType_SummitBadgeType`;
/*!40101 SET @saved_cs_client     = @@character_set_client */;
/*!50503 SET character_set_client = utf8mb4 */;
CREATE TABLE `SummitBadgeViewType_SummitBadgeType` (
  `ID` int NOT NULL AUTO_INCREMENT,
  `ClassName` varchar(255) COLLATE utf8mb3_unicode_ci NOT NULL DEFAULT 'SummitBadgeViewType',
  `SummitBadgeViewTypeID` int DEFAULT NULL,
  `SummitBadgeTypeID` int DEFAULT NULL,
  PRIMARY KEY (`ID`),
  UNIQUE KEY `IDX_SummitBadgeViewTypeID_SummitBadgeTypeID` (`SummitBadgeViewTypeID`,`SummitBadgeTypeID`),
  KEY `ClassName` (`ClassName`),
  KEY `SummitBadgeTypeID` (`SummitBadgeTypeID`),
  KEY `SummitBadgeViewTypeID` (`SummitBadgeViewTypeID`),
  CONSTRAINT `FK_SummitBadgeViewType_SummitBadgeType_SummitBadgeType` FOREIGN KEY (`SummitBadgeTypeID`) REFERENCES `SummitBadgeType` (`ID`) ON DELETE CASCADE,
  CONSTRAINT `FK_SummitBadgeViewType_SummitBadgeType_SummitBadgeViewType` FOREIGN KEY (`SummitBadgeViewTypeID`) REFERENCES `SummitBadgeViewType` (`ID`) ON DELETE CASCADE
) ENGINE=InnoDB DEFAULT CHARSET=utf8mb3 COLLATE=utf8mb3_unicode_ci;
/*!40101 SET character_set_client = @saved_cs_client */;

--
-- Dumping data for table `SummitBadgeViewType_SummitBadgeType`
--

LOCK TABLES `SummitBadgeViewType_SummitBadgeType` WRITE;
/*!40000 ALTER TABLE `SummitBadgeViewType_SummitBadgeType` DISABLE KEYS */;
/*!40000 ALTER TABLE `SummitBadgeViewType_SummitBadgeType` ENABLE KEYS */;
UNLOCK TABLES;

--
-- Table structure for table `SummitBanner`
--

DROP TABLE IF EXISTS `SummitBanner`;
/*!40101 SET @saved_cs_client     = @@character_set_client */;
/*!50503 SET character_set_client = utf8mb4 */;
CREATE TABLE `SummitBanner` (
  `ID` int NOT NULL AUTO_INCREMENT,
  `ClassName` enum('SummitBanner') CHARACTER SET utf8mb3 COLLATE utf8mb3_general_ci DEFAULT 'SummitBanner',
  `LastEdited` datetime DEFAULT NULL,
  `Created` datetime DEFAULT NULL,
  `Name` varchar(255) CHARACTER SET utf8mb3 COLLATE utf8mb3_general_ci DEFAULT NULL,
  `MainText` mediumtext CHARACTER SET utf8mb3 COLLATE utf8mb3_general_ci,
  `MainTextColor` varchar(6) CHARACTER SET utf8mb3 COLLATE utf8mb3_general_ci DEFAULT NULL,
  `SeparatorColor` varchar(6) CHARACTER SET utf8mb3 COLLATE utf8mb3_general_ci DEFAULT NULL,
  `BackgroundColor` varchar(6) CHARACTER SET utf8mb3 COLLATE utf8mb3_general_ci DEFAULT NULL,
  `ButtonText` mediumtext CHARACTER SET utf8mb3 COLLATE utf8mb3_general_ci,
  `ButtonLink` varchar(255) CHARACTER SET utf8mb3 COLLATE utf8mb3_general_ci DEFAULT NULL,
  `ButtonColor` varchar(6) CHARACTER SET utf8mb3 COLLATE utf8mb3_general_ci DEFAULT NULL,
  `ButtonTextColor` varchar(6) CHARACTER SET utf8mb3 COLLATE utf8mb3_general_ci DEFAULT NULL,
  `SmallText` mediumtext CHARACTER SET utf8mb3 COLLATE utf8mb3_general_ci,
  `SmallTextColor` varchar(6) CHARACTER SET utf8mb3 COLLATE utf8mb3_general_ci DEFAULT NULL,
  `Template` enum('HighlightBar','Editorial') CHARACTER SET utf8mb3 COLLATE utf8mb3_general_ci DEFAULT 'HighlightBar',
  `Enabled` tinyint unsigned NOT NULL DEFAULT '1',
  `LogoID` int DEFAULT NULL,
  `PictureID` int DEFAULT NULL,
  `ParentPageID` int DEFAULT NULL,
  PRIMARY KEY (`ID`),
  KEY `ClassName` (`ClassName`),
  KEY `LogoID` (`LogoID`),
  KEY `ParentPageID` (`ParentPageID`),
  KEY `PictureID` (`PictureID`)
) ENGINE=InnoDB DEFAULT CHARSET=latin1;
/*!40101 SET character_set_client = @saved_cs_client */;

--
-- Dumping data for table `SummitBanner`
--

LOCK TABLES `SummitBanner` WRITE;
/*!40000 ALTER TABLE `SummitBanner` DISABLE KEYS */;
/*!40000 ALTER TABLE `SummitBanner` ENABLE KEYS */;
UNLOCK TABLES;

--
-- Table structure for table `SummitBookableVenueRoom`
--

DROP TABLE IF EXISTS `SummitBookableVenueRoom`;
/*!40101 SET @saved_cs_client     = @@character_set_client */;
/*!50503 SET character_set_client = utf8mb4 */;
CREATE TABLE `SummitBookableVenueRoom` (
  `ID` int NOT NULL AUTO_INCREMENT,
  `TimeSlotCost` int NOT NULL DEFAULT '0',
  `Currency` varchar(3) CHARACTER SET utf8mb3 COLLATE utf8mb3_general_ci DEFAULT NULL,
  PRIMARY KEY (`ID`)
) ENGINE=InnoDB DEFAULT CHARSET=latin1;
/*!40101 SET character_set_client = @saved_cs_client */;

--
-- Dumping data for table `SummitBookableVenueRoom`
--

LOCK TABLES `SummitBookableVenueRoom` WRITE;
/*!40000 ALTER TABLE `SummitBookableVenueRoom` DISABLE KEYS */;
/*!40000 ALTER TABLE `SummitBookableVenueRoom` ENABLE KEYS */;
UNLOCK TABLES;

--
-- Table structure for table `SummitBookableVenueRoomAttributeType`
--

DROP TABLE IF EXISTS `SummitBookableVenueRoomAttributeType`;
/*!40101 SET @saved_cs_client     = @@character_set_client */;
/*!50503 SET character_set_client = utf8mb4 */;
CREATE TABLE `SummitBookableVenueRoomAttributeType` (
  `ID` int NOT NULL AUTO_INCREMENT,
  `ClassName` enum('SummitBookableVenueRoomAttributeType') CHARACTER SET utf8mb3 COLLATE utf8mb3_general_ci DEFAULT 'SummitBookableVenueRoomAttributeType',
  `LastEdited` datetime DEFAULT NULL,
  `Created` datetime DEFAULT NULL,
  `Type` varchar(255) CHARACTER SET utf8mb3 COLLATE utf8mb3_general_ci DEFAULT NULL,
  `SummitID` int DEFAULT NULL,
  PRIMARY KEY (`ID`),
  UNIQUE KEY `SummitID_Type` (`SummitID`,`Type`),
  KEY `ClassName` (`ClassName`),
  KEY `SummitID` (`SummitID`)
) ENGINE=InnoDB DEFAULT CHARSET=latin1;
/*!40101 SET character_set_client = @saved_cs_client */;

--
-- Dumping data for table `SummitBookableVenueRoomAttributeType`
--

LOCK TABLES `SummitBookableVenueRoomAttributeType` WRITE;
/*!40000 ALTER TABLE `SummitBookableVenueRoomAttributeType` DISABLE KEYS */;
/*!40000 ALTER TABLE `SummitBookableVenueRoomAttributeType` ENABLE KEYS */;
UNLOCK TABLES;

--
-- Table structure for table `SummitBookableVenueRoomAttributeValue`
--

DROP TABLE IF EXISTS `SummitBookableVenueRoomAttributeValue`;
/*!40101 SET @saved_cs_client     = @@character_set_client */;
/*!50503 SET character_set_client = utf8mb4 */;
CREATE TABLE `SummitBookableVenueRoomAttributeValue` (
  `ID` int NOT NULL AUTO_INCREMENT,
  `ClassName` enum('SummitBookableVenueRoomAttributeValue') CHARACTER SET utf8mb3 COLLATE utf8mb3_general_ci DEFAULT 'SummitBookableVenueRoomAttributeValue',
  `LastEdited` datetime DEFAULT NULL,
  `Created` datetime DEFAULT NULL,
  `Value` varchar(255) CHARACTER SET utf8mb3 COLLATE utf8mb3_general_ci DEFAULT NULL,
  `TypeID` int DEFAULT NULL,
  PRIMARY KEY (`ID`),
  UNIQUE KEY `TypeID_Value` (`TypeID`,`Value`),
  KEY `ClassName` (`ClassName`),
  KEY `TypeID` (`TypeID`)
) ENGINE=InnoDB DEFAULT CHARSET=latin1;
/*!40101 SET character_set_client = @saved_cs_client */;

--
-- Dumping data for table `SummitBookableVenueRoomAttributeValue`
--

LOCK TABLES `SummitBookableVenueRoomAttributeValue` WRITE;
/*!40000 ALTER TABLE `SummitBookableVenueRoomAttributeValue` DISABLE KEYS */;
/*!40000 ALTER TABLE `SummitBookableVenueRoomAttributeValue` ENABLE KEYS */;
UNLOCK TABLES;

--
-- Table structure for table `SummitBookableVenueRoom_Attributes`
--

DROP TABLE IF EXISTS `SummitBookableVenueRoom_Attributes`;
/*!40101 SET @saved_cs_client     = @@character_set_client */;
/*!50503 SET character_set_client = utf8mb4 */;
CREATE TABLE `SummitBookableVenueRoom_Attributes` (
  `ID` int NOT NULL AUTO_INCREMENT,
  `SummitBookableVenueRoomID` int NOT NULL DEFAULT '0',
  `SummitBookableVenueRoomAttributeValueID` int NOT NULL DEFAULT '0',
  PRIMARY KEY (`ID`),
  KEY `SummitBookableVenueRoomAttributeValueID` (`SummitBookableVenueRoomAttributeValueID`),
  KEY `SummitBookableVenueRoomID` (`SummitBookableVenueRoomID`)
) ENGINE=InnoDB DEFAULT CHARSET=latin1;
/*!40101 SET character_set_client = @saved_cs_client */;

--
-- Dumping data for table `SummitBookableVenueRoom_Attributes`
--

LOCK TABLES `SummitBookableVenueRoom_Attributes` WRITE;
/*!40000 ALTER TABLE `SummitBookableVenueRoom_Attributes` DISABLE KEYS */;
/*!40000 ALTER TABLE `SummitBookableVenueRoom_Attributes` ENABLE KEYS */;
UNLOCK TABLES;

--
-- Table structure for table `SummitCategoriesPage`
--

DROP TABLE IF EXISTS `SummitCategoriesPage`;
/*!40101 SET @saved_cs_client     = @@character_set_client */;
/*!50503 SET character_set_client = utf8mb4 */;
CREATE TABLE `SummitCategoriesPage` (
  `ID` int NOT NULL AUTO_INCREMENT,
  `HeaderTitle` mediumtext CHARACTER SET utf8mb3 COLLATE utf8mb3_general_ci,
  `HeaderText` mediumtext CHARACTER SET utf8mb3 COLLATE utf8mb3_general_ci,
  PRIMARY KEY (`ID`)
) ENGINE=InnoDB DEFAULT CHARSET=latin1;
/*!40101 SET character_set_client = @saved_cs_client */;

--
-- Dumping data for table `SummitCategoriesPage`
--

LOCK TABLES `SummitCategoriesPage` WRITE;
/*!40000 ALTER TABLE `SummitCategoriesPage` DISABLE KEYS */;
/*!40000 ALTER TABLE `SummitCategoriesPage` ENABLE KEYS */;
UNLOCK TABLES;

--
-- Table structure for table `SummitCategoriesPage_Live`
--

DROP TABLE IF EXISTS `SummitCategoriesPage_Live`;
/*!40101 SET @saved_cs_client     = @@character_set_client */;
/*!50503 SET character_set_client = utf8mb4 */;
CREATE TABLE `SummitCategoriesPage_Live` (
  `ID` int NOT NULL AUTO_INCREMENT,
  `HeaderTitle` mediumtext CHARACTER SET utf8mb3 COLLATE utf8mb3_general_ci,
  `HeaderText` mediumtext CHARACTER SET utf8mb3 COLLATE utf8mb3_general_ci,
  PRIMARY KEY (`ID`)
) ENGINE=InnoDB DEFAULT CHARSET=latin1;
/*!40101 SET character_set_client = @saved_cs_client */;

--
-- Dumping data for table `SummitCategoriesPage_Live`
--

LOCK TABLES `SummitCategoriesPage_Live` WRITE;
/*!40000 ALTER TABLE `SummitCategoriesPage_Live` DISABLE KEYS */;
/*!40000 ALTER TABLE `SummitCategoriesPage_Live` ENABLE KEYS */;
UNLOCK TABLES;

--
-- Table structure for table `SummitCategoriesPage_versions`
--

DROP TABLE IF EXISTS `SummitCategoriesPage_versions`;
/*!40101 SET @saved_cs_client     = @@character_set_client */;
/*!50503 SET character_set_client = utf8mb4 */;
CREATE TABLE `SummitCategoriesPage_versions` (
  `ID` int NOT NULL AUTO_INCREMENT,
  `RecordID` int NOT NULL DEFAULT '0',
  `Version` int NOT NULL DEFAULT '0',
  `HeaderTitle` mediumtext CHARACTER SET utf8mb3 COLLATE utf8mb3_general_ci,
  `HeaderText` mediumtext CHARACTER SET utf8mb3 COLLATE utf8mb3_general_ci,
  PRIMARY KEY (`ID`),
  UNIQUE KEY `RecordID_Version` (`RecordID`,`Version`),
  KEY `RecordID` (`RecordID`),
  KEY `Version` (`Version`)
) ENGINE=InnoDB DEFAULT CHARSET=latin1;
/*!40101 SET character_set_client = @saved_cs_client */;

--
-- Dumping data for table `SummitCategoriesPage_versions`
--

LOCK TABLES `SummitCategoriesPage_versions` WRITE;
/*!40000 ALTER TABLE `SummitCategoriesPage_versions` DISABLE KEYS */;
/*!40000 ALTER TABLE `SummitCategoriesPage_versions` ENABLE KEYS */;
UNLOCK TABLES;

--
-- Table structure for table `SummitCategoryChange`
--

DROP TABLE IF EXISTS `SummitCategoryChange`;
/*!40101 SET @saved_cs_client     = @@character_set_client */;
/*!50503 SET character_set_client = utf8mb4 */;
CREATE TABLE `SummitCategoryChange` (
  `ID` int NOT NULL AUTO_INCREMENT,
  `ClassName` enum('SummitCategoryChange') CHARACTER SET utf8mb3 COLLATE utf8mb3_general_ci DEFAULT 'SummitCategoryChange',
  `LastEdited` datetime DEFAULT NULL,
  `Created` datetime DEFAULT NULL,
  `Comment` varchar(50) CHARACTER SET utf8mb3 COLLATE utf8mb3_general_ci DEFAULT NULL,
  `ApprovalDate` datetime DEFAULT NULL,
  `Status` int NOT NULL DEFAULT '0',
  `Reason` mediumtext CHARACTER SET utf8mb3 COLLATE utf8mb3_general_ci,
  `NewCategoryID` int DEFAULT NULL,
  `OldCategoryID` int DEFAULT NULL,
  `PresentationID` int DEFAULT NULL,
  `ReqesterID` int DEFAULT NULL,
  `OldCatApproverID` int DEFAULT NULL,
  `NewCatApproverID` int DEFAULT NULL,
  `AdminApproverID` int DEFAULT NULL,
  PRIMARY KEY (`ID`),
  KEY `AdminApproverID` (`AdminApproverID`),
  KEY `ClassName` (`ClassName`),
  KEY `NewCatApproverID` (`NewCatApproverID`),
  KEY `NewCategoryID` (`NewCategoryID`),
  KEY `OldCatApproverID` (`OldCatApproverID`),
  KEY `OldCategoryID` (`OldCategoryID`),
  KEY `PresentationID` (`PresentationID`),
  KEY `ReqesterID` (`ReqesterID`)
) ENGINE=InnoDB DEFAULT CHARSET=latin1;
/*!40101 SET character_set_client = @saved_cs_client */;

--
-- Dumping data for table `SummitCategoryChange`
--

LOCK TABLES `SummitCategoryChange` WRITE;
/*!40000 ALTER TABLE `SummitCategoryChange` DISABLE KEYS */;
/*!40000 ALTER TABLE `SummitCategoryChange` ENABLE KEYS */;
UNLOCK TABLES;

--
-- Table structure for table `SummitDocument`
--

DROP TABLE IF EXISTS `SummitDocument`;
/*!40101 SET @saved_cs_client     = @@character_set_client */;
/*!50503 SET character_set_client = utf8mb4 */;
CREATE TABLE `SummitDocument` (
  `ID` int NOT NULL AUTO_INCREMENT,
  `Created` datetime NOT NULL,
  `LastEdited` datetime NOT NULL,
  `ClassName` varchar(255) COLLATE utf8mb3_unicode_ci NOT NULL,
  `Name` varchar(255) COLLATE utf8mb3_unicode_ci NOT NULL,
  `Description` varchar(255) COLLATE utf8mb3_unicode_ci NOT NULL,
  `Label` varchar(255) COLLATE utf8mb3_unicode_ci NOT NULL,
  `FileID` int DEFAULT NULL,
  `SummitID` int DEFAULT NULL,
  `ShowAlways` tinyint(1) NOT NULL DEFAULT '0',
  `SelectionPlanID` int DEFAULT NULL,
  `WebLink` varchar(256) COLLATE utf8mb3_unicode_ci DEFAULT NULL,
  PRIMARY KEY (`ID`),
  KEY `FileID` (`FileID`),
  KEY `IDX_SummitDocument_SelectionPlanID` (`SelectionPlanID`),
  KEY `SummitID` (`SummitID`),
  CONSTRAINT `FK_C43764E590CF7278` FOREIGN KEY (`SummitID`) REFERENCES `Summit` (`ID`) ON DELETE CASCADE,
  CONSTRAINT `FK_C43764E593076D5B` FOREIGN KEY (`FileID`) REFERENCES `File` (`ID`) ON DELETE CASCADE,
  CONSTRAINT `FK_SummitDocument_SelectionPlan` FOREIGN KEY (`SelectionPlanID`) REFERENCES `SelectionPlan` (`ID`) ON DELETE SET NULL
) ENGINE=InnoDB DEFAULT CHARSET=utf8mb3 COLLATE=utf8mb3_unicode_ci;
/*!40101 SET character_set_client = @saved_cs_client */;

--
-- Dumping data for table `SummitDocument`
--

LOCK TABLES `SummitDocument` WRITE;
/*!40000 ALTER TABLE `SummitDocument` DISABLE KEYS */;
/*!40000 ALTER TABLE `SummitDocument` ENABLE KEYS */;
UNLOCK TABLES;

--
-- Table structure for table `SummitDocument_EventTypes`
--

DROP TABLE IF EXISTS `SummitDocument_EventTypes`;
/*!40101 SET @saved_cs_client     = @@character_set_client */;
/*!50503 SET character_set_client = utf8mb4 */;
CREATE TABLE `SummitDocument_EventTypes` (
  `ID` int NOT NULL AUTO_INCREMENT,
  `SummitDocumentID` int DEFAULT NULL,
  `SummitEventTypeID` int DEFAULT NULL,
  PRIMARY KEY (`ID`),
  UNIQUE KEY `UNIQ_CCDB2615780505E5DF6E48FA` (`SummitDocumentID`,`SummitEventTypeID`),
  KEY `SummitDocumentID` (`SummitDocumentID`),
  KEY `SummitEventTypeID` (`SummitEventTypeID`)
) ENGINE=InnoDB DEFAULT CHARSET=utf8mb3 COLLATE=utf8mb3_unicode_ci;
/*!40101 SET character_set_client = @saved_cs_client */;

--
-- Dumping data for table `SummitDocument_EventTypes`
--

LOCK TABLES `SummitDocument_EventTypes` WRITE;
/*!40000 ALTER TABLE `SummitDocument_EventTypes` DISABLE KEYS */;
/*!40000 ALTER TABLE `SummitDocument_EventTypes` ENABLE KEYS */;
UNLOCK TABLES;

--
-- Table structure for table `SummitEmailEventFlow`
--

DROP TABLE IF EXISTS `SummitEmailEventFlow`;
/*!40101 SET @saved_cs_client     = @@character_set_client */;
/*!50503 SET character_set_client = utf8mb4 */;
CREATE TABLE `SummitEmailEventFlow` (
  `ID` int NOT NULL AUTO_INCREMENT,
  `Created` datetime NOT NULL,
  `LastEdited` datetime NOT NULL,
  `ClassName` enum('SummitEmailEventFlow') CHARACTER SET utf8mb3 COLLATE utf8mb3_general_ci DEFAULT 'SummitEmailEventFlow',
  `EmailTemplateIdentifier` varchar(255) COLLATE utf8mb3_unicode_ci NOT NULL,
  `SummitEmailEventFlowTypeID` int DEFAULT NULL,
  `SummitID` int DEFAULT NULL,
  `EmailRecipients` varchar(1024) COLLATE utf8mb3_unicode_ci DEFAULT 'NULL',
  PRIMARY KEY (`ID`),
  KEY `SummitEmailEventFlowTypeID` (`SummitEmailEventFlowTypeID`),
  KEY `SummitID` (`SummitID`),
  CONSTRAINT `FK_3BF9423B38E81E75` FOREIGN KEY (`SummitEmailEventFlowTypeID`) REFERENCES `SummitEmailEventFlowType` (`ID`) ON DELETE CASCADE,
  CONSTRAINT `FK_3BF9423B90CF7278` FOREIGN KEY (`SummitID`) REFERENCES `Summit` (`ID`) ON DELETE CASCADE
) ENGINE=InnoDB DEFAULT CHARSET=utf8mb3 COLLATE=utf8mb3_unicode_ci;
/*!40101 SET character_set_client = @saved_cs_client */;

--
-- Dumping data for table `SummitEmailEventFlow`
--

LOCK TABLES `SummitEmailEventFlow` WRITE;
/*!40000 ALTER TABLE `SummitEmailEventFlow` DISABLE KEYS */;
/*!40000 ALTER TABLE `SummitEmailEventFlow` ENABLE KEYS */;
UNLOCK TABLES;

--
-- Table structure for table `SummitEmailEventFlowType`
--

DROP TABLE IF EXISTS `SummitEmailEventFlowType`;
/*!40101 SET @saved_cs_client     = @@character_set_client */;
/*!50503 SET character_set_client = utf8mb4 */;
CREATE TABLE `SummitEmailEventFlowType` (
  `ID` int NOT NULL AUTO_INCREMENT,
  `Created` datetime NOT NULL,
  `LastEdited` datetime NOT NULL,
  `ClassName` enum('SummitEmailEventFlowType') CHARACTER SET utf8mb3 COLLATE utf8mb3_general_ci DEFAULT 'SummitEmailEventFlowType',
  `Slug` varchar(255) COLLATE utf8mb3_unicode_ci NOT NULL,
  `Name` varchar(255) COLLATE utf8mb3_unicode_ci NOT NULL,
  `DefaultEmailTemplateIdentifier` varchar(255) COLLATE utf8mb3_unicode_ci NOT NULL,
  `SummitEmailFlowTypeID` int DEFAULT NULL,
  PRIMARY KEY (`ID`),
  KEY `SummitEmailFlowTypeID` (`SummitEmailFlowTypeID`),
  CONSTRAINT `FK_CAD6DC9D19C90B6` FOREIGN KEY (`SummitEmailFlowTypeID`) REFERENCES `SummitEmailFlowType` (`ID`) ON DELETE CASCADE
) ENGINE=InnoDB DEFAULT CHARSET=utf8mb3 COLLATE=utf8mb3_unicode_ci;
/*!40101 SET character_set_client = @saved_cs_client */;

--
-- Dumping data for table `SummitEmailEventFlowType`
--

LOCK TABLES `SummitEmailEventFlowType` WRITE;
/*!40000 ALTER TABLE `SummitEmailEventFlowType` DISABLE KEYS */;
/*!40000 ALTER TABLE `SummitEmailEventFlowType` ENABLE KEYS */;
UNLOCK TABLES;

--
-- Table structure for table `SummitEmailFlowType`
--

DROP TABLE IF EXISTS `SummitEmailFlowType`;
/*!40101 SET @saved_cs_client     = @@character_set_client */;
/*!50503 SET character_set_client = utf8mb4 */;
CREATE TABLE `SummitEmailFlowType` (
  `ID` int NOT NULL AUTO_INCREMENT,
  `Created` datetime NOT NULL,
  `LastEdited` datetime NOT NULL,
  `ClassName` enum('SummitEmailFlowType') CHARACTER SET utf8mb3 COLLATE utf8mb3_general_ci DEFAULT 'SummitEmailFlowType',
  `Name` varchar(255) COLLATE utf8mb3_unicode_ci NOT NULL,
  PRIMARY KEY (`ID`)
) ENGINE=InnoDB DEFAULT CHARSET=utf8mb3 COLLATE=utf8mb3_unicode_ci;
/*!40101 SET character_set_client = @saved_cs_client */;

--
-- Dumping data for table `SummitEmailFlowType`
--

LOCK TABLES `SummitEmailFlowType` WRITE;
/*!40000 ALTER TABLE `SummitEmailFlowType` DISABLE KEYS */;
/*!40000 ALTER TABLE `SummitEmailFlowType` ENABLE KEYS */;
UNLOCK TABLES;

--
-- Table structure for table `SummitEntityEvent`
--

DROP TABLE IF EXISTS `SummitEntityEvent`;
/*!40101 SET @saved_cs_client     = @@character_set_client */;
/*!50503 SET character_set_client = utf8mb4 */;
CREATE TABLE `SummitEntityEvent` (
  `ID` int NOT NULL AUTO_INCREMENT,
  `ClassName` enum('SummitEntityEvent') CHARACTER SET utf8mb3 COLLATE utf8mb3_general_ci DEFAULT 'SummitEntityEvent',
  `LastEdited` datetime DEFAULT NULL,
  `Created` datetime DEFAULT NULL,
  `EntityID` int NOT NULL DEFAULT '0',
  `EntityClassName` mediumtext CHARACTER SET utf8mb3 COLLATE utf8mb3_general_ci,
  `Type` enum('UPDATE','INSERT','DELETE') CHARACTER SET utf8mb3 COLLATE utf8mb3_general_ci DEFAULT 'UPDATE',
  `Metadata` mediumtext CHARACTER SET utf8mb3 COLLATE utf8mb3_general_ci,
  `SummitID` int DEFAULT NULL,
  `OwnerID` int DEFAULT NULL,
  PRIMARY KEY (`ID`),
  KEY `ClassName` (`ClassName`),
  KEY `OwnerID` (`OwnerID`),
  KEY `SummitID` (`SummitID`)
) ENGINE=InnoDB DEFAULT CHARSET=latin1;
/*!40101 SET character_set_client = @saved_cs_client */;

--
-- Dumping data for table `SummitEntityEvent`
--

LOCK TABLES `SummitEntityEvent` WRITE;
/*!40000 ALTER TABLE `SummitEntityEvent` DISABLE KEYS */;
/*!40000 ALTER TABLE `SummitEntityEvent` ENABLE KEYS */;
UNLOCK TABLES;

--
-- Table structure for table `SummitEvent`
--

DROP TABLE IF EXISTS `SummitEvent`;
/*!40101 SET @saved_cs_client     = @@character_set_client */;
/*!50503 SET character_set_client = utf8mb4 */;
CREATE TABLE `SummitEvent` (
  `ID` int NOT NULL AUTO_INCREMENT,
  `ClassName` enum('SummitEvent','SummitEventWithFile','SummitGroupEvent','Presentation') CHARACTER SET utf8mb3 COLLATE utf8mb3_general_ci DEFAULT 'SummitEvent',
  `LastEdited` datetime DEFAULT NULL,
  `Created` datetime DEFAULT NULL,
  `Title` mediumtext CHARACTER SET utf8mb3 COLLATE utf8mb3_general_ci,
  `Abstract` mediumtext CHARACTER SET utf8mb3 COLLATE utf8mb3_general_ci,
  `SocialSummary` varchar(500) CHARACTER SET utf8mb3 COLLATE utf8mb3_general_ci DEFAULT NULL,
  `StartDate` datetime DEFAULT NULL,
  `EndDate` datetime DEFAULT NULL,
  `Published` tinyint unsigned NOT NULL DEFAULT '0',
  `PublishedDate` datetime DEFAULT NULL,
  `AllowFeedBack` tinyint unsigned NOT NULL DEFAULT '0',
  `AvgFeedbackRate` float NOT NULL DEFAULT '0',
  `HeadCount` int NOT NULL DEFAULT '0',
  `RSVPLink` mediumtext CHARACTER SET utf8mb3 COLLATE utf8mb3_general_ci,
  `RSVPMaxUserNumber` int NOT NULL DEFAULT '0',
  `RSVPMaxUserWaitListNumber` int NOT NULL DEFAULT '0',
  `Occupancy` enum('EMPTY','25%','50%','75%','FULL','OVERFLOW') CHARACTER SET utf8mb3 COLLATE utf8mb3_general_ci DEFAULT 'EMPTY',
  `ExternalId` mediumtext CHARACTER SET utf8mb3 COLLATE utf8mb3_general_ci,
  `LocationID` int DEFAULT NULL,
  `SummitID` int DEFAULT NULL,
  `TypeID` int DEFAULT NULL,
  `RSVPTemplateID` int DEFAULT NULL,
  `CategoryID` int DEFAULT NULL,
  `StreamingUrl` longtext,
  `EtherpadLink` longtext,
  `MeetingUrl` longtext,
  `ImageID` int DEFAULT NULL,
  `MuxPlaybackID` longtext,
  `MuxAssetID` longtext,
  `Level` enum('Beginner','Intermediate','Advanced','N/A') CHARACTER SET utf8mb3 COLLATE utf8mb3_general_ci DEFAULT 'Beginner',
  `CreatedByID` int DEFAULT NULL,
  `UpdatedByID` int DEFAULT NULL,
  `StreamingType` varchar(4) NOT NULL DEFAULT 'LIVE',
  `ShowSponsors` tinyint(1) NOT NULL DEFAULT '0',
  `DurationInSeconds` int NOT NULL DEFAULT '0',
  `StreamIsSecure` tinyint(1) NOT NULL DEFAULT '0',
  PRIMARY KEY (`ID`),
  KEY `CategoryID` (`CategoryID`),
  KEY `ClassName` (`ClassName`),
  KEY `CreatedByID` (`CreatedByID`),
  KEY `ImageID` (`ImageID`),
  KEY `LocationID` (`LocationID`),
  KEY `RSVPTemplateID` (`RSVPTemplateID`),
  KEY `SummitID` (`SummitID`),
  KEY `TypeID` (`TypeID`),
  KEY `UpdatedByID` (`UpdatedByID`),
  CONSTRAINT `FK_Summit_event_RSVPTemplate` FOREIGN KEY (`RSVPTemplateID`) REFERENCES `RSVPTemplate` (`ID`) ON DELETE SET NULL,
  CONSTRAINT `FK_Summit_Event_UpdatedBy` FOREIGN KEY (`UpdatedByID`) REFERENCES `Member` (`ID`) ON DELETE SET NULL,
  CONSTRAINT `FK_SummitEvent_CreatedBy` FOREIGN KEY (`CreatedByID`) REFERENCES `Member` (`ID`) ON DELETE SET NULL,
  CONSTRAINT `FK_SummitEvent_Image` FOREIGN KEY (`ImageID`) REFERENCES `File` (`ID`) ON DELETE CASCADE,
  CONSTRAINT `FK_SummitEvent_PresentationCategory` FOREIGN KEY (`CategoryID`) REFERENCES `PresentationCategory` (`ID`) ON DELETE SET NULL,
  CONSTRAINT `FK_SummitEvent_Summit` FOREIGN KEY (`SummitID`) REFERENCES `Summit` (`ID`) ON DELETE SET NULL,
  CONSTRAINT `FK_SummitEvent_SummitAbstractLocation` FOREIGN KEY (`LocationID`) REFERENCES `SummitAbstractLocation` (`ID`) ON DELETE SET NULL,
  CONSTRAINT `FK_SummitEvent_SummitEventType` FOREIGN KEY (`TypeID`) REFERENCES `SummitEventType` (`ID`) ON DELETE SET NULL
) ENGINE=InnoDB AUTO_INCREMENT=1121 DEFAULT CHARSET=latin1;
/*!40101 SET character_set_client = @saved_cs_client */;

--
-- Dumping data for table `SummitEvent`
--

LOCK TABLES `SummitEvent` WRITE;
/*!40000 ALTER TABLE `SummitEvent` DISABLE KEYS */;
INSERT INTO `SummitEvent` VALUES (161,'Presentation','2024-06-21 04:33:45','2024-06-21 04:33:45','Presentation Title 0 VOfBKVzylRDV6ICL','Presentation Abstract 0 ZYzxuEY0mZ8VRTM3',NULL,'2024-06-21 09:33:45','2024-06-22 09:33:45',1,'2024-06-21 09:33:45',0,0,0,NULL,0,0,NULL,NULL,NULL,NULL,NULL,NULL,5,NULL,NULL,NULL,NULL,NULL,NULL,NULL,NULL,NULL,'LIVE',0,86400,0),(162,'Presentation','2024-06-21 04:33:45','2024-06-21 04:33:45','Presentation Title 1 GZGh53nxOXPVG7Tj','Presentation Abstract 1 9DdG1pYqoNPqhppZ',NULL,'2024-06-22 09:33:45','2024-06-23 09:33:45',1,'2024-06-21 09:33:45',0,0,0,NULL,0,0,NULL,NULL,NULL,NULL,NULL,NULL,5,NULL,NULL,NULL,NULL,NULL,NULL,NULL,NULL,NULL,'LIVE',0,86400,0),(163,'Presentation','2024-06-21 04:33:45','2024-06-21 04:33:45','Presentation Title 2 rAZO7ehSUBFQQXYH','Presentation Abstract 2 IfKaITOHdlI1d7PX',NULL,'2024-06-23 09:33:45','2024-06-24 09:33:45',1,'2024-06-21 09:33:45',0,0,0,NULL,0,0,NULL,NULL,NULL,NULL,NULL,NULL,5,NULL,NULL,NULL,NULL,NULL,NULL,NULL,NULL,NULL,'LIVE',0,86400,0),(164,'Presentation','2024-06-21 04:33:45','2024-06-21 04:33:45','Presentation Title 3 Iq9AYF4jFsXN8GlM','Presentation Abstract 3 JpsTodF6v1GzcNU0',NULL,'2024-06-24 09:33:45','2024-06-25 09:33:45',1,'2024-06-21 09:33:45',0,0,0,NULL,0,0,NULL,NULL,NULL,NULL,NULL,NULL,5,NULL,NULL,NULL,NULL,NULL,NULL,NULL,NULL,NULL,'LIVE',0,86400,0),(165,'Presentation','2024-06-21 04:33:45','2024-06-21 04:33:45','Presentation Title 4 TvXsgX6UbP9y8i3C','Presentation Abstract 4 y5SKvqAzhXXoWf21',NULL,'2024-06-25 09:33:45','2024-06-26 09:33:45',1,'2024-06-21 09:33:45',0,0,0,NULL,0,0,NULL,NULL,NULL,NULL,NULL,NULL,5,NULL,NULL,NULL,NULL,NULL,NULL,NULL,NULL,NULL,'LIVE',0,86400,0),(166,'Presentation','2024-06-21 04:33:45','2024-06-21 04:33:45','Presentation Title 5 OXUprEb7SkDI7Atb','Presentation Abstract 5 GFxcYa1NrL4hlS0j',NULL,'2024-06-26 09:33:45','2024-06-27 09:33:45',1,'2024-06-21 09:33:45',0,0,0,NULL,0,0,NULL,NULL,NULL,NULL,NULL,NULL,5,NULL,NULL,NULL,NULL,NULL,NULL,NULL,NULL,NULL,'LIVE',0,86400,0),(167,'Presentation','2024-06-21 04:33:45','2024-06-21 04:33:45','Presentation Title 6 GDBnp8F3q8QSopFK','Presentation Abstract 6 pcirCXnfRkw4G4bz',NULL,'2024-06-27 09:33:45','2024-06-28 09:33:45',1,'2024-06-21 09:33:45',0,0,0,NULL,0,0,NULL,NULL,NULL,NULL,NULL,NULL,5,NULL,NULL,NULL,NULL,NULL,NULL,NULL,NULL,NULL,'LIVE',0,86400,0),(168,'Presentation','2024-06-21 04:33:45','2024-06-21 04:33:45','Presentation Title 7 AgsZHA7TKu7fkuj4','Presentation Abstract 7 Al6BanlNHGLwWbXz',NULL,'2024-06-28 09:33:45','2024-06-29 09:33:45',1,'2024-06-21 09:33:45',0,0,0,NULL,0,0,NULL,NULL,NULL,NULL,NULL,NULL,5,NULL,NULL,NULL,NULL,NULL,NULL,NULL,NULL,NULL,'LIVE',0,86400,0),(169,'Presentation','2024-06-21 04:33:45','2024-06-21 04:33:45','Presentation Title 8 bDu1XOELdgevocrq','Presentation Abstract 8 EZIaliFf1ARniG7M',NULL,'2024-06-29 09:33:45','2024-06-30 09:33:45',1,'2024-06-21 09:33:45',0,0,0,NULL,0,0,NULL,NULL,NULL,NULL,NULL,NULL,5,NULL,NULL,NULL,NULL,NULL,NULL,NULL,NULL,NULL,'LIVE',0,86400,0),(170,'Presentation','2024-06-21 04:33:45','2024-06-21 04:33:45','Presentation Title 9 kRMsePmoXF7OJKNE','Presentation Abstract 9 WyNGkTMm5XyH2php',NULL,'2024-06-30 09:33:45','2024-07-01 09:33:45',1,'2024-06-21 09:33:45',0,0,0,NULL,0,0,NULL,NULL,NULL,NULL,NULL,NULL,5,NULL,NULL,NULL,NULL,NULL,NULL,NULL,NULL,NULL,'LIVE',0,86400,0),(171,'Presentation','2024-06-21 04:33:45','2024-06-21 04:33:45','Presentation Title 10 gTWLgA72jICTZVSf','Presentation Abstract 10 XvWqvi12aUAJVcaZ',NULL,'2024-07-01 09:33:45','2024-07-02 09:33:45',1,'2024-06-21 09:33:45',0,0,0,NULL,0,0,NULL,NULL,NULL,NULL,NULL,NULL,5,NULL,NULL,NULL,NULL,NULL,NULL,NULL,NULL,NULL,'LIVE',0,86400,0),(172,'Presentation','2024-06-21 04:33:45','2024-06-21 04:33:45','Presentation Title 11 3qHuK1E0H5dKClwc','Presentation Abstract 11 c1gCf9JpSyCIR51X',NULL,'2024-07-02 09:33:45','2024-07-03 09:33:45',1,'2024-06-21 09:33:45',0,0,0,NULL,0,0,NULL,NULL,NULL,NULL,NULL,NULL,5,NULL,NULL,NULL,NULL,NULL,NULL,NULL,NULL,NULL,'LIVE',0,86400,0),(173,'Presentation','2024-06-21 04:33:45','2024-06-21 04:33:45','Presentation Title 12 gkwvJf6dgcMqlruz','Presentation Abstract 12 h25hyoy4bjwgwDhk',NULL,'2024-07-03 09:33:45','2024-07-04 09:33:45',1,'2024-06-21 09:33:45',0,0,0,NULL,0,0,NULL,NULL,NULL,NULL,NULL,NULL,5,NULL,NULL,NULL,NULL,NULL,NULL,NULL,NULL,NULL,'LIVE',0,86400,0),(174,'Presentation','2024-06-21 04:33:45','2024-06-21 04:33:45','Presentation Title 13 2NrpCSzsg8XQyhjn','Presentation Abstract 13 3UxBrOHSartrGUtV',NULL,'2024-07-04 09:33:45','2024-07-05 09:33:45',1,'2024-06-21 09:33:45',0,0,0,NULL,0,0,NULL,NULL,NULL,NULL,NULL,NULL,5,NULL,NULL,NULL,NULL,NULL,NULL,NULL,NULL,NULL,'LIVE',0,86400,0),(175,'Presentation','2024-06-21 04:33:45','2024-06-21 04:33:45','Presentation Title 14 u86SUBhgex3IIoAJ','Presentation Abstract 14 xskXlapgdOJOFTBC',NULL,'2024-07-05 09:33:45','2024-07-06 09:33:45',1,'2024-06-21 09:33:45',0,0,0,NULL,0,0,NULL,NULL,NULL,NULL,NULL,NULL,5,NULL,NULL,NULL,NULL,NULL,NULL,NULL,NULL,NULL,'LIVE',0,86400,0),(176,'Presentation','2024-06-21 04:33:45','2024-06-21 04:33:45','Presentation Title 15 Mgv9TZ2Bc934Vcz8','Presentation Abstract 15 63j3Ro1XZKSnmzLj',NULL,'2024-07-06 09:33:45','2024-07-07 09:33:45',1,'2024-06-21 09:33:45',0,0,0,NULL,0,0,NULL,NULL,NULL,NULL,NULL,NULL,5,NULL,NULL,NULL,NULL,NULL,NULL,NULL,NULL,NULL,'LIVE',0,86400,0),(177,'Presentation','2024-06-21 04:33:45','2024-06-21 04:33:45','Presentation Title 16 cLW6HDpusWeOyL9U','Presentation Abstract 16 C9Yn0ezelbXQALBG',NULL,'2024-07-07 09:33:45','2024-07-08 09:33:45',1,'2024-06-21 09:33:45',0,0,0,NULL,0,0,NULL,NULL,NULL,NULL,NULL,NULL,5,NULL,NULL,NULL,NULL,NULL,NULL,NULL,NULL,NULL,'LIVE',0,86400,0),(178,'Presentation','2024-06-21 04:33:45','2024-06-21 04:33:45','Presentation Title 17 loLlJ8IzERCEe8At','Presentation Abstract 17 5FcQ6deK7H8DS8Bk',NULL,'2024-07-08 09:33:45','2024-07-09 09:33:45',1,'2024-06-21 09:33:45',0,0,0,NULL,0,0,NULL,NULL,NULL,NULL,NULL,NULL,5,NULL,NULL,NULL,NULL,NULL,NULL,NULL,NULL,NULL,'LIVE',0,86400,0),(179,'Presentation','2024-06-21 04:33:45','2024-06-21 04:33:45','Presentation Title 18 Tg44qtd4hkTcKQFG','Presentation Abstract 18 DtCrZSpV0MCAb7zI',NULL,'2024-07-09 09:33:45','2024-07-10 09:33:45',1,'2024-06-21 09:33:45',0,0,0,NULL,0,0,NULL,NULL,NULL,NULL,NULL,NULL,5,NULL,NULL,NULL,NULL,NULL,NULL,NULL,NULL,NULL,'LIVE',0,86400,0),(180,'Presentation','2024-06-21 04:33:45','2024-06-21 04:33:45','Presentation Title 19 6NLCjYW8ndJfdAwT','Presentation Abstract 19 xfmpxWyvrqykJ8sP',NULL,'2024-07-10 09:33:45','2024-07-11 09:33:45',1,'2024-06-21 09:33:45',0,0,0,NULL,0,0,NULL,NULL,NULL,NULL,NULL,NULL,5,NULL,NULL,NULL,NULL,NULL,NULL,NULL,NULL,NULL,'LIVE',0,86400,0),(181,'Presentation','2024-06-21 04:33:45','2024-06-21 04:33:45','Presentation Title 20 H1sGDUWAC2lb04t0','Presentation Abstract 20 di0Fc2vloXvE7xgB',NULL,'2024-07-11 09:33:45','2024-07-12 09:33:45',1,'2024-06-21 09:33:45',0,0,0,NULL,0,0,NULL,NULL,43,NULL,NULL,NULL,5,NULL,NULL,NULL,NULL,NULL,NULL,NULL,NULL,NULL,'LIVE',0,86400,0),(182,'Presentation','2024-06-21 04:33:45','2024-06-21 04:33:45','Presentation Title 21 SNY5irp34SQBuWLH','Presentation Abstract 21 Cd9E2xE8Dc4kDeDs',NULL,'2024-07-12 09:33:45','2024-07-13 09:33:45',1,'2024-06-21 09:33:45',0,0,0,NULL,0,0,NULL,NULL,43,NULL,NULL,NULL,5,NULL,NULL,NULL,NULL,NULL,NULL,NULL,NULL,NULL,'LIVE',0,86400,0),(183,'Presentation','2024-06-21 04:33:45','2024-06-21 04:33:45','Presentation Title 22 012CC7O1PQUmhGX2','Presentation Abstract 22 lJkbpCoXMhraIuZO',NULL,'2024-07-13 09:33:45','2024-07-14 09:33:45',1,'2024-06-21 09:33:45',0,0,0,NULL,0,0,NULL,NULL,43,NULL,NULL,NULL,5,NULL,NULL,NULL,NULL,NULL,NULL,NULL,NULL,NULL,'LIVE',0,86400,0),(184,'Presentation','2024-06-21 04:33:45','2024-06-21 04:33:45','Presentation Title 23 yfIZanfbxtXAMw2a','Presentation Abstract 23 VjTBCO5pdZR0Jqb9',NULL,'2024-07-14 09:33:45','2024-07-15 09:33:45',1,'2024-06-21 09:33:45',0,0,0,NULL,0,0,NULL,NULL,43,NULL,NULL,NULL,5,NULL,NULL,NULL,NULL,NULL,NULL,NULL,NULL,NULL,'LIVE',0,86400,0),(185,'Presentation','2024-06-21 04:33:45','2024-06-21 04:33:45','Presentation Title 24 Yuw64MjwioSQ0SIr','Presentation Abstract 24 h6tt2BMfNgNSiiaI',NULL,'2024-07-15 09:33:45','2024-07-16 09:33:45',1,'2024-06-21 09:33:45',0,0,0,NULL,0,0,NULL,NULL,43,NULL,NULL,NULL,5,NULL,NULL,NULL,NULL,NULL,NULL,NULL,NULL,NULL,'LIVE',0,86400,0),(186,'Presentation','2024-06-21 04:33:45','2024-06-21 04:33:45','Presentation Title 25 1Mrlj7Q6LAtWYuYL','Presentation Abstract 25 ZXteMvdfQPWaiuGE',NULL,'2024-07-16 09:33:45','2024-07-17 09:33:45',1,'2024-06-21 09:33:45',0,0,0,NULL,0,0,NULL,NULL,43,NULL,NULL,NULL,5,NULL,NULL,NULL,NULL,NULL,NULL,NULL,NULL,NULL,'LIVE',0,86400,0),(187,'Presentation','2024-06-21 04:33:45','2024-06-21 04:33:45','Presentation Title 26 VMa3M8j7DFElebJw','Presentation Abstract 26 YIJcwpUQrKzgCQpD',NULL,'2024-07-17 09:33:45','2024-07-18 09:33:45',1,'2024-06-21 09:33:45',0,0,0,NULL,0,0,NULL,NULL,43,NULL,NULL,NULL,5,NULL,NULL,NULL,NULL,NULL,NULL,NULL,NULL,NULL,'LIVE',0,86400,0),(188,'Presentation','2024-06-21 04:33:45','2024-06-21 04:33:45','Presentation Title 27 ZnZdZIsyOCSNyszN','Presentation Abstract 27 zyu5uIQPCPL6p1TC',NULL,'2024-07-18 09:33:45','2024-07-19 09:33:45',1,'2024-06-21 09:33:45',0,0,0,NULL,0,0,NULL,NULL,43,NULL,NULL,NULL,5,NULL,NULL,NULL,NULL,NULL,NULL,NULL,NULL,NULL,'LIVE',0,86400,0),(189,'Presentation','2024-06-21 04:33:45','2024-06-21 04:33:45','Presentation Title 28 khO8BOgR77oW3egG','Presentation Abstract 28 8vEc5AO1t3eDVxyS',NULL,'2024-07-19 09:33:45','2024-07-20 09:33:45',1,'2024-06-21 09:33:45',0,0,0,NULL,0,0,NULL,NULL,43,NULL,NULL,NULL,5,NULL,NULL,NULL,NULL,NULL,NULL,NULL,NULL,NULL,'LIVE',0,86400,0),(190,'Presentation','2024-06-21 04:33:45','2024-06-21 04:33:45','Presentation Title 29 vc3Lev4kRX5VQiEN','Presentation Abstract 29 5X9VXGJXlPGnrFKW',NULL,'2024-07-20 09:33:45','2024-07-21 09:33:45',1,'2024-06-21 09:33:45',0,0,0,NULL,0,0,NULL,NULL,43,NULL,NULL,NULL,5,NULL,NULL,NULL,NULL,NULL,NULL,NULL,NULL,NULL,'LIVE',0,86400,0),(191,'Presentation','2024-06-21 04:33:45','2024-06-21 04:33:45','Presentation Title 30 oafh9V4gprGWRQTH','Presentation Abstract 30 GGsBkfqb6zb5VWHU',NULL,'2024-07-21 09:33:45','2024-07-22 09:33:45',1,'2024-06-21 09:33:45',0,0,0,NULL,0,0,NULL,NULL,43,NULL,NULL,NULL,5,NULL,NULL,NULL,NULL,NULL,NULL,NULL,NULL,NULL,'LIVE',0,86400,0),(192,'Presentation','2024-06-21 04:33:45','2024-06-21 04:33:45','Presentation Title 31 yp44zrTu0rBFaCFI','Presentation Abstract 31 YwWyGdBcx7smeOcp',NULL,'2024-07-22 09:33:45','2024-07-23 09:33:45',1,'2024-06-21 09:33:45',0,0,0,NULL,0,0,NULL,NULL,43,NULL,NULL,NULL,5,NULL,NULL,NULL,NULL,NULL,NULL,NULL,NULL,NULL,'LIVE',0,86400,0),(193,'Presentation','2024-06-21 04:33:45','2024-06-21 04:33:45','Presentation Title 32 a1wUvq6OHdvK9zFt','Presentation Abstract 32 UbS4G73jKBXI17Hm',NULL,'2024-07-23 09:33:45','2024-07-24 09:33:45',1,'2024-06-21 09:33:45',0,0,0,NULL,0,0,NULL,NULL,43,NULL,NULL,NULL,5,NULL,NULL,NULL,NULL,NULL,NULL,NULL,NULL,NULL,'LIVE',0,86400,0),(194,'Presentation','2024-06-21 04:33:45','2024-06-21 04:33:45','Presentation Title 33 tcoTfLc9KNS8zNsx','Presentation Abstract 33 Snoc3UOXv5SQTl8o',NULL,'2024-07-24 09:33:45','2024-07-25 09:33:45',1,'2024-06-21 09:33:45',0,0,0,NULL,0,0,NULL,NULL,43,NULL,NULL,NULL,5,NULL,NULL,NULL,NULL,NULL,NULL,NULL,NULL,NULL,'LIVE',0,86400,0),(195,'Presentation','2024-06-21 04:33:45','2024-06-21 04:33:45','Presentation Title 34 wBFCgrFa6euli2wm','Presentation Abstract 34 78aApqQgQn5YUza3',NULL,'2024-07-25 09:33:45','2024-07-26 09:33:45',1,'2024-06-21 09:33:45',0,0,0,NULL,0,0,NULL,NULL,43,NULL,NULL,NULL,5,NULL,NULL,NULL,NULL,NULL,NULL,NULL,NULL,NULL,'LIVE',0,86400,0),(196,'Presentation','2024-06-21 04:33:45','2024-06-21 04:33:45','Presentation Title 35 2oSkF8CmXoakVKeq','Presentation Abstract 35 rEqPirBGmZopoRmT',NULL,'2024-07-26 09:33:45','2024-07-27 09:33:45',1,'2024-06-21 09:33:45',0,0,0,NULL,0,0,NULL,NULL,43,NULL,NULL,NULL,5,NULL,NULL,NULL,NULL,NULL,NULL,NULL,NULL,NULL,'LIVE',0,86400,0),(197,'Presentation','2024-06-21 04:33:45','2024-06-21 04:33:45','Presentation Title 36 4pMNCkDAQ2ln9f1I','Presentation Abstract 36 FCXFe4CqMSzFVd1r',NULL,'2024-07-27 09:33:45','2024-07-28 09:33:45',1,'2024-06-21 09:33:45',0,0,0,NULL,0,0,NULL,NULL,43,NULL,NULL,NULL,5,NULL,NULL,NULL,NULL,NULL,NULL,NULL,NULL,NULL,'LIVE',0,86400,0),(198,'Presentation','2024-06-21 04:33:45','2024-06-21 04:33:45','Presentation Title 37 A9YSRAbb7URog27E','Presentation Abstract 37 zt7IRh9BdKlyB9qD',NULL,'2024-07-28 09:33:45','2024-07-29 09:33:45',1,'2024-06-21 09:33:45',0,0,0,NULL,0,0,NULL,NULL,43,NULL,NULL,NULL,5,NULL,NULL,NULL,NULL,NULL,NULL,NULL,NULL,NULL,'LIVE',0,86400,0),(199,'Presentation','2024-06-21 04:33:45','2024-06-21 04:33:45','Presentation Title 38 VQALKFcufEkjzbud','Presentation Abstract 38 bmabpiVaRrFkHtBW',NULL,'2024-07-29 09:33:45','2024-07-30 09:33:45',1,'2024-06-21 09:33:45',0,0,0,NULL,0,0,NULL,NULL,43,NULL,NULL,NULL,5,NULL,NULL,NULL,NULL,NULL,NULL,NULL,NULL,NULL,'LIVE',0,86400,0),(200,'Presentation','2024-06-21 04:33:45','2024-06-21 04:33:45','Presentation Title 39 0jgaHbWX3bLopNMK','Presentation Abstract 39 H5YENKSxYfPbz4jo',NULL,'2024-07-30 09:33:45','2024-07-31 09:33:45',1,'2024-06-21 09:33:45',0,0,0,NULL,0,0,NULL,NULL,43,NULL,NULL,NULL,5,NULL,NULL,NULL,NULL,NULL,NULL,NULL,NULL,NULL,'LIVE',0,86400,0),(201,'Presentation','2024-06-21 04:33:45','2024-06-21 04:33:45','Presentation Title 0 UFsRCCASGdk5CNrj Votable','Presentation Abstract 0 TwSf9W18TALlZwQX Votable',NULL,NULL,NULL,1,'2024-06-21 09:33:45',0,0,0,NULL,0,0,NULL,NULL,NULL,NULL,NULL,NULL,5,NULL,NULL,NULL,NULL,NULL,NULL,NULL,NULL,NULL,'LIVE',0,0,0),(202,'Presentation','2024-06-21 04:33:45','2024-06-21 04:33:45','Presentation Title 1 xSq6mFIUjJ6h6gSO Votable','Presentation Abstract 1 m6MqXrR6D2crAwnk Votable',NULL,NULL,NULL,1,'2024-06-21 09:33:45',0,0,0,NULL,0,0,NULL,NULL,NULL,NULL,NULL,NULL,5,NULL,NULL,NULL,NULL,NULL,NULL,NULL,NULL,NULL,'LIVE',0,0,0),(203,'Presentation','2024-06-21 04:33:45','2024-06-21 04:33:45','Presentation Title 2 ZO4aYwdypIZY7fX3 Votable','Presentation Abstract 2 2mevvTggXBxZnDhA Votable',NULL,NULL,NULL,1,'2024-06-21 09:33:45',0,0,0,NULL,0,0,NULL,NULL,NULL,NULL,NULL,NULL,5,NULL,NULL,NULL,NULL,NULL,NULL,NULL,NULL,NULL,'LIVE',0,0,0),(204,'Presentation','2024-06-21 04:33:45','2024-06-21 04:33:45','Presentation Title 3 tFtaZVB7HuwcV7M1 Votable','Presentation Abstract 3 6O6J4CfDT1mTyuoW Votable',NULL,NULL,NULL,1,'2024-06-21 09:33:45',0,0,0,NULL,0,0,NULL,NULL,NULL,NULL,NULL,NULL,5,NULL,NULL,NULL,NULL,NULL,NULL,NULL,NULL,NULL,'LIVE',0,0,0),(205,'Presentation','2024-06-21 04:33:45','2024-06-21 04:33:45','Presentation Title 4 VqPUyvpXajh1j75a Votable','Presentation Abstract 4 qOnYrBu1aEwhIJEg Votable',NULL,NULL,NULL,1,'2024-06-21 09:33:45',0,0,0,NULL,0,0,NULL,NULL,NULL,NULL,NULL,NULL,5,NULL,NULL,NULL,NULL,NULL,NULL,NULL,NULL,NULL,'LIVE',0,0,0),(206,'Presentation','2024-06-21 04:33:45','2024-06-21 04:33:45','Presentation Title 5 ooByWRAICtCfjH1i Votable','Presentation Abstract 5 wZnYw3xqFvavc597 Votable',NULL,NULL,NULL,1,'2024-06-21 09:33:45',0,0,0,NULL,0,0,NULL,NULL,NULL,NULL,NULL,NULL,5,NULL,NULL,NULL,NULL,NULL,NULL,NULL,NULL,NULL,'LIVE',0,0,0),(207,'Presentation','2024-06-21 04:33:45','2024-06-21 04:33:45','Presentation Title 6 W4RqcMERYZsVPhxL Votable','Presentation Abstract 6 4cZAM6Qii25BjiSM Votable',NULL,NULL,NULL,1,'2024-06-21 09:33:45',0,0,0,NULL,0,0,NULL,NULL,NULL,NULL,NULL,NULL,5,NULL,NULL,NULL,NULL,NULL,NULL,NULL,NULL,NULL,'LIVE',0,0,0),(208,'Presentation','2024-06-21 04:33:45','2024-06-21 04:33:45','Presentation Title 7 e6xriZ38xCWlUsdP Votable','Presentation Abstract 7 jn648bMjTvGtqkta Votable',NULL,NULL,NULL,1,'2024-06-21 09:33:45',0,0,0,NULL,0,0,NULL,NULL,NULL,NULL,NULL,NULL,5,NULL,NULL,NULL,NULL,NULL,NULL,NULL,NULL,NULL,'LIVE',0,0,0),(209,'Presentation','2024-06-21 04:33:45','2024-06-21 04:33:45','Presentation Title 8 mow3Boh0PODAPgp3 Votable','Presentation Abstract 8 opuDtFqefgZUAjz9 Votable',NULL,NULL,NULL,1,'2024-06-21 09:33:45',0,0,0,NULL,0,0,NULL,NULL,NULL,NULL,NULL,NULL,5,NULL,NULL,NULL,NULL,NULL,NULL,NULL,NULL,NULL,'LIVE',0,0,0),(210,'Presentation','2024-06-21 04:33:45','2024-06-21 04:33:45','Presentation Title 9 0Mb3XGnnxAhohc5M Votable','Presentation Abstract 9 9FFp5I9PcdZLlmN6 Votable',NULL,NULL,NULL,1,'2024-06-21 09:33:45',0,0,0,NULL,0,0,NULL,NULL,NULL,NULL,NULL,NULL,5,NULL,NULL,NULL,NULL,NULL,NULL,NULL,NULL,NULL,'LIVE',0,0,0),(211,'Presentation','2024-06-21 04:33:45','2024-06-21 04:33:45','Presentation Title 10 l76Z4HBnHUhQIS3f Votable','Presentation Abstract 10 wUGjPq9SQewngpSw Votable',NULL,NULL,NULL,1,'2024-06-21 09:33:45',0,0,0,NULL,0,0,NULL,NULL,NULL,NULL,NULL,NULL,5,NULL,NULL,NULL,NULL,NULL,NULL,NULL,NULL,NULL,'LIVE',0,0,0),(212,'Presentation','2024-06-21 04:33:45','2024-06-21 04:33:45','Presentation Title 11 7pc8W9hQOv2SCjfy Votable','Presentation Abstract 11 t9dTcrTbgJLEWF46 Votable',NULL,NULL,NULL,1,'2024-06-21 09:33:45',0,0,0,NULL,0,0,NULL,NULL,NULL,NULL,NULL,NULL,5,NULL,NULL,NULL,NULL,NULL,NULL,NULL,NULL,NULL,'LIVE',0,0,0),(213,'Presentation','2024-06-21 04:33:45','2024-06-21 04:33:45','Presentation Title 12 PulGnP6wFtmDJ4C7 Votable','Presentation Abstract 12 gIuJTZdOWvI5rMoe Votable',NULL,NULL,NULL,1,'2024-06-21 09:33:45',0,0,0,NULL,0,0,NULL,NULL,NULL,NULL,NULL,NULL,5,NULL,NULL,NULL,NULL,NULL,NULL,NULL,NULL,NULL,'LIVE',0,0,0),(214,'Presentation','2024-06-21 04:33:45','2024-06-21 04:33:45','Presentation Title 13 i2hdlgLszsFCFRYE Votable','Presentation Abstract 13 5qukwpMLFqmXnAtK Votable',NULL,NULL,NULL,1,'2024-06-21 09:33:45',0,0,0,NULL,0,0,NULL,NULL,NULL,NULL,NULL,NULL,5,NULL,NULL,NULL,NULL,NULL,NULL,NULL,NULL,NULL,'LIVE',0,0,0),(215,'Presentation','2024-06-21 04:33:45','2024-06-21 04:33:45','Presentation Title 14 FzJEBTHujy4YzWwY Votable','Presentation Abstract 14 lwRsdi9kODML0kqO Votable',NULL,NULL,NULL,1,'2024-06-21 09:33:45',0,0,0,NULL,0,0,NULL,NULL,NULL,NULL,NULL,NULL,5,NULL,NULL,NULL,NULL,NULL,NULL,NULL,NULL,NULL,'LIVE',0,0,0),(216,'Presentation','2024-06-21 04:33:45','2024-06-21 04:33:45','Presentation Title 15 exIJfWUpSzyFx3tm Votable','Presentation Abstract 15 UYLVGFNSUEHQ8D6W Votable',NULL,NULL,NULL,1,'2024-06-21 09:33:45',0,0,0,NULL,0,0,NULL,NULL,NULL,NULL,NULL,NULL,5,NULL,NULL,NULL,NULL,NULL,NULL,NULL,NULL,NULL,'LIVE',0,0,0),(217,'Presentation','2024-06-21 04:33:45','2024-06-21 04:33:45','Presentation Title 16 iCWIYyJC9CeDZLVi Votable','Presentation Abstract 16 wB1lHifDOpTL0YWL Votable',NULL,NULL,NULL,1,'2024-06-21 09:33:45',0,0,0,NULL,0,0,NULL,NULL,NULL,NULL,NULL,NULL,5,NULL,NULL,NULL,NULL,NULL,NULL,NULL,NULL,NULL,'LIVE',0,0,0),(218,'Presentation','2024-06-21 04:33:45','2024-06-21 04:33:45','Presentation Title 17 MdkWjjYCgm6UQIIL Votable','Presentation Abstract 17 3k08wkz0t9jF7OYe Votable',NULL,NULL,NULL,1,'2024-06-21 09:33:45',0,0,0,NULL,0,0,NULL,NULL,NULL,NULL,NULL,NULL,5,NULL,NULL,NULL,NULL,NULL,NULL,NULL,NULL,NULL,'LIVE',0,0,0),(219,'Presentation','2024-06-21 04:33:45','2024-06-21 04:33:45','Presentation Title 18 uKS62cdOQG4Bq47e Votable','Presentation Abstract 18 ubqx2RuBLn4W6DWA Votable',NULL,NULL,NULL,1,'2024-06-21 09:33:45',0,0,0,NULL,0,0,NULL,NULL,NULL,NULL,NULL,NULL,5,NULL,NULL,NULL,NULL,NULL,NULL,NULL,NULL,NULL,'LIVE',0,0,0),(220,'Presentation','2024-06-21 04:33:45','2024-06-21 04:33:45','Presentation Title 19 wYv0XRHSeg5uEjua Votable','Presentation Abstract 19 AvLs3chrWcuvNwOc Votable',NULL,NULL,NULL,1,'2024-06-21 09:33:45',0,0,0,NULL,0,0,NULL,NULL,NULL,NULL,NULL,NULL,5,NULL,NULL,NULL,NULL,NULL,NULL,NULL,NULL,NULL,'LIVE',0,0,0),(221,'SummitEvent','2024-06-21 04:33:45','2024-06-21 04:33:45','Raw Event Title 0 vLxCd0z4jtCE4CvU','Raw Event Abstract 0 Q7Rpr3gKRUmMCg0e',NULL,NULL,NULL,0,NULL,0,0,0,NULL,0,0,NULL,NULL,NULL,NULL,NULL,NULL,5,NULL,NULL,NULL,NULL,NULL,NULL,NULL,NULL,NULL,'LIVE',0,0,0),(222,'SummitEvent','2024-06-21 04:33:45','2024-06-21 04:33:45','Raw Event Title 1 iQcACfHHtuVKBz5x','Raw Event Abstract 1 r9gCxOWy4fiGSmy6',NULL,NULL,NULL,0,NULL,0,0,0,NULL,0,0,NULL,NULL,NULL,NULL,NULL,NULL,5,NULL,NULL,NULL,NULL,NULL,NULL,NULL,NULL,NULL,'LIVE',0,0,0),(223,'SummitEvent','2024-06-21 04:33:45','2024-06-21 04:33:45','Raw Event Title 2 iGStSiFD2BJL6cLP','Raw Event Abstract 2 7tLzr98kDONduieW',NULL,NULL,NULL,0,NULL,0,0,0,NULL,0,0,NULL,NULL,NULL,NULL,NULL,NULL,5,NULL,NULL,NULL,NULL,NULL,NULL,NULL,NULL,NULL,'LIVE',0,0,0),(224,'SummitEvent','2024-06-21 04:33:45','2024-06-21 04:33:45','Raw Event Title 3 5Tp2gl6v4fPTM44e','Raw Event Abstract 3 id6yDWGq7uwnYY6O',NULL,NULL,NULL,0,NULL,0,0,0,NULL,0,0,NULL,NULL,NULL,NULL,NULL,NULL,5,NULL,NULL,NULL,NULL,NULL,NULL,NULL,NULL,NULL,'LIVE',0,0,0),(225,'SummitEvent','2024-06-21 04:33:45','2024-06-21 04:33:45','Raw Event Title 4 eZLTyvMg8ctJpoPE','Raw Event Abstract 4 gKo4zlhccSs18TIx',NULL,NULL,NULL,0,NULL,0,0,0,NULL,0,0,NULL,NULL,NULL,NULL,NULL,NULL,5,NULL,NULL,NULL,NULL,NULL,NULL,NULL,NULL,NULL,'LIVE',0,0,0),(226,'SummitEvent','2024-06-21 04:33:45','2024-06-21 04:33:45','Raw Event Title 5 TzsbmAb6o8gfH6Ef','Raw Event Abstract 5 Ykfmin4fTaUd7Q3l',NULL,NULL,NULL,0,NULL,0,0,0,NULL,0,0,NULL,NULL,NULL,NULL,NULL,NULL,5,NULL,NULL,NULL,NULL,NULL,NULL,NULL,NULL,NULL,'LIVE',0,0,0),(227,'SummitEvent','2024-06-21 04:33:45','2024-06-21 04:33:45','Raw Event Title 6 X98My8e2BMANReFN','Raw Event Abstract 6 0LPrCTzzGaYX7Eex',NULL,NULL,NULL,0,NULL,0,0,0,NULL,0,0,NULL,NULL,NULL,NULL,NULL,NULL,5,NULL,NULL,NULL,NULL,NULL,NULL,NULL,NULL,NULL,'LIVE',0,0,0),(228,'SummitEvent','2024-06-21 04:33:45','2024-06-21 04:33:45','Raw Event Title 7 spXJuZxDXZoIpH4G','Raw Event Abstract 7 6VKz5qwZlfp89ran',NULL,NULL,NULL,0,NULL,0,0,0,NULL,0,0,NULL,NULL,NULL,NULL,NULL,NULL,5,NULL,NULL,NULL,NULL,NULL,NULL,NULL,NULL,NULL,'LIVE',0,0,0),(229,'SummitEvent','2024-06-21 04:33:45','2024-06-21 04:33:45','Raw Event Title 8 tmQWKu7lhLdwD39j','Raw Event Abstract 8 muSHvnz7Drs62zDF',NULL,NULL,NULL,0,NULL,0,0,0,NULL,0,0,NULL,NULL,NULL,NULL,NULL,NULL,5,NULL,NULL,NULL,NULL,NULL,NULL,NULL,NULL,NULL,'LIVE',0,0,0),(230,'SummitEvent','2024-06-21 04:33:45','2024-06-21 04:33:45','Raw Event Title 9 7jAmrxN49AtIfrON','Raw Event Abstract 9 tTEp9JeaNU6c3X5h',NULL,NULL,NULL,0,NULL,0,0,0,NULL,0,0,NULL,NULL,NULL,NULL,NULL,NULL,5,NULL,NULL,NULL,NULL,NULL,NULL,NULL,NULL,NULL,'LIVE',0,0,0),(231,'SummitEvent','2024-06-21 04:33:45','2024-06-21 04:33:45','Raw Event Title 10 W7dzhtcwMjpQbGhe','Raw Event Abstract 10 21ows1eExES8ncD8',NULL,NULL,NULL,0,NULL,0,0,0,NULL,0,0,NULL,NULL,NULL,NULL,NULL,NULL,5,NULL,NULL,NULL,NULL,NULL,NULL,NULL,NULL,NULL,'LIVE',0,0,0),(232,'SummitEvent','2024-06-21 04:33:45','2024-06-21 04:33:45','Raw Event Title 11 zalildjdNUwB6MIG','Raw Event Abstract 11 TRmBAVE88nKpBVgr',NULL,NULL,NULL,0,NULL,0,0,0,NULL,0,0,NULL,NULL,NULL,NULL,NULL,NULL,5,NULL,NULL,NULL,NULL,NULL,NULL,NULL,NULL,NULL,'LIVE',0,0,0),(233,'SummitEvent','2024-06-21 04:33:45','2024-06-21 04:33:45','Raw Event Title 12 Lf04N6VxuvfIaTmX','Raw Event Abstract 12 Nd6MUaL5NaLnXFAA',NULL,NULL,NULL,0,NULL,0,0,0,NULL,0,0,NULL,NULL,NULL,NULL,NULL,NULL,5,NULL,NULL,NULL,NULL,NULL,NULL,NULL,NULL,NULL,'LIVE',0,0,0),(234,'SummitEvent','2024-06-21 04:33:45','2024-06-21 04:33:45','Raw Event Title 13 GwRJGpSe3ZuVnSib','Raw Event Abstract 13 5M5eRl8pLyZjQaei',NULL,NULL,NULL,0,NULL,0,0,0,NULL,0,0,NULL,NULL,NULL,NULL,NULL,NULL,5,NULL,NULL,NULL,NULL,NULL,NULL,NULL,NULL,NULL,'LIVE',0,0,0),(235,'SummitEvent','2024-06-21 04:33:45','2024-06-21 04:33:45','Raw Event Title 14 q8bIR24YgpGAcptS','Raw Event Abstract 14 P6IadkNQCvlp1aB9',NULL,NULL,NULL,0,NULL,0,0,0,NULL,0,0,NULL,NULL,NULL,NULL,NULL,NULL,5,NULL,NULL,NULL,NULL,NULL,NULL,NULL,NULL,NULL,'LIVE',0,0,0),(236,'SummitEvent','2024-06-21 04:33:45','2024-06-21 04:33:45','Raw Event Title 15 Mp3bM9vyqP0P5tAi','Raw Event Abstract 15 zv0En6xtNnmu9a65',NULL,NULL,NULL,0,NULL,0,0,0,NULL,0,0,NULL,NULL,NULL,NULL,NULL,NULL,5,NULL,NULL,NULL,NULL,NULL,NULL,NULL,NULL,NULL,'LIVE',0,0,0),(237,'SummitEvent','2024-06-21 04:33:45','2024-06-21 04:33:45','Raw Event Title 16 NB7rPPthESY2tKkV','Raw Event Abstract 16 KUROSXeoMLJ9B6Kk',NULL,NULL,NULL,0,NULL,0,0,0,NULL,0,0,NULL,NULL,NULL,NULL,NULL,NULL,5,NULL,NULL,NULL,NULL,NULL,NULL,NULL,NULL,NULL,'LIVE',0,0,0),(238,'SummitEvent','2024-06-21 04:33:45','2024-06-21 04:33:45','Raw Event Title 17 hTOF7yS8NDCJ0CCm','Raw Event Abstract 17 8xID6fMZsSMOPHS7',NULL,NULL,NULL,0,NULL,0,0,0,NULL,0,0,NULL,NULL,NULL,NULL,NULL,NULL,5,NULL,NULL,NULL,NULL,NULL,NULL,NULL,NULL,NULL,'LIVE',0,0,0),(239,'SummitEvent','2024-06-21 04:33:45','2024-06-21 04:33:45','Raw Event Title 18 touU5YJ4VOElbvhK','Raw Event Abstract 18 WU6UWfWfL7Pt3UKd',NULL,NULL,NULL,0,NULL,0,0,0,NULL,0,0,NULL,NULL,NULL,NULL,NULL,NULL,5,NULL,NULL,NULL,NULL,NULL,NULL,NULL,NULL,NULL,'LIVE',0,0,0),(240,'SummitEvent','2024-06-21 04:33:45','2024-06-21 04:33:45','Raw Event Title 19 iJYH2E8srN7ZCb2Z','Raw Event Abstract 19 fcamucFShrSl1ywH',NULL,NULL,NULL,0,NULL,0,0,0,NULL,0,0,NULL,NULL,NULL,NULL,NULL,NULL,5,NULL,NULL,NULL,NULL,NULL,NULL,NULL,NULL,NULL,'LIVE',0,0,0),(241,'Presentation','2024-06-21 04:38:05','2024-06-21 04:38:05','Presentation Title 0 UBMA2h2UdFwpTbig','Presentation Abstract 0 phV5Zgp5f1PRSD02',NULL,'2024-06-21 09:38:05','2024-06-22 09:38:05',1,'2024-06-21 09:38:05',0,0,0,NULL,0,0,NULL,NULL,NULL,NULL,NULL,NULL,7,NULL,NULL,NULL,NULL,NULL,NULL,NULL,NULL,NULL,'LIVE',0,86400,0),(242,'Presentation','2024-06-21 04:38:05','2024-06-21 04:38:05','Presentation Title 1 I63QcKZ2J2YAE43e','Presentation Abstract 1 9TARLg0lzrZZa4YW',NULL,'2024-06-22 09:38:05','2024-06-23 09:38:05',1,'2024-06-21 09:38:05',0,0,0,NULL,0,0,NULL,NULL,NULL,NULL,NULL,NULL,7,NULL,NULL,NULL,NULL,NULL,NULL,NULL,NULL,NULL,'LIVE',0,86400,0),(243,'Presentation','2024-06-21 04:38:05','2024-06-21 04:38:05','Presentation Title 2 pBuvn63EAoXJ9hm2','Presentation Abstract 2 pZ6aCRg9tQUiSh98',NULL,'2024-06-23 09:38:05','2024-06-24 09:38:05',1,'2024-06-21 09:38:05',0,0,0,NULL,0,0,NULL,NULL,NULL,NULL,NULL,NULL,7,NULL,NULL,NULL,NULL,NULL,NULL,NULL,NULL,NULL,'LIVE',0,86400,0),(244,'Presentation','2024-06-21 04:38:05','2024-06-21 04:38:05','Presentation Title 3 x7VnI36V4GWPAZqo','Presentation Abstract 3 izxo11Le72SjKTwx',NULL,'2024-06-24 09:38:05','2024-06-25 09:38:05',1,'2024-06-21 09:38:05',0,0,0,NULL,0,0,NULL,NULL,NULL,NULL,NULL,NULL,7,NULL,NULL,NULL,NULL,NULL,NULL,NULL,NULL,NULL,'LIVE',0,86400,0),(245,'Presentation','2024-06-21 04:38:05','2024-06-21 04:38:05','Presentation Title 4 XNiJoL2rd89zc0it','Presentation Abstract 4 IambrI9zRwsn3Cdg',NULL,'2024-06-25 09:38:05','2024-06-26 09:38:05',1,'2024-06-21 09:38:05',0,0,0,NULL,0,0,NULL,NULL,NULL,NULL,NULL,NULL,7,NULL,NULL,NULL,NULL,NULL,NULL,NULL,NULL,NULL,'LIVE',0,86400,0),(246,'Presentation','2024-06-21 04:38:05','2024-06-21 04:38:05','Presentation Title 5 j9vdvTIIJdcnlYQn','Presentation Abstract 5 C1t6V47q0cvfOEgR',NULL,'2024-06-26 09:38:05','2024-06-27 09:38:05',1,'2024-06-21 09:38:05',0,0,0,NULL,0,0,NULL,NULL,NULL,NULL,NULL,NULL,7,NULL,NULL,NULL,NULL,NULL,NULL,NULL,NULL,NULL,'LIVE',0,86400,0),(247,'Presentation','2024-06-21 04:38:05','2024-06-21 04:38:05','Presentation Title 6 fXqF56horrbx9X7Y','Presentation Abstract 6 gERkVWK0ApqKCQLd',NULL,'2024-06-27 09:38:05','2024-06-28 09:38:05',1,'2024-06-21 09:38:05',0,0,0,NULL,0,0,NULL,NULL,NULL,NULL,NULL,NULL,7,NULL,NULL,NULL,NULL,NULL,NULL,NULL,NULL,NULL,'LIVE',0,86400,0),(248,'Presentation','2024-06-21 04:38:05','2024-06-21 04:38:05','Presentation Title 7 d21NlDZPZa6olv41','Presentation Abstract 7 vGYk4PnGwWcxB5Lz',NULL,'2024-06-28 09:38:05','2024-06-29 09:38:05',1,'2024-06-21 09:38:05',0,0,0,NULL,0,0,NULL,NULL,NULL,NULL,NULL,NULL,7,NULL,NULL,NULL,NULL,NULL,NULL,NULL,NULL,NULL,'LIVE',0,86400,0),(249,'Presentation','2024-06-21 04:38:05','2024-06-21 04:38:05','Presentation Title 8 QwUhv0kCPdvOqbUJ','Presentation Abstract 8 wt8vjExYRRQ9OEjI',NULL,'2024-06-29 09:38:05','2024-06-30 09:38:05',1,'2024-06-21 09:38:05',0,0,0,NULL,0,0,NULL,NULL,NULL,NULL,NULL,NULL,7,NULL,NULL,NULL,NULL,NULL,NULL,NULL,NULL,NULL,'LIVE',0,86400,0),(250,'Presentation','2024-06-21 04:38:05','2024-06-21 04:38:05','Presentation Title 9 MVHwSCVVEq5I1thX','Presentation Abstract 9 e1Rgs357yp2Vwkp6',NULL,'2024-06-30 09:38:05','2024-07-01 09:38:05',1,'2024-06-21 09:38:05',0,0,0,NULL,0,0,NULL,NULL,NULL,NULL,NULL,NULL,7,NULL,NULL,NULL,NULL,NULL,NULL,NULL,NULL,NULL,'LIVE',0,86400,0),(251,'Presentation','2024-06-21 04:38:05','2024-06-21 04:38:05','Presentation Title 10 yKpME2T5cYmid85Z','Presentation Abstract 10 vMWt3nl46WVoPQXe',NULL,'2024-07-01 09:38:05','2024-07-02 09:38:05',1,'2024-06-21 09:38:05',0,0,0,NULL,0,0,NULL,NULL,NULL,NULL,NULL,NULL,7,NULL,NULL,NULL,NULL,NULL,NULL,NULL,NULL,NULL,'LIVE',0,86400,0),(252,'Presentation','2024-06-21 04:38:05','2024-06-21 04:38:05','Presentation Title 11 zxYLND6aAL2OFfy0','Presentation Abstract 11 oUVmqgBAzAePS7M3',NULL,'2024-07-02 09:38:05','2024-07-03 09:38:05',1,'2024-06-21 09:38:05',0,0,0,NULL,0,0,NULL,NULL,NULL,NULL,NULL,NULL,7,NULL,NULL,NULL,NULL,NULL,NULL,NULL,NULL,NULL,'LIVE',0,86400,0),(253,'Presentation','2024-06-21 04:38:05','2024-06-21 04:38:05','Presentation Title 12 k6MmGnYhuNLvf66k','Presentation Abstract 12 JScaFs84UQuyowKu',NULL,'2024-07-03 09:38:05','2024-07-04 09:38:05',1,'2024-06-21 09:38:05',0,0,0,NULL,0,0,NULL,NULL,NULL,NULL,NULL,NULL,7,NULL,NULL,NULL,NULL,NULL,NULL,NULL,NULL,NULL,'LIVE',0,86400,0),(254,'Presentation','2024-06-21 04:38:05','2024-06-21 04:38:05','Presentation Title 13 85JXB3eC2QYIf8R2','Presentation Abstract 13 eS5yRZ2Dkcd6YGRx',NULL,'2024-07-04 09:38:05','2024-07-05 09:38:05',1,'2024-06-21 09:38:05',0,0,0,NULL,0,0,NULL,NULL,NULL,NULL,NULL,NULL,7,NULL,NULL,NULL,NULL,NULL,NULL,NULL,NULL,NULL,'LIVE',0,86400,0),(255,'Presentation','2024-06-21 04:38:05','2024-06-21 04:38:05','Presentation Title 14 CyMpkLyahY9Aw84U','Presentation Abstract 14 c2th3Mqcf82QAokq',NULL,'2024-07-05 09:38:05','2024-07-06 09:38:05',1,'2024-06-21 09:38:05',0,0,0,NULL,0,0,NULL,NULL,NULL,NULL,NULL,NULL,7,NULL,NULL,NULL,NULL,NULL,NULL,NULL,NULL,NULL,'LIVE',0,86400,0),(256,'Presentation','2024-06-21 04:38:05','2024-06-21 04:38:05','Presentation Title 15 1m97tPiavFvJ0r3L','Presentation Abstract 15 WwaPtyhd9r9gjgVb',NULL,'2024-07-06 09:38:05','2024-07-07 09:38:05',1,'2024-06-21 09:38:05',0,0,0,NULL,0,0,NULL,NULL,NULL,NULL,NULL,NULL,7,NULL,NULL,NULL,NULL,NULL,NULL,NULL,NULL,NULL,'LIVE',0,86400,0),(257,'Presentation','2024-06-21 04:38:05','2024-06-21 04:38:05','Presentation Title 16 h0yznFVpiXIhcXss','Presentation Abstract 16 MoqsKuBCldVqswoX',NULL,'2024-07-07 09:38:05','2024-07-08 09:38:05',1,'2024-06-21 09:38:05',0,0,0,NULL,0,0,NULL,NULL,NULL,NULL,NULL,NULL,7,NULL,NULL,NULL,NULL,NULL,NULL,NULL,NULL,NULL,'LIVE',0,86400,0),(258,'Presentation','2024-06-21 04:38:05','2024-06-21 04:38:05','Presentation Title 17 Hg0RhBe6sl6oQJRR','Presentation Abstract 17 OAmchw4ONKaCVjMp',NULL,'2024-07-08 09:38:05','2024-07-09 09:38:05',1,'2024-06-21 09:38:05',0,0,0,NULL,0,0,NULL,NULL,NULL,NULL,NULL,NULL,7,NULL,NULL,NULL,NULL,NULL,NULL,NULL,NULL,NULL,'LIVE',0,86400,0),(259,'Presentation','2024-06-21 04:38:05','2024-06-21 04:38:05','Presentation Title 18 XEBj45MEodOFKz9d','Presentation Abstract 18 VuFgrjWM97BFywO7',NULL,'2024-07-09 09:38:05','2024-07-10 09:38:05',1,'2024-06-21 09:38:05',0,0,0,NULL,0,0,NULL,NULL,NULL,NULL,NULL,NULL,7,NULL,NULL,NULL,NULL,NULL,NULL,NULL,NULL,NULL,'LIVE',0,86400,0),(260,'Presentation','2024-06-21 04:38:05','2024-06-21 04:38:05','Presentation Title 19 jCuQGQyebJpj5zRF','Presentation Abstract 19 fMuPVE91AKsDdpsL',NULL,'2024-07-10 09:38:05','2024-07-11 09:38:05',1,'2024-06-21 09:38:05',0,0,0,NULL,0,0,NULL,NULL,NULL,NULL,NULL,NULL,7,NULL,NULL,NULL,NULL,NULL,NULL,NULL,NULL,NULL,'LIVE',0,86400,0),(261,'Presentation','2024-06-21 04:38:05','2024-06-21 04:38:05','Presentation Title 20 PqaijD38IPALuGLj','Presentation Abstract 20 pMhXi8qyoIohViuV',NULL,'2024-07-11 09:38:05','2024-07-12 09:38:05',1,'2024-06-21 09:38:05',0,0,0,NULL,0,0,NULL,NULL,64,NULL,NULL,NULL,7,NULL,NULL,NULL,NULL,NULL,NULL,NULL,NULL,NULL,'LIVE',0,86400,0),(262,'Presentation','2024-06-21 04:38:05','2024-06-21 04:38:05','Presentation Title 21 63v0uNckLI5t8pyc','Presentation Abstract 21 FWOhHO0UD9GDjkTP',NULL,'2024-07-12 09:38:05','2024-07-13 09:38:05',1,'2024-06-21 09:38:05',0,0,0,NULL,0,0,NULL,NULL,64,NULL,NULL,NULL,7,NULL,NULL,NULL,NULL,NULL,NULL,NULL,NULL,NULL,'LIVE',0,86400,0),(263,'Presentation','2024-06-21 04:38:05','2024-06-21 04:38:05','Presentation Title 22 GXmsPo5LvxyzNRH2','Presentation Abstract 22 rEDw4fg5XYgoD2l7',NULL,'2024-07-13 09:38:05','2024-07-14 09:38:05',1,'2024-06-21 09:38:05',0,0,0,NULL,0,0,NULL,NULL,64,NULL,NULL,NULL,7,NULL,NULL,NULL,NULL,NULL,NULL,NULL,NULL,NULL,'LIVE',0,86400,0),(264,'Presentation','2024-06-21 04:38:05','2024-06-21 04:38:05','Presentation Title 23 1t2V2Wh9tmYEV1se','Presentation Abstract 23 Hxg7T3QVIbtXguct',NULL,'2024-07-14 09:38:05','2024-07-15 09:38:05',1,'2024-06-21 09:38:05',0,0,0,NULL,0,0,NULL,NULL,64,NULL,NULL,NULL,7,NULL,NULL,NULL,NULL,NULL,NULL,NULL,NULL,NULL,'LIVE',0,86400,0),(265,'Presentation','2024-06-21 04:38:05','2024-06-21 04:38:05','Presentation Title 24 fLJ8LlSV7M2AExH8','Presentation Abstract 24 az1gHh51cW4regJw',NULL,'2024-07-15 09:38:05','2024-07-16 09:38:05',1,'2024-06-21 09:38:05',0,0,0,NULL,0,0,NULL,NULL,64,NULL,NULL,NULL,7,NULL,NULL,NULL,NULL,NULL,NULL,NULL,NULL,NULL,'LIVE',0,86400,0),(266,'Presentation','2024-06-21 04:38:05','2024-06-21 04:38:05','Presentation Title 25 pntMeR2i27HEQl0U','Presentation Abstract 25 9ks0K5u9CHJpkOlg',NULL,'2024-07-16 09:38:05','2024-07-17 09:38:05',1,'2024-06-21 09:38:05',0,0,0,NULL,0,0,NULL,NULL,64,NULL,NULL,NULL,7,NULL,NULL,NULL,NULL,NULL,NULL,NULL,NULL,NULL,'LIVE',0,86400,0),(267,'Presentation','2024-06-21 04:38:05','2024-06-21 04:38:05','Presentation Title 26 KpmiALydOJDLG8i7','Presentation Abstract 26 8pADCx1r9o4Fql9H',NULL,'2024-07-17 09:38:05','2024-07-18 09:38:05',1,'2024-06-21 09:38:05',0,0,0,NULL,0,0,NULL,NULL,64,NULL,NULL,NULL,7,NULL,NULL,NULL,NULL,NULL,NULL,NULL,NULL,NULL,'LIVE',0,86400,0),(268,'Presentation','2024-06-21 04:38:05','2024-06-21 04:38:05','Presentation Title 27 xm6tytZfxmdPFfT8','Presentation Abstract 27 UIGeRsWV0tAKxqK7',NULL,'2024-07-18 09:38:05','2024-07-19 09:38:05',1,'2024-06-21 09:38:05',0,0,0,NULL,0,0,NULL,NULL,64,NULL,NULL,NULL,7,NULL,NULL,NULL,NULL,NULL,NULL,NULL,NULL,NULL,'LIVE',0,86400,0),(269,'Presentation','2024-06-21 04:38:05','2024-06-21 04:38:05','Presentation Title 28 C1VcP6pJC6Sh6y8A','Presentation Abstract 28 JMWUvlQmTLX9cMb4',NULL,'2024-07-19 09:38:05','2024-07-20 09:38:05',1,'2024-06-21 09:38:05',0,0,0,NULL,0,0,NULL,NULL,64,NULL,NULL,NULL,7,NULL,NULL,NULL,NULL,NULL,NULL,NULL,NULL,NULL,'LIVE',0,86400,0),(270,'Presentation','2024-06-21 04:38:05','2024-06-21 04:38:05','Presentation Title 29 ZFYSbdDoNWjiC03r','Presentation Abstract 29 Iwi2bZsBjTrt7L7F',NULL,'2024-07-20 09:38:05','2024-07-21 09:38:05',1,'2024-06-21 09:38:05',0,0,0,NULL,0,0,NULL,NULL,64,NULL,NULL,NULL,7,NULL,NULL,NULL,NULL,NULL,NULL,NULL,NULL,NULL,'LIVE',0,86400,0),(271,'Presentation','2024-06-21 04:38:05','2024-06-21 04:38:05','Presentation Title 30 CwIcl11jNSoZp1PY','Presentation Abstract 30 it4X54AlF9luXUea',NULL,'2024-07-21 09:38:05','2024-07-22 09:38:05',1,'2024-06-21 09:38:05',0,0,0,NULL,0,0,NULL,NULL,64,NULL,NULL,NULL,7,NULL,NULL,NULL,NULL,NULL,NULL,NULL,NULL,NULL,'LIVE',0,86400,0),(272,'Presentation','2024-06-21 04:38:05','2024-06-21 04:38:05','Presentation Title 31 2PnOnQChmDyKoFKd','Presentation Abstract 31 iho80NG1rImoXI5V',NULL,'2024-07-22 09:38:05','2024-07-23 09:38:05',1,'2024-06-21 09:38:05',0,0,0,NULL,0,0,NULL,NULL,64,NULL,NULL,NULL,7,NULL,NULL,NULL,NULL,NULL,NULL,NULL,NULL,NULL,'LIVE',0,86400,0),(273,'Presentation','2024-06-21 04:38:05','2024-06-21 04:38:05','Presentation Title 32 s2o5endxyuiYZziu','Presentation Abstract 32 JhZjw7S4QgZlBXf6',NULL,'2024-07-23 09:38:05','2024-07-24 09:38:05',1,'2024-06-21 09:38:05',0,0,0,NULL,0,0,NULL,NULL,64,NULL,NULL,NULL,7,NULL,NULL,NULL,NULL,NULL,NULL,NULL,NULL,NULL,'LIVE',0,86400,0),(274,'Presentation','2024-06-21 04:38:05','2024-06-21 04:38:05','Presentation Title 33 Vr4juU47ulDjN9Hz','Presentation Abstract 33 KokGWGM3XRORDZK5',NULL,'2024-07-24 09:38:05','2024-07-25 09:38:05',1,'2024-06-21 09:38:05',0,0,0,NULL,0,0,NULL,NULL,64,NULL,NULL,NULL,7,NULL,NULL,NULL,NULL,NULL,NULL,NULL,NULL,NULL,'LIVE',0,86400,0),(275,'Presentation','2024-06-21 04:38:05','2024-06-21 04:38:05','Presentation Title 34 EoeBtC4idyJhm8dB','Presentation Abstract 34 OUFwJ62pF9xNBeBQ',NULL,'2024-07-25 09:38:05','2024-07-26 09:38:05',1,'2024-06-21 09:38:05',0,0,0,NULL,0,0,NULL,NULL,64,NULL,NULL,NULL,7,NULL,NULL,NULL,NULL,NULL,NULL,NULL,NULL,NULL,'LIVE',0,86400,0),(276,'Presentation','2024-06-21 04:38:05','2024-06-21 04:38:05','Presentation Title 35 gMDwfvEAmApHkPkY','Presentation Abstract 35 kmxmrSg438RjgdS5',NULL,'2024-07-26 09:38:05','2024-07-27 09:38:05',1,'2024-06-21 09:38:05',0,0,0,NULL,0,0,NULL,NULL,64,NULL,NULL,NULL,7,NULL,NULL,NULL,NULL,NULL,NULL,NULL,NULL,NULL,'LIVE',0,86400,0),(277,'Presentation','2024-06-21 04:38:05','2024-06-21 04:38:05','Presentation Title 36 XC0pMmviTk9CKmUR','Presentation Abstract 36 sZ6zJmfhYHSl4yyU',NULL,'2024-07-27 09:38:05','2024-07-28 09:38:05',1,'2024-06-21 09:38:05',0,0,0,NULL,0,0,NULL,NULL,64,NULL,NULL,NULL,7,NULL,NULL,NULL,NULL,NULL,NULL,NULL,NULL,NULL,'LIVE',0,86400,0),(278,'Presentation','2024-06-21 04:38:05','2024-06-21 04:38:05','Presentation Title 37 TBRjD8RZRHWw5etu','Presentation Abstract 37 bSiWlESDJ6iKBFWD',NULL,'2024-07-28 09:38:05','2024-07-29 09:38:05',1,'2024-06-21 09:38:05',0,0,0,NULL,0,0,NULL,NULL,64,NULL,NULL,NULL,7,NULL,NULL,NULL,NULL,NULL,NULL,NULL,NULL,NULL,'LIVE',0,86400,0),(279,'Presentation','2024-06-21 04:38:05','2024-06-21 04:38:05','Presentation Title 38 q8Rih6luZ7fQpevp','Presentation Abstract 38 0A22q5pMvPIHN58D',NULL,'2024-07-29 09:38:05','2024-07-30 09:38:05',1,'2024-06-21 09:38:05',0,0,0,NULL,0,0,NULL,NULL,64,NULL,NULL,NULL,7,NULL,NULL,NULL,NULL,NULL,NULL,NULL,NULL,NULL,'LIVE',0,86400,0),(280,'Presentation','2024-06-21 04:38:05','2024-06-21 04:38:05','Presentation Title 39 ipJDSIcxwPcd0w0h','Presentation Abstract 39 JaTX90dzZNvtvgrQ',NULL,'2024-07-30 09:38:05','2024-07-31 09:38:05',1,'2024-06-21 09:38:05',0,0,0,NULL,0,0,NULL,NULL,64,NULL,NULL,NULL,7,NULL,NULL,NULL,NULL,NULL,NULL,NULL,NULL,NULL,'LIVE',0,86400,0),(281,'Presentation','2024-06-21 04:38:05','2024-06-21 04:38:05','Presentation Title 0 BYk1nkThKkGIAOze Votable','Presentation Abstract 0 VPCGAshoIa0jGYu3 Votable',NULL,NULL,NULL,1,'2024-06-21 09:38:05',0,0,0,NULL,0,0,NULL,NULL,NULL,NULL,NULL,NULL,7,NULL,NULL,NULL,NULL,NULL,NULL,NULL,NULL,NULL,'LIVE',0,0,0),(282,'Presentation','2024-06-21 04:38:05','2024-06-21 04:38:05','Presentation Title 1 HbyO26H3xnOpHYCX Votable','Presentation Abstract 1 GxXq2pKMg9Zor1OD Votable',NULL,NULL,NULL,1,'2024-06-21 09:38:05',0,0,0,NULL,0,0,NULL,NULL,NULL,NULL,NULL,NULL,7,NULL,NULL,NULL,NULL,NULL,NULL,NULL,NULL,NULL,'LIVE',0,0,0),(283,'Presentation','2024-06-21 04:38:05','2024-06-21 04:38:05','Presentation Title 2 OuSj8XZnYamAuZzr Votable','Presentation Abstract 2 tstQjtMwp8DhKcDR Votable',NULL,NULL,NULL,1,'2024-06-21 09:38:05',0,0,0,NULL,0,0,NULL,NULL,NULL,NULL,NULL,NULL,7,NULL,NULL,NULL,NULL,NULL,NULL,NULL,NULL,NULL,'LIVE',0,0,0),(284,'Presentation','2024-06-21 04:38:05','2024-06-21 04:38:05','Presentation Title 3 l5it6KMnEBgaPe8W Votable','Presentation Abstract 3 c2dLBD5WIP1Ag1Ul Votable',NULL,NULL,NULL,1,'2024-06-21 09:38:05',0,0,0,NULL,0,0,NULL,NULL,NULL,NULL,NULL,NULL,7,NULL,NULL,NULL,NULL,NULL,NULL,NULL,NULL,NULL,'LIVE',0,0,0),(285,'Presentation','2024-06-21 04:38:05','2024-06-21 04:38:05','Presentation Title 4 cOPWGEEuqcw43ETr Votable','Presentation Abstract 4 uTqyN5g6fO6EM27o Votable',NULL,NULL,NULL,1,'2024-06-21 09:38:05',0,0,0,NULL,0,0,NULL,NULL,NULL,NULL,NULL,NULL,7,NULL,NULL,NULL,NULL,NULL,NULL,NULL,NULL,NULL,'LIVE',0,0,0),(286,'Presentation','2024-06-21 04:38:05','2024-06-21 04:38:05','Presentation Title 5 RYdOuS2RusrHzbD6 Votable','Presentation Abstract 5 KAaRrbmkPtyY4p2k Votable',NULL,NULL,NULL,1,'2024-06-21 09:38:05',0,0,0,NULL,0,0,NULL,NULL,NULL,NULL,NULL,NULL,7,NULL,NULL,NULL,NULL,NULL,NULL,NULL,NULL,NULL,'LIVE',0,0,0),(287,'Presentation','2024-06-21 04:38:05','2024-06-21 04:38:05','Presentation Title 6 sWrmzCe1yu1bgIQE Votable','Presentation Abstract 6 nfNhRrRgowNKZ63t Votable',NULL,NULL,NULL,1,'2024-06-21 09:38:05',0,0,0,NULL,0,0,NULL,NULL,NULL,NULL,NULL,NULL,7,NULL,NULL,NULL,NULL,NULL,NULL,NULL,NULL,NULL,'LIVE',0,0,0),(288,'Presentation','2024-06-21 04:38:05','2024-06-21 04:38:05','Presentation Title 7 5ayR9anADTHgeN4M Votable','Presentation Abstract 7 hK0HVDS5nrv3IgCO Votable',NULL,NULL,NULL,1,'2024-06-21 09:38:05',0,0,0,NULL,0,0,NULL,NULL,NULL,NULL,NULL,NULL,7,NULL,NULL,NULL,NULL,NULL,NULL,NULL,NULL,NULL,'LIVE',0,0,0),(289,'Presentation','2024-06-21 04:38:05','2024-06-21 04:38:05','Presentation Title 8 B6ugQI01vU2cturg Votable','Presentation Abstract 8 JP3d9KabqiZmszzG Votable',NULL,NULL,NULL,1,'2024-06-21 09:38:05',0,0,0,NULL,0,0,NULL,NULL,NULL,NULL,NULL,NULL,7,NULL,NULL,NULL,NULL,NULL,NULL,NULL,NULL,NULL,'LIVE',0,0,0),(290,'Presentation','2024-06-21 04:38:05','2024-06-21 04:38:05','Presentation Title 9 4Ox0Zovgn1pxNHjw Votable','Presentation Abstract 9 tZkGZrJd443pSMDB Votable',NULL,NULL,NULL,1,'2024-06-21 09:38:05',0,0,0,NULL,0,0,NULL,NULL,NULL,NULL,NULL,NULL,7,NULL,NULL,NULL,NULL,NULL,NULL,NULL,NULL,NULL,'LIVE',0,0,0),(291,'Presentation','2024-06-21 04:38:05','2024-06-21 04:38:05','Presentation Title 10 QMYXt0jXk13ziLbu Votable','Presentation Abstract 10 GT9OQ4sdRtXRfcrT Votable',NULL,NULL,NULL,1,'2024-06-21 09:38:05',0,0,0,NULL,0,0,NULL,NULL,NULL,NULL,NULL,NULL,7,NULL,NULL,NULL,NULL,NULL,NULL,NULL,NULL,NULL,'LIVE',0,0,0),(292,'Presentation','2024-06-21 04:38:05','2024-06-21 04:38:05','Presentation Title 11 SzvVwNkGKrOOxD92 Votable','Presentation Abstract 11 IuuTJtY5jZH4OXmw Votable',NULL,NULL,NULL,1,'2024-06-21 09:38:05',0,0,0,NULL,0,0,NULL,NULL,NULL,NULL,NULL,NULL,7,NULL,NULL,NULL,NULL,NULL,NULL,NULL,NULL,NULL,'LIVE',0,0,0),(293,'Presentation','2024-06-21 04:38:05','2024-06-21 04:38:05','Presentation Title 12 pw1iARNId5qPUlrB Votable','Presentation Abstract 12 QJEN5sEh17ySmyoo Votable',NULL,NULL,NULL,1,'2024-06-21 09:38:05',0,0,0,NULL,0,0,NULL,NULL,NULL,NULL,NULL,NULL,7,NULL,NULL,NULL,NULL,NULL,NULL,NULL,NULL,NULL,'LIVE',0,0,0),(294,'Presentation','2024-06-21 04:38:05','2024-06-21 04:38:05','Presentation Title 13 eDG435bj3SHBGgtk Votable','Presentation Abstract 13 sN5Fnuxxouh5oQs3 Votable',NULL,NULL,NULL,1,'2024-06-21 09:38:05',0,0,0,NULL,0,0,NULL,NULL,NULL,NULL,NULL,NULL,7,NULL,NULL,NULL,NULL,NULL,NULL,NULL,NULL,NULL,'LIVE',0,0,0),(295,'Presentation','2024-06-21 04:38:05','2024-06-21 04:38:05','Presentation Title 14 uTUSlpc5bSCFDXTZ Votable','Presentation Abstract 14 Sa7DMJJ0sXeBxNwy Votable',NULL,NULL,NULL,1,'2024-06-21 09:38:05',0,0,0,NULL,0,0,NULL,NULL,NULL,NULL,NULL,NULL,7,NULL,NULL,NULL,NULL,NULL,NULL,NULL,NULL,NULL,'LIVE',0,0,0),(296,'Presentation','2024-06-21 04:38:05','2024-06-21 04:38:05','Presentation Title 15 BaTSmguFAAWcjiNW Votable','Presentation Abstract 15 oHa76vCsmZEoV9kv Votable',NULL,NULL,NULL,1,'2024-06-21 09:38:05',0,0,0,NULL,0,0,NULL,NULL,NULL,NULL,NULL,NULL,7,NULL,NULL,NULL,NULL,NULL,NULL,NULL,NULL,NULL,'LIVE',0,0,0),(297,'Presentation','2024-06-21 04:38:05','2024-06-21 04:38:05','Presentation Title 16 0QNnuIE1xiE5FFxg Votable','Presentation Abstract 16 T3mPO9YVvwxkrcgH Votable',NULL,NULL,NULL,1,'2024-06-21 09:38:05',0,0,0,NULL,0,0,NULL,NULL,NULL,NULL,NULL,NULL,7,NULL,NULL,NULL,NULL,NULL,NULL,NULL,NULL,NULL,'LIVE',0,0,0),(298,'Presentation','2024-06-21 04:38:05','2024-06-21 04:38:05','Presentation Title 17 ITHChIAkLT9AlGtD Votable','Presentation Abstract 17 goLRRu3Zb8iBHlhh Votable',NULL,NULL,NULL,1,'2024-06-21 09:38:05',0,0,0,NULL,0,0,NULL,NULL,NULL,NULL,NULL,NULL,7,NULL,NULL,NULL,NULL,NULL,NULL,NULL,NULL,NULL,'LIVE',0,0,0),(299,'Presentation','2024-06-21 04:38:05','2024-06-21 04:38:05','Presentation Title 18 VoUAcEjgyL4RW8wV Votable','Presentation Abstract 18 qqR0uBgtyumqiPlJ Votable',NULL,NULL,NULL,1,'2024-06-21 09:38:05',0,0,0,NULL,0,0,NULL,NULL,NULL,NULL,NULL,NULL,7,NULL,NULL,NULL,NULL,NULL,NULL,NULL,NULL,NULL,'LIVE',0,0,0),(300,'Presentation','2024-06-21 04:38:05','2024-06-21 04:38:05','Presentation Title 19 znh5Hv9PTHWOYnMs Votable','Presentation Abstract 19 t1MM5DXt7CmZQxGS Votable',NULL,NULL,NULL,1,'2024-06-21 09:38:05',0,0,0,NULL,0,0,NULL,NULL,NULL,NULL,NULL,NULL,7,NULL,NULL,NULL,NULL,NULL,NULL,NULL,NULL,NULL,'LIVE',0,0,0),(301,'SummitEvent','2024-06-21 04:38:05','2024-06-21 04:38:05','Raw Event Title 0 m1E7xMPThn4keyKP','Raw Event Abstract 0 NxhnaNdfThJ3UPgA',NULL,NULL,NULL,0,NULL,0,0,0,NULL,0,0,NULL,NULL,NULL,NULL,NULL,NULL,7,NULL,NULL,NULL,NULL,NULL,NULL,NULL,NULL,NULL,'LIVE',0,0,0),(302,'SummitEvent','2024-06-21 04:38:05','2024-06-21 04:38:05','Raw Event Title 1 04bDkP9sVoJg7YC5','Raw Event Abstract 1 wfJFU1phAI7vQZNT',NULL,NULL,NULL,0,NULL,0,0,0,NULL,0,0,NULL,NULL,NULL,NULL,NULL,NULL,7,NULL,NULL,NULL,NULL,NULL,NULL,NULL,NULL,NULL,'LIVE',0,0,0),(303,'SummitEvent','2024-06-21 04:38:05','2024-06-21 04:38:05','Raw Event Title 2 KEwp9uClAtixBU02','Raw Event Abstract 2 Ms9j0tcCe7VAiBZ1',NULL,NULL,NULL,0,NULL,0,0,0,NULL,0,0,NULL,NULL,NULL,NULL,NULL,NULL,7,NULL,NULL,NULL,NULL,NULL,NULL,NULL,NULL,NULL,'LIVE',0,0,0),(304,'SummitEvent','2024-06-21 04:38:05','2024-06-21 04:38:05','Raw Event Title 3 PO7Rc5y3NdfSaAYg','Raw Event Abstract 3 KMnyBu3aEvLFYZZm',NULL,NULL,NULL,0,NULL,0,0,0,NULL,0,0,NULL,NULL,NULL,NULL,NULL,NULL,7,NULL,NULL,NULL,NULL,NULL,NULL,NULL,NULL,NULL,'LIVE',0,0,0),(305,'SummitEvent','2024-06-21 04:38:05','2024-06-21 04:38:05','Raw Event Title 4 GHOfdR2F3Qak0Rr6','Raw Event Abstract 4 MEyRwmGuTqJLy7Qr',NULL,NULL,NULL,0,NULL,0,0,0,NULL,0,0,NULL,NULL,NULL,NULL,NULL,NULL,7,NULL,NULL,NULL,NULL,NULL,NULL,NULL,NULL,NULL,'LIVE',0,0,0),(306,'SummitEvent','2024-06-21 04:38:05','2024-06-21 04:38:05','Raw Event Title 5 1QFnvsDuBQcF58cX','Raw Event Abstract 5 W0o6PwKXeMUU9oZy',NULL,NULL,NULL,0,NULL,0,0,0,NULL,0,0,NULL,NULL,NULL,NULL,NULL,NULL,7,NULL,NULL,NULL,NULL,NULL,NULL,NULL,NULL,NULL,'LIVE',0,0,0),(307,'SummitEvent','2024-06-21 04:38:05','2024-06-21 04:38:05','Raw Event Title 6 NTEvFx3X1lH4ephc','Raw Event Abstract 6 LH8e4QnsMrXJ8gas',NULL,NULL,NULL,0,NULL,0,0,0,NULL,0,0,NULL,NULL,NULL,NULL,NULL,NULL,7,NULL,NULL,NULL,NULL,NULL,NULL,NULL,NULL,NULL,'LIVE',0,0,0),(308,'SummitEvent','2024-06-21 04:38:05','2024-06-21 04:38:05','Raw Event Title 7 1bGCGXxfkWCsWoBy','Raw Event Abstract 7 mWMjck8jOgj9r519',NULL,NULL,NULL,0,NULL,0,0,0,NULL,0,0,NULL,NULL,NULL,NULL,NULL,NULL,7,NULL,NULL,NULL,NULL,NULL,NULL,NULL,NULL,NULL,'LIVE',0,0,0),(309,'SummitEvent','2024-06-21 04:38:05','2024-06-21 04:38:05','Raw Event Title 8 GSmJzF9QIx90q2b7','Raw Event Abstract 8 vFVpKmnILY9vEHLQ',NULL,NULL,NULL,0,NULL,0,0,0,NULL,0,0,NULL,NULL,NULL,NULL,NULL,NULL,7,NULL,NULL,NULL,NULL,NULL,NULL,NULL,NULL,NULL,'LIVE',0,0,0),(310,'SummitEvent','2024-06-21 04:38:05','2024-06-21 04:38:05','Raw Event Title 9 rhcC7HiiUYrsie2b','Raw Event Abstract 9 NkBuYVN4XMRMNQRr',NULL,NULL,NULL,0,NULL,0,0,0,NULL,0,0,NULL,NULL,NULL,NULL,NULL,NULL,7,NULL,NULL,NULL,NULL,NULL,NULL,NULL,NULL,NULL,'LIVE',0,0,0),(311,'SummitEvent','2024-06-21 04:38:05','2024-06-21 04:38:05','Raw Event Title 10 Izows26mPKyq1IMN','Raw Event Abstract 10 HQGLeuy00PXc0CQQ',NULL,NULL,NULL,0,NULL,0,0,0,NULL,0,0,NULL,NULL,NULL,NULL,NULL,NULL,7,NULL,NULL,NULL,NULL,NULL,NULL,NULL,NULL,NULL,'LIVE',0,0,0),(312,'SummitEvent','2024-06-21 04:38:05','2024-06-21 04:38:05','Raw Event Title 11 eVNA8JreeDTPpgVN','Raw Event Abstract 11 Uo7jrOXZUMuBdbu6',NULL,NULL,NULL,0,NULL,0,0,0,NULL,0,0,NULL,NULL,NULL,NULL,NULL,NULL,7,NULL,NULL,NULL,NULL,NULL,NULL,NULL,NULL,NULL,'LIVE',0,0,0),(313,'SummitEvent','2024-06-21 04:38:05','2024-06-21 04:38:05','Raw Event Title 12 ew3kBaEl13YksafB','Raw Event Abstract 12 BjJ3d9bxXVGyiYKh',NULL,NULL,NULL,0,NULL,0,0,0,NULL,0,0,NULL,NULL,NULL,NULL,NULL,NULL,7,NULL,NULL,NULL,NULL,NULL,NULL,NULL,NULL,NULL,'LIVE',0,0,0),(314,'SummitEvent','2024-06-21 04:38:05','2024-06-21 04:38:05','Raw Event Title 13 K4rsWlzWH2TQQtCX','Raw Event Abstract 13 ES7VcK4dJYR6DdJ2',NULL,NULL,NULL,0,NULL,0,0,0,NULL,0,0,NULL,NULL,NULL,NULL,NULL,NULL,7,NULL,NULL,NULL,NULL,NULL,NULL,NULL,NULL,NULL,'LIVE',0,0,0),(315,'SummitEvent','2024-06-21 04:38:05','2024-06-21 04:38:05','Raw Event Title 14 diAJAbPnUubEteVf','Raw Event Abstract 14 hQoQxJSTN331zqVt',NULL,NULL,NULL,0,NULL,0,0,0,NULL,0,0,NULL,NULL,NULL,NULL,NULL,NULL,7,NULL,NULL,NULL,NULL,NULL,NULL,NULL,NULL,NULL,'LIVE',0,0,0),(316,'SummitEvent','2024-06-21 04:38:05','2024-06-21 04:38:05','Raw Event Title 15 WmeFf4Ptza0VtAgU','Raw Event Abstract 15 9cE0cVT5zNAJny69',NULL,NULL,NULL,0,NULL,0,0,0,NULL,0,0,NULL,NULL,NULL,NULL,NULL,NULL,7,NULL,NULL,NULL,NULL,NULL,NULL,NULL,NULL,NULL,'LIVE',0,0,0),(317,'SummitEvent','2024-06-21 04:38:05','2024-06-21 04:38:05','Raw Event Title 16 9MmtfxcD5zrcbXsZ','Raw Event Abstract 16 FS9yk5p4yT9MDplv',NULL,NULL,NULL,0,NULL,0,0,0,NULL,0,0,NULL,NULL,NULL,NULL,NULL,NULL,7,NULL,NULL,NULL,NULL,NULL,NULL,NULL,NULL,NULL,'LIVE',0,0,0),(318,'SummitEvent','2024-06-21 04:38:05','2024-06-21 04:38:05','Raw Event Title 17 qU1WIaLCWpnEzkaS','Raw Event Abstract 17 Kh4SJC2wEYFXjnGE',NULL,NULL,NULL,0,NULL,0,0,0,NULL,0,0,NULL,NULL,NULL,NULL,NULL,NULL,7,NULL,NULL,NULL,NULL,NULL,NULL,NULL,NULL,NULL,'LIVE',0,0,0),(319,'SummitEvent','2024-06-21 04:38:05','2024-06-21 04:38:05','Raw Event Title 18 zAWpwpKdhXbFMoKb','Raw Event Abstract 18 R0Pus6UCFI6X7dEg',NULL,NULL,NULL,0,NULL,0,0,0,NULL,0,0,NULL,NULL,NULL,NULL,NULL,NULL,7,NULL,NULL,NULL,NULL,NULL,NULL,NULL,NULL,NULL,'LIVE',0,0,0),(320,'SummitEvent','2024-06-21 04:38:05','2024-06-21 04:38:05','Raw Event Title 19 oONQMlkkcgkkETpW','Raw Event Abstract 19 9AYF00U5TvWvwV4q',NULL,NULL,NULL,0,NULL,0,0,0,NULL,0,0,NULL,NULL,NULL,NULL,NULL,NULL,7,NULL,NULL,NULL,NULL,NULL,NULL,NULL,NULL,NULL,'LIVE',0,0,0),(321,'Presentation','2024-06-21 04:38:33','2024-06-21 04:38:33','Presentation Title 0 00CtMWuND1zDD7Sd','Presentation Abstract 0 zyvSbV1O6RFbra12',NULL,'2024-06-21 09:38:33','2024-06-22 09:38:33',1,'2024-06-21 09:38:33',0,0,0,NULL,0,0,NULL,NULL,NULL,NULL,NULL,NULL,9,NULL,NULL,NULL,NULL,NULL,NULL,NULL,NULL,NULL,'LIVE',0,86400,0),(322,'Presentation','2024-06-21 04:38:33','2024-06-21 04:38:33','Presentation Title 1 BduusmpzQ59YB57f','Presentation Abstract 1 8xgyPt95HzD3gvDx',NULL,'2024-06-22 09:38:33','2024-06-23 09:38:33',1,'2024-06-21 09:38:33',0,0,0,NULL,0,0,NULL,NULL,NULL,NULL,NULL,NULL,9,NULL,NULL,NULL,NULL,NULL,NULL,NULL,NULL,NULL,'LIVE',0,86400,0),(323,'Presentation','2024-06-21 04:38:33','2024-06-21 04:38:33','Presentation Title 2 C40LpF7eWcK2vAva','Presentation Abstract 2 6Ch26ZNfvFBtsw93',NULL,'2024-06-23 09:38:33','2024-06-24 09:38:33',1,'2024-06-21 09:38:33',0,0,0,NULL,0,0,NULL,NULL,NULL,NULL,NULL,NULL,9,NULL,NULL,NULL,NULL,NULL,NULL,NULL,NULL,NULL,'LIVE',0,86400,0),(324,'Presentation','2024-06-21 04:38:33','2024-06-21 04:38:33','Presentation Title 3 zf8pAY9iQCaVrWgw','Presentation Abstract 3 NndwbkgH54ygy0fD',NULL,'2024-06-24 09:38:33','2024-06-25 09:38:33',1,'2024-06-21 09:38:33',0,0,0,NULL,0,0,NULL,NULL,NULL,NULL,NULL,NULL,9,NULL,NULL,NULL,NULL,NULL,NULL,NULL,NULL,NULL,'LIVE',0,86400,0),(325,'Presentation','2024-06-21 04:38:33','2024-06-21 04:38:33','Presentation Title 4 7VPaKVNnOvPfbLzK','Presentation Abstract 4 HghsSHZkZqQbpuG6',NULL,'2024-06-25 09:38:33','2024-06-26 09:38:33',1,'2024-06-21 09:38:33',0,0,0,NULL,0,0,NULL,NULL,NULL,NULL,NULL,NULL,9,NULL,NULL,NULL,NULL,NULL,NULL,NULL,NULL,NULL,'LIVE',0,86400,0),(326,'Presentation','2024-06-21 04:38:33','2024-06-21 04:38:33','Presentation Title 5 XhjcRAe9IiXFAlLX','Presentation Abstract 5 OkFWRAHF2bPcC3TR',NULL,'2024-06-26 09:38:33','2024-06-27 09:38:33',1,'2024-06-21 09:38:33',0,0,0,NULL,0,0,NULL,NULL,NULL,NULL,NULL,NULL,9,NULL,NULL,NULL,NULL,NULL,NULL,NULL,NULL,NULL,'LIVE',0,86400,0),(327,'Presentation','2024-06-21 04:38:33','2024-06-21 04:38:33','Presentation Title 6 iwO0XIcgYjEYcLQ3','Presentation Abstract 6 gLJcfzkpZP6KLchf',NULL,'2024-06-27 09:38:33','2024-06-28 09:38:33',1,'2024-06-21 09:38:33',0,0,0,NULL,0,0,NULL,NULL,NULL,NULL,NULL,NULL,9,NULL,NULL,NULL,NULL,NULL,NULL,NULL,NULL,NULL,'LIVE',0,86400,0),(328,'Presentation','2024-06-21 04:38:33','2024-06-21 04:38:33','Presentation Title 7 tPD2CH9WZa3eUQLj','Presentation Abstract 7 SVYsvngTEMQvy2vI',NULL,'2024-06-28 09:38:33','2024-06-29 09:38:33',1,'2024-06-21 09:38:33',0,0,0,NULL,0,0,NULL,NULL,NULL,NULL,NULL,NULL,9,NULL,NULL,NULL,NULL,NULL,NULL,NULL,NULL,NULL,'LIVE',0,86400,0),(329,'Presentation','2024-06-21 04:38:33','2024-06-21 04:38:33','Presentation Title 8 zDVI0VjtOxKGZs3x','Presentation Abstract 8 jwm6kuVcQ9QrBgLK',NULL,'2024-06-29 09:38:33','2024-06-30 09:38:33',1,'2024-06-21 09:38:33',0,0,0,NULL,0,0,NULL,NULL,NULL,NULL,NULL,NULL,9,NULL,NULL,NULL,NULL,NULL,NULL,NULL,NULL,NULL,'LIVE',0,86400,0),(330,'Presentation','2024-06-21 04:38:33','2024-06-21 04:38:33','Presentation Title 9 dKa9tUOtZCfMDa3n','Presentation Abstract 9 VIE7BBIcBx2jg7Ih',NULL,'2024-06-30 09:38:33','2024-07-01 09:38:33',1,'2024-06-21 09:38:33',0,0,0,NULL,0,0,NULL,NULL,NULL,NULL,NULL,NULL,9,NULL,NULL,NULL,NULL,NULL,NULL,NULL,NULL,NULL,'LIVE',0,86400,0),(331,'Presentation','2024-06-21 04:38:33','2024-06-21 04:38:33','Presentation Title 10 Z2z6ciqeRMIcy3pe','Presentation Abstract 10 rdmpYtZjme8Zlpq0',NULL,'2024-07-01 09:38:33','2024-07-02 09:38:33',1,'2024-06-21 09:38:33',0,0,0,NULL,0,0,NULL,NULL,NULL,NULL,NULL,NULL,9,NULL,NULL,NULL,NULL,NULL,NULL,NULL,NULL,NULL,'LIVE',0,86400,0),(332,'Presentation','2024-06-21 04:38:33','2024-06-21 04:38:33','Presentation Title 11 uaOD3St4eRcBYjWO','Presentation Abstract 11 NtBtVdhNv5XHBQIy',NULL,'2024-07-02 09:38:33','2024-07-03 09:38:33',1,'2024-06-21 09:38:33',0,0,0,NULL,0,0,NULL,NULL,NULL,NULL,NULL,NULL,9,NULL,NULL,NULL,NULL,NULL,NULL,NULL,NULL,NULL,'LIVE',0,86400,0),(333,'Presentation','2024-06-21 04:38:33','2024-06-21 04:38:33','Presentation Title 12 YjxtDVNAH7qPjV0A','Presentation Abstract 12 W07mveBh4g4Moxdq',NULL,'2024-07-03 09:38:33','2024-07-04 09:38:33',1,'2024-06-21 09:38:33',0,0,0,NULL,0,0,NULL,NULL,NULL,NULL,NULL,NULL,9,NULL,NULL,NULL,NULL,NULL,NULL,NULL,NULL,NULL,'LIVE',0,86400,0),(334,'Presentation','2024-06-21 04:38:33','2024-06-21 04:38:33','Presentation Title 13 Od0BG10fKzE61veO','Presentation Abstract 13 YH9ziUwP9bjavqjG',NULL,'2024-07-04 09:38:33','2024-07-05 09:38:33',1,'2024-06-21 09:38:33',0,0,0,NULL,0,0,NULL,NULL,NULL,NULL,NULL,NULL,9,NULL,NULL,NULL,NULL,NULL,NULL,NULL,NULL,NULL,'LIVE',0,86400,0),(335,'Presentation','2024-06-21 04:38:33','2024-06-21 04:38:33','Presentation Title 14 jJYtCvZnjnTHuOH8','Presentation Abstract 14 RVt9KZMJfc3C2k5Q',NULL,'2024-07-05 09:38:33','2024-07-06 09:38:33',1,'2024-06-21 09:38:33',0,0,0,NULL,0,0,NULL,NULL,NULL,NULL,NULL,NULL,9,NULL,NULL,NULL,NULL,NULL,NULL,NULL,NULL,NULL,'LIVE',0,86400,0),(336,'Presentation','2024-06-21 04:38:33','2024-06-21 04:38:33','Presentation Title 15 pEzoCHqKAXdjluHM','Presentation Abstract 15 VOWNpa4MvWwdMxFD',NULL,'2024-07-06 09:38:33','2024-07-07 09:38:33',1,'2024-06-21 09:38:33',0,0,0,NULL,0,0,NULL,NULL,NULL,NULL,NULL,NULL,9,NULL,NULL,NULL,NULL,NULL,NULL,NULL,NULL,NULL,'LIVE',0,86400,0),(337,'Presentation','2024-06-21 04:38:33','2024-06-21 04:38:33','Presentation Title 16 CWZOdRnBcNKBAxnP','Presentation Abstract 16 SaQUzxKtc8gmafGt',NULL,'2024-07-07 09:38:33','2024-07-08 09:38:33',1,'2024-06-21 09:38:33',0,0,0,NULL,0,0,NULL,NULL,NULL,NULL,NULL,NULL,9,NULL,NULL,NULL,NULL,NULL,NULL,NULL,NULL,NULL,'LIVE',0,86400,0),(338,'Presentation','2024-06-21 04:38:33','2024-06-21 04:38:33','Presentation Title 17 CW3s1CneYodDfspF','Presentation Abstract 17 OHzeEKB4EKEXCOZw',NULL,'2024-07-08 09:38:33','2024-07-09 09:38:33',1,'2024-06-21 09:38:33',0,0,0,NULL,0,0,NULL,NULL,NULL,NULL,NULL,NULL,9,NULL,NULL,NULL,NULL,NULL,NULL,NULL,NULL,NULL,'LIVE',0,86400,0),(339,'Presentation','2024-06-21 04:38:33','2024-06-21 04:38:33','Presentation Title 18 FyN6WgUGNUy5kStI','Presentation Abstract 18 xXfbADxHTvmrQXUJ',NULL,'2024-07-09 09:38:33','2024-07-10 09:38:33',1,'2024-06-21 09:38:33',0,0,0,NULL,0,0,NULL,NULL,NULL,NULL,NULL,NULL,9,NULL,NULL,NULL,NULL,NULL,NULL,NULL,NULL,NULL,'LIVE',0,86400,0),(340,'Presentation','2024-06-21 04:38:33','2024-06-21 04:38:33','Presentation Title 19 fr7G9UgToEycelDM','Presentation Abstract 19 PB4mYfF3zC2qLuEU',NULL,'2024-07-10 09:38:33','2024-07-11 09:38:33',1,'2024-06-21 09:38:33',0,0,0,NULL,0,0,NULL,NULL,NULL,NULL,NULL,NULL,9,NULL,NULL,NULL,NULL,NULL,NULL,NULL,NULL,NULL,'LIVE',0,86400,0),(341,'Presentation','2024-06-21 04:38:33','2024-06-21 04:38:33','Presentation Title 20 wwDhDgKwXCXhc8Ei','Presentation Abstract 20 gPwTpImk4G20s3Ot',NULL,'2024-07-11 09:38:33','2024-07-12 09:38:33',1,'2024-06-21 09:38:33',0,0,0,NULL,0,0,NULL,NULL,85,NULL,NULL,NULL,9,NULL,NULL,NULL,NULL,NULL,NULL,NULL,NULL,NULL,'LIVE',0,86400,0),(342,'Presentation','2024-06-21 04:38:33','2024-06-21 04:38:33','Presentation Title 21 skga6lK6IsC1bbAb','Presentation Abstract 21 UzJeuSFfQCjMZv5k',NULL,'2024-07-12 09:38:33','2024-07-13 09:38:33',1,'2024-06-21 09:38:33',0,0,0,NULL,0,0,NULL,NULL,85,NULL,NULL,NULL,9,NULL,NULL,NULL,NULL,NULL,NULL,NULL,NULL,NULL,'LIVE',0,86400,0),(343,'Presentation','2024-06-21 04:38:33','2024-06-21 04:38:33','Presentation Title 22 UDkVuddZPsX8NHT9','Presentation Abstract 22 2UTDVnwkSCIl5uX7',NULL,'2024-07-13 09:38:33','2024-07-14 09:38:33',1,'2024-06-21 09:38:33',0,0,0,NULL,0,0,NULL,NULL,85,NULL,NULL,NULL,9,NULL,NULL,NULL,NULL,NULL,NULL,NULL,NULL,NULL,'LIVE',0,86400,0),(344,'Presentation','2024-06-21 04:38:33','2024-06-21 04:38:33','Presentation Title 23 JenZv9sptCZSnjbr','Presentation Abstract 23 YvXmTH6AUzSGDg25',NULL,'2024-07-14 09:38:33','2024-07-15 09:38:33',1,'2024-06-21 09:38:33',0,0,0,NULL,0,0,NULL,NULL,85,NULL,NULL,NULL,9,NULL,NULL,NULL,NULL,NULL,NULL,NULL,NULL,NULL,'LIVE',0,86400,0),(345,'Presentation','2024-06-21 04:38:33','2024-06-21 04:38:33','Presentation Title 24 HBlVvelpR3WRtdG8','Presentation Abstract 24 rSTlnO4nYCiX3Gx2',NULL,'2024-07-15 09:38:33','2024-07-16 09:38:33',1,'2024-06-21 09:38:33',0,0,0,NULL,0,0,NULL,NULL,85,NULL,NULL,NULL,9,NULL,NULL,NULL,NULL,NULL,NULL,NULL,NULL,NULL,'LIVE',0,86400,0),(346,'Presentation','2024-06-21 04:38:33','2024-06-21 04:38:33','Presentation Title 25 9ZnvGpPVkUBYnWwz','Presentation Abstract 25 2opv58Aw3OmU0uWy',NULL,'2024-07-16 09:38:33','2024-07-17 09:38:33',1,'2024-06-21 09:38:33',0,0,0,NULL,0,0,NULL,NULL,85,NULL,NULL,NULL,9,NULL,NULL,NULL,NULL,NULL,NULL,NULL,NULL,NULL,'LIVE',0,86400,0),(347,'Presentation','2024-06-21 04:38:33','2024-06-21 04:38:33','Presentation Title 26 GpfliOQoCYDhwKQv','Presentation Abstract 26 jR8LEdeQDgFDVqwr',NULL,'2024-07-17 09:38:33','2024-07-18 09:38:33',1,'2024-06-21 09:38:33',0,0,0,NULL,0,0,NULL,NULL,85,NULL,NULL,NULL,9,NULL,NULL,NULL,NULL,NULL,NULL,NULL,NULL,NULL,'LIVE',0,86400,0),(348,'Presentation','2024-06-21 04:38:33','2024-06-21 04:38:33','Presentation Title 27 Imq7HQJzfgTh9QC3','Presentation Abstract 27 kCqyDbxv7aH3iQ6O',NULL,'2024-07-18 09:38:33','2024-07-19 09:38:33',1,'2024-06-21 09:38:33',0,0,0,NULL,0,0,NULL,NULL,85,NULL,NULL,NULL,9,NULL,NULL,NULL,NULL,NULL,NULL,NULL,NULL,NULL,'LIVE',0,86400,0),(349,'Presentation','2024-06-21 04:38:33','2024-06-21 04:38:33','Presentation Title 28 GUJrfjfY2wTjB35j','Presentation Abstract 28 cIcXFAVWWadOfxjY',NULL,'2024-07-19 09:38:33','2024-07-20 09:38:33',1,'2024-06-21 09:38:33',0,0,0,NULL,0,0,NULL,NULL,85,NULL,NULL,NULL,9,NULL,NULL,NULL,NULL,NULL,NULL,NULL,NULL,NULL,'LIVE',0,86400,0),(350,'Presentation','2024-06-21 04:38:33','2024-06-21 04:38:33','Presentation Title 29 O67NsZVE4CSHuMLZ','Presentation Abstract 29 CnEcP6lpgg9WczkW',NULL,'2024-07-20 09:38:33','2024-07-21 09:38:33',1,'2024-06-21 09:38:33',0,0,0,NULL,0,0,NULL,NULL,85,NULL,NULL,NULL,9,NULL,NULL,NULL,NULL,NULL,NULL,NULL,NULL,NULL,'LIVE',0,86400,0),(351,'Presentation','2024-06-21 04:38:33','2024-06-21 04:38:33','Presentation Title 30 pmezQPkXBwgE20rw','Presentation Abstract 30 JSYTVkKuqBxFUlP8',NULL,'2024-07-21 09:38:33','2024-07-22 09:38:33',1,'2024-06-21 09:38:33',0,0,0,NULL,0,0,NULL,NULL,85,NULL,NULL,NULL,9,NULL,NULL,NULL,NULL,NULL,NULL,NULL,NULL,NULL,'LIVE',0,86400,0),(352,'Presentation','2024-06-21 04:38:33','2024-06-21 04:38:33','Presentation Title 31 62WRpjCp6QcBuRF9','Presentation Abstract 31 HYghUrFnpkhc2KB9',NULL,'2024-07-22 09:38:33','2024-07-23 09:38:33',1,'2024-06-21 09:38:33',0,0,0,NULL,0,0,NULL,NULL,85,NULL,NULL,NULL,9,NULL,NULL,NULL,NULL,NULL,NULL,NULL,NULL,NULL,'LIVE',0,86400,0),(353,'Presentation','2024-06-21 04:38:33','2024-06-21 04:38:33','Presentation Title 32 7PfjNzoSZAnHc4La','Presentation Abstract 32 E4v33aXknESu5tyy',NULL,'2024-07-23 09:38:33','2024-07-24 09:38:33',1,'2024-06-21 09:38:33',0,0,0,NULL,0,0,NULL,NULL,85,NULL,NULL,NULL,9,NULL,NULL,NULL,NULL,NULL,NULL,NULL,NULL,NULL,'LIVE',0,86400,0),(354,'Presentation','2024-06-21 04:38:33','2024-06-21 04:38:33','Presentation Title 33 D0kz5YXLMbOU80mR','Presentation Abstract 33 LWRmdQJJCLvA8bOv',NULL,'2024-07-24 09:38:33','2024-07-25 09:38:33',1,'2024-06-21 09:38:33',0,0,0,NULL,0,0,NULL,NULL,85,NULL,NULL,NULL,9,NULL,NULL,NULL,NULL,NULL,NULL,NULL,NULL,NULL,'LIVE',0,86400,0),(355,'Presentation','2024-06-21 04:38:33','2024-06-21 04:38:33','Presentation Title 34 Qylrn3li9NpHIAWt','Presentation Abstract 34 2OK12bl9FhxEHj23',NULL,'2024-07-25 09:38:33','2024-07-26 09:38:33',1,'2024-06-21 09:38:33',0,0,0,NULL,0,0,NULL,NULL,85,NULL,NULL,NULL,9,NULL,NULL,NULL,NULL,NULL,NULL,NULL,NULL,NULL,'LIVE',0,86400,0),(356,'Presentation','2024-06-21 04:38:33','2024-06-21 04:38:33','Presentation Title 35 aMCRXXurGhEbVECW','Presentation Abstract 35 1AJDQGfDhCabz22f',NULL,'2024-07-26 09:38:33','2024-07-27 09:38:33',1,'2024-06-21 09:38:33',0,0,0,NULL,0,0,NULL,NULL,85,NULL,NULL,NULL,9,NULL,NULL,NULL,NULL,NULL,NULL,NULL,NULL,NULL,'LIVE',0,86400,0),(357,'Presentation','2024-06-21 04:38:33','2024-06-21 04:38:33','Presentation Title 36 uThyuhi23g4GSMht','Presentation Abstract 36 AJBcsJPycX72W4dN',NULL,'2024-07-27 09:38:33','2024-07-28 09:38:33',1,'2024-06-21 09:38:33',0,0,0,NULL,0,0,NULL,NULL,85,NULL,NULL,NULL,9,NULL,NULL,NULL,NULL,NULL,NULL,NULL,NULL,NULL,'LIVE',0,86400,0),(358,'Presentation','2024-06-21 04:38:33','2024-06-21 04:38:33','Presentation Title 37 Z8X4IhBO0Y6IFxjk','Presentation Abstract 37 P6YTwxcysF0dkLbQ',NULL,'2024-07-28 09:38:33','2024-07-29 09:38:33',1,'2024-06-21 09:38:33',0,0,0,NULL,0,0,NULL,NULL,85,NULL,NULL,NULL,9,NULL,NULL,NULL,NULL,NULL,NULL,NULL,NULL,NULL,'LIVE',0,86400,0),(359,'Presentation','2024-06-21 04:38:33','2024-06-21 04:38:33','Presentation Title 38 s4XFM66RmmeKNihA','Presentation Abstract 38 Ud1tXSSc5sJtjZ8M',NULL,'2024-07-29 09:38:33','2024-07-30 09:38:33',1,'2024-06-21 09:38:33',0,0,0,NULL,0,0,NULL,NULL,85,NULL,NULL,NULL,9,NULL,NULL,NULL,NULL,NULL,NULL,NULL,NULL,NULL,'LIVE',0,86400,0),(360,'Presentation','2024-06-21 04:38:33','2024-06-21 04:38:33','Presentation Title 39 H8ZVWN0H3ibAnL0C','Presentation Abstract 39 J2sTyJkoPWEB8ZyK',NULL,'2024-07-30 09:38:33','2024-07-31 09:38:33',1,'2024-06-21 09:38:33',0,0,0,NULL,0,0,NULL,NULL,85,NULL,NULL,NULL,9,NULL,NULL,NULL,NULL,NULL,NULL,NULL,NULL,NULL,'LIVE',0,86400,0),(361,'Presentation','2024-06-21 04:38:33','2024-06-21 04:38:33','Presentation Title 0 0RZAgnURhU2omKuz Votable','Presentation Abstract 0 6GiGRrro2Vl1q85L Votable',NULL,NULL,NULL,1,'2024-06-21 09:38:33',0,0,0,NULL,0,0,NULL,NULL,NULL,NULL,NULL,NULL,9,NULL,NULL,NULL,NULL,NULL,NULL,NULL,NULL,NULL,'LIVE',0,0,0),(362,'Presentation','2024-06-21 04:38:33','2024-06-21 04:38:33','Presentation Title 1 KOCXWTsxw7NyD4E2 Votable','Presentation Abstract 1 ybvyg585XMfMHCgB Votable',NULL,NULL,NULL,1,'2024-06-21 09:38:33',0,0,0,NULL,0,0,NULL,NULL,NULL,NULL,NULL,NULL,9,NULL,NULL,NULL,NULL,NULL,NULL,NULL,NULL,NULL,'LIVE',0,0,0),(363,'Presentation','2024-06-21 04:38:33','2024-06-21 04:38:33','Presentation Title 2 arRFR6TDkRO5THAL Votable','Presentation Abstract 2 22p3J5Gtvr9KNqn9 Votable',NULL,NULL,NULL,1,'2024-06-21 09:38:33',0,0,0,NULL,0,0,NULL,NULL,NULL,NULL,NULL,NULL,9,NULL,NULL,NULL,NULL,NULL,NULL,NULL,NULL,NULL,'LIVE',0,0,0),(364,'Presentation','2024-06-21 04:38:33','2024-06-21 04:38:33','Presentation Title 3 i9ohgFeU4Ld8m6sC Votable','Presentation Abstract 3 Uub7fPTureXzljMS Votable',NULL,NULL,NULL,1,'2024-06-21 09:38:33',0,0,0,NULL,0,0,NULL,NULL,NULL,NULL,NULL,NULL,9,NULL,NULL,NULL,NULL,NULL,NULL,NULL,NULL,NULL,'LIVE',0,0,0),(365,'Presentation','2024-06-21 04:38:33','2024-06-21 04:38:33','Presentation Title 4 wv3h6Grgew1OsBYV Votable','Presentation Abstract 4 XoWKC5bv2nyMMAiW Votable',NULL,NULL,NULL,1,'2024-06-21 09:38:33',0,0,0,NULL,0,0,NULL,NULL,NULL,NULL,NULL,NULL,9,NULL,NULL,NULL,NULL,NULL,NULL,NULL,NULL,NULL,'LIVE',0,0,0),(366,'Presentation','2024-06-21 04:38:33','2024-06-21 04:38:33','Presentation Title 5 cx0UAVKI6aTqmbr6 Votable','Presentation Abstract 5 9YPCxEbf44cghA6h Votable',NULL,NULL,NULL,1,'2024-06-21 09:38:33',0,0,0,NULL,0,0,NULL,NULL,NULL,NULL,NULL,NULL,9,NULL,NULL,NULL,NULL,NULL,NULL,NULL,NULL,NULL,'LIVE',0,0,0),(367,'Presentation','2024-06-21 04:38:33','2024-06-21 04:38:33','Presentation Title 6 bTviwk9E9FcOco1B Votable','Presentation Abstract 6 WOswBYiGg0SwAxyJ Votable',NULL,NULL,NULL,1,'2024-06-21 09:38:33',0,0,0,NULL,0,0,NULL,NULL,NULL,NULL,NULL,NULL,9,NULL,NULL,NULL,NULL,NULL,NULL,NULL,NULL,NULL,'LIVE',0,0,0),(368,'Presentation','2024-06-21 04:38:33','2024-06-21 04:38:33','Presentation Title 7 dqo1xv2BzHQICON8 Votable','Presentation Abstract 7 tmDOIvUQokf4s9gg Votable',NULL,NULL,NULL,1,'2024-06-21 09:38:33',0,0,0,NULL,0,0,NULL,NULL,NULL,NULL,NULL,NULL,9,NULL,NULL,NULL,NULL,NULL,NULL,NULL,NULL,NULL,'LIVE',0,0,0),(369,'Presentation','2024-06-21 04:38:33','2024-06-21 04:38:33','Presentation Title 8 kLOns3NMvJ7jsQHJ Votable','Presentation Abstract 8 ZEfJ6AxhlsHETfnV Votable',NULL,NULL,NULL,1,'2024-06-21 09:38:33',0,0,0,NULL,0,0,NULL,NULL,NULL,NULL,NULL,NULL,9,NULL,NULL,NULL,NULL,NULL,NULL,NULL,NULL,NULL,'LIVE',0,0,0),(370,'Presentation','2024-06-21 04:38:33','2024-06-21 04:38:33','Presentation Title 9 OpGVBWYbdzmjdX7m Votable','Presentation Abstract 9 SwU4rK2WTUi70UVp Votable',NULL,NULL,NULL,1,'2024-06-21 09:38:33',0,0,0,NULL,0,0,NULL,NULL,NULL,NULL,NULL,NULL,9,NULL,NULL,NULL,NULL,NULL,NULL,NULL,NULL,NULL,'LIVE',0,0,0),(371,'Presentation','2024-06-21 04:38:33','2024-06-21 04:38:33','Presentation Title 10 QEDWvn6FQkRc3XF5 Votable','Presentation Abstract 10 TtEG2TpOAABSJrit Votable',NULL,NULL,NULL,1,'2024-06-21 09:38:33',0,0,0,NULL,0,0,NULL,NULL,NULL,NULL,NULL,NULL,9,NULL,NULL,NULL,NULL,NULL,NULL,NULL,NULL,NULL,'LIVE',0,0,0),(372,'Presentation','2024-06-21 04:38:33','2024-06-21 04:38:33','Presentation Title 11 raeXLZCGMUsCXUBo Votable','Presentation Abstract 11 PIsfga8WJFbH98Nw Votable',NULL,NULL,NULL,1,'2024-06-21 09:38:33',0,0,0,NULL,0,0,NULL,NULL,NULL,NULL,NULL,NULL,9,NULL,NULL,NULL,NULL,NULL,NULL,NULL,NULL,NULL,'LIVE',0,0,0),(373,'Presentation','2024-06-21 04:38:33','2024-06-21 04:38:33','Presentation Title 12 cA3F5cESDqWfvj08 Votable','Presentation Abstract 12 bb8NIDqqfDnaITLX Votable',NULL,NULL,NULL,1,'2024-06-21 09:38:33',0,0,0,NULL,0,0,NULL,NULL,NULL,NULL,NULL,NULL,9,NULL,NULL,NULL,NULL,NULL,NULL,NULL,NULL,NULL,'LIVE',0,0,0),(374,'Presentation','2024-06-21 04:38:33','2024-06-21 04:38:33','Presentation Title 13 o3WMhRHlA9l2cYvf Votable','Presentation Abstract 13 MmqxRYpXTS9Gij0P Votable',NULL,NULL,NULL,1,'2024-06-21 09:38:33',0,0,0,NULL,0,0,NULL,NULL,NULL,NULL,NULL,NULL,9,NULL,NULL,NULL,NULL,NULL,NULL,NULL,NULL,NULL,'LIVE',0,0,0),(375,'Presentation','2024-06-21 04:38:33','2024-06-21 04:38:33','Presentation Title 14 isJWJdXtYAKSWKjk Votable','Presentation Abstract 14 UpuMFSKBAVebnu88 Votable',NULL,NULL,NULL,1,'2024-06-21 09:38:33',0,0,0,NULL,0,0,NULL,NULL,NULL,NULL,NULL,NULL,9,NULL,NULL,NULL,NULL,NULL,NULL,NULL,NULL,NULL,'LIVE',0,0,0),(376,'Presentation','2024-06-21 04:38:33','2024-06-21 04:38:33','Presentation Title 15 u4cb4uGWG6w71xpx Votable','Presentation Abstract 15 S56feYcPezNFFUVu Votable',NULL,NULL,NULL,1,'2024-06-21 09:38:33',0,0,0,NULL,0,0,NULL,NULL,NULL,NULL,NULL,NULL,9,NULL,NULL,NULL,NULL,NULL,NULL,NULL,NULL,NULL,'LIVE',0,0,0),(377,'Presentation','2024-06-21 04:38:33','2024-06-21 04:38:33','Presentation Title 16 sVmLqFekQ68ZiSbk Votable','Presentation Abstract 16 SPvy5K1zvDASf1nN Votable',NULL,NULL,NULL,1,'2024-06-21 09:38:33',0,0,0,NULL,0,0,NULL,NULL,NULL,NULL,NULL,NULL,9,NULL,NULL,NULL,NULL,NULL,NULL,NULL,NULL,NULL,'LIVE',0,0,0),(378,'Presentation','2024-06-21 04:38:33','2024-06-21 04:38:33','Presentation Title 17 OpJ8tAYiPCPmW36N Votable','Presentation Abstract 17 pxZ3c1yZ6fXNqtfJ Votable',NULL,NULL,NULL,1,'2024-06-21 09:38:33',0,0,0,NULL,0,0,NULL,NULL,NULL,NULL,NULL,NULL,9,NULL,NULL,NULL,NULL,NULL,NULL,NULL,NULL,NULL,'LIVE',0,0,0),(379,'Presentation','2024-06-21 04:38:33','2024-06-21 04:38:33','Presentation Title 18 Q5ZngmdMvqRTSsI6 Votable','Presentation Abstract 18 3aInJhFSOvb5CeXJ Votable',NULL,NULL,NULL,1,'2024-06-21 09:38:33',0,0,0,NULL,0,0,NULL,NULL,NULL,NULL,NULL,NULL,9,NULL,NULL,NULL,NULL,NULL,NULL,NULL,NULL,NULL,'LIVE',0,0,0),(380,'Presentation','2024-06-21 04:38:33','2024-06-21 04:38:33','Presentation Title 19 c3FmR4LGnRxL0OxJ Votable','Presentation Abstract 19 d83SzCiln7prnmun Votable',NULL,NULL,NULL,1,'2024-06-21 09:38:33',0,0,0,NULL,0,0,NULL,NULL,NULL,NULL,NULL,NULL,9,NULL,NULL,NULL,NULL,NULL,NULL,NULL,NULL,NULL,'LIVE',0,0,0),(381,'SummitEvent','2024-06-21 04:38:33','2024-06-21 04:38:33','Raw Event Title 0 cKYCBJtTnF0cFf71','Raw Event Abstract 0 GOlBFWxQ4JwvF80n',NULL,NULL,NULL,0,NULL,0,0,0,NULL,0,0,NULL,NULL,NULL,NULL,NULL,NULL,9,NULL,NULL,NULL,NULL,NULL,NULL,NULL,NULL,NULL,'LIVE',0,0,0),(382,'SummitEvent','2024-06-21 04:38:33','2024-06-21 04:38:33','Raw Event Title 1 4xPZq8VDseTCkzO3','Raw Event Abstract 1 gnxgNOdPvJtYfZ7M',NULL,NULL,NULL,0,NULL,0,0,0,NULL,0,0,NULL,NULL,NULL,NULL,NULL,NULL,9,NULL,NULL,NULL,NULL,NULL,NULL,NULL,NULL,NULL,'LIVE',0,0,0),(383,'SummitEvent','2024-06-21 04:38:33','2024-06-21 04:38:33','Raw Event Title 2 dyCJ1zCm2Iingm7d','Raw Event Abstract 2 S7DiV736c3w26GO3',NULL,NULL,NULL,0,NULL,0,0,0,NULL,0,0,NULL,NULL,NULL,NULL,NULL,NULL,9,NULL,NULL,NULL,NULL,NULL,NULL,NULL,NULL,NULL,'LIVE',0,0,0),(384,'SummitEvent','2024-06-21 04:38:33','2024-06-21 04:38:33','Raw Event Title 3 1qv5JAImqASxC1FX','Raw Event Abstract 3 cBbu9SqXGzejt2XP',NULL,NULL,NULL,0,NULL,0,0,0,NULL,0,0,NULL,NULL,NULL,NULL,NULL,NULL,9,NULL,NULL,NULL,NULL,NULL,NULL,NULL,NULL,NULL,'LIVE',0,0,0),(385,'SummitEvent','2024-06-21 04:38:33','2024-06-21 04:38:33','Raw Event Title 4 MReihUuQHx04Fle3','Raw Event Abstract 4 kF738j0qtlpNyL2R',NULL,NULL,NULL,0,NULL,0,0,0,NULL,0,0,NULL,NULL,NULL,NULL,NULL,NULL,9,NULL,NULL,NULL,NULL,NULL,NULL,NULL,NULL,NULL,'LIVE',0,0,0),(386,'SummitEvent','2024-06-21 04:38:33','2024-06-21 04:38:33','Raw Event Title 5 poYQO6sZSc1FuzyB','Raw Event Abstract 5 Lewfi75Wj1rj5QeV',NULL,NULL,NULL,0,NULL,0,0,0,NULL,0,0,NULL,NULL,NULL,NULL,NULL,NULL,9,NULL,NULL,NULL,NULL,NULL,NULL,NULL,NULL,NULL,'LIVE',0,0,0),(387,'SummitEvent','2024-06-21 04:38:33','2024-06-21 04:38:33','Raw Event Title 6 LEih8TRAirhBYGhf','Raw Event Abstract 6 Xw5WW4R7lq14ZOfG',NULL,NULL,NULL,0,NULL,0,0,0,NULL,0,0,NULL,NULL,NULL,NULL,NULL,NULL,9,NULL,NULL,NULL,NULL,NULL,NULL,NULL,NULL,NULL,'LIVE',0,0,0),(388,'SummitEvent','2024-06-21 04:38:33','2024-06-21 04:38:33','Raw Event Title 7 LKy9cHN8Qvvw4Z7e','Raw Event Abstract 7 6eilIMA6KBzmUm2q',NULL,NULL,NULL,0,NULL,0,0,0,NULL,0,0,NULL,NULL,NULL,NULL,NULL,NULL,9,NULL,NULL,NULL,NULL,NULL,NULL,NULL,NULL,NULL,'LIVE',0,0,0),(389,'SummitEvent','2024-06-21 04:38:33','2024-06-21 04:38:33','Raw Event Title 8 Of7D3r4B8czfx23k','Raw Event Abstract 8 iIUBnukTr50PunuM',NULL,NULL,NULL,0,NULL,0,0,0,NULL,0,0,NULL,NULL,NULL,NULL,NULL,NULL,9,NULL,NULL,NULL,NULL,NULL,NULL,NULL,NULL,NULL,'LIVE',0,0,0),(390,'SummitEvent','2024-06-21 04:38:33','2024-06-21 04:38:33','Raw Event Title 9 0xIWtzcHV1NUx9Zv','Raw Event Abstract 9 l7AcL3lJUyCSsIGq',NULL,NULL,NULL,0,NULL,0,0,0,NULL,0,0,NULL,NULL,NULL,NULL,NULL,NULL,9,NULL,NULL,NULL,NULL,NULL,NULL,NULL,NULL,NULL,'LIVE',0,0,0),(391,'SummitEvent','2024-06-21 04:38:33','2024-06-21 04:38:33','Raw Event Title 10 aG7eYZR3qLWogFdb','Raw Event Abstract 10 h62nasfaAs0Vlh7r',NULL,NULL,NULL,0,NULL,0,0,0,NULL,0,0,NULL,NULL,NULL,NULL,NULL,NULL,9,NULL,NULL,NULL,NULL,NULL,NULL,NULL,NULL,NULL,'LIVE',0,0,0),(392,'SummitEvent','2024-06-21 04:38:33','2024-06-21 04:38:33','Raw Event Title 11 qp4ufVEL9zqSTlqY','Raw Event Abstract 11 MYMj1vkpHl4IllFv',NULL,NULL,NULL,0,NULL,0,0,0,NULL,0,0,NULL,NULL,NULL,NULL,NULL,NULL,9,NULL,NULL,NULL,NULL,NULL,NULL,NULL,NULL,NULL,'LIVE',0,0,0),(393,'SummitEvent','2024-06-21 04:38:33','2024-06-21 04:38:33','Raw Event Title 12 BUo2NtZLYBW40O6u','Raw Event Abstract 12 ksGsw40XknH7RuMr',NULL,NULL,NULL,0,NULL,0,0,0,NULL,0,0,NULL,NULL,NULL,NULL,NULL,NULL,9,NULL,NULL,NULL,NULL,NULL,NULL,NULL,NULL,NULL,'LIVE',0,0,0),(394,'SummitEvent','2024-06-21 04:38:33','2024-06-21 04:38:33','Raw Event Title 13 wbwKHZfGt5UkXKTt','Raw Event Abstract 13 6tL1Ihuj3iBB7JOQ',NULL,NULL,NULL,0,NULL,0,0,0,NULL,0,0,NULL,NULL,NULL,NULL,NULL,NULL,9,NULL,NULL,NULL,NULL,NULL,NULL,NULL,NULL,NULL,'LIVE',0,0,0),(395,'SummitEvent','2024-06-21 04:38:33','2024-06-21 04:38:33','Raw Event Title 14 mz7lSFedP8N2YfbM','Raw Event Abstract 14 HSv1sZz4nlFbxLYr',NULL,NULL,NULL,0,NULL,0,0,0,NULL,0,0,NULL,NULL,NULL,NULL,NULL,NULL,9,NULL,NULL,NULL,NULL,NULL,NULL,NULL,NULL,NULL,'LIVE',0,0,0),(396,'SummitEvent','2024-06-21 04:38:33','2024-06-21 04:38:33','Raw Event Title 15 El7UuOZVJOP1Xf15','Raw Event Abstract 15 UMq6zhz0YJCvQnOn',NULL,NULL,NULL,0,NULL,0,0,0,NULL,0,0,NULL,NULL,NULL,NULL,NULL,NULL,9,NULL,NULL,NULL,NULL,NULL,NULL,NULL,NULL,NULL,'LIVE',0,0,0),(397,'SummitEvent','2024-06-21 04:38:33','2024-06-21 04:38:33','Raw Event Title 16 x4NpGKJxHlrHJ22W','Raw Event Abstract 16 rnJg338cw3bjZMNp',NULL,NULL,NULL,0,NULL,0,0,0,NULL,0,0,NULL,NULL,NULL,NULL,NULL,NULL,9,NULL,NULL,NULL,NULL,NULL,NULL,NULL,NULL,NULL,'LIVE',0,0,0),(398,'SummitEvent','2024-06-21 04:38:33','2024-06-21 04:38:33','Raw Event Title 17 MKWTtszVxHDWeFWL','Raw Event Abstract 17 FPmYXOCkdoNb87Ii',NULL,NULL,NULL,0,NULL,0,0,0,NULL,0,0,NULL,NULL,NULL,NULL,NULL,NULL,9,NULL,NULL,NULL,NULL,NULL,NULL,NULL,NULL,NULL,'LIVE',0,0,0),(399,'SummitEvent','2024-06-21 04:38:33','2024-06-21 04:38:33','Raw Event Title 18 AGDtiPgOBiP5Imaw','Raw Event Abstract 18 oiVpbibJ4sEoq4m9',NULL,NULL,NULL,0,NULL,0,0,0,NULL,0,0,NULL,NULL,NULL,NULL,NULL,NULL,9,NULL,NULL,NULL,NULL,NULL,NULL,NULL,NULL,NULL,'LIVE',0,0,0),(400,'SummitEvent','2024-06-21 04:38:33','2024-06-21 04:38:33','Raw Event Title 19 Eodgg5aElrLXh4aB','Raw Event Abstract 19 iZK2FyrbxnR7PQg6',NULL,NULL,NULL,0,NULL,0,0,0,NULL,0,0,NULL,NULL,NULL,NULL,NULL,NULL,9,NULL,NULL,NULL,NULL,NULL,NULL,NULL,NULL,NULL,'LIVE',0,0,0),(401,'Presentation','2024-06-21 04:39:40','2024-06-21 04:39:40','Presentation Title 0 qGawSWFt5zDrguac','Presentation Abstract 0 kR5RkKwxiKfMLesR',NULL,'2024-06-21 09:39:40','2024-06-22 09:39:40',1,'2024-06-21 09:39:40',0,0,0,NULL,0,0,NULL,NULL,NULL,NULL,NULL,NULL,11,NULL,NULL,NULL,NULL,NULL,NULL,NULL,NULL,NULL,'LIVE',0,86400,0),(402,'Presentation','2024-06-21 04:39:40','2024-06-21 04:39:40','Presentation Title 1 4i4jDImi455bqaOq','Presentation Abstract 1 lJf0f0yzDMNBESEc',NULL,'2024-06-22 09:39:40','2024-06-23 09:39:40',1,'2024-06-21 09:39:40',0,0,0,NULL,0,0,NULL,NULL,NULL,NULL,NULL,NULL,11,NULL,NULL,NULL,NULL,NULL,NULL,NULL,NULL,NULL,'LIVE',0,86400,0),(403,'Presentation','2024-06-21 04:39:40','2024-06-21 04:39:40','Presentation Title 2 n9wkZVwqyIJKswih','Presentation Abstract 2 N9ncA14NwcOmJn8w',NULL,'2024-06-23 09:39:40','2024-06-24 09:39:40',1,'2024-06-21 09:39:40',0,0,0,NULL,0,0,NULL,NULL,NULL,NULL,NULL,NULL,11,NULL,NULL,NULL,NULL,NULL,NULL,NULL,NULL,NULL,'LIVE',0,86400,0),(404,'Presentation','2024-06-21 04:39:40','2024-06-21 04:39:40','Presentation Title 3 muHGlzAmKqcXVJY8','Presentation Abstract 3 BV33QV4U5ze1Mw21',NULL,'2024-06-24 09:39:40','2024-06-25 09:39:40',1,'2024-06-21 09:39:40',0,0,0,NULL,0,0,NULL,NULL,NULL,NULL,NULL,NULL,11,NULL,NULL,NULL,NULL,NULL,NULL,NULL,NULL,NULL,'LIVE',0,86400,0),(405,'Presentation','2024-06-21 04:39:40','2024-06-21 04:39:40','Presentation Title 4 vZ8G56xA9Ki8Kytf','Presentation Abstract 4 HsH7CPT9xboObTZP',NULL,'2024-06-25 09:39:40','2024-06-26 09:39:40',1,'2024-06-21 09:39:40',0,0,0,NULL,0,0,NULL,NULL,NULL,NULL,NULL,NULL,11,NULL,NULL,NULL,NULL,NULL,NULL,NULL,NULL,NULL,'LIVE',0,86400,0),(406,'Presentation','2024-06-21 04:39:40','2024-06-21 04:39:40','Presentation Title 5 5jI1WazD0ypvEx9Z','Presentation Abstract 5 JTjE5v9eomeyRjMZ',NULL,'2024-06-26 09:39:40','2024-06-27 09:39:40',1,'2024-06-21 09:39:40',0,0,0,NULL,0,0,NULL,NULL,NULL,NULL,NULL,NULL,11,NULL,NULL,NULL,NULL,NULL,NULL,NULL,NULL,NULL,'LIVE',0,86400,0),(407,'Presentation','2024-06-21 04:39:40','2024-06-21 04:39:40','Presentation Title 6 EYK1vB8W9qQzdoNK','Presentation Abstract 6 u8FTFxtOVpJMgh7G',NULL,'2024-06-27 09:39:40','2024-06-28 09:39:40',1,'2024-06-21 09:39:40',0,0,0,NULL,0,0,NULL,NULL,NULL,NULL,NULL,NULL,11,NULL,NULL,NULL,NULL,NULL,NULL,NULL,NULL,NULL,'LIVE',0,86400,0),(408,'Presentation','2024-06-21 04:39:40','2024-06-21 04:39:40','Presentation Title 7 8GUwb5b680w9zOfs','Presentation Abstract 7 BGKZmQQh34kPJPB5',NULL,'2024-06-28 09:39:40','2024-06-29 09:39:40',1,'2024-06-21 09:39:40',0,0,0,NULL,0,0,NULL,NULL,NULL,NULL,NULL,NULL,11,NULL,NULL,NULL,NULL,NULL,NULL,NULL,NULL,NULL,'LIVE',0,86400,0),(409,'Presentation','2024-06-21 04:39:40','2024-06-21 04:39:40','Presentation Title 8 Xxfk6ACDsfID3W41','Presentation Abstract 8 GXTHmMxj5qHKbWkJ',NULL,'2024-06-29 09:39:40','2024-06-30 09:39:40',1,'2024-06-21 09:39:40',0,0,0,NULL,0,0,NULL,NULL,NULL,NULL,NULL,NULL,11,NULL,NULL,NULL,NULL,NULL,NULL,NULL,NULL,NULL,'LIVE',0,86400,0),(410,'Presentation','2024-06-21 04:39:40','2024-06-21 04:39:40','Presentation Title 9 8zHByC6JqMXK2CeN','Presentation Abstract 9 gXMb6qOmBQtUG6Cp',NULL,'2024-06-30 09:39:40','2024-07-01 09:39:40',1,'2024-06-21 09:39:40',0,0,0,NULL,0,0,NULL,NULL,NULL,NULL,NULL,NULL,11,NULL,NULL,NULL,NULL,NULL,NULL,NULL,NULL,NULL,'LIVE',0,86400,0),(411,'Presentation','2024-06-21 04:39:40','2024-06-21 04:39:40','Presentation Title 10 ZMIEtJyhJfxFc8aU','Presentation Abstract 10 MY6efZnewrFtJZAj',NULL,'2024-07-01 09:39:40','2024-07-02 09:39:40',1,'2024-06-21 09:39:40',0,0,0,NULL,0,0,NULL,NULL,NULL,NULL,NULL,NULL,11,NULL,NULL,NULL,NULL,NULL,NULL,NULL,NULL,NULL,'LIVE',0,86400,0),(412,'Presentation','2024-06-21 04:39:40','2024-06-21 04:39:40','Presentation Title 11 6WkJMv5Cx9yqTsya','Presentation Abstract 11 Sv716f6XymCrAzxP',NULL,'2024-07-02 09:39:40','2024-07-03 09:39:40',1,'2024-06-21 09:39:40',0,0,0,NULL,0,0,NULL,NULL,NULL,NULL,NULL,NULL,11,NULL,NULL,NULL,NULL,NULL,NULL,NULL,NULL,NULL,'LIVE',0,86400,0),(413,'Presentation','2024-06-21 04:39:40','2024-06-21 04:39:40','Presentation Title 12 IJcRtqRuPmPBkHbi','Presentation Abstract 12 JTqTxsUUaJlKr9rK',NULL,'2024-07-03 09:39:40','2024-07-04 09:39:40',1,'2024-06-21 09:39:40',0,0,0,NULL,0,0,NULL,NULL,NULL,NULL,NULL,NULL,11,NULL,NULL,NULL,NULL,NULL,NULL,NULL,NULL,NULL,'LIVE',0,86400,0),(414,'Presentation','2024-06-21 04:39:40','2024-06-21 04:39:40','Presentation Title 13 UFhUWc1H3W7Qr394','Presentation Abstract 13 4znq8myHzszjqnQ2',NULL,'2024-07-04 09:39:40','2024-07-05 09:39:40',1,'2024-06-21 09:39:40',0,0,0,NULL,0,0,NULL,NULL,NULL,NULL,NULL,NULL,11,NULL,NULL,NULL,NULL,NULL,NULL,NULL,NULL,NULL,'LIVE',0,86400,0),(415,'Presentation','2024-06-21 04:39:40','2024-06-21 04:39:40','Presentation Title 14 B2ueHVmoujZQPE3W','Presentation Abstract 14 e0oPKOF1y1yE2i9A',NULL,'2024-07-05 09:39:40','2024-07-06 09:39:40',1,'2024-06-21 09:39:40',0,0,0,NULL,0,0,NULL,NULL,NULL,NULL,NULL,NULL,11,NULL,NULL,NULL,NULL,NULL,NULL,NULL,NULL,NULL,'LIVE',0,86400,0),(416,'Presentation','2024-06-21 04:39:40','2024-06-21 04:39:40','Presentation Title 15 noMMydplfENKJcLe','Presentation Abstract 15 VU8F4dZbym6RN2eT',NULL,'2024-07-06 09:39:40','2024-07-07 09:39:40',1,'2024-06-21 09:39:40',0,0,0,NULL,0,0,NULL,NULL,NULL,NULL,NULL,NULL,11,NULL,NULL,NULL,NULL,NULL,NULL,NULL,NULL,NULL,'LIVE',0,86400,0),(417,'Presentation','2024-06-21 04:39:40','2024-06-21 04:39:40','Presentation Title 16 S8lJvUWVmOj7Q8vl','Presentation Abstract 16 6MUtBe6nTkFgH8us',NULL,'2024-07-07 09:39:40','2024-07-08 09:39:40',1,'2024-06-21 09:39:40',0,0,0,NULL,0,0,NULL,NULL,NULL,NULL,NULL,NULL,11,NULL,NULL,NULL,NULL,NULL,NULL,NULL,NULL,NULL,'LIVE',0,86400,0),(418,'Presentation','2024-06-21 04:39:40','2024-06-21 04:39:40','Presentation Title 17 HWZLohmQjXg99BLj','Presentation Abstract 17 go55XesniYEtwN8h',NULL,'2024-07-08 09:39:40','2024-07-09 09:39:40',1,'2024-06-21 09:39:40',0,0,0,NULL,0,0,NULL,NULL,NULL,NULL,NULL,NULL,11,NULL,NULL,NULL,NULL,NULL,NULL,NULL,NULL,NULL,'LIVE',0,86400,0),(419,'Presentation','2024-06-21 04:39:40','2024-06-21 04:39:40','Presentation Title 18 OAIHW6sdhukDWb2r','Presentation Abstract 18 1N6JtZbHLKaT1IO1',NULL,'2024-07-09 09:39:40','2024-07-10 09:39:40',1,'2024-06-21 09:39:40',0,0,0,NULL,0,0,NULL,NULL,NULL,NULL,NULL,NULL,11,NULL,NULL,NULL,NULL,NULL,NULL,NULL,NULL,NULL,'LIVE',0,86400,0),(420,'Presentation','2024-06-21 04:39:40','2024-06-21 04:39:40','Presentation Title 19 DyyQFiegJoQG1KEM','Presentation Abstract 19 Tkgmy23geZgc0I5H',NULL,'2024-07-10 09:39:40','2024-07-11 09:39:40',1,'2024-06-21 09:39:40',0,0,0,NULL,0,0,NULL,NULL,NULL,NULL,NULL,NULL,11,NULL,NULL,NULL,NULL,NULL,NULL,NULL,NULL,NULL,'LIVE',0,86400,0),(421,'Presentation','2024-06-21 04:39:40','2024-06-21 04:39:40','Presentation Title 20 i34vB7ANu5O20vaL','Presentation Abstract 20 6Va5AwRaChBz73Hg',NULL,'2024-07-11 09:39:40','2024-07-12 09:39:40',1,'2024-06-21 09:39:40',0,0,0,NULL,0,0,NULL,NULL,106,NULL,NULL,NULL,11,NULL,NULL,NULL,NULL,NULL,NULL,NULL,NULL,NULL,'LIVE',0,86400,0),(422,'Presentation','2024-06-21 04:39:40','2024-06-21 04:39:40','Presentation Title 21 ZghDX3MXHIB4mB9k','Presentation Abstract 21 FLixM4SyiE5Wn0Mf',NULL,'2024-07-12 09:39:40','2024-07-13 09:39:40',1,'2024-06-21 09:39:40',0,0,0,NULL,0,0,NULL,NULL,106,NULL,NULL,NULL,11,NULL,NULL,NULL,NULL,NULL,NULL,NULL,NULL,NULL,'LIVE',0,86400,0),(423,'Presentation','2024-06-21 04:39:40','2024-06-21 04:39:40','Presentation Title 22 YnaAMypCssyjkeDy','Presentation Abstract 22 ZW7ML8MxFoCGgrrP',NULL,'2024-07-13 09:39:40','2024-07-14 09:39:40',1,'2024-06-21 09:39:40',0,0,0,NULL,0,0,NULL,NULL,106,NULL,NULL,NULL,11,NULL,NULL,NULL,NULL,NULL,NULL,NULL,NULL,NULL,'LIVE',0,86400,0),(424,'Presentation','2024-06-21 04:39:40','2024-06-21 04:39:40','Presentation Title 23 BQxalLPhLl1bvBCI','Presentation Abstract 23 9uZ0UqpJQoDklac5',NULL,'2024-07-14 09:39:40','2024-07-15 09:39:40',1,'2024-06-21 09:39:40',0,0,0,NULL,0,0,NULL,NULL,106,NULL,NULL,NULL,11,NULL,NULL,NULL,NULL,NULL,NULL,NULL,NULL,NULL,'LIVE',0,86400,0),(425,'Presentation','2024-06-21 04:39:40','2024-06-21 04:39:40','Presentation Title 24 z7kO4Cg3291BOBGq','Presentation Abstract 24 AWFEC3hDeGrtft86',NULL,'2024-07-15 09:39:40','2024-07-16 09:39:40',1,'2024-06-21 09:39:40',0,0,0,NULL,0,0,NULL,NULL,106,NULL,NULL,NULL,11,NULL,NULL,NULL,NULL,NULL,NULL,NULL,NULL,NULL,'LIVE',0,86400,0),(426,'Presentation','2024-06-21 04:39:40','2024-06-21 04:39:40','Presentation Title 25 eBDhu1UrpPSddCOn','Presentation Abstract 25 ad0KFn0yBOcUZpr4',NULL,'2024-07-16 09:39:40','2024-07-17 09:39:40',1,'2024-06-21 09:39:40',0,0,0,NULL,0,0,NULL,NULL,106,NULL,NULL,NULL,11,NULL,NULL,NULL,NULL,NULL,NULL,NULL,NULL,NULL,'LIVE',0,86400,0),(427,'Presentation','2024-06-21 04:39:40','2024-06-21 04:39:40','Presentation Title 26 pSVWdIlkgNSS4v5m','Presentation Abstract 26 jtesUsxppFDtZqlz',NULL,'2024-07-17 09:39:40','2024-07-18 09:39:40',1,'2024-06-21 09:39:40',0,0,0,NULL,0,0,NULL,NULL,106,NULL,NULL,NULL,11,NULL,NULL,NULL,NULL,NULL,NULL,NULL,NULL,NULL,'LIVE',0,86400,0),(428,'Presentation','2024-06-21 04:39:40','2024-06-21 04:39:40','Presentation Title 27 KafF3q6wkAyHxPLW','Presentation Abstract 27 x4IYCcejZ3zCa7aA',NULL,'2024-07-18 09:39:40','2024-07-19 09:39:40',1,'2024-06-21 09:39:40',0,0,0,NULL,0,0,NULL,NULL,106,NULL,NULL,NULL,11,NULL,NULL,NULL,NULL,NULL,NULL,NULL,NULL,NULL,'LIVE',0,86400,0),(429,'Presentation','2024-06-21 04:39:40','2024-06-21 04:39:40','Presentation Title 28 LKEW4gcX51MRlVh1','Presentation Abstract 28 hS2EdCTpiXlcxkAh',NULL,'2024-07-19 09:39:40','2024-07-20 09:39:40',1,'2024-06-21 09:39:40',0,0,0,NULL,0,0,NULL,NULL,106,NULL,NULL,NULL,11,NULL,NULL,NULL,NULL,NULL,NULL,NULL,NULL,NULL,'LIVE',0,86400,0),(430,'Presentation','2024-06-21 04:39:40','2024-06-21 04:39:40','Presentation Title 29 DUp78U1sBFFr1yFu','Presentation Abstract 29 Kfe6SL12PGML0uDr',NULL,'2024-07-20 09:39:40','2024-07-21 09:39:40',1,'2024-06-21 09:39:40',0,0,0,NULL,0,0,NULL,NULL,106,NULL,NULL,NULL,11,NULL,NULL,NULL,NULL,NULL,NULL,NULL,NULL,NULL,'LIVE',0,86400,0),(431,'Presentation','2024-06-21 04:39:40','2024-06-21 04:39:40','Presentation Title 30 hCqAHP300eVq2zNM','Presentation Abstract 30 3L1hc53lkOdogYCi',NULL,'2024-07-21 09:39:40','2024-07-22 09:39:40',1,'2024-06-21 09:39:40',0,0,0,NULL,0,0,NULL,NULL,106,NULL,NULL,NULL,11,NULL,NULL,NULL,NULL,NULL,NULL,NULL,NULL,NULL,'LIVE',0,86400,0),(432,'Presentation','2024-06-21 04:39:40','2024-06-21 04:39:40','Presentation Title 31 W4cJckSGYE0faNp8','Presentation Abstract 31 lFRE352hCXZoDuui',NULL,'2024-07-22 09:39:40','2024-07-23 09:39:40',1,'2024-06-21 09:39:40',0,0,0,NULL,0,0,NULL,NULL,106,NULL,NULL,NULL,11,NULL,NULL,NULL,NULL,NULL,NULL,NULL,NULL,NULL,'LIVE',0,86400,0),(433,'Presentation','2024-06-21 04:39:40','2024-06-21 04:39:40','Presentation Title 32 HZrbjU1QeTdUIKvh','Presentation Abstract 32 E6ggzsWvIBanqvMD',NULL,'2024-07-23 09:39:40','2024-07-24 09:39:40',1,'2024-06-21 09:39:40',0,0,0,NULL,0,0,NULL,NULL,106,NULL,NULL,NULL,11,NULL,NULL,NULL,NULL,NULL,NULL,NULL,NULL,NULL,'LIVE',0,86400,0),(434,'Presentation','2024-06-21 04:39:40','2024-06-21 04:39:40','Presentation Title 33 N8hNP2b6torpgyhV','Presentation Abstract 33 ggYxRIz7TH73hTpw',NULL,'2024-07-24 09:39:40','2024-07-25 09:39:40',1,'2024-06-21 09:39:40',0,0,0,NULL,0,0,NULL,NULL,106,NULL,NULL,NULL,11,NULL,NULL,NULL,NULL,NULL,NULL,NULL,NULL,NULL,'LIVE',0,86400,0),(435,'Presentation','2024-06-21 04:39:40','2024-06-21 04:39:40','Presentation Title 34 NoqK6R9jRI3AtN9Z','Presentation Abstract 34 dQ9jQkehFQbbLOUM',NULL,'2024-07-25 09:39:40','2024-07-26 09:39:40',1,'2024-06-21 09:39:40',0,0,0,NULL,0,0,NULL,NULL,106,NULL,NULL,NULL,11,NULL,NULL,NULL,NULL,NULL,NULL,NULL,NULL,NULL,'LIVE',0,86400,0),(436,'Presentation','2024-06-21 04:39:40','2024-06-21 04:39:40','Presentation Title 35 jg1XUVPm3eEOEeKW','Presentation Abstract 35 rJ3qIuz8zR3IGYqA',NULL,'2024-07-26 09:39:40','2024-07-27 09:39:40',1,'2024-06-21 09:39:40',0,0,0,NULL,0,0,NULL,NULL,106,NULL,NULL,NULL,11,NULL,NULL,NULL,NULL,NULL,NULL,NULL,NULL,NULL,'LIVE',0,86400,0),(437,'Presentation','2024-06-21 04:39:40','2024-06-21 04:39:40','Presentation Title 36 ulIR4rUkYKA2I0r3','Presentation Abstract 36 Y5FnvPFuB3D43lvh',NULL,'2024-07-27 09:39:40','2024-07-28 09:39:40',1,'2024-06-21 09:39:40',0,0,0,NULL,0,0,NULL,NULL,106,NULL,NULL,NULL,11,NULL,NULL,NULL,NULL,NULL,NULL,NULL,NULL,NULL,'LIVE',0,86400,0),(438,'Presentation','2024-06-21 04:39:40','2024-06-21 04:39:40','Presentation Title 37 8xd0PlANkOh2ozpE','Presentation Abstract 37 oIua4HjiE45Mj1dX',NULL,'2024-07-28 09:39:40','2024-07-29 09:39:40',1,'2024-06-21 09:39:40',0,0,0,NULL,0,0,NULL,NULL,106,NULL,NULL,NULL,11,NULL,NULL,NULL,NULL,NULL,NULL,NULL,NULL,NULL,'LIVE',0,86400,0),(439,'Presentation','2024-06-21 04:39:40','2024-06-21 04:39:40','Presentation Title 38 Gt12Aub2q3Up1XxM','Presentation Abstract 38 Oxjx3pK6KlAGCU2b',NULL,'2024-07-29 09:39:40','2024-07-30 09:39:40',1,'2024-06-21 09:39:40',0,0,0,NULL,0,0,NULL,NULL,106,NULL,NULL,NULL,11,NULL,NULL,NULL,NULL,NULL,NULL,NULL,NULL,NULL,'LIVE',0,86400,0),(440,'Presentation','2024-06-21 04:39:40','2024-06-21 04:39:40','Presentation Title 39 kaCKIBVl2Opry1UW','Presentation Abstract 39 30MoOnK4org3KBpb',NULL,'2024-07-30 09:39:40','2024-07-31 09:39:40',1,'2024-06-21 09:39:40',0,0,0,NULL,0,0,NULL,NULL,106,NULL,NULL,NULL,11,NULL,NULL,NULL,NULL,NULL,NULL,NULL,NULL,NULL,'LIVE',0,86400,0),(441,'Presentation','2024-06-21 04:39:40','2024-06-21 04:39:40','Presentation Title 0 gBybD3MDQiX191nS Votable','Presentation Abstract 0 v3NwMGY8YQ2DajU3 Votable',NULL,NULL,NULL,1,'2024-06-21 09:39:40',0,0,0,NULL,0,0,NULL,NULL,NULL,NULL,NULL,NULL,11,NULL,NULL,NULL,NULL,NULL,NULL,NULL,NULL,NULL,'LIVE',0,0,0),(442,'Presentation','2024-06-21 04:39:40','2024-06-21 04:39:40','Presentation Title 1 eAlNCGzE5AwGF6kY Votable','Presentation Abstract 1 zXtk9ngjhJggkbPi Votable',NULL,NULL,NULL,1,'2024-06-21 09:39:40',0,0,0,NULL,0,0,NULL,NULL,NULL,NULL,NULL,NULL,11,NULL,NULL,NULL,NULL,NULL,NULL,NULL,NULL,NULL,'LIVE',0,0,0),(443,'Presentation','2024-06-21 04:39:40','2024-06-21 04:39:40','Presentation Title 2 h2NRzo7vYRpZ17K5 Votable','Presentation Abstract 2 ifJIFWsTXeJzZs3x Votable',NULL,NULL,NULL,1,'2024-06-21 09:39:40',0,0,0,NULL,0,0,NULL,NULL,NULL,NULL,NULL,NULL,11,NULL,NULL,NULL,NULL,NULL,NULL,NULL,NULL,NULL,'LIVE',0,0,0),(444,'Presentation','2024-06-21 04:39:40','2024-06-21 04:39:40','Presentation Title 3 d8ulYu4WDqMWJ416 Votable','Presentation Abstract 3 PohRkt0i3uvZ5Fu7 Votable',NULL,NULL,NULL,1,'2024-06-21 09:39:40',0,0,0,NULL,0,0,NULL,NULL,NULL,NULL,NULL,NULL,11,NULL,NULL,NULL,NULL,NULL,NULL,NULL,NULL,NULL,'LIVE',0,0,0),(445,'Presentation','2024-06-21 04:39:40','2024-06-21 04:39:40','Presentation Title 4 qTHaQRsRrzHNxFU7 Votable','Presentation Abstract 4 BbgffqD1s1p87ptz Votable',NULL,NULL,NULL,1,'2024-06-21 09:39:40',0,0,0,NULL,0,0,NULL,NULL,NULL,NULL,NULL,NULL,11,NULL,NULL,NULL,NULL,NULL,NULL,NULL,NULL,NULL,'LIVE',0,0,0),(446,'Presentation','2024-06-21 04:39:40','2024-06-21 04:39:40','Presentation Title 5 YWsI95SJBRDdfNLR Votable','Presentation Abstract 5 oDRuCSTBfKCuqQGm Votable',NULL,NULL,NULL,1,'2024-06-21 09:39:40',0,0,0,NULL,0,0,NULL,NULL,NULL,NULL,NULL,NULL,11,NULL,NULL,NULL,NULL,NULL,NULL,NULL,NULL,NULL,'LIVE',0,0,0),(447,'Presentation','2024-06-21 04:39:40','2024-06-21 04:39:40','Presentation Title 6 ui5CEQldZwqLafAm Votable','Presentation Abstract 6 7XljgAeMDotR8ft0 Votable',NULL,NULL,NULL,1,'2024-06-21 09:39:40',0,0,0,NULL,0,0,NULL,NULL,NULL,NULL,NULL,NULL,11,NULL,NULL,NULL,NULL,NULL,NULL,NULL,NULL,NULL,'LIVE',0,0,0),(448,'Presentation','2024-06-21 04:39:40','2024-06-21 04:39:40','Presentation Title 7 OgraKvqP6sXB1Cev Votable','Presentation Abstract 7 yiFFR2EoQABSKlNa Votable',NULL,NULL,NULL,1,'2024-06-21 09:39:40',0,0,0,NULL,0,0,NULL,NULL,NULL,NULL,NULL,NULL,11,NULL,NULL,NULL,NULL,NULL,NULL,NULL,NULL,NULL,'LIVE',0,0,0),(449,'Presentation','2024-06-21 04:39:40','2024-06-21 04:39:40','Presentation Title 8 YFbRi5IzxIfm1saw Votable','Presentation Abstract 8 MD0Et28j6kF2MYTz Votable',NULL,NULL,NULL,1,'2024-06-21 09:39:40',0,0,0,NULL,0,0,NULL,NULL,NULL,NULL,NULL,NULL,11,NULL,NULL,NULL,NULL,NULL,NULL,NULL,NULL,NULL,'LIVE',0,0,0),(450,'Presentation','2024-06-21 04:39:40','2024-06-21 04:39:40','Presentation Title 9 vLueZlDi8nN5hdcf Votable','Presentation Abstract 9 HQqWrnWilleQ4F9l Votable',NULL,NULL,NULL,1,'2024-06-21 09:39:40',0,0,0,NULL,0,0,NULL,NULL,NULL,NULL,NULL,NULL,11,NULL,NULL,NULL,NULL,NULL,NULL,NULL,NULL,NULL,'LIVE',0,0,0),(451,'Presentation','2024-06-21 04:39:40','2024-06-21 04:39:40','Presentation Title 10 2Jp7Mt6G3uXny9AW Votable','Presentation Abstract 10 OWDFHWvl8PEqSHuQ Votable',NULL,NULL,NULL,1,'2024-06-21 09:39:40',0,0,0,NULL,0,0,NULL,NULL,NULL,NULL,NULL,NULL,11,NULL,NULL,NULL,NULL,NULL,NULL,NULL,NULL,NULL,'LIVE',0,0,0),(452,'Presentation','2024-06-21 04:39:40','2024-06-21 04:39:40','Presentation Title 11 qdKm9RjL6dxZYG7s Votable','Presentation Abstract 11 rlOAgOYpdmfp96h6 Votable',NULL,NULL,NULL,1,'2024-06-21 09:39:40',0,0,0,NULL,0,0,NULL,NULL,NULL,NULL,NULL,NULL,11,NULL,NULL,NULL,NULL,NULL,NULL,NULL,NULL,NULL,'LIVE',0,0,0),(453,'Presentation','2024-06-21 04:39:40','2024-06-21 04:39:40','Presentation Title 12 LJNgM1OsotmhUCOh Votable','Presentation Abstract 12 V1u2vfkpFkiGHZoX Votable',NULL,NULL,NULL,1,'2024-06-21 09:39:40',0,0,0,NULL,0,0,NULL,NULL,NULL,NULL,NULL,NULL,11,NULL,NULL,NULL,NULL,NULL,NULL,NULL,NULL,NULL,'LIVE',0,0,0),(454,'Presentation','2024-06-21 04:39:40','2024-06-21 04:39:40','Presentation Title 13 AruaWVE5W7waFrgc Votable','Presentation Abstract 13 jw4b2tdUIC3Y29EX Votable',NULL,NULL,NULL,1,'2024-06-21 09:39:40',0,0,0,NULL,0,0,NULL,NULL,NULL,NULL,NULL,NULL,11,NULL,NULL,NULL,NULL,NULL,NULL,NULL,NULL,NULL,'LIVE',0,0,0),(455,'Presentation','2024-06-21 04:39:40','2024-06-21 04:39:40','Presentation Title 14 lJrJvl9dPHz3WvwO Votable','Presentation Abstract 14 czGLqqAvWS7GvC7B Votable',NULL,NULL,NULL,1,'2024-06-21 09:39:40',0,0,0,NULL,0,0,NULL,NULL,NULL,NULL,NULL,NULL,11,NULL,NULL,NULL,NULL,NULL,NULL,NULL,NULL,NULL,'LIVE',0,0,0),(456,'Presentation','2024-06-21 04:39:40','2024-06-21 04:39:40','Presentation Title 15 7TqakV4HQp7QrPm9 Votable','Presentation Abstract 15 G3y6XlSOo74bFFe5 Votable',NULL,NULL,NULL,1,'2024-06-21 09:39:40',0,0,0,NULL,0,0,NULL,NULL,NULL,NULL,NULL,NULL,11,NULL,NULL,NULL,NULL,NULL,NULL,NULL,NULL,NULL,'LIVE',0,0,0),(457,'Presentation','2024-06-21 04:39:40','2024-06-21 04:39:40','Presentation Title 16 oNqxaPaIOafGhTaX Votable','Presentation Abstract 16 pYIiTMdo6kfo6e0Y Votable',NULL,NULL,NULL,1,'2024-06-21 09:39:40',0,0,0,NULL,0,0,NULL,NULL,NULL,NULL,NULL,NULL,11,NULL,NULL,NULL,NULL,NULL,NULL,NULL,NULL,NULL,'LIVE',0,0,0),(458,'Presentation','2024-06-21 04:39:40','2024-06-21 04:39:40','Presentation Title 17 iZXqqVFWh0HLNp1z Votable','Presentation Abstract 17 HGQD2SCk4EZAUTQh Votable',NULL,NULL,NULL,1,'2024-06-21 09:39:40',0,0,0,NULL,0,0,NULL,NULL,NULL,NULL,NULL,NULL,11,NULL,NULL,NULL,NULL,NULL,NULL,NULL,NULL,NULL,'LIVE',0,0,0),(459,'Presentation','2024-06-21 04:39:40','2024-06-21 04:39:40','Presentation Title 18 EPk3Kuj97QgUxXGb Votable','Presentation Abstract 18 jdzpCIwnILigQ3mA Votable',NULL,NULL,NULL,1,'2024-06-21 09:39:40',0,0,0,NULL,0,0,NULL,NULL,NULL,NULL,NULL,NULL,11,NULL,NULL,NULL,NULL,NULL,NULL,NULL,NULL,NULL,'LIVE',0,0,0),(460,'Presentation','2024-06-21 04:39:40','2024-06-21 04:39:40','Presentation Title 19 bqYGsnVDnegPWFKR Votable','Presentation Abstract 19 1PThfXFJRQyL4eN6 Votable',NULL,NULL,NULL,1,'2024-06-21 09:39:40',0,0,0,NULL,0,0,NULL,NULL,NULL,NULL,NULL,NULL,11,NULL,NULL,NULL,NULL,NULL,NULL,NULL,NULL,NULL,'LIVE',0,0,0),(461,'SummitEvent','2024-06-21 04:39:40','2024-06-21 04:39:40','Raw Event Title 0 y29dXQ5nfjDhZddN','Raw Event Abstract 0 82gJLLrWpYd9nmeA',NULL,NULL,NULL,0,NULL,0,0,0,NULL,0,0,NULL,NULL,NULL,NULL,NULL,NULL,11,NULL,NULL,NULL,NULL,NULL,NULL,NULL,NULL,NULL,'LIVE',0,0,0),(462,'SummitEvent','2024-06-21 04:39:40','2024-06-21 04:39:40','Raw Event Title 1 xNURnxxuYMrUeWtj','Raw Event Abstract 1 tEzEZKU9xw8JzG3B',NULL,NULL,NULL,0,NULL,0,0,0,NULL,0,0,NULL,NULL,NULL,NULL,NULL,NULL,11,NULL,NULL,NULL,NULL,NULL,NULL,NULL,NULL,NULL,'LIVE',0,0,0),(463,'SummitEvent','2024-06-21 04:39:40','2024-06-21 04:39:40','Raw Event Title 2 w0jM8D3O8pKtxDIh','Raw Event Abstract 2 fiBjjrDg1H2sJCxv',NULL,NULL,NULL,0,NULL,0,0,0,NULL,0,0,NULL,NULL,NULL,NULL,NULL,NULL,11,NULL,NULL,NULL,NULL,NULL,NULL,NULL,NULL,NULL,'LIVE',0,0,0),(464,'SummitEvent','2024-06-21 04:39:40','2024-06-21 04:39:40','Raw Event Title 3 nGInCAUJNlHoXGz7','Raw Event Abstract 3 2IbvYVbPKYqApIBw',NULL,NULL,NULL,0,NULL,0,0,0,NULL,0,0,NULL,NULL,NULL,NULL,NULL,NULL,11,NULL,NULL,NULL,NULL,NULL,NULL,NULL,NULL,NULL,'LIVE',0,0,0),(465,'SummitEvent','2024-06-21 04:39:40','2024-06-21 04:39:40','Raw Event Title 4 HN5bi5l63hHY5lyh','Raw Event Abstract 4 rES1Xum6qEm8sWuP',NULL,NULL,NULL,0,NULL,0,0,0,NULL,0,0,NULL,NULL,NULL,NULL,NULL,NULL,11,NULL,NULL,NULL,NULL,NULL,NULL,NULL,NULL,NULL,'LIVE',0,0,0),(466,'SummitEvent','2024-06-21 04:39:40','2024-06-21 04:39:40','Raw Event Title 5 BUy98kudYZhx8sZ0','Raw Event Abstract 5 i5M8kUehUitt39ti',NULL,NULL,NULL,0,NULL,0,0,0,NULL,0,0,NULL,NULL,NULL,NULL,NULL,NULL,11,NULL,NULL,NULL,NULL,NULL,NULL,NULL,NULL,NULL,'LIVE',0,0,0),(467,'SummitEvent','2024-06-21 04:39:40','2024-06-21 04:39:40','Raw Event Title 6 AVrbLReJka0lIuxN','Raw Event Abstract 6 eXUYCMK8Rjdo25Rx',NULL,NULL,NULL,0,NULL,0,0,0,NULL,0,0,NULL,NULL,NULL,NULL,NULL,NULL,11,NULL,NULL,NULL,NULL,NULL,NULL,NULL,NULL,NULL,'LIVE',0,0,0),(468,'SummitEvent','2024-06-21 04:39:40','2024-06-21 04:39:40','Raw Event Title 7 lAHRd70FGKdQpM24','Raw Event Abstract 7 Df1tSmBof0M0ftjm',NULL,NULL,NULL,0,NULL,0,0,0,NULL,0,0,NULL,NULL,NULL,NULL,NULL,NULL,11,NULL,NULL,NULL,NULL,NULL,NULL,NULL,NULL,NULL,'LIVE',0,0,0),(469,'SummitEvent','2024-06-21 04:39:40','2024-06-21 04:39:40','Raw Event Title 8 MndbWjCGIuY2oxvp','Raw Event Abstract 8 Dc9MWPL5RStUWGFQ',NULL,NULL,NULL,0,NULL,0,0,0,NULL,0,0,NULL,NULL,NULL,NULL,NULL,NULL,11,NULL,NULL,NULL,NULL,NULL,NULL,NULL,NULL,NULL,'LIVE',0,0,0),(470,'SummitEvent','2024-06-21 04:39:40','2024-06-21 04:39:40','Raw Event Title 9 rrN9YsuIxuHKzmvz','Raw Event Abstract 9 6CX3Z37tf5mLcKnx',NULL,NULL,NULL,0,NULL,0,0,0,NULL,0,0,NULL,NULL,NULL,NULL,NULL,NULL,11,NULL,NULL,NULL,NULL,NULL,NULL,NULL,NULL,NULL,'LIVE',0,0,0),(471,'SummitEvent','2024-06-21 04:39:40','2024-06-21 04:39:40','Raw Event Title 10 HiSDhL5lPdcGjiud','Raw Event Abstract 10 GNnPdYsJeiwWJ7CY',NULL,NULL,NULL,0,NULL,0,0,0,NULL,0,0,NULL,NULL,NULL,NULL,NULL,NULL,11,NULL,NULL,NULL,NULL,NULL,NULL,NULL,NULL,NULL,'LIVE',0,0,0),(472,'SummitEvent','2024-06-21 04:39:40','2024-06-21 04:39:40','Raw Event Title 11 qX1kGtAVZ4kuCQVs','Raw Event Abstract 11 qomfHmaLteUs29Fv',NULL,NULL,NULL,0,NULL,0,0,0,NULL,0,0,NULL,NULL,NULL,NULL,NULL,NULL,11,NULL,NULL,NULL,NULL,NULL,NULL,NULL,NULL,NULL,'LIVE',0,0,0),(473,'SummitEvent','2024-06-21 04:39:40','2024-06-21 04:39:40','Raw Event Title 12 lcDlnkOoKsX2ZhvA','Raw Event Abstract 12 LoCV4iZvrwVlOVM3',NULL,NULL,NULL,0,NULL,0,0,0,NULL,0,0,NULL,NULL,NULL,NULL,NULL,NULL,11,NULL,NULL,NULL,NULL,NULL,NULL,NULL,NULL,NULL,'LIVE',0,0,0),(474,'SummitEvent','2024-06-21 04:39:40','2024-06-21 04:39:40','Raw Event Title 13 StD110pjsSkfTMxW','Raw Event Abstract 13 jU3DVLXybLhmzdZK',NULL,NULL,NULL,0,NULL,0,0,0,NULL,0,0,NULL,NULL,NULL,NULL,NULL,NULL,11,NULL,NULL,NULL,NULL,NULL,NULL,NULL,NULL,NULL,'LIVE',0,0,0),(475,'SummitEvent','2024-06-21 04:39:40','2024-06-21 04:39:40','Raw Event Title 14 UhT2nbTouBzy9HEd','Raw Event Abstract 14 zTSlmWfhY5i4cIMm',NULL,NULL,NULL,0,NULL,0,0,0,NULL,0,0,NULL,NULL,NULL,NULL,NULL,NULL,11,NULL,NULL,NULL,NULL,NULL,NULL,NULL,NULL,NULL,'LIVE',0,0,0),(476,'SummitEvent','2024-06-21 04:39:40','2024-06-21 04:39:40','Raw Event Title 15 54xDoezB4VNw0Exr','Raw Event Abstract 15 gEkzKbc3WvogLGsb',NULL,NULL,NULL,0,NULL,0,0,0,NULL,0,0,NULL,NULL,NULL,NULL,NULL,NULL,11,NULL,NULL,NULL,NULL,NULL,NULL,NULL,NULL,NULL,'LIVE',0,0,0),(477,'SummitEvent','2024-06-21 04:39:40','2024-06-21 04:39:40','Raw Event Title 16 2LCJSfupMltyI0MG','Raw Event Abstract 16 dqoc90onPsVu7Lh4',NULL,NULL,NULL,0,NULL,0,0,0,NULL,0,0,NULL,NULL,NULL,NULL,NULL,NULL,11,NULL,NULL,NULL,NULL,NULL,NULL,NULL,NULL,NULL,'LIVE',0,0,0),(478,'SummitEvent','2024-06-21 04:39:40','2024-06-21 04:39:40','Raw Event Title 17 KBoCHYkvb7vXvr9Q','Raw Event Abstract 17 FmQq4cHlnGAUSfJb',NULL,NULL,NULL,0,NULL,0,0,0,NULL,0,0,NULL,NULL,NULL,NULL,NULL,NULL,11,NULL,NULL,NULL,NULL,NULL,NULL,NULL,NULL,NULL,'LIVE',0,0,0),(479,'SummitEvent','2024-06-21 04:39:40','2024-06-21 04:39:40','Raw Event Title 18 2jWwL637a0qLKmeA','Raw Event Abstract 18 INXYMY1JqargQyn5',NULL,NULL,NULL,0,NULL,0,0,0,NULL,0,0,NULL,NULL,NULL,NULL,NULL,NULL,11,NULL,NULL,NULL,NULL,NULL,NULL,NULL,NULL,NULL,'LIVE',0,0,0),(480,'SummitEvent','2024-06-21 04:39:40','2024-06-21 04:39:40','Raw Event Title 19 yhbbf20VAiTqbUTy','Raw Event Abstract 19 yWGimkuHeEcuPNXr',NULL,NULL,NULL,0,NULL,0,0,0,NULL,0,0,NULL,NULL,NULL,NULL,NULL,NULL,11,NULL,NULL,NULL,NULL,NULL,NULL,NULL,NULL,NULL,'LIVE',0,0,0),(481,'Presentation','2024-06-21 04:40:06','2024-06-21 04:40:06','Presentation Title 0 uUdGxPzkRnh2FZSu','Presentation Abstract 0 nMi5t5LgfRvLsRnO',NULL,'2024-06-21 09:40:06','2024-06-22 09:40:06',1,'2024-06-21 09:40:06',0,0,0,NULL,0,0,NULL,NULL,NULL,NULL,NULL,NULL,13,NULL,NULL,NULL,NULL,NULL,NULL,NULL,NULL,NULL,'LIVE',0,86400,0),(482,'Presentation','2024-06-21 04:40:06','2024-06-21 04:40:06','Presentation Title 1 nIBK9TprkWZ9oL1G','Presentation Abstract 1 mF4RpsjZY2PtfDR9',NULL,'2024-06-22 09:40:06','2024-06-23 09:40:06',1,'2024-06-21 09:40:06',0,0,0,NULL,0,0,NULL,NULL,NULL,NULL,NULL,NULL,13,NULL,NULL,NULL,NULL,NULL,NULL,NULL,NULL,NULL,'LIVE',0,86400,0),(483,'Presentation','2024-06-21 04:40:06','2024-06-21 04:40:06','Presentation Title 2 SQ8iRSLSsnVUouuZ','Presentation Abstract 2 rE1dBc9vufXmvTNO',NULL,'2024-06-23 09:40:06','2024-06-24 09:40:06',1,'2024-06-21 09:40:06',0,0,0,NULL,0,0,NULL,NULL,NULL,NULL,NULL,NULL,13,NULL,NULL,NULL,NULL,NULL,NULL,NULL,NULL,NULL,'LIVE',0,86400,0),(484,'Presentation','2024-06-21 04:40:06','2024-06-21 04:40:06','Presentation Title 3 xIHna7STnE4JwIJk','Presentation Abstract 3 r4URaHoRDJJUHJK9',NULL,'2024-06-24 09:40:06','2024-06-25 09:40:06',1,'2024-06-21 09:40:06',0,0,0,NULL,0,0,NULL,NULL,NULL,NULL,NULL,NULL,13,NULL,NULL,NULL,NULL,NULL,NULL,NULL,NULL,NULL,'LIVE',0,86400,0),(485,'Presentation','2024-06-21 04:40:06','2024-06-21 04:40:06','Presentation Title 4 6Nx7Upks2Twp6J5s','Presentation Abstract 4 eqjFmHzPKemCruke',NULL,'2024-06-25 09:40:06','2024-06-26 09:40:06',1,'2024-06-21 09:40:06',0,0,0,NULL,0,0,NULL,NULL,NULL,NULL,NULL,NULL,13,NULL,NULL,NULL,NULL,NULL,NULL,NULL,NULL,NULL,'LIVE',0,86400,0),(486,'Presentation','2024-06-21 04:40:06','2024-06-21 04:40:06','Presentation Title 5 0I7ulcKMnjEzYxsR','Presentation Abstract 5 7VBSm5tu4s9NDnwM',NULL,'2024-06-26 09:40:06','2024-06-27 09:40:06',1,'2024-06-21 09:40:06',0,0,0,NULL,0,0,NULL,NULL,NULL,NULL,NULL,NULL,13,NULL,NULL,NULL,NULL,NULL,NULL,NULL,NULL,NULL,'LIVE',0,86400,0),(487,'Presentation','2024-06-21 04:40:06','2024-06-21 04:40:06','Presentation Title 6 bTG73PCwRmHX4Zls','Presentation Abstract 6 xyqNfBCfxpiuI0LT',NULL,'2024-06-27 09:40:06','2024-06-28 09:40:06',1,'2024-06-21 09:40:06',0,0,0,NULL,0,0,NULL,NULL,NULL,NULL,NULL,NULL,13,NULL,NULL,NULL,NULL,NULL,NULL,NULL,NULL,NULL,'LIVE',0,86400,0),(488,'Presentation','2024-06-21 04:40:06','2024-06-21 04:40:06','Presentation Title 7 fb6m5pRVpda7Kknv','Presentation Abstract 7 PmL1isGw1IKxXqxd',NULL,'2024-06-28 09:40:06','2024-06-29 09:40:06',1,'2024-06-21 09:40:06',0,0,0,NULL,0,0,NULL,NULL,NULL,NULL,NULL,NULL,13,NULL,NULL,NULL,NULL,NULL,NULL,NULL,NULL,NULL,'LIVE',0,86400,0),(489,'Presentation','2024-06-21 04:40:06','2024-06-21 04:40:06','Presentation Title 8 dcVsOnlGqCdZ4ZwH','Presentation Abstract 8 k8hCfanLUa85eaD5',NULL,'2024-06-29 09:40:06','2024-06-30 09:40:06',1,'2024-06-21 09:40:06',0,0,0,NULL,0,0,NULL,NULL,NULL,NULL,NULL,NULL,13,NULL,NULL,NULL,NULL,NULL,NULL,NULL,NULL,NULL,'LIVE',0,86400,0),(490,'Presentation','2024-06-21 04:40:06','2024-06-21 04:40:06','Presentation Title 9 dmzaKtsbNc7eXOwC','Presentation Abstract 9 KVbwfk3CL9s4BZGh',NULL,'2024-06-30 09:40:06','2024-07-01 09:40:06',1,'2024-06-21 09:40:06',0,0,0,NULL,0,0,NULL,NULL,NULL,NULL,NULL,NULL,13,NULL,NULL,NULL,NULL,NULL,NULL,NULL,NULL,NULL,'LIVE',0,86400,0),(491,'Presentation','2024-06-21 04:40:06','2024-06-21 04:40:06','Presentation Title 10 2agZ99YF5TlHPADz','Presentation Abstract 10 R4ehJdKo2JT3zrR2',NULL,'2024-07-01 09:40:06','2024-07-02 09:40:06',1,'2024-06-21 09:40:06',0,0,0,NULL,0,0,NULL,NULL,NULL,NULL,NULL,NULL,13,NULL,NULL,NULL,NULL,NULL,NULL,NULL,NULL,NULL,'LIVE',0,86400,0),(492,'Presentation','2024-06-21 04:40:06','2024-06-21 04:40:06','Presentation Title 11 i2uNITLxGXcageqH','Presentation Abstract 11 rn59Lpyamogkni5h',NULL,'2024-07-02 09:40:06','2024-07-03 09:40:06',1,'2024-06-21 09:40:06',0,0,0,NULL,0,0,NULL,NULL,NULL,NULL,NULL,NULL,13,NULL,NULL,NULL,NULL,NULL,NULL,NULL,NULL,NULL,'LIVE',0,86400,0),(493,'Presentation','2024-06-21 04:40:06','2024-06-21 04:40:06','Presentation Title 12 JY5kofBzj7GqD2Bd','Presentation Abstract 12 BYN8Kx0uAn6cepCa',NULL,'2024-07-03 09:40:06','2024-07-04 09:40:06',1,'2024-06-21 09:40:06',0,0,0,NULL,0,0,NULL,NULL,NULL,NULL,NULL,NULL,13,NULL,NULL,NULL,NULL,NULL,NULL,NULL,NULL,NULL,'LIVE',0,86400,0),(494,'Presentation','2024-06-21 04:40:06','2024-06-21 04:40:06','Presentation Title 13 OIEEvfbXGo9jdi6B','Presentation Abstract 13 x1tObA7oG8e3Ajzo',NULL,'2024-07-04 09:40:06','2024-07-05 09:40:06',1,'2024-06-21 09:40:06',0,0,0,NULL,0,0,NULL,NULL,NULL,NULL,NULL,NULL,13,NULL,NULL,NULL,NULL,NULL,NULL,NULL,NULL,NULL,'LIVE',0,86400,0),(495,'Presentation','2024-06-21 04:40:06','2024-06-21 04:40:06','Presentation Title 14 bLUfGJw5cbkPK7bR','Presentation Abstract 14 Sowccg1ogU1HxxED',NULL,'2024-07-05 09:40:06','2024-07-06 09:40:06',1,'2024-06-21 09:40:06',0,0,0,NULL,0,0,NULL,NULL,NULL,NULL,NULL,NULL,13,NULL,NULL,NULL,NULL,NULL,NULL,NULL,NULL,NULL,'LIVE',0,86400,0),(496,'Presentation','2024-06-21 04:40:06','2024-06-21 04:40:06','Presentation Title 15 QHOvpUF8E2vI5YxG','Presentation Abstract 15 I968dPmugF2GMvxf',NULL,'2024-07-06 09:40:06','2024-07-07 09:40:06',1,'2024-06-21 09:40:06',0,0,0,NULL,0,0,NULL,NULL,NULL,NULL,NULL,NULL,13,NULL,NULL,NULL,NULL,NULL,NULL,NULL,NULL,NULL,'LIVE',0,86400,0),(497,'Presentation','2024-06-21 04:40:06','2024-06-21 04:40:06','Presentation Title 16 TbYbixtlkLzAf2qY','Presentation Abstract 16 hzCZoSUib6iBsrlp',NULL,'2024-07-07 09:40:06','2024-07-08 09:40:06',1,'2024-06-21 09:40:06',0,0,0,NULL,0,0,NULL,NULL,NULL,NULL,NULL,NULL,13,NULL,NULL,NULL,NULL,NULL,NULL,NULL,NULL,NULL,'LIVE',0,86400,0),(498,'Presentation','2024-06-21 04:40:06','2024-06-21 04:40:06','Presentation Title 17 671jX4Z0WAqGocxM','Presentation Abstract 17 nk88hxBJwiM4eke2',NULL,'2024-07-08 09:40:06','2024-07-09 09:40:06',1,'2024-06-21 09:40:06',0,0,0,NULL,0,0,NULL,NULL,NULL,NULL,NULL,NULL,13,NULL,NULL,NULL,NULL,NULL,NULL,NULL,NULL,NULL,'LIVE',0,86400,0),(499,'Presentation','2024-06-21 04:40:06','2024-06-21 04:40:06','Presentation Title 18 vqwwksA2lZrQM6Bo','Presentation Abstract 18 Ia6Jm7wULASoLgeJ',NULL,'2024-07-09 09:40:06','2024-07-10 09:40:06',1,'2024-06-21 09:40:06',0,0,0,NULL,0,0,NULL,NULL,NULL,NULL,NULL,NULL,13,NULL,NULL,NULL,NULL,NULL,NULL,NULL,NULL,NULL,'LIVE',0,86400,0),(500,'Presentation','2024-06-21 04:40:06','2024-06-21 04:40:06','Presentation Title 19 JH0aVpkfFy1dHA05','Presentation Abstract 19 V2F5nCnJue8hBqNK',NULL,'2024-07-10 09:40:06','2024-07-11 09:40:06',1,'2024-06-21 09:40:06',0,0,0,NULL,0,0,NULL,NULL,NULL,NULL,NULL,NULL,13,NULL,NULL,NULL,NULL,NULL,NULL,NULL,NULL,NULL,'LIVE',0,86400,0),(501,'Presentation','2024-06-21 04:40:06','2024-06-21 04:40:06','Presentation Title 20 ELDNXjTSBWUi62Bh','Presentation Abstract 20 oemH8tptB75UJnBv',NULL,'2024-07-11 09:40:06','2024-07-12 09:40:06',1,'2024-06-21 09:40:06',0,0,0,NULL,0,0,NULL,NULL,127,NULL,NULL,NULL,13,NULL,NULL,NULL,NULL,NULL,NULL,NULL,NULL,NULL,'LIVE',0,86400,0),(502,'Presentation','2024-06-21 04:40:06','2024-06-21 04:40:06','Presentation Title 21 FLz4SHsVURUbKOVP','Presentation Abstract 21 9riE2RGPMyYSCmec',NULL,'2024-07-12 09:40:06','2024-07-13 09:40:06',1,'2024-06-21 09:40:06',0,0,0,NULL,0,0,NULL,NULL,127,NULL,NULL,NULL,13,NULL,NULL,NULL,NULL,NULL,NULL,NULL,NULL,NULL,'LIVE',0,86400,0),(503,'Presentation','2024-06-21 04:40:06','2024-06-21 04:40:06','Presentation Title 22 MP6g9d8pPCF4BGgV','Presentation Abstract 22 PhCLi38xG129cOA6',NULL,'2024-07-13 09:40:06','2024-07-14 09:40:06',1,'2024-06-21 09:40:06',0,0,0,NULL,0,0,NULL,NULL,127,NULL,NULL,NULL,13,NULL,NULL,NULL,NULL,NULL,NULL,NULL,NULL,NULL,'LIVE',0,86400,0),(504,'Presentation','2024-06-21 04:40:06','2024-06-21 04:40:06','Presentation Title 23 GdyNOOHdFBa6s3WO','Presentation Abstract 23 RYR0gnv4hlTWm7U4',NULL,'2024-07-14 09:40:06','2024-07-15 09:40:06',1,'2024-06-21 09:40:06',0,0,0,NULL,0,0,NULL,NULL,127,NULL,NULL,NULL,13,NULL,NULL,NULL,NULL,NULL,NULL,NULL,NULL,NULL,'LIVE',0,86400,0),(505,'Presentation','2024-06-21 04:40:06','2024-06-21 04:40:06','Presentation Title 24 T4ZeO6X8qm1FB9ne','Presentation Abstract 24 LiKXwBknCEinhDBM',NULL,'2024-07-15 09:40:06','2024-07-16 09:40:06',1,'2024-06-21 09:40:06',0,0,0,NULL,0,0,NULL,NULL,127,NULL,NULL,NULL,13,NULL,NULL,NULL,NULL,NULL,NULL,NULL,NULL,NULL,'LIVE',0,86400,0),(506,'Presentation','2024-06-21 04:40:06','2024-06-21 04:40:06','Presentation Title 25 Ufpa9q0LJU8PTJ0I','Presentation Abstract 25 h5Ez482LNsdEvoRE',NULL,'2024-07-16 09:40:06','2024-07-17 09:40:06',1,'2024-06-21 09:40:06',0,0,0,NULL,0,0,NULL,NULL,127,NULL,NULL,NULL,13,NULL,NULL,NULL,NULL,NULL,NULL,NULL,NULL,NULL,'LIVE',0,86400,0),(507,'Presentation','2024-06-21 04:40:06','2024-06-21 04:40:06','Presentation Title 26 ms6e7PNypK7IPzTP','Presentation Abstract 26 iwcdjSOzRt0ivszu',NULL,'2024-07-17 09:40:06','2024-07-18 09:40:06',1,'2024-06-21 09:40:06',0,0,0,NULL,0,0,NULL,NULL,127,NULL,NULL,NULL,13,NULL,NULL,NULL,NULL,NULL,NULL,NULL,NULL,NULL,'LIVE',0,86400,0),(508,'Presentation','2024-06-21 04:40:06','2024-06-21 04:40:06','Presentation Title 27 qVG0GsRDj27Dyibv','Presentation Abstract 27 d6hn9ccv9HXJ5jjJ',NULL,'2024-07-18 09:40:06','2024-07-19 09:40:06',1,'2024-06-21 09:40:06',0,0,0,NULL,0,0,NULL,NULL,127,NULL,NULL,NULL,13,NULL,NULL,NULL,NULL,NULL,NULL,NULL,NULL,NULL,'LIVE',0,86400,0),(509,'Presentation','2024-06-21 04:40:06','2024-06-21 04:40:06','Presentation Title 28 mCzHmGUChuHP76OO','Presentation Abstract 28 EJ9o0W58SfCnxRwt',NULL,'2024-07-19 09:40:06','2024-07-20 09:40:06',1,'2024-06-21 09:40:06',0,0,0,NULL,0,0,NULL,NULL,127,NULL,NULL,NULL,13,NULL,NULL,NULL,NULL,NULL,NULL,NULL,NULL,NULL,'LIVE',0,86400,0),(510,'Presentation','2024-06-21 04:40:06','2024-06-21 04:40:06','Presentation Title 29 r1ptbUgaFFBGQEce','Presentation Abstract 29 LkZSypfOVr6bHFky',NULL,'2024-07-20 09:40:06','2024-07-21 09:40:06',1,'2024-06-21 09:40:06',0,0,0,NULL,0,0,NULL,NULL,127,NULL,NULL,NULL,13,NULL,NULL,NULL,NULL,NULL,NULL,NULL,NULL,NULL,'LIVE',0,86400,0),(511,'Presentation','2024-06-21 04:40:06','2024-06-21 04:40:06','Presentation Title 30 VH43mhyR8ELvRnFU','Presentation Abstract 30 l99W4tBhFU2U8Zz3',NULL,'2024-07-21 09:40:06','2024-07-22 09:40:06',1,'2024-06-21 09:40:06',0,0,0,NULL,0,0,NULL,NULL,127,NULL,NULL,NULL,13,NULL,NULL,NULL,NULL,NULL,NULL,NULL,NULL,NULL,'LIVE',0,86400,0),(512,'Presentation','2024-06-21 04:40:06','2024-06-21 04:40:06','Presentation Title 31 vuN6iD0HvPQs9mVl','Presentation Abstract 31 XheKqxfvi1kPvBPw',NULL,'2024-07-22 09:40:06','2024-07-23 09:40:06',1,'2024-06-21 09:40:06',0,0,0,NULL,0,0,NULL,NULL,127,NULL,NULL,NULL,13,NULL,NULL,NULL,NULL,NULL,NULL,NULL,NULL,NULL,'LIVE',0,86400,0),(513,'Presentation','2024-06-21 04:40:06','2024-06-21 04:40:06','Presentation Title 32 QvX816sQD5y8ir5P','Presentation Abstract 32 SPupzPINmh72lbx3',NULL,'2024-07-23 09:40:06','2024-07-24 09:40:06',1,'2024-06-21 09:40:06',0,0,0,NULL,0,0,NULL,NULL,127,NULL,NULL,NULL,13,NULL,NULL,NULL,NULL,NULL,NULL,NULL,NULL,NULL,'LIVE',0,86400,0),(514,'Presentation','2024-06-21 04:40:06','2024-06-21 04:40:06','Presentation Title 33 1yRuDlrSZWEL4VYL','Presentation Abstract 33 bT6u5k9sI9YwOokl',NULL,'2024-07-24 09:40:06','2024-07-25 09:40:06',1,'2024-06-21 09:40:06',0,0,0,NULL,0,0,NULL,NULL,127,NULL,NULL,NULL,13,NULL,NULL,NULL,NULL,NULL,NULL,NULL,NULL,NULL,'LIVE',0,86400,0),(515,'Presentation','2024-06-21 04:40:06','2024-06-21 04:40:06','Presentation Title 34 nZ7IoDIA65Xj11UI','Presentation Abstract 34 tXr65BZ9CKfZ3pGQ',NULL,'2024-07-25 09:40:06','2024-07-26 09:40:06',1,'2024-06-21 09:40:06',0,0,0,NULL,0,0,NULL,NULL,127,NULL,NULL,NULL,13,NULL,NULL,NULL,NULL,NULL,NULL,NULL,NULL,NULL,'LIVE',0,86400,0),(516,'Presentation','2024-06-21 04:40:06','2024-06-21 04:40:06','Presentation Title 35 qNE3OQjzOcJcRqDn','Presentation Abstract 35 xZPXKJLbvdFgCzCA',NULL,'2024-07-26 09:40:06','2024-07-27 09:40:06',1,'2024-06-21 09:40:06',0,0,0,NULL,0,0,NULL,NULL,127,NULL,NULL,NULL,13,NULL,NULL,NULL,NULL,NULL,NULL,NULL,NULL,NULL,'LIVE',0,86400,0),(517,'Presentation','2024-06-21 04:40:06','2024-06-21 04:40:06','Presentation Title 36 kHvziUsyqNN2USvv','Presentation Abstract 36 PpYfOlB5oS7xvc4Y',NULL,'2024-07-27 09:40:06','2024-07-28 09:40:06',1,'2024-06-21 09:40:06',0,0,0,NULL,0,0,NULL,NULL,127,NULL,NULL,NULL,13,NULL,NULL,NULL,NULL,NULL,NULL,NULL,NULL,NULL,'LIVE',0,86400,0),(518,'Presentation','2024-06-21 04:40:06','2024-06-21 04:40:06','Presentation Title 37 YWeujm2mMCCiirPt','Presentation Abstract 37 8WcPxuO9wY7Xg9uf',NULL,'2024-07-28 09:40:06','2024-07-29 09:40:06',1,'2024-06-21 09:40:06',0,0,0,NULL,0,0,NULL,NULL,127,NULL,NULL,NULL,13,NULL,NULL,NULL,NULL,NULL,NULL,NULL,NULL,NULL,'LIVE',0,86400,0),(519,'Presentation','2024-06-21 04:40:06','2024-06-21 04:40:06','Presentation Title 38 SHNBq4SIIWvdM6TY','Presentation Abstract 38 YJw8TlQbrYPI7Ed4',NULL,'2024-07-29 09:40:06','2024-07-30 09:40:06',1,'2024-06-21 09:40:06',0,0,0,NULL,0,0,NULL,NULL,127,NULL,NULL,NULL,13,NULL,NULL,NULL,NULL,NULL,NULL,NULL,NULL,NULL,'LIVE',0,86400,0),(520,'Presentation','2024-06-21 04:40:06','2024-06-21 04:40:06','Presentation Title 39 CzOeg1gIZey2zWyx','Presentation Abstract 39 HF6as9w918Y0tAOD',NULL,'2024-07-30 09:40:06','2024-07-31 09:40:06',1,'2024-06-21 09:40:06',0,0,0,NULL,0,0,NULL,NULL,127,NULL,NULL,NULL,13,NULL,NULL,NULL,NULL,NULL,NULL,NULL,NULL,NULL,'LIVE',0,86400,0),(521,'Presentation','2024-06-21 04:40:06','2024-06-21 04:40:06','Presentation Title 0 5i7V0UzMAmlcxkyQ Votable','Presentation Abstract 0 Skmv6aZCJqEljpnW Votable',NULL,NULL,NULL,1,'2024-06-21 09:40:06',0,0,0,NULL,0,0,NULL,NULL,NULL,NULL,NULL,NULL,13,NULL,NULL,NULL,NULL,NULL,NULL,NULL,NULL,NULL,'LIVE',0,0,0),(522,'Presentation','2024-06-21 04:40:06','2024-06-21 04:40:06','Presentation Title 1 83WlEoeEUJ0sH6Mn Votable','Presentation Abstract 1 IHQyz4ZWKbIqMBiX Votable',NULL,NULL,NULL,1,'2024-06-21 09:40:06',0,0,0,NULL,0,0,NULL,NULL,NULL,NULL,NULL,NULL,13,NULL,NULL,NULL,NULL,NULL,NULL,NULL,NULL,NULL,'LIVE',0,0,0),(523,'Presentation','2024-06-21 04:40:06','2024-06-21 04:40:06','Presentation Title 2 6lPt4FC3LVvUsver Votable','Presentation Abstract 2 yfpBRk4EK5MM88B0 Votable',NULL,NULL,NULL,1,'2024-06-21 09:40:06',0,0,0,NULL,0,0,NULL,NULL,NULL,NULL,NULL,NULL,13,NULL,NULL,NULL,NULL,NULL,NULL,NULL,NULL,NULL,'LIVE',0,0,0),(524,'Presentation','2024-06-21 04:40:06','2024-06-21 04:40:06','Presentation Title 3 lBOVe1EKlJwfnedh Votable','Presentation Abstract 3 l9cOzBsqWWmEtqEP Votable',NULL,NULL,NULL,1,'2024-06-21 09:40:06',0,0,0,NULL,0,0,NULL,NULL,NULL,NULL,NULL,NULL,13,NULL,NULL,NULL,NULL,NULL,NULL,NULL,NULL,NULL,'LIVE',0,0,0),(525,'Presentation','2024-06-21 04:40:06','2024-06-21 04:40:06','Presentation Title 4 gx8lpPt88ezD1KTS Votable','Presentation Abstract 4 GL6nSywt4GIP8VmP Votable',NULL,NULL,NULL,1,'2024-06-21 09:40:06',0,0,0,NULL,0,0,NULL,NULL,NULL,NULL,NULL,NULL,13,NULL,NULL,NULL,NULL,NULL,NULL,NULL,NULL,NULL,'LIVE',0,0,0),(526,'Presentation','2024-06-21 04:40:06','2024-06-21 04:40:06','Presentation Title 5 vl2nPBHf45oOP3pe Votable','Presentation Abstract 5 W8OyZxPDh2CrRYXE Votable',NULL,NULL,NULL,1,'2024-06-21 09:40:06',0,0,0,NULL,0,0,NULL,NULL,NULL,NULL,NULL,NULL,13,NULL,NULL,NULL,NULL,NULL,NULL,NULL,NULL,NULL,'LIVE',0,0,0),(527,'Presentation','2024-06-21 04:40:06','2024-06-21 04:40:06','Presentation Title 6 1Ckql94ewX0sYv1S Votable','Presentation Abstract 6 LMJH1s67hEk6Or5l Votable',NULL,NULL,NULL,1,'2024-06-21 09:40:06',0,0,0,NULL,0,0,NULL,NULL,NULL,NULL,NULL,NULL,13,NULL,NULL,NULL,NULL,NULL,NULL,NULL,NULL,NULL,'LIVE',0,0,0),(528,'Presentation','2024-06-21 04:40:06','2024-06-21 04:40:06','Presentation Title 7 0VicgioHhdWozHbn Votable','Presentation Abstract 7 S75IBWKtaGxXsvoH Votable',NULL,NULL,NULL,1,'2024-06-21 09:40:06',0,0,0,NULL,0,0,NULL,NULL,NULL,NULL,NULL,NULL,13,NULL,NULL,NULL,NULL,NULL,NULL,NULL,NULL,NULL,'LIVE',0,0,0),(529,'Presentation','2024-06-21 04:40:06','2024-06-21 04:40:06','Presentation Title 8 hlo72nLW2L6y371K Votable','Presentation Abstract 8 DuB9oDeUxhhlb9y6 Votable',NULL,NULL,NULL,1,'2024-06-21 09:40:06',0,0,0,NULL,0,0,NULL,NULL,NULL,NULL,NULL,NULL,13,NULL,NULL,NULL,NULL,NULL,NULL,NULL,NULL,NULL,'LIVE',0,0,0),(530,'Presentation','2024-06-21 04:40:06','2024-06-21 04:40:06','Presentation Title 9 FF3OiHaFHhnucy6M Votable','Presentation Abstract 9 LwSsG7vCR6Pvy2mL Votable',NULL,NULL,NULL,1,'2024-06-21 09:40:06',0,0,0,NULL,0,0,NULL,NULL,NULL,NULL,NULL,NULL,13,NULL,NULL,NULL,NULL,NULL,NULL,NULL,NULL,NULL,'LIVE',0,0,0),(531,'Presentation','2024-06-21 04:40:06','2024-06-21 04:40:06','Presentation Title 10 lZnPvquUovgFtt4T Votable','Presentation Abstract 10 TT2IxmGD07MoS7ND Votable',NULL,NULL,NULL,1,'2024-06-21 09:40:06',0,0,0,NULL,0,0,NULL,NULL,NULL,NULL,NULL,NULL,13,NULL,NULL,NULL,NULL,NULL,NULL,NULL,NULL,NULL,'LIVE',0,0,0),(532,'Presentation','2024-06-21 04:40:06','2024-06-21 04:40:06','Presentation Title 11 5J7IhxpEHcR0DNk8 Votable','Presentation Abstract 11 z5Ul63xjwzAwQ4ck Votable',NULL,NULL,NULL,1,'2024-06-21 09:40:06',0,0,0,NULL,0,0,NULL,NULL,NULL,NULL,NULL,NULL,13,NULL,NULL,NULL,NULL,NULL,NULL,NULL,NULL,NULL,'LIVE',0,0,0),(533,'Presentation','2024-06-21 04:40:06','2024-06-21 04:40:06','Presentation Title 12 cWRgE7xd4XlcKK2j Votable','Presentation Abstract 12 a5up6sMYW4ydDRnP Votable',NULL,NULL,NULL,1,'2024-06-21 09:40:06',0,0,0,NULL,0,0,NULL,NULL,NULL,NULL,NULL,NULL,13,NULL,NULL,NULL,NULL,NULL,NULL,NULL,NULL,NULL,'LIVE',0,0,0),(534,'Presentation','2024-06-21 04:40:06','2024-06-21 04:40:06','Presentation Title 13 PNPVdmauEwEIIKuy Votable','Presentation Abstract 13 qg7L1DJqXgFyODC4 Votable',NULL,NULL,NULL,1,'2024-06-21 09:40:06',0,0,0,NULL,0,0,NULL,NULL,NULL,NULL,NULL,NULL,13,NULL,NULL,NULL,NULL,NULL,NULL,NULL,NULL,NULL,'LIVE',0,0,0),(535,'Presentation','2024-06-21 04:40:06','2024-06-21 04:40:06','Presentation Title 14 qA5w51yqNtm4u2y4 Votable','Presentation Abstract 14 Tt9S8d9Ybz3xARzP Votable',NULL,NULL,NULL,1,'2024-06-21 09:40:06',0,0,0,NULL,0,0,NULL,NULL,NULL,NULL,NULL,NULL,13,NULL,NULL,NULL,NULL,NULL,NULL,NULL,NULL,NULL,'LIVE',0,0,0),(536,'Presentation','2024-06-21 04:40:06','2024-06-21 04:40:06','Presentation Title 15 gxAYSw9BbMT8qBsI Votable','Presentation Abstract 15 QRQ6S60DZuG7yJac Votable',NULL,NULL,NULL,1,'2024-06-21 09:40:06',0,0,0,NULL,0,0,NULL,NULL,NULL,NULL,NULL,NULL,13,NULL,NULL,NULL,NULL,NULL,NULL,NULL,NULL,NULL,'LIVE',0,0,0),(537,'Presentation','2024-06-21 04:40:06','2024-06-21 04:40:06','Presentation Title 16 FiRW2sbhTJ2R6bXg Votable','Presentation Abstract 16 iAZAKLeyYnFK85zV Votable',NULL,NULL,NULL,1,'2024-06-21 09:40:06',0,0,0,NULL,0,0,NULL,NULL,NULL,NULL,NULL,NULL,13,NULL,NULL,NULL,NULL,NULL,NULL,NULL,NULL,NULL,'LIVE',0,0,0),(538,'Presentation','2024-06-21 04:40:06','2024-06-21 04:40:06','Presentation Title 17 Qz66ZPGSGsH4IFLV Votable','Presentation Abstract 17 IF0NlCI21P9xIhZq Votable',NULL,NULL,NULL,1,'2024-06-21 09:40:06',0,0,0,NULL,0,0,NULL,NULL,NULL,NULL,NULL,NULL,13,NULL,NULL,NULL,NULL,NULL,NULL,NULL,NULL,NULL,'LIVE',0,0,0),(539,'Presentation','2024-06-21 04:40:06','2024-06-21 04:40:06','Presentation Title 18 NH4XzqmzQzp4u04u Votable','Presentation Abstract 18 ZPKfxhKVq4bsqVv3 Votable',NULL,NULL,NULL,1,'2024-06-21 09:40:06',0,0,0,NULL,0,0,NULL,NULL,NULL,NULL,NULL,NULL,13,NULL,NULL,NULL,NULL,NULL,NULL,NULL,NULL,NULL,'LIVE',0,0,0),(540,'Presentation','2024-06-21 04:40:06','2024-06-21 04:40:06','Presentation Title 19 CVOlhi5ak39cerqr Votable','Presentation Abstract 19 8kAQU1ny5kelrOBj Votable',NULL,NULL,NULL,1,'2024-06-21 09:40:06',0,0,0,NULL,0,0,NULL,NULL,NULL,NULL,NULL,NULL,13,NULL,NULL,NULL,NULL,NULL,NULL,NULL,NULL,NULL,'LIVE',0,0,0),(541,'SummitEvent','2024-06-21 04:40:06','2024-06-21 04:40:06','Raw Event Title 0 vaH3ysFCCsw2WyaM','Raw Event Abstract 0 rSaliFVwsVJJWQhK',NULL,NULL,NULL,0,NULL,0,0,0,NULL,0,0,NULL,NULL,NULL,NULL,NULL,NULL,13,NULL,NULL,NULL,NULL,NULL,NULL,NULL,NULL,NULL,'LIVE',0,0,0),(542,'SummitEvent','2024-06-21 04:40:06','2024-06-21 04:40:06','Raw Event Title 1 jXQ28i423avHxeqh','Raw Event Abstract 1 akiuyoWjAXsTyH0Q',NULL,NULL,NULL,0,NULL,0,0,0,NULL,0,0,NULL,NULL,NULL,NULL,NULL,NULL,13,NULL,NULL,NULL,NULL,NULL,NULL,NULL,NULL,NULL,'LIVE',0,0,0),(543,'SummitEvent','2024-06-21 04:40:06','2024-06-21 04:40:06','Raw Event Title 2 ebmlk87wsXyttykl','Raw Event Abstract 2 A8jNNLosecH5Lz40',NULL,NULL,NULL,0,NULL,0,0,0,NULL,0,0,NULL,NULL,NULL,NULL,NULL,NULL,13,NULL,NULL,NULL,NULL,NULL,NULL,NULL,NULL,NULL,'LIVE',0,0,0),(544,'SummitEvent','2024-06-21 04:40:06','2024-06-21 04:40:06','Raw Event Title 3 JbrNZSqEIzpmExb8','Raw Event Abstract 3 B9hkznuGqsEQLqep',NULL,NULL,NULL,0,NULL,0,0,0,NULL,0,0,NULL,NULL,NULL,NULL,NULL,NULL,13,NULL,NULL,NULL,NULL,NULL,NULL,NULL,NULL,NULL,'LIVE',0,0,0),(545,'SummitEvent','2024-06-21 04:40:06','2024-06-21 04:40:06','Raw Event Title 4 jx6Vv6IRxm6ti4Jr','Raw Event Abstract 4 bZOMFZM61v9ZdEWM',NULL,NULL,NULL,0,NULL,0,0,0,NULL,0,0,NULL,NULL,NULL,NULL,NULL,NULL,13,NULL,NULL,NULL,NULL,NULL,NULL,NULL,NULL,NULL,'LIVE',0,0,0),(546,'SummitEvent','2024-06-21 04:40:06','2024-06-21 04:40:06','Raw Event Title 5 TzcJhKaNNAuQLcDU','Raw Event Abstract 5 GUyBp7wZdy7h96d5',NULL,NULL,NULL,0,NULL,0,0,0,NULL,0,0,NULL,NULL,NULL,NULL,NULL,NULL,13,NULL,NULL,NULL,NULL,NULL,NULL,NULL,NULL,NULL,'LIVE',0,0,0),(547,'SummitEvent','2024-06-21 04:40:06','2024-06-21 04:40:06','Raw Event Title 6 cHlMsviSRPRq1yPP','Raw Event Abstract 6 ULy0rWfqO39zaz2F',NULL,NULL,NULL,0,NULL,0,0,0,NULL,0,0,NULL,NULL,NULL,NULL,NULL,NULL,13,NULL,NULL,NULL,NULL,NULL,NULL,NULL,NULL,NULL,'LIVE',0,0,0),(548,'SummitEvent','2024-06-21 04:40:06','2024-06-21 04:40:06','Raw Event Title 7 5PAfDtjcum6bQxLx','Raw Event Abstract 7 qKt2W1Vo09eDZGhG',NULL,NULL,NULL,0,NULL,0,0,0,NULL,0,0,NULL,NULL,NULL,NULL,NULL,NULL,13,NULL,NULL,NULL,NULL,NULL,NULL,NULL,NULL,NULL,'LIVE',0,0,0),(549,'SummitEvent','2024-06-21 04:40:06','2024-06-21 04:40:06','Raw Event Title 8 bPEJyS27juCZIMP3','Raw Event Abstract 8 QzMeOLeRlYbOL0SW',NULL,NULL,NULL,0,NULL,0,0,0,NULL,0,0,NULL,NULL,NULL,NULL,NULL,NULL,13,NULL,NULL,NULL,NULL,NULL,NULL,NULL,NULL,NULL,'LIVE',0,0,0),(550,'SummitEvent','2024-06-21 04:40:06','2024-06-21 04:40:06','Raw Event Title 9 Dt15KuP3kSeG6zWe','Raw Event Abstract 9 oprZrCVxdCPPC2iT',NULL,NULL,NULL,0,NULL,0,0,0,NULL,0,0,NULL,NULL,NULL,NULL,NULL,NULL,13,NULL,NULL,NULL,NULL,NULL,NULL,NULL,NULL,NULL,'LIVE',0,0,0),(551,'SummitEvent','2024-06-21 04:40:06','2024-06-21 04:40:06','Raw Event Title 10 qxjsA3F0AOPASfSy','Raw Event Abstract 10 n2rbbFGliAJMHzKj',NULL,NULL,NULL,0,NULL,0,0,0,NULL,0,0,NULL,NULL,NULL,NULL,NULL,NULL,13,NULL,NULL,NULL,NULL,NULL,NULL,NULL,NULL,NULL,'LIVE',0,0,0),(552,'SummitEvent','2024-06-21 04:40:06','2024-06-21 04:40:06','Raw Event Title 11 88PNyPlZUtIIdyvn','Raw Event Abstract 11 OUw9EQ0kqROVnmz8',NULL,NULL,NULL,0,NULL,0,0,0,NULL,0,0,NULL,NULL,NULL,NULL,NULL,NULL,13,NULL,NULL,NULL,NULL,NULL,NULL,NULL,NULL,NULL,'LIVE',0,0,0),(553,'SummitEvent','2024-06-21 04:40:06','2024-06-21 04:40:06','Raw Event Title 12 lnBmvXARBKwRo7f6','Raw Event Abstract 12 iC9LIsbztcM5iYI2',NULL,NULL,NULL,0,NULL,0,0,0,NULL,0,0,NULL,NULL,NULL,NULL,NULL,NULL,13,NULL,NULL,NULL,NULL,NULL,NULL,NULL,NULL,NULL,'LIVE',0,0,0),(554,'SummitEvent','2024-06-21 04:40:06','2024-06-21 04:40:06','Raw Event Title 13 rPZNwYzjGsJWjOK9','Raw Event Abstract 13 bbZXJowbBfxVXoOW',NULL,NULL,NULL,0,NULL,0,0,0,NULL,0,0,NULL,NULL,NULL,NULL,NULL,NULL,13,NULL,NULL,NULL,NULL,NULL,NULL,NULL,NULL,NULL,'LIVE',0,0,0),(555,'SummitEvent','2024-06-21 04:40:06','2024-06-21 04:40:06','Raw Event Title 14 kE3wXWdLNe4IIwX3','Raw Event Abstract 14 ejnPjNPB2cJMKbhi',NULL,NULL,NULL,0,NULL,0,0,0,NULL,0,0,NULL,NULL,NULL,NULL,NULL,NULL,13,NULL,NULL,NULL,NULL,NULL,NULL,NULL,NULL,NULL,'LIVE',0,0,0),(556,'SummitEvent','2024-06-21 04:40:06','2024-06-21 04:40:06','Raw Event Title 15 ptIYcKVhBqBxx9kU','Raw Event Abstract 15 XnMaAzZgM7RNxuBH',NULL,NULL,NULL,0,NULL,0,0,0,NULL,0,0,NULL,NULL,NULL,NULL,NULL,NULL,13,NULL,NULL,NULL,NULL,NULL,NULL,NULL,NULL,NULL,'LIVE',0,0,0),(557,'SummitEvent','2024-06-21 04:40:06','2024-06-21 04:40:06','Raw Event Title 16 wsG7qYvuRtCoAZp1','Raw Event Abstract 16 3rR05XsC07k2CuU7',NULL,NULL,NULL,0,NULL,0,0,0,NULL,0,0,NULL,NULL,NULL,NULL,NULL,NULL,13,NULL,NULL,NULL,NULL,NULL,NULL,NULL,NULL,NULL,'LIVE',0,0,0),(558,'SummitEvent','2024-06-21 04:40:06','2024-06-21 04:40:06','Raw Event Title 17 BV4g4Ppg5CLskX27','Raw Event Abstract 17 wzb0gwjAzgW4ZHXy',NULL,NULL,NULL,0,NULL,0,0,0,NULL,0,0,NULL,NULL,NULL,NULL,NULL,NULL,13,NULL,NULL,NULL,NULL,NULL,NULL,NULL,NULL,NULL,'LIVE',0,0,0),(559,'SummitEvent','2024-06-21 04:40:06','2024-06-21 04:40:06','Raw Event Title 18 D85GuaPtgbqtutgt','Raw Event Abstract 18 llPrGjamCW51sd8r',NULL,NULL,NULL,0,NULL,0,0,0,NULL,0,0,NULL,NULL,NULL,NULL,NULL,NULL,13,NULL,NULL,NULL,NULL,NULL,NULL,NULL,NULL,NULL,'LIVE',0,0,0),(560,'SummitEvent','2024-06-21 04:40:06','2024-06-21 04:40:06','Raw Event Title 19 TigXW8D03nEOkb5w','Raw Event Abstract 19 j7EulcbR3xmKm0JW',NULL,NULL,NULL,0,NULL,0,0,0,NULL,0,0,NULL,NULL,NULL,NULL,NULL,NULL,13,NULL,NULL,NULL,NULL,NULL,NULL,NULL,NULL,NULL,'LIVE',0,0,0),(561,'Presentation','2024-06-21 11:13:56','2024-06-21 11:13:56','Presentation Title 0 PwYSmJaQwg8a4Zvy','Presentation Abstract 0 qmnvXiPdIJLySWQx',NULL,'2024-06-21 16:13:56','2024-06-22 16:13:56',1,'2024-06-21 16:13:56',0,0,0,NULL,0,0,NULL,NULL,NULL,NULL,NULL,NULL,15,NULL,NULL,NULL,NULL,NULL,NULL,NULL,NULL,NULL,'LIVE',0,86400,0),(562,'Presentation','2024-06-21 11:13:56','2024-06-21 11:13:56','Presentation Title 1 6BAUZdHL2C72wwCX','Presentation Abstract 1 xXx9JwPk8DUnWunn',NULL,'2024-06-22 16:13:56','2024-06-23 16:13:56',1,'2024-06-21 16:13:56',0,0,0,NULL,0,0,NULL,NULL,NULL,NULL,NULL,NULL,15,NULL,NULL,NULL,NULL,NULL,NULL,NULL,NULL,NULL,'LIVE',0,86400,0),(563,'Presentation','2024-06-21 11:13:56','2024-06-21 11:13:56','Presentation Title 2 3BoAZdaObyARaUIc','Presentation Abstract 2 sbfO9Kb4hQM0BoX9',NULL,'2024-06-23 16:13:56','2024-06-24 16:13:56',1,'2024-06-21 16:13:56',0,0,0,NULL,0,0,NULL,NULL,NULL,NULL,NULL,NULL,15,NULL,NULL,NULL,NULL,NULL,NULL,NULL,NULL,NULL,'LIVE',0,86400,0),(564,'Presentation','2024-06-21 11:13:56','2024-06-21 11:13:56','Presentation Title 3 b7luLavab4DLwabN','Presentation Abstract 3 DWpn0rdLxQ6yeOUw',NULL,'2024-06-24 16:13:56','2024-06-25 16:13:56',1,'2024-06-21 16:13:56',0,0,0,NULL,0,0,NULL,NULL,NULL,NULL,NULL,NULL,15,NULL,NULL,NULL,NULL,NULL,NULL,NULL,NULL,NULL,'LIVE',0,86400,0),(565,'Presentation','2024-06-21 11:13:56','2024-06-21 11:13:56','Presentation Title 4 vEF9rud7PqHh3O40','Presentation Abstract 4 MBhSjhxaFzfJWkv4',NULL,'2024-06-25 16:13:56','2024-06-26 16:13:56',1,'2024-06-21 16:13:56',0,0,0,NULL,0,0,NULL,NULL,NULL,NULL,NULL,NULL,15,NULL,NULL,NULL,NULL,NULL,NULL,NULL,NULL,NULL,'LIVE',0,86400,0),(566,'Presentation','2024-06-21 11:13:56','2024-06-21 11:13:56','Presentation Title 5 SNEvfJDQS7F8UCIC','Presentation Abstract 5 AMHlYVvHIZvEzTc9',NULL,'2024-06-26 16:13:56','2024-06-27 16:13:56',1,'2024-06-21 16:13:56',0,0,0,NULL,0,0,NULL,NULL,NULL,NULL,NULL,NULL,15,NULL,NULL,NULL,NULL,NULL,NULL,NULL,NULL,NULL,'LIVE',0,86400,0),(567,'Presentation','2024-06-21 11:13:56','2024-06-21 11:13:56','Presentation Title 6 D1O6baLq1kYXGnSC','Presentation Abstract 6 ehgu428vFhcWoMhz',NULL,'2024-06-27 16:13:56','2024-06-28 16:13:56',1,'2024-06-21 16:13:56',0,0,0,NULL,0,0,NULL,NULL,NULL,NULL,NULL,NULL,15,NULL,NULL,NULL,NULL,NULL,NULL,NULL,NULL,NULL,'LIVE',0,86400,0),(568,'Presentation','2024-06-21 11:13:56','2024-06-21 11:13:56','Presentation Title 7 3klqburRWlC1Nlnl','Presentation Abstract 7 0o4jewsGAC87BYdp',NULL,'2024-06-28 16:13:56','2024-06-29 16:13:56',1,'2024-06-21 16:13:56',0,0,0,NULL,0,0,NULL,NULL,NULL,NULL,NULL,NULL,15,NULL,NULL,NULL,NULL,NULL,NULL,NULL,NULL,NULL,'LIVE',0,86400,0),(569,'Presentation','2024-06-21 11:13:56','2024-06-21 11:13:56','Presentation Title 8 u0G2neF8t8ow5lCj','Presentation Abstract 8 xoymDbYNcsQ8qYeE',NULL,'2024-06-29 16:13:56','2024-06-30 16:13:56',1,'2024-06-21 16:13:56',0,0,0,NULL,0,0,NULL,NULL,NULL,NULL,NULL,NULL,15,NULL,NULL,NULL,NULL,NULL,NULL,NULL,NULL,NULL,'LIVE',0,86400,0),(570,'Presentation','2024-06-21 11:13:56','2024-06-21 11:13:56','Presentation Title 9 Mjlm5xbXCkcJdEJv','Presentation Abstract 9 WuDxC6cj1RpukR7N',NULL,'2024-06-30 16:13:56','2024-07-01 16:13:56',1,'2024-06-21 16:13:56',0,0,0,NULL,0,0,NULL,NULL,NULL,NULL,NULL,NULL,15,NULL,NULL,NULL,NULL,NULL,NULL,NULL,NULL,NULL,'LIVE',0,86400,0),(571,'Presentation','2024-06-21 11:13:56','2024-06-21 11:13:56','Presentation Title 10 F46XPAQUwgNXWtKO','Presentation Abstract 10 v63HnZQw8qNOwKLQ',NULL,'2024-07-01 16:13:56','2024-07-02 16:13:56',1,'2024-06-21 16:13:56',0,0,0,NULL,0,0,NULL,NULL,NULL,NULL,NULL,NULL,15,NULL,NULL,NULL,NULL,NULL,NULL,NULL,NULL,NULL,'LIVE',0,86400,0),(572,'Presentation','2024-06-21 11:13:56','2024-06-21 11:13:56','Presentation Title 11 oKbeuZEpjViSLsb8','Presentation Abstract 11 kmHIxLDiSwhZzvvD',NULL,'2024-07-02 16:13:56','2024-07-03 16:13:56',1,'2024-06-21 16:13:56',0,0,0,NULL,0,0,NULL,NULL,NULL,NULL,NULL,NULL,15,NULL,NULL,NULL,NULL,NULL,NULL,NULL,NULL,NULL,'LIVE',0,86400,0),(573,'Presentation','2024-06-21 11:13:56','2024-06-21 11:13:56','Presentation Title 12 IGW5NjDGjIVfUPjz','Presentation Abstract 12 aNvJclDqF1ftQC18',NULL,'2024-07-03 16:13:56','2024-07-04 16:13:56',1,'2024-06-21 16:13:56',0,0,0,NULL,0,0,NULL,NULL,NULL,NULL,NULL,NULL,15,NULL,NULL,NULL,NULL,NULL,NULL,NULL,NULL,NULL,'LIVE',0,86400,0),(574,'Presentation','2024-06-21 11:13:56','2024-06-21 11:13:56','Presentation Title 13 8hPMoMFzreFn0Yvc','Presentation Abstract 13 6xUdSYC74fAZPwtt',NULL,'2024-07-04 16:13:56','2024-07-05 16:13:56',1,'2024-06-21 16:13:56',0,0,0,NULL,0,0,NULL,NULL,NULL,NULL,NULL,NULL,15,NULL,NULL,NULL,NULL,NULL,NULL,NULL,NULL,NULL,'LIVE',0,86400,0),(575,'Presentation','2024-06-21 11:13:56','2024-06-21 11:13:56','Presentation Title 14 6yDVjVLLjWnNv3Ca','Presentation Abstract 14 kVSC05i6kIJiHAb2',NULL,'2024-07-05 16:13:56','2024-07-06 16:13:56',1,'2024-06-21 16:13:56',0,0,0,NULL,0,0,NULL,NULL,NULL,NULL,NULL,NULL,15,NULL,NULL,NULL,NULL,NULL,NULL,NULL,NULL,NULL,'LIVE',0,86400,0),(576,'Presentation','2024-06-21 11:13:56','2024-06-21 11:13:56','Presentation Title 15 KDgsNnR6NHAb1XtH','Presentation Abstract 15 tSmGwnvvcE32JiKs',NULL,'2024-07-06 16:13:56','2024-07-07 16:13:56',1,'2024-06-21 16:13:56',0,0,0,NULL,0,0,NULL,NULL,NULL,NULL,NULL,NULL,15,NULL,NULL,NULL,NULL,NULL,NULL,NULL,NULL,NULL,'LIVE',0,86400,0),(577,'Presentation','2024-06-21 11:13:56','2024-06-21 11:13:56','Presentation Title 16 L0kxRG8qDiZ4X0tF','Presentation Abstract 16 mBggmUGyqyZLOnh3',NULL,'2024-07-07 16:13:56','2024-07-08 16:13:56',1,'2024-06-21 16:13:56',0,0,0,NULL,0,0,NULL,NULL,NULL,NULL,NULL,NULL,15,NULL,NULL,NULL,NULL,NULL,NULL,NULL,NULL,NULL,'LIVE',0,86400,0),(578,'Presentation','2024-06-21 11:13:56','2024-06-21 11:13:56','Presentation Title 17 XUOxjJRWpAa5wXDT','Presentation Abstract 17 iqJ1cTmoyLUgzNV4',NULL,'2024-07-08 16:13:56','2024-07-09 16:13:56',1,'2024-06-21 16:13:56',0,0,0,NULL,0,0,NULL,NULL,NULL,NULL,NULL,NULL,15,NULL,NULL,NULL,NULL,NULL,NULL,NULL,NULL,NULL,'LIVE',0,86400,0),(579,'Presentation','2024-06-21 11:13:56','2024-06-21 11:13:56','Presentation Title 18 E7dGbz3sv6AzseLd','Presentation Abstract 18 EhunZpRlfIThCUoa',NULL,'2024-07-09 16:13:56','2024-07-10 16:13:56',1,'2024-06-21 16:13:56',0,0,0,NULL,0,0,NULL,NULL,NULL,NULL,NULL,NULL,15,NULL,NULL,NULL,NULL,NULL,NULL,NULL,NULL,NULL,'LIVE',0,86400,0),(580,'Presentation','2024-06-21 11:13:56','2024-06-21 11:13:56','Presentation Title 19 1XyYseQwWmG9Obcb','Presentation Abstract 19 Pnj1xwRx54r2xL6h',NULL,'2024-07-10 16:13:56','2024-07-11 16:13:56',1,'2024-06-21 16:13:56',0,0,0,NULL,0,0,NULL,NULL,NULL,NULL,NULL,NULL,15,NULL,NULL,NULL,NULL,NULL,NULL,NULL,NULL,NULL,'LIVE',0,86400,0),(581,'Presentation','2024-06-21 11:13:56','2024-06-21 11:13:56','Presentation Title 20 GSFD8TnCruXHgfAH','Presentation Abstract 20 9wPRlGGJK12CutP3',NULL,'2024-07-11 16:13:56','2024-07-12 16:13:56',1,'2024-06-21 16:13:56',0,0,0,NULL,0,0,NULL,NULL,148,NULL,NULL,NULL,15,NULL,NULL,NULL,NULL,NULL,NULL,NULL,NULL,NULL,'LIVE',0,86400,0),(582,'Presentation','2024-06-21 11:13:56','2024-06-21 11:13:56','Presentation Title 21 by6AjLynfu4NS12N','Presentation Abstract 21 CVssvDWpnm7U9puv',NULL,'2024-07-12 16:13:56','2024-07-13 16:13:56',1,'2024-06-21 16:13:56',0,0,0,NULL,0,0,NULL,NULL,148,NULL,NULL,NULL,15,NULL,NULL,NULL,NULL,NULL,NULL,NULL,NULL,NULL,'LIVE',0,86400,0),(583,'Presentation','2024-06-21 11:13:56','2024-06-21 11:13:56','Presentation Title 22 6bMOHCqlbRG7ShbL','Presentation Abstract 22 Bp4clCJ94lmcSl0J',NULL,'2024-07-13 16:13:56','2024-07-14 16:13:56',1,'2024-06-21 16:13:56',0,0,0,NULL,0,0,NULL,NULL,148,NULL,NULL,NULL,15,NULL,NULL,NULL,NULL,NULL,NULL,NULL,NULL,NULL,'LIVE',0,86400,0),(584,'Presentation','2024-06-21 11:13:56','2024-06-21 11:13:56','Presentation Title 23 UqmFtPdL167Eckpc','Presentation Abstract 23 ISwJmTtgz27qRt9S',NULL,'2024-07-14 16:13:56','2024-07-15 16:13:56',1,'2024-06-21 16:13:56',0,0,0,NULL,0,0,NULL,NULL,148,NULL,NULL,NULL,15,NULL,NULL,NULL,NULL,NULL,NULL,NULL,NULL,NULL,'LIVE',0,86400,0),(585,'Presentation','2024-06-21 11:13:56','2024-06-21 11:13:56','Presentation Title 24 v4cO9lcxGOLu7xeY','Presentation Abstract 24 FGqZoPzeriaUpcJA',NULL,'2024-07-15 16:13:56','2024-07-16 16:13:56',1,'2024-06-21 16:13:56',0,0,0,NULL,0,0,NULL,NULL,148,NULL,NULL,NULL,15,NULL,NULL,NULL,NULL,NULL,NULL,NULL,NULL,NULL,'LIVE',0,86400,0),(586,'Presentation','2024-06-21 11:13:56','2024-06-21 11:13:56','Presentation Title 25 E61Y4goI14gKk2oa','Presentation Abstract 25 vnmGv3nV8SPfV1KA',NULL,'2024-07-16 16:13:56','2024-07-17 16:13:56',1,'2024-06-21 16:13:56',0,0,0,NULL,0,0,NULL,NULL,148,NULL,NULL,NULL,15,NULL,NULL,NULL,NULL,NULL,NULL,NULL,NULL,NULL,'LIVE',0,86400,0),(587,'Presentation','2024-06-21 11:13:56','2024-06-21 11:13:56','Presentation Title 26 wA9f45TcjKVwxOE8','Presentation Abstract 26 4kzmsVE2GUpIcX3B',NULL,'2024-07-17 16:13:56','2024-07-18 16:13:56',1,'2024-06-21 16:13:56',0,0,0,NULL,0,0,NULL,NULL,148,NULL,NULL,NULL,15,NULL,NULL,NULL,NULL,NULL,NULL,NULL,NULL,NULL,'LIVE',0,86400,0),(588,'Presentation','2024-06-21 11:13:56','2024-06-21 11:13:56','Presentation Title 27 MkT1Nx9bKruOl8xe','Presentation Abstract 27 moLcg3nDSJOGxwSN',NULL,'2024-07-18 16:13:56','2024-07-19 16:13:56',1,'2024-06-21 16:13:56',0,0,0,NULL,0,0,NULL,NULL,148,NULL,NULL,NULL,15,NULL,NULL,NULL,NULL,NULL,NULL,NULL,NULL,NULL,'LIVE',0,86400,0),(589,'Presentation','2024-06-21 11:13:56','2024-06-21 11:13:56','Presentation Title 28 ifgF9Z738J6OgnKh','Presentation Abstract 28 4fp6SuykEDfV0opN',NULL,'2024-07-19 16:13:56','2024-07-20 16:13:56',1,'2024-06-21 16:13:56',0,0,0,NULL,0,0,NULL,NULL,148,NULL,NULL,NULL,15,NULL,NULL,NULL,NULL,NULL,NULL,NULL,NULL,NULL,'LIVE',0,86400,0),(590,'Presentation','2024-06-21 11:13:56','2024-06-21 11:13:56','Presentation Title 29 8sBTMy2pEQWdDkRh','Presentation Abstract 29 20T0nARfnkhvOkqP',NULL,'2024-07-20 16:13:56','2024-07-21 16:13:56',1,'2024-06-21 16:13:56',0,0,0,NULL,0,0,NULL,NULL,148,NULL,NULL,NULL,15,NULL,NULL,NULL,NULL,NULL,NULL,NULL,NULL,NULL,'LIVE',0,86400,0),(591,'Presentation','2024-06-21 11:13:56','2024-06-21 11:13:56','Presentation Title 30 9pkO1h226uYSwTEc','Presentation Abstract 30 aLNmLrPo9v44K1o0',NULL,'2024-07-21 16:13:56','2024-07-22 16:13:56',1,'2024-06-21 16:13:56',0,0,0,NULL,0,0,NULL,NULL,148,NULL,NULL,NULL,15,NULL,NULL,NULL,NULL,NULL,NULL,NULL,NULL,NULL,'LIVE',0,86400,0),(592,'Presentation','2024-06-21 11:13:56','2024-06-21 11:13:56','Presentation Title 31 K8Fn6z42MBgFUAGN','Presentation Abstract 31 7MrG4moZnQdWTpzK',NULL,'2024-07-22 16:13:56','2024-07-23 16:13:56',1,'2024-06-21 16:13:56',0,0,0,NULL,0,0,NULL,NULL,148,NULL,NULL,NULL,15,NULL,NULL,NULL,NULL,NULL,NULL,NULL,NULL,NULL,'LIVE',0,86400,0),(593,'Presentation','2024-06-21 11:13:56','2024-06-21 11:13:56','Presentation Title 32 XT9CDgpuGhHoU8YR','Presentation Abstract 32 WTHDBcOjzC6Q22Km',NULL,'2024-07-23 16:13:56','2024-07-24 16:13:56',1,'2024-06-21 16:13:56',0,0,0,NULL,0,0,NULL,NULL,148,NULL,NULL,NULL,15,NULL,NULL,NULL,NULL,NULL,NULL,NULL,NULL,NULL,'LIVE',0,86400,0),(594,'Presentation','2024-06-21 11:13:56','2024-06-21 11:13:56','Presentation Title 33 6iLghsDzLhXuxumK','Presentation Abstract 33 hSDIpOABVHAIUNj0',NULL,'2024-07-24 16:13:56','2024-07-25 16:13:56',1,'2024-06-21 16:13:56',0,0,0,NULL,0,0,NULL,NULL,148,NULL,NULL,NULL,15,NULL,NULL,NULL,NULL,NULL,NULL,NULL,NULL,NULL,'LIVE',0,86400,0),(595,'Presentation','2024-06-21 11:13:56','2024-06-21 11:13:56','Presentation Title 34 shs4d9TuC2f10vKC','Presentation Abstract 34 gBxoV0AAHn0vFupP',NULL,'2024-07-25 16:13:56','2024-07-26 16:13:56',1,'2024-06-21 16:13:56',0,0,0,NULL,0,0,NULL,NULL,148,NULL,NULL,NULL,15,NULL,NULL,NULL,NULL,NULL,NULL,NULL,NULL,NULL,'LIVE',0,86400,0),(596,'Presentation','2024-06-21 11:13:56','2024-06-21 11:13:56','Presentation Title 35 SqudF3yha9dlAAL2','Presentation Abstract 35 1gHDa4UnJl86q4Pz',NULL,'2024-07-26 16:13:56','2024-07-27 16:13:56',1,'2024-06-21 16:13:56',0,0,0,NULL,0,0,NULL,NULL,148,NULL,NULL,NULL,15,NULL,NULL,NULL,NULL,NULL,NULL,NULL,NULL,NULL,'LIVE',0,86400,0),(597,'Presentation','2024-06-21 11:13:56','2024-06-21 11:13:56','Presentation Title 36 pCDr8u24V4kMz5Cn','Presentation Abstract 36 o6SkE3VblrqA5mAl',NULL,'2024-07-27 16:13:56','2024-07-28 16:13:56',1,'2024-06-21 16:13:56',0,0,0,NULL,0,0,NULL,NULL,148,NULL,NULL,NULL,15,NULL,NULL,NULL,NULL,NULL,NULL,NULL,NULL,NULL,'LIVE',0,86400,0),(598,'Presentation','2024-06-21 11:13:56','2024-06-21 11:13:56','Presentation Title 37 ya3beN2c1DgmJJBl','Presentation Abstract 37 6lJo16BWGnOYSeqD',NULL,'2024-07-28 16:13:56','2024-07-29 16:13:56',1,'2024-06-21 16:13:56',0,0,0,NULL,0,0,NULL,NULL,148,NULL,NULL,NULL,15,NULL,NULL,NULL,NULL,NULL,NULL,NULL,NULL,NULL,'LIVE',0,86400,0),(599,'Presentation','2024-06-21 11:13:56','2024-06-21 11:13:56','Presentation Title 38 kfIqOsRfFMvL7S6L','Presentation Abstract 38 YjkSz0X7K4RkhsEG',NULL,'2024-07-29 16:13:56','2024-07-30 16:13:56',1,'2024-06-21 16:13:56',0,0,0,NULL,0,0,NULL,NULL,148,NULL,NULL,NULL,15,NULL,NULL,NULL,NULL,NULL,NULL,NULL,NULL,NULL,'LIVE',0,86400,0),(600,'Presentation','2024-06-21 11:13:56','2024-06-21 11:13:56','Presentation Title 39 leYKMWucYhT3mNAO','Presentation Abstract 39 orYuV8rwANKPSbN7',NULL,'2024-07-30 16:13:56','2024-07-31 16:13:56',1,'2024-06-21 16:13:56',0,0,0,NULL,0,0,NULL,NULL,148,NULL,NULL,NULL,15,NULL,NULL,NULL,NULL,NULL,NULL,NULL,NULL,NULL,'LIVE',0,86400,0),(601,'Presentation','2024-06-21 11:13:56','2024-06-21 11:13:56','Presentation Title 0 cxaB3rZirR0j6GL0 Votable','Presentation Abstract 0 VsAEJWEEJVY0pMAx Votable',NULL,NULL,NULL,1,'2024-06-21 16:13:56',0,0,0,NULL,0,0,NULL,NULL,NULL,NULL,NULL,NULL,15,NULL,NULL,NULL,NULL,NULL,NULL,NULL,NULL,NULL,'LIVE',0,0,0),(602,'Presentation','2024-06-21 11:13:56','2024-06-21 11:13:56','Presentation Title 1 omGow6TTBn3oKPXo Votable','Presentation Abstract 1 vf9VdhlchISf19fA Votable',NULL,NULL,NULL,1,'2024-06-21 16:13:56',0,0,0,NULL,0,0,NULL,NULL,NULL,NULL,NULL,NULL,15,NULL,NULL,NULL,NULL,NULL,NULL,NULL,NULL,NULL,'LIVE',0,0,0),(603,'Presentation','2024-06-21 11:13:56','2024-06-21 11:13:56','Presentation Title 2 TFFmJYC7WfZ9P5qG Votable','Presentation Abstract 2 4504BaWuJC0guzkj Votable',NULL,NULL,NULL,1,'2024-06-21 16:13:56',0,0,0,NULL,0,0,NULL,NULL,NULL,NULL,NULL,NULL,15,NULL,NULL,NULL,NULL,NULL,NULL,NULL,NULL,NULL,'LIVE',0,0,0),(604,'Presentation','2024-06-21 11:13:56','2024-06-21 11:13:56','Presentation Title 3 ekNuMV6TgJrAZWuo Votable','Presentation Abstract 3 k3xOefSe5XF5AgCy Votable',NULL,NULL,NULL,1,'2024-06-21 16:13:56',0,0,0,NULL,0,0,NULL,NULL,NULL,NULL,NULL,NULL,15,NULL,NULL,NULL,NULL,NULL,NULL,NULL,NULL,NULL,'LIVE',0,0,0),(605,'Presentation','2024-06-21 11:13:56','2024-06-21 11:13:56','Presentation Title 4 oWCOOOZi8wc3kuG6 Votable','Presentation Abstract 4 bwLQB5HhZ3qBpLb6 Votable',NULL,NULL,NULL,1,'2024-06-21 16:13:56',0,0,0,NULL,0,0,NULL,NULL,NULL,NULL,NULL,NULL,15,NULL,NULL,NULL,NULL,NULL,NULL,NULL,NULL,NULL,'LIVE',0,0,0),(606,'Presentation','2024-06-21 11:13:56','2024-06-21 11:13:56','Presentation Title 5 i0uAbvJNdv2tnk9n Votable','Presentation Abstract 5 RdHgnzN2ttMHwHsk Votable',NULL,NULL,NULL,1,'2024-06-21 16:13:56',0,0,0,NULL,0,0,NULL,NULL,NULL,NULL,NULL,NULL,15,NULL,NULL,NULL,NULL,NULL,NULL,NULL,NULL,NULL,'LIVE',0,0,0),(607,'Presentation','2024-06-21 11:13:56','2024-06-21 11:13:56','Presentation Title 6 lXEeiFvqAc2VJXEV Votable','Presentation Abstract 6 ey3Z3igsyG1AbdZ6 Votable',NULL,NULL,NULL,1,'2024-06-21 16:13:56',0,0,0,NULL,0,0,NULL,NULL,NULL,NULL,NULL,NULL,15,NULL,NULL,NULL,NULL,NULL,NULL,NULL,NULL,NULL,'LIVE',0,0,0),(608,'Presentation','2024-06-21 11:13:56','2024-06-21 11:13:56','Presentation Title 7 xKxFfi3MoI1rDS8P Votable','Presentation Abstract 7 daabfynztAXreZTk Votable',NULL,NULL,NULL,1,'2024-06-21 16:13:56',0,0,0,NULL,0,0,NULL,NULL,NULL,NULL,NULL,NULL,15,NULL,NULL,NULL,NULL,NULL,NULL,NULL,NULL,NULL,'LIVE',0,0,0),(609,'Presentation','2024-06-21 11:13:56','2024-06-21 11:13:56','Presentation Title 8 kxYVEDIka1qzn51x Votable','Presentation Abstract 8 yXwXmyD7zaBOHd66 Votable',NULL,NULL,NULL,1,'2024-06-21 16:13:56',0,0,0,NULL,0,0,NULL,NULL,NULL,NULL,NULL,NULL,15,NULL,NULL,NULL,NULL,NULL,NULL,NULL,NULL,NULL,'LIVE',0,0,0),(610,'Presentation','2024-06-21 11:13:56','2024-06-21 11:13:56','Presentation Title 9 k6dYKdtMJlq5vxjD Votable','Presentation Abstract 9 z6w3RikHBOvp3wZw Votable',NULL,NULL,NULL,1,'2024-06-21 16:13:56',0,0,0,NULL,0,0,NULL,NULL,NULL,NULL,NULL,NULL,15,NULL,NULL,NULL,NULL,NULL,NULL,NULL,NULL,NULL,'LIVE',0,0,0),(611,'Presentation','2024-06-21 11:13:56','2024-06-21 11:13:56','Presentation Title 10 gs4wIRHWKwHnAstQ Votable','Presentation Abstract 10 zOTwf6PfOWsURKWW Votable',NULL,NULL,NULL,1,'2024-06-21 16:13:56',0,0,0,NULL,0,0,NULL,NULL,NULL,NULL,NULL,NULL,15,NULL,NULL,NULL,NULL,NULL,NULL,NULL,NULL,NULL,'LIVE',0,0,0),(612,'Presentation','2024-06-21 11:13:56','2024-06-21 11:13:56','Presentation Title 11 tFx7t4GpWpoFzrR2 Votable','Presentation Abstract 11 ALnocJu8W1JpdbsF Votable',NULL,NULL,NULL,1,'2024-06-21 16:13:56',0,0,0,NULL,0,0,NULL,NULL,NULL,NULL,NULL,NULL,15,NULL,NULL,NULL,NULL,NULL,NULL,NULL,NULL,NULL,'LIVE',0,0,0),(613,'Presentation','2024-06-21 11:13:56','2024-06-21 11:13:56','Presentation Title 12 JaDJRfTUMM6eC6dq Votable','Presentation Abstract 12 joYj5EqzqlBX92Nh Votable',NULL,NULL,NULL,1,'2024-06-21 16:13:56',0,0,0,NULL,0,0,NULL,NULL,NULL,NULL,NULL,NULL,15,NULL,NULL,NULL,NULL,NULL,NULL,NULL,NULL,NULL,'LIVE',0,0,0),(614,'Presentation','2024-06-21 11:13:56','2024-06-21 11:13:56','Presentation Title 13 lwLx2f7iAqZgFPZk Votable','Presentation Abstract 13 08tQ450QV2oAmPNw Votable',NULL,NULL,NULL,1,'2024-06-21 16:13:56',0,0,0,NULL,0,0,NULL,NULL,NULL,NULL,NULL,NULL,15,NULL,NULL,NULL,NULL,NULL,NULL,NULL,NULL,NULL,'LIVE',0,0,0),(615,'Presentation','2024-06-21 11:13:56','2024-06-21 11:13:56','Presentation Title 14 28BToXaD9Gw1bWEp Votable','Presentation Abstract 14 h271tyI432JCcTJh Votable',NULL,NULL,NULL,1,'2024-06-21 16:13:56',0,0,0,NULL,0,0,NULL,NULL,NULL,NULL,NULL,NULL,15,NULL,NULL,NULL,NULL,NULL,NULL,NULL,NULL,NULL,'LIVE',0,0,0),(616,'Presentation','2024-06-21 11:13:56','2024-06-21 11:13:56','Presentation Title 15 IxLKqgkAYYAWjZqE Votable','Presentation Abstract 15 DqsNOvjvcxfnjFD6 Votable',NULL,NULL,NULL,1,'2024-06-21 16:13:56',0,0,0,NULL,0,0,NULL,NULL,NULL,NULL,NULL,NULL,15,NULL,NULL,NULL,NULL,NULL,NULL,NULL,NULL,NULL,'LIVE',0,0,0),(617,'Presentation','2024-06-21 11:13:56','2024-06-21 11:13:56','Presentation Title 16 gFTB0v5h7CWqEBnX Votable','Presentation Abstract 16 ifDC7fiorFP8fZ7N Votable',NULL,NULL,NULL,1,'2024-06-21 16:13:56',0,0,0,NULL,0,0,NULL,NULL,NULL,NULL,NULL,NULL,15,NULL,NULL,NULL,NULL,NULL,NULL,NULL,NULL,NULL,'LIVE',0,0,0),(618,'Presentation','2024-06-21 11:13:56','2024-06-21 11:13:56','Presentation Title 17 LBxGNwnFQJ5ehi6G Votable','Presentation Abstract 17 vijb8PJs2oBHHSmE Votable',NULL,NULL,NULL,1,'2024-06-21 16:13:56',0,0,0,NULL,0,0,NULL,NULL,NULL,NULL,NULL,NULL,15,NULL,NULL,NULL,NULL,NULL,NULL,NULL,NULL,NULL,'LIVE',0,0,0),(619,'Presentation','2024-06-21 11:13:56','2024-06-21 11:13:56','Presentation Title 18 nCvDy9I2lkijpi7K Votable','Presentation Abstract 18 ONXV2o87Yb7vFAHJ Votable',NULL,NULL,NULL,1,'2024-06-21 16:13:56',0,0,0,NULL,0,0,NULL,NULL,NULL,NULL,NULL,NULL,15,NULL,NULL,NULL,NULL,NULL,NULL,NULL,NULL,NULL,'LIVE',0,0,0),(620,'Presentation','2024-06-21 11:13:56','2024-06-21 11:13:56','Presentation Title 19 CfbomLxmqXrmXjdC Votable','Presentation Abstract 19 zccxBZF9xakbChlt Votable',NULL,NULL,NULL,1,'2024-06-21 16:13:56',0,0,0,NULL,0,0,NULL,NULL,NULL,NULL,NULL,NULL,15,NULL,NULL,NULL,NULL,NULL,NULL,NULL,NULL,NULL,'LIVE',0,0,0),(621,'SummitEvent','2024-06-21 11:13:56','2024-06-21 11:13:56','Raw Event Title 0 stk3l1GGB9RnnzaP','Raw Event Abstract 0 8NMHsMTT6UqskZf7',NULL,NULL,NULL,0,NULL,0,0,0,NULL,0,0,NULL,NULL,NULL,NULL,NULL,NULL,15,NULL,NULL,NULL,NULL,NULL,NULL,NULL,NULL,NULL,'LIVE',0,0,0),(622,'SummitEvent','2024-06-21 11:13:56','2024-06-21 11:13:56','Raw Event Title 1 sBrn5Fp19FAyC12e','Raw Event Abstract 1 QIitgGYnkO1WQl2B',NULL,NULL,NULL,0,NULL,0,0,0,NULL,0,0,NULL,NULL,NULL,NULL,NULL,NULL,15,NULL,NULL,NULL,NULL,NULL,NULL,NULL,NULL,NULL,'LIVE',0,0,0),(623,'SummitEvent','2024-06-21 11:13:56','2024-06-21 11:13:56','Raw Event Title 2 5X5oiRiRVxm0gWEO','Raw Event Abstract 2 Zwh7vCUmeAy0pDWA',NULL,NULL,NULL,0,NULL,0,0,0,NULL,0,0,NULL,NULL,NULL,NULL,NULL,NULL,15,NULL,NULL,NULL,NULL,NULL,NULL,NULL,NULL,NULL,'LIVE',0,0,0),(624,'SummitEvent','2024-06-21 11:13:56','2024-06-21 11:13:56','Raw Event Title 3 BDpqxlrqamPbM7Qt','Raw Event Abstract 3 ev5vHXZPxJ0OXHqn',NULL,NULL,NULL,0,NULL,0,0,0,NULL,0,0,NULL,NULL,NULL,NULL,NULL,NULL,15,NULL,NULL,NULL,NULL,NULL,NULL,NULL,NULL,NULL,'LIVE',0,0,0),(625,'SummitEvent','2024-06-21 11:13:56','2024-06-21 11:13:56','Raw Event Title 4 579f5lMZRrKayHNL','Raw Event Abstract 4 UXxrxPEMWYHdtbTe',NULL,NULL,NULL,0,NULL,0,0,0,NULL,0,0,NULL,NULL,NULL,NULL,NULL,NULL,15,NULL,NULL,NULL,NULL,NULL,NULL,NULL,NULL,NULL,'LIVE',0,0,0),(626,'SummitEvent','2024-06-21 11:13:56','2024-06-21 11:13:56','Raw Event Title 5 7EeoVf3YLAR5aQoD','Raw Event Abstract 5 eEzh3Ud21D7Aby5E',NULL,NULL,NULL,0,NULL,0,0,0,NULL,0,0,NULL,NULL,NULL,NULL,NULL,NULL,15,NULL,NULL,NULL,NULL,NULL,NULL,NULL,NULL,NULL,'LIVE',0,0,0),(627,'SummitEvent','2024-06-21 11:13:56','2024-06-21 11:13:56','Raw Event Title 6 zDf7MR8zzXQlOJhp','Raw Event Abstract 6 NEZ6i5NpMzwE5KQm',NULL,NULL,NULL,0,NULL,0,0,0,NULL,0,0,NULL,NULL,NULL,NULL,NULL,NULL,15,NULL,NULL,NULL,NULL,NULL,NULL,NULL,NULL,NULL,'LIVE',0,0,0),(628,'SummitEvent','2024-06-21 11:13:56','2024-06-21 11:13:56','Raw Event Title 7 w8K8oZECFaewblsP','Raw Event Abstract 7 wvMt0xTO4mPo444Y',NULL,NULL,NULL,0,NULL,0,0,0,NULL,0,0,NULL,NULL,NULL,NULL,NULL,NULL,15,NULL,NULL,NULL,NULL,NULL,NULL,NULL,NULL,NULL,'LIVE',0,0,0),(629,'SummitEvent','2024-06-21 11:13:56','2024-06-21 11:13:56','Raw Event Title 8 x1owSgjzXeDi9qC5','Raw Event Abstract 8 eoXHqrnxWO9bzs2L',NULL,NULL,NULL,0,NULL,0,0,0,NULL,0,0,NULL,NULL,NULL,NULL,NULL,NULL,15,NULL,NULL,NULL,NULL,NULL,NULL,NULL,NULL,NULL,'LIVE',0,0,0),(630,'SummitEvent','2024-06-21 11:13:56','2024-06-21 11:13:56','Raw Event Title 9 1Lk11oW21tLGl1V9','Raw Event Abstract 9 pBE70l63GJ8OtZLR',NULL,NULL,NULL,0,NULL,0,0,0,NULL,0,0,NULL,NULL,NULL,NULL,NULL,NULL,15,NULL,NULL,NULL,NULL,NULL,NULL,NULL,NULL,NULL,'LIVE',0,0,0),(631,'SummitEvent','2024-06-21 11:13:56','2024-06-21 11:13:56','Raw Event Title 10 O8A3SFifMMdRzTZl','Raw Event Abstract 10 Mz6iyzouhk91hscT',NULL,NULL,NULL,0,NULL,0,0,0,NULL,0,0,NULL,NULL,NULL,NULL,NULL,NULL,15,NULL,NULL,NULL,NULL,NULL,NULL,NULL,NULL,NULL,'LIVE',0,0,0),(632,'SummitEvent','2024-06-21 11:13:56','2024-06-21 11:13:56','Raw Event Title 11 34M8rOzkNvq12WJp','Raw Event Abstract 11 eeBVSXnN67nMpfZE',NULL,NULL,NULL,0,NULL,0,0,0,NULL,0,0,NULL,NULL,NULL,NULL,NULL,NULL,15,NULL,NULL,NULL,NULL,NULL,NULL,NULL,NULL,NULL,'LIVE',0,0,0),(633,'SummitEvent','2024-06-21 11:13:56','2024-06-21 11:13:56','Raw Event Title 12 A8NbOkjYyFute2Z2','Raw Event Abstract 12 tN9D6bYbJMR6wJr7',NULL,NULL,NULL,0,NULL,0,0,0,NULL,0,0,NULL,NULL,NULL,NULL,NULL,NULL,15,NULL,NULL,NULL,NULL,NULL,NULL,NULL,NULL,NULL,'LIVE',0,0,0),(634,'SummitEvent','2024-06-21 11:13:56','2024-06-21 11:13:56','Raw Event Title 13 oQAqU8sFqvrQyDmu','Raw Event Abstract 13 bXtwTj1q1U3Gf3Qd',NULL,NULL,NULL,0,NULL,0,0,0,NULL,0,0,NULL,NULL,NULL,NULL,NULL,NULL,15,NULL,NULL,NULL,NULL,NULL,NULL,NULL,NULL,NULL,'LIVE',0,0,0),(635,'SummitEvent','2024-06-21 11:13:56','2024-06-21 11:13:56','Raw Event Title 14 kVuiBx9vL2385Gbo','Raw Event Abstract 14 7FzwPNoY8iMb60gc',NULL,NULL,NULL,0,NULL,0,0,0,NULL,0,0,NULL,NULL,NULL,NULL,NULL,NULL,15,NULL,NULL,NULL,NULL,NULL,NULL,NULL,NULL,NULL,'LIVE',0,0,0),(636,'SummitEvent','2024-06-21 11:13:56','2024-06-21 11:13:56','Raw Event Title 15 b8do1WpQvMdS5OSl','Raw Event Abstract 15 eTLGXzKWUDWhYj9W',NULL,NULL,NULL,0,NULL,0,0,0,NULL,0,0,NULL,NULL,NULL,NULL,NULL,NULL,15,NULL,NULL,NULL,NULL,NULL,NULL,NULL,NULL,NULL,'LIVE',0,0,0),(637,'SummitEvent','2024-06-21 11:13:56','2024-06-21 11:13:56','Raw Event Title 16 aEGzQ0ZRrDlAhOhy','Raw Event Abstract 16 ezse65QXrQ6kcjm4',NULL,NULL,NULL,0,NULL,0,0,0,NULL,0,0,NULL,NULL,NULL,NULL,NULL,NULL,15,NULL,NULL,NULL,NULL,NULL,NULL,NULL,NULL,NULL,'LIVE',0,0,0),(638,'SummitEvent','2024-06-21 11:13:56','2024-06-21 11:13:56','Raw Event Title 17 Pox61cs5tPOPTXhB','Raw Event Abstract 17 BCitb7pC4kIR1p6v',NULL,NULL,NULL,0,NULL,0,0,0,NULL,0,0,NULL,NULL,NULL,NULL,NULL,NULL,15,NULL,NULL,NULL,NULL,NULL,NULL,NULL,NULL,NULL,'LIVE',0,0,0),(639,'SummitEvent','2024-06-21 11:13:56','2024-06-21 11:13:56','Raw Event Title 18 MMZbkpi3RWVJwuNh','Raw Event Abstract 18 FOJzoQB4YD9hR4eV',NULL,NULL,NULL,0,NULL,0,0,0,NULL,0,0,NULL,NULL,NULL,NULL,NULL,NULL,15,NULL,NULL,NULL,NULL,NULL,NULL,NULL,NULL,NULL,'LIVE',0,0,0),(640,'SummitEvent','2024-06-21 11:13:56','2024-06-21 11:13:56','Raw Event Title 19 zRamaZPdk1LO5KHe','Raw Event Abstract 19 rvTCHTKODB3wxZuS',NULL,NULL,NULL,0,NULL,0,0,0,NULL,0,0,NULL,NULL,NULL,NULL,NULL,NULL,15,NULL,NULL,NULL,NULL,NULL,NULL,NULL,NULL,NULL,'LIVE',0,0,0),(641,'Presentation','2024-06-21 11:15:03','2024-06-21 11:15:03','Presentation Title 0 1yR7sJnGgcdWWQfX','Presentation Abstract 0 ldOYMYm3e1Vti1QO',NULL,'2024-06-21 16:15:03','2024-06-22 16:15:03',1,'2024-06-21 16:15:03',0,0,0,NULL,0,0,NULL,NULL,NULL,NULL,NULL,NULL,17,NULL,NULL,NULL,NULL,NULL,NULL,NULL,NULL,NULL,'LIVE',0,86400,0),(642,'Presentation','2024-06-21 11:15:03','2024-06-21 11:15:03','Presentation Title 1 PPrcjR4Xhk9jlATE','Presentation Abstract 1 JrIPtoX7uuCQQckq',NULL,'2024-06-22 16:15:03','2024-06-23 16:15:03',1,'2024-06-21 16:15:03',0,0,0,NULL,0,0,NULL,NULL,NULL,NULL,NULL,NULL,17,NULL,NULL,NULL,NULL,NULL,NULL,NULL,NULL,NULL,'LIVE',0,86400,0),(643,'Presentation','2024-06-21 11:15:03','2024-06-21 11:15:03','Presentation Title 2 Ut3icIAMenuVZbbZ','Presentation Abstract 2 wKCbZIDyYCRX0Yd5',NULL,'2024-06-23 16:15:03','2024-06-24 16:15:03',1,'2024-06-21 16:15:03',0,0,0,NULL,0,0,NULL,NULL,NULL,NULL,NULL,NULL,17,NULL,NULL,NULL,NULL,NULL,NULL,NULL,NULL,NULL,'LIVE',0,86400,0),(644,'Presentation','2024-06-21 11:15:03','2024-06-21 11:15:03','Presentation Title 3 7kEx1klyYhwgWyzm','Presentation Abstract 3 y36KVf7yRSzuTSSw',NULL,'2024-06-24 16:15:03','2024-06-25 16:15:03',1,'2024-06-21 16:15:03',0,0,0,NULL,0,0,NULL,NULL,NULL,NULL,NULL,NULL,17,NULL,NULL,NULL,NULL,NULL,NULL,NULL,NULL,NULL,'LIVE',0,86400,0),(645,'Presentation','2024-06-21 11:15:03','2024-06-21 11:15:03','Presentation Title 4 7IYjBsXwcBb6KTu3','Presentation Abstract 4 r8FZVcg5P2aZPgea',NULL,'2024-06-25 16:15:03','2024-06-26 16:15:03',1,'2024-06-21 16:15:03',0,0,0,NULL,0,0,NULL,NULL,NULL,NULL,NULL,NULL,17,NULL,NULL,NULL,NULL,NULL,NULL,NULL,NULL,NULL,'LIVE',0,86400,0),(646,'Presentation','2024-06-21 11:15:03','2024-06-21 11:15:03','Presentation Title 5 XUSRcXehzPmnUloh','Presentation Abstract 5 HRQzs0eoffYGtybt',NULL,'2024-06-26 16:15:03','2024-06-27 16:15:03',1,'2024-06-21 16:15:03',0,0,0,NULL,0,0,NULL,NULL,NULL,NULL,NULL,NULL,17,NULL,NULL,NULL,NULL,NULL,NULL,NULL,NULL,NULL,'LIVE',0,86400,0),(647,'Presentation','2024-06-21 11:15:03','2024-06-21 11:15:03','Presentation Title 6 5quJv4JdnxzMbXIT','Presentation Abstract 6 LhoDC2gTfNTNT6Mk',NULL,'2024-06-27 16:15:03','2024-06-28 16:15:03',1,'2024-06-21 16:15:03',0,0,0,NULL,0,0,NULL,NULL,NULL,NULL,NULL,NULL,17,NULL,NULL,NULL,NULL,NULL,NULL,NULL,NULL,NULL,'LIVE',0,86400,0),(648,'Presentation','2024-06-21 11:15:03','2024-06-21 11:15:03','Presentation Title 7 Zg3dpM8rAbG4wp5o','Presentation Abstract 7 9GHPV0NHIyggxftx',NULL,'2024-06-28 16:15:03','2024-06-29 16:15:03',1,'2024-06-21 16:15:03',0,0,0,NULL,0,0,NULL,NULL,NULL,NULL,NULL,NULL,17,NULL,NULL,NULL,NULL,NULL,NULL,NULL,NULL,NULL,'LIVE',0,86400,0),(649,'Presentation','2024-06-21 11:15:03','2024-06-21 11:15:03','Presentation Title 8 ZYg6scx95i5lcpwo','Presentation Abstract 8 SGCcOMEzBKmZKpGJ',NULL,'2024-06-29 16:15:03','2024-06-30 16:15:03',1,'2024-06-21 16:15:03',0,0,0,NULL,0,0,NULL,NULL,NULL,NULL,NULL,NULL,17,NULL,NULL,NULL,NULL,NULL,NULL,NULL,NULL,NULL,'LIVE',0,86400,0),(650,'Presentation','2024-06-21 11:15:03','2024-06-21 11:15:03','Presentation Title 9 LQN0AB4SX7uKvQOu','Presentation Abstract 9 vxnmiYn4zzbmf2l6',NULL,'2024-06-30 16:15:03','2024-07-01 16:15:03',1,'2024-06-21 16:15:03',0,0,0,NULL,0,0,NULL,NULL,NULL,NULL,NULL,NULL,17,NULL,NULL,NULL,NULL,NULL,NULL,NULL,NULL,NULL,'LIVE',0,86400,0),(651,'Presentation','2024-06-21 11:15:03','2024-06-21 11:15:03','Presentation Title 10 mETGO16nejIE8mdu','Presentation Abstract 10 Fj1lyi8r4V5RhDCA',NULL,'2024-07-01 16:15:03','2024-07-02 16:15:03',1,'2024-06-21 16:15:03',0,0,0,NULL,0,0,NULL,NULL,NULL,NULL,NULL,NULL,17,NULL,NULL,NULL,NULL,NULL,NULL,NULL,NULL,NULL,'LIVE',0,86400,0),(652,'Presentation','2024-06-21 11:15:03','2024-06-21 11:15:03','Presentation Title 11 tdaIoBZestqtUShu','Presentation Abstract 11 HgjJdvrxZAFrM5DB',NULL,'2024-07-02 16:15:03','2024-07-03 16:15:03',1,'2024-06-21 16:15:03',0,0,0,NULL,0,0,NULL,NULL,NULL,NULL,NULL,NULL,17,NULL,NULL,NULL,NULL,NULL,NULL,NULL,NULL,NULL,'LIVE',0,86400,0),(653,'Presentation','2024-06-21 11:15:03','2024-06-21 11:15:03','Presentation Title 12 0wKDXhYHDPFMLUOi','Presentation Abstract 12 p31nYns4HMbtpO3z',NULL,'2024-07-03 16:15:03','2024-07-04 16:15:03',1,'2024-06-21 16:15:03',0,0,0,NULL,0,0,NULL,NULL,NULL,NULL,NULL,NULL,17,NULL,NULL,NULL,NULL,NULL,NULL,NULL,NULL,NULL,'LIVE',0,86400,0),(654,'Presentation','2024-06-21 11:15:03','2024-06-21 11:15:03','Presentation Title 13 7skljj8dFghyw1mT','Presentation Abstract 13 DJTXJuDJPhSQ6nFu',NULL,'2024-07-04 16:15:03','2024-07-05 16:15:03',1,'2024-06-21 16:15:03',0,0,0,NULL,0,0,NULL,NULL,NULL,NULL,NULL,NULL,17,NULL,NULL,NULL,NULL,NULL,NULL,NULL,NULL,NULL,'LIVE',0,86400,0),(655,'Presentation','2024-06-21 11:15:03','2024-06-21 11:15:03','Presentation Title 14 J2t6kJ5qnU3mHLeA','Presentation Abstract 14 BB30Cn23EcoUMfct',NULL,'2024-07-05 16:15:03','2024-07-06 16:15:03',1,'2024-06-21 16:15:03',0,0,0,NULL,0,0,NULL,NULL,NULL,NULL,NULL,NULL,17,NULL,NULL,NULL,NULL,NULL,NULL,NULL,NULL,NULL,'LIVE',0,86400,0),(656,'Presentation','2024-06-21 11:15:03','2024-06-21 11:15:03','Presentation Title 15 Pf8Vyy0JfLxbcJBo','Presentation Abstract 15 5dNYjgr6ahrEzaSf',NULL,'2024-07-06 16:15:03','2024-07-07 16:15:03',1,'2024-06-21 16:15:03',0,0,0,NULL,0,0,NULL,NULL,NULL,NULL,NULL,NULL,17,NULL,NULL,NULL,NULL,NULL,NULL,NULL,NULL,NULL,'LIVE',0,86400,0),(657,'Presentation','2024-06-21 11:15:03','2024-06-21 11:15:03','Presentation Title 16 lS0Dg0WJWqp0n4Dh','Presentation Abstract 16 2174jEOHrvTsmgeA',NULL,'2024-07-07 16:15:03','2024-07-08 16:15:03',1,'2024-06-21 16:15:03',0,0,0,NULL,0,0,NULL,NULL,NULL,NULL,NULL,NULL,17,NULL,NULL,NULL,NULL,NULL,NULL,NULL,NULL,NULL,'LIVE',0,86400,0),(658,'Presentation','2024-06-21 11:15:03','2024-06-21 11:15:03','Presentation Title 17 67KiCjczoVAge0Rz','Presentation Abstract 17 1D7fAcU7opDTTrkd',NULL,'2024-07-08 16:15:03','2024-07-09 16:15:03',1,'2024-06-21 16:15:03',0,0,0,NULL,0,0,NULL,NULL,NULL,NULL,NULL,NULL,17,NULL,NULL,NULL,NULL,NULL,NULL,NULL,NULL,NULL,'LIVE',0,86400,0),(659,'Presentation','2024-06-21 11:15:03','2024-06-21 11:15:03','Presentation Title 18 iFg1uFkQ1I0Cs48T','Presentation Abstract 18 ieT173GGiut6qlKe',NULL,'2024-07-09 16:15:03','2024-07-10 16:15:03',1,'2024-06-21 16:15:03',0,0,0,NULL,0,0,NULL,NULL,NULL,NULL,NULL,NULL,17,NULL,NULL,NULL,NULL,NULL,NULL,NULL,NULL,NULL,'LIVE',0,86400,0),(660,'Presentation','2024-06-21 11:15:03','2024-06-21 11:15:03','Presentation Title 19 eR5uPbvAuhPPJjqt','Presentation Abstract 19 DHulNZJsYc6vs1yD',NULL,'2024-07-10 16:15:03','2024-07-11 16:15:03',1,'2024-06-21 16:15:03',0,0,0,NULL,0,0,NULL,NULL,NULL,NULL,NULL,NULL,17,NULL,NULL,NULL,NULL,NULL,NULL,NULL,NULL,NULL,'LIVE',0,86400,0),(661,'Presentation','2024-06-21 11:15:03','2024-06-21 11:15:03','Presentation Title 20 Cq1vGS0tMq7NOSrW','Presentation Abstract 20 X25sBbteiCtPr3ij',NULL,'2024-07-11 16:15:03','2024-07-12 16:15:03',1,'2024-06-21 16:15:03',0,0,0,NULL,0,0,NULL,NULL,169,NULL,NULL,NULL,17,NULL,NULL,NULL,NULL,NULL,NULL,NULL,NULL,NULL,'LIVE',0,86400,0),(662,'Presentation','2024-06-21 11:15:03','2024-06-21 11:15:03','Presentation Title 21 2Z5NdFn5Mn62HDsb','Presentation Abstract 21 z0prNgVJM4EjKSB8',NULL,'2024-07-12 16:15:03','2024-07-13 16:15:03',1,'2024-06-21 16:15:03',0,0,0,NULL,0,0,NULL,NULL,169,NULL,NULL,NULL,17,NULL,NULL,NULL,NULL,NULL,NULL,NULL,NULL,NULL,'LIVE',0,86400,0),(663,'Presentation','2024-06-21 11:15:03','2024-06-21 11:15:03','Presentation Title 22 ZBmajQheQrCj4E9V','Presentation Abstract 22 zvM3lGpFi1ufGRT7',NULL,'2024-07-13 16:15:03','2024-07-14 16:15:03',1,'2024-06-21 16:15:03',0,0,0,NULL,0,0,NULL,NULL,169,NULL,NULL,NULL,17,NULL,NULL,NULL,NULL,NULL,NULL,NULL,NULL,NULL,'LIVE',0,86400,0),(664,'Presentation','2024-06-21 11:15:03','2024-06-21 11:15:03','Presentation Title 23 M2qzyrTmWPEGMEx3','Presentation Abstract 23 lPl68BinYQIE1tje',NULL,'2024-07-14 16:15:03','2024-07-15 16:15:03',1,'2024-06-21 16:15:03',0,0,0,NULL,0,0,NULL,NULL,169,NULL,NULL,NULL,17,NULL,NULL,NULL,NULL,NULL,NULL,NULL,NULL,NULL,'LIVE',0,86400,0),(665,'Presentation','2024-06-21 11:15:03','2024-06-21 11:15:03','Presentation Title 24 pr3kHx0a9KZUW78D','Presentation Abstract 24 AYKaQhOBgVbCm78u',NULL,'2024-07-15 16:15:03','2024-07-16 16:15:03',1,'2024-06-21 16:15:03',0,0,0,NULL,0,0,NULL,NULL,169,NULL,NULL,NULL,17,NULL,NULL,NULL,NULL,NULL,NULL,NULL,NULL,NULL,'LIVE',0,86400,0),(666,'Presentation','2024-06-21 11:15:03','2024-06-21 11:15:03','Presentation Title 25 aZWOBYNMHHZe4R1p','Presentation Abstract 25 9xlgIQjaG4cmZVky',NULL,'2024-07-16 16:15:03','2024-07-17 16:15:03',1,'2024-06-21 16:15:03',0,0,0,NULL,0,0,NULL,NULL,169,NULL,NULL,NULL,17,NULL,NULL,NULL,NULL,NULL,NULL,NULL,NULL,NULL,'LIVE',0,86400,0),(667,'Presentation','2024-06-21 11:15:03','2024-06-21 11:15:03','Presentation Title 26 6q4TyBsQhOuok4eD','Presentation Abstract 26 behIhgxfQ7TWxYjM',NULL,'2024-07-17 16:15:03','2024-07-18 16:15:03',1,'2024-06-21 16:15:03',0,0,0,NULL,0,0,NULL,NULL,169,NULL,NULL,NULL,17,NULL,NULL,NULL,NULL,NULL,NULL,NULL,NULL,NULL,'LIVE',0,86400,0),(668,'Presentation','2024-06-21 11:15:03','2024-06-21 11:15:03','Presentation Title 27 oHRqbOgdYmmffO1w','Presentation Abstract 27 DXSVGvnOaIaZkI1E',NULL,'2024-07-18 16:15:03','2024-07-19 16:15:03',1,'2024-06-21 16:15:03',0,0,0,NULL,0,0,NULL,NULL,169,NULL,NULL,NULL,17,NULL,NULL,NULL,NULL,NULL,NULL,NULL,NULL,NULL,'LIVE',0,86400,0),(669,'Presentation','2024-06-21 11:15:03','2024-06-21 11:15:03','Presentation Title 28 iKB1rsIDLPCbg9jS','Presentation Abstract 28 LDb4fEFbOHGXi80Q',NULL,'2024-07-19 16:15:03','2024-07-20 16:15:03',1,'2024-06-21 16:15:03',0,0,0,NULL,0,0,NULL,NULL,169,NULL,NULL,NULL,17,NULL,NULL,NULL,NULL,NULL,NULL,NULL,NULL,NULL,'LIVE',0,86400,0),(670,'Presentation','2024-06-21 11:15:03','2024-06-21 11:15:03','Presentation Title 29 SaklaVZ9UkgT05AV','Presentation Abstract 29 yIidLC51tIM7VUt6',NULL,'2024-07-20 16:15:03','2024-07-21 16:15:03',1,'2024-06-21 16:15:03',0,0,0,NULL,0,0,NULL,NULL,169,NULL,NULL,NULL,17,NULL,NULL,NULL,NULL,NULL,NULL,NULL,NULL,NULL,'LIVE',0,86400,0),(671,'Presentation','2024-06-21 11:15:03','2024-06-21 11:15:03','Presentation Title 30 Nirfh0RpO6a1Kxc1','Presentation Abstract 30 Qq75pgoeMYA5wvDq',NULL,'2024-07-21 16:15:03','2024-07-22 16:15:03',1,'2024-06-21 16:15:03',0,0,0,NULL,0,0,NULL,NULL,169,NULL,NULL,NULL,17,NULL,NULL,NULL,NULL,NULL,NULL,NULL,NULL,NULL,'LIVE',0,86400,0),(672,'Presentation','2024-06-21 11:15:03','2024-06-21 11:15:03','Presentation Title 31 iH9agE6TY2Iib7hj','Presentation Abstract 31 DRHFc6pRq0yScSxx',NULL,'2024-07-22 16:15:03','2024-07-23 16:15:03',1,'2024-06-21 16:15:03',0,0,0,NULL,0,0,NULL,NULL,169,NULL,NULL,NULL,17,NULL,NULL,NULL,NULL,NULL,NULL,NULL,NULL,NULL,'LIVE',0,86400,0),(673,'Presentation','2024-06-21 11:15:03','2024-06-21 11:15:03','Presentation Title 32 Kz7x3vEEGafaMO8i','Presentation Abstract 32 LidccjyKV5i1pLWc',NULL,'2024-07-23 16:15:03','2024-07-24 16:15:03',1,'2024-06-21 16:15:03',0,0,0,NULL,0,0,NULL,NULL,169,NULL,NULL,NULL,17,NULL,NULL,NULL,NULL,NULL,NULL,NULL,NULL,NULL,'LIVE',0,86400,0),(674,'Presentation','2024-06-21 11:15:03','2024-06-21 11:15:03','Presentation Title 33 ZnPM6LOVjifbjPre','Presentation Abstract 33 SdVyi14sZjPPUpfR',NULL,'2024-07-24 16:15:03','2024-07-25 16:15:03',1,'2024-06-21 16:15:03',0,0,0,NULL,0,0,NULL,NULL,169,NULL,NULL,NULL,17,NULL,NULL,NULL,NULL,NULL,NULL,NULL,NULL,NULL,'LIVE',0,86400,0),(675,'Presentation','2024-06-21 11:15:03','2024-06-21 11:15:03','Presentation Title 34 F7vfc5XaQtv0odOE','Presentation Abstract 34 XzKJzcxssCYnrOjo',NULL,'2024-07-25 16:15:03','2024-07-26 16:15:03',1,'2024-06-21 16:15:03',0,0,0,NULL,0,0,NULL,NULL,169,NULL,NULL,NULL,17,NULL,NULL,NULL,NULL,NULL,NULL,NULL,NULL,NULL,'LIVE',0,86400,0),(676,'Presentation','2024-06-21 11:15:03','2024-06-21 11:15:03','Presentation Title 35 SxuJveH4cIKjzKfk','Presentation Abstract 35 oQSSK8hflGvhdlxB',NULL,'2024-07-26 16:15:03','2024-07-27 16:15:03',1,'2024-06-21 16:15:03',0,0,0,NULL,0,0,NULL,NULL,169,NULL,NULL,NULL,17,NULL,NULL,NULL,NULL,NULL,NULL,NULL,NULL,NULL,'LIVE',0,86400,0),(677,'Presentation','2024-06-21 11:15:03','2024-06-21 11:15:03','Presentation Title 36 NvWzQzRmcZ2KEldw','Presentation Abstract 36 dciIUMwMR76IzMhu',NULL,'2024-07-27 16:15:03','2024-07-28 16:15:03',1,'2024-06-21 16:15:03',0,0,0,NULL,0,0,NULL,NULL,169,NULL,NULL,NULL,17,NULL,NULL,NULL,NULL,NULL,NULL,NULL,NULL,NULL,'LIVE',0,86400,0),(678,'Presentation','2024-06-21 11:15:03','2024-06-21 11:15:03','Presentation Title 37 MPuunX2lw6Ov4gCq','Presentation Abstract 37 AB6hpdS7EeyWFZiR',NULL,'2024-07-28 16:15:03','2024-07-29 16:15:03',1,'2024-06-21 16:15:03',0,0,0,NULL,0,0,NULL,NULL,169,NULL,NULL,NULL,17,NULL,NULL,NULL,NULL,NULL,NULL,NULL,NULL,NULL,'LIVE',0,86400,0),(679,'Presentation','2024-06-21 11:15:03','2024-06-21 11:15:03','Presentation Title 38 jgVeFtPnnLMSzVRq','Presentation Abstract 38 kVVLFiyHzlPcdotm',NULL,'2024-07-29 16:15:03','2024-07-30 16:15:03',1,'2024-06-21 16:15:03',0,0,0,NULL,0,0,NULL,NULL,169,NULL,NULL,NULL,17,NULL,NULL,NULL,NULL,NULL,NULL,NULL,NULL,NULL,'LIVE',0,86400,0),(680,'Presentation','2024-06-21 11:15:03','2024-06-21 11:15:03','Presentation Title 39 ysgheRtyQmv6N7gm','Presentation Abstract 39 DjKkWj49jltBOHoF',NULL,'2024-07-30 16:15:03','2024-07-31 16:15:03',1,'2024-06-21 16:15:03',0,0,0,NULL,0,0,NULL,NULL,169,NULL,NULL,NULL,17,NULL,NULL,NULL,NULL,NULL,NULL,NULL,NULL,NULL,'LIVE',0,86400,0),(681,'Presentation','2024-06-21 11:15:03','2024-06-21 11:15:03','Presentation Title 0 F9k6A2IPmrm04TxR Votable','Presentation Abstract 0 zmp2ROgTtvN6rfhJ Votable',NULL,NULL,NULL,1,'2024-06-21 16:15:03',0,0,0,NULL,0,0,NULL,NULL,NULL,NULL,NULL,NULL,17,NULL,NULL,NULL,NULL,NULL,NULL,NULL,NULL,NULL,'LIVE',0,0,0),(682,'Presentation','2024-06-21 11:15:03','2024-06-21 11:15:03','Presentation Title 1 XJB1dOR1biRYxYkc Votable','Presentation Abstract 1 ijylDQVNj3iFeBv4 Votable',NULL,NULL,NULL,1,'2024-06-21 16:15:03',0,0,0,NULL,0,0,NULL,NULL,NULL,NULL,NULL,NULL,17,NULL,NULL,NULL,NULL,NULL,NULL,NULL,NULL,NULL,'LIVE',0,0,0),(683,'Presentation','2024-06-21 11:15:03','2024-06-21 11:15:03','Presentation Title 2 3ysOuFP45nQhIf1D Votable','Presentation Abstract 2 g5UCIVI0VcUrTxge Votable',NULL,NULL,NULL,1,'2024-06-21 16:15:03',0,0,0,NULL,0,0,NULL,NULL,NULL,NULL,NULL,NULL,17,NULL,NULL,NULL,NULL,NULL,NULL,NULL,NULL,NULL,'LIVE',0,0,0),(684,'Presentation','2024-06-21 11:15:03','2024-06-21 11:15:03','Presentation Title 3 W3s6p20Km1XD6HP6 Votable','Presentation Abstract 3 n2rm3EBjmDqdHgGI Votable',NULL,NULL,NULL,1,'2024-06-21 16:15:03',0,0,0,NULL,0,0,NULL,NULL,NULL,NULL,NULL,NULL,17,NULL,NULL,NULL,NULL,NULL,NULL,NULL,NULL,NULL,'LIVE',0,0,0),(685,'Presentation','2024-06-21 11:15:03','2024-06-21 11:15:03','Presentation Title 4 8660gijHv6bA48zd Votable','Presentation Abstract 4 ucBUAh1eqBniqRGn Votable',NULL,NULL,NULL,1,'2024-06-21 16:15:03',0,0,0,NULL,0,0,NULL,NULL,NULL,NULL,NULL,NULL,17,NULL,NULL,NULL,NULL,NULL,NULL,NULL,NULL,NULL,'LIVE',0,0,0),(686,'Presentation','2024-06-21 11:15:03','2024-06-21 11:15:03','Presentation Title 5 p3oqZqJCRPh3aRO9 Votable','Presentation Abstract 5 TnBPpMdyvh7kBlJV Votable',NULL,NULL,NULL,1,'2024-06-21 16:15:03',0,0,0,NULL,0,0,NULL,NULL,NULL,NULL,NULL,NULL,17,NULL,NULL,NULL,NULL,NULL,NULL,NULL,NULL,NULL,'LIVE',0,0,0),(687,'Presentation','2024-06-21 11:15:03','2024-06-21 11:15:03','Presentation Title 6 xfM4PyD5PQTkq6YX Votable','Presentation Abstract 6 t396VJwRuTsPqsJH Votable',NULL,NULL,NULL,1,'2024-06-21 16:15:03',0,0,0,NULL,0,0,NULL,NULL,NULL,NULL,NULL,NULL,17,NULL,NULL,NULL,NULL,NULL,NULL,NULL,NULL,NULL,'LIVE',0,0,0),(688,'Presentation','2024-06-21 11:15:03','2024-06-21 11:15:03','Presentation Title 7 FDD5Xk4vcCoesKIX Votable','Presentation Abstract 7 nEsx6zLbRydGVm37 Votable',NULL,NULL,NULL,1,'2024-06-21 16:15:03',0,0,0,NULL,0,0,NULL,NULL,NULL,NULL,NULL,NULL,17,NULL,NULL,NULL,NULL,NULL,NULL,NULL,NULL,NULL,'LIVE',0,0,0),(689,'Presentation','2024-06-21 11:15:03','2024-06-21 11:15:03','Presentation Title 8 9xrsxbToTJn7Fch3 Votable','Presentation Abstract 8 xOZLUKKhDOOhUwwC Votable',NULL,NULL,NULL,1,'2024-06-21 16:15:03',0,0,0,NULL,0,0,NULL,NULL,NULL,NULL,NULL,NULL,17,NULL,NULL,NULL,NULL,NULL,NULL,NULL,NULL,NULL,'LIVE',0,0,0),(690,'Presentation','2024-06-21 11:15:03','2024-06-21 11:15:03','Presentation Title 9 QSklRBUH25rKILCt Votable','Presentation Abstract 9 QtsFKnTnARqRYJgO Votable',NULL,NULL,NULL,1,'2024-06-21 16:15:03',0,0,0,NULL,0,0,NULL,NULL,NULL,NULL,NULL,NULL,17,NULL,NULL,NULL,NULL,NULL,NULL,NULL,NULL,NULL,'LIVE',0,0,0),(691,'Presentation','2024-06-21 11:15:03','2024-06-21 11:15:03','Presentation Title 10 RZngqvRhVUxKHUYH Votable','Presentation Abstract 10 jY6umrkjE4PQxFji Votable',NULL,NULL,NULL,1,'2024-06-21 16:15:03',0,0,0,NULL,0,0,NULL,NULL,NULL,NULL,NULL,NULL,17,NULL,NULL,NULL,NULL,NULL,NULL,NULL,NULL,NULL,'LIVE',0,0,0),(692,'Presentation','2024-06-21 11:15:03','2024-06-21 11:15:03','Presentation Title 11 IhnBTvZUKLDdNSQ6 Votable','Presentation Abstract 11 NNslZdcZ8Vx3DCZL Votable',NULL,NULL,NULL,1,'2024-06-21 16:15:03',0,0,0,NULL,0,0,NULL,NULL,NULL,NULL,NULL,NULL,17,NULL,NULL,NULL,NULL,NULL,NULL,NULL,NULL,NULL,'LIVE',0,0,0),(693,'Presentation','2024-06-21 11:15:03','2024-06-21 11:15:03','Presentation Title 12 DvUF1yRjqqjaDBCg Votable','Presentation Abstract 12 TZYdNZWdcO9vKxoc Votable',NULL,NULL,NULL,1,'2024-06-21 16:15:03',0,0,0,NULL,0,0,NULL,NULL,NULL,NULL,NULL,NULL,17,NULL,NULL,NULL,NULL,NULL,NULL,NULL,NULL,NULL,'LIVE',0,0,0),(694,'Presentation','2024-06-21 11:15:03','2024-06-21 11:15:03','Presentation Title 13 X3XQk3H2PHTaUudG Votable','Presentation Abstract 13 vg8HHxCMnKkQSlD4 Votable',NULL,NULL,NULL,1,'2024-06-21 16:15:03',0,0,0,NULL,0,0,NULL,NULL,NULL,NULL,NULL,NULL,17,NULL,NULL,NULL,NULL,NULL,NULL,NULL,NULL,NULL,'LIVE',0,0,0),(695,'Presentation','2024-06-21 11:15:03','2024-06-21 11:15:03','Presentation Title 14 AK3qmnTdY5qmp2Gq Votable','Presentation Abstract 14 u1LqmUGi1bxE8U9P Votable',NULL,NULL,NULL,1,'2024-06-21 16:15:03',0,0,0,NULL,0,0,NULL,NULL,NULL,NULL,NULL,NULL,17,NULL,NULL,NULL,NULL,NULL,NULL,NULL,NULL,NULL,'LIVE',0,0,0),(696,'Presentation','2024-06-21 11:15:03','2024-06-21 11:15:03','Presentation Title 15 eosD6JheqzwOZAzO Votable','Presentation Abstract 15 hew6tQxUdjPtoc7d Votable',NULL,NULL,NULL,1,'2024-06-21 16:15:03',0,0,0,NULL,0,0,NULL,NULL,NULL,NULL,NULL,NULL,17,NULL,NULL,NULL,NULL,NULL,NULL,NULL,NULL,NULL,'LIVE',0,0,0),(697,'Presentation','2024-06-21 11:15:03','2024-06-21 11:15:03','Presentation Title 16 ygnvGWsOI2K486XT Votable','Presentation Abstract 16 rgrK9Ln8InHugFix Votable',NULL,NULL,NULL,1,'2024-06-21 16:15:03',0,0,0,NULL,0,0,NULL,NULL,NULL,NULL,NULL,NULL,17,NULL,NULL,NULL,NULL,NULL,NULL,NULL,NULL,NULL,'LIVE',0,0,0),(698,'Presentation','2024-06-21 11:15:03','2024-06-21 11:15:03','Presentation Title 17 QWUsDRTazMNJI8X5 Votable','Presentation Abstract 17 SQplgG4E1aL1bCGj Votable',NULL,NULL,NULL,1,'2024-06-21 16:15:03',0,0,0,NULL,0,0,NULL,NULL,NULL,NULL,NULL,NULL,17,NULL,NULL,NULL,NULL,NULL,NULL,NULL,NULL,NULL,'LIVE',0,0,0),(699,'Presentation','2024-06-21 11:15:03','2024-06-21 11:15:03','Presentation Title 18 ITIIGM9dE7n67eMo Votable','Presentation Abstract 18 ywdv5VdrSBSe2uFl Votable',NULL,NULL,NULL,1,'2024-06-21 16:15:03',0,0,0,NULL,0,0,NULL,NULL,NULL,NULL,NULL,NULL,17,NULL,NULL,NULL,NULL,NULL,NULL,NULL,NULL,NULL,'LIVE',0,0,0),(700,'Presentation','2024-06-21 11:15:03','2024-06-21 11:15:03','Presentation Title 19 TeCyQzEqdhlOaUno Votable','Presentation Abstract 19 UPkDANiq3dF67Xf1 Votable',NULL,NULL,NULL,1,'2024-06-21 16:15:03',0,0,0,NULL,0,0,NULL,NULL,NULL,NULL,NULL,NULL,17,NULL,NULL,NULL,NULL,NULL,NULL,NULL,NULL,NULL,'LIVE',0,0,0),(701,'SummitEvent','2024-06-21 11:15:03','2024-06-21 11:15:03','Raw Event Title 0 I5Tj69P6OU0uLJU1','Raw Event Abstract 0 mtBjLuLfFWKy25cN',NULL,NULL,NULL,0,NULL,0,0,0,NULL,0,0,NULL,NULL,NULL,NULL,NULL,NULL,17,NULL,NULL,NULL,NULL,NULL,NULL,NULL,NULL,NULL,'LIVE',0,0,0),(702,'SummitEvent','2024-06-21 11:15:03','2024-06-21 11:15:03','Raw Event Title 1 9rVr60rqD7XIz8mm','Raw Event Abstract 1 9roERoQI20ho8gjx',NULL,NULL,NULL,0,NULL,0,0,0,NULL,0,0,NULL,NULL,NULL,NULL,NULL,NULL,17,NULL,NULL,NULL,NULL,NULL,NULL,NULL,NULL,NULL,'LIVE',0,0,0),(703,'SummitEvent','2024-06-21 11:15:03','2024-06-21 11:15:03','Raw Event Title 2 uY8K0vn0b3DmRG3s','Raw Event Abstract 2 StfUnttLBbOPR1B7',NULL,NULL,NULL,0,NULL,0,0,0,NULL,0,0,NULL,NULL,NULL,NULL,NULL,NULL,17,NULL,NULL,NULL,NULL,NULL,NULL,NULL,NULL,NULL,'LIVE',0,0,0),(704,'SummitEvent','2024-06-21 11:15:03','2024-06-21 11:15:03','Raw Event Title 3 KoTLIKrtH6vQ1U2z','Raw Event Abstract 3 cov0tntB38F5F0Fp',NULL,NULL,NULL,0,NULL,0,0,0,NULL,0,0,NULL,NULL,NULL,NULL,NULL,NULL,17,NULL,NULL,NULL,NULL,NULL,NULL,NULL,NULL,NULL,'LIVE',0,0,0),(705,'SummitEvent','2024-06-21 11:15:03','2024-06-21 11:15:03','Raw Event Title 4 lJ2pDagwlUpaVv3r','Raw Event Abstract 4 jukODIteQTCrG0pQ',NULL,NULL,NULL,0,NULL,0,0,0,NULL,0,0,NULL,NULL,NULL,NULL,NULL,NULL,17,NULL,NULL,NULL,NULL,NULL,NULL,NULL,NULL,NULL,'LIVE',0,0,0),(706,'SummitEvent','2024-06-21 11:15:03','2024-06-21 11:15:03','Raw Event Title 5 Aad27acLFdPuMpIQ','Raw Event Abstract 5 Xvoc9dNE7D6n7IFk',NULL,NULL,NULL,0,NULL,0,0,0,NULL,0,0,NULL,NULL,NULL,NULL,NULL,NULL,17,NULL,NULL,NULL,NULL,NULL,NULL,NULL,NULL,NULL,'LIVE',0,0,0),(707,'SummitEvent','2024-06-21 11:15:03','2024-06-21 11:15:03','Raw Event Title 6 ml4c4REabLGgMMQC','Raw Event Abstract 6 8GvvPiGyNYEspCw8',NULL,NULL,NULL,0,NULL,0,0,0,NULL,0,0,NULL,NULL,NULL,NULL,NULL,NULL,17,NULL,NULL,NULL,NULL,NULL,NULL,NULL,NULL,NULL,'LIVE',0,0,0),(708,'SummitEvent','2024-06-21 11:15:03','2024-06-21 11:15:03','Raw Event Title 7 hTGoWkiqgW4FzBto','Raw Event Abstract 7 X8TfUHp5lEloPMPJ',NULL,NULL,NULL,0,NULL,0,0,0,NULL,0,0,NULL,NULL,NULL,NULL,NULL,NULL,17,NULL,NULL,NULL,NULL,NULL,NULL,NULL,NULL,NULL,'LIVE',0,0,0),(709,'SummitEvent','2024-06-21 11:15:03','2024-06-21 11:15:03','Raw Event Title 8 RHPGkXQiamJRM1do','Raw Event Abstract 8 YBiz3bZStCrUU7MS',NULL,NULL,NULL,0,NULL,0,0,0,NULL,0,0,NULL,NULL,NULL,NULL,NULL,NULL,17,NULL,NULL,NULL,NULL,NULL,NULL,NULL,NULL,NULL,'LIVE',0,0,0),(710,'SummitEvent','2024-06-21 11:15:03','2024-06-21 11:15:03','Raw Event Title 9 TdPsrlE1fjOe9jZO','Raw Event Abstract 9 J5AbHmxR6M2R0O93',NULL,NULL,NULL,0,NULL,0,0,0,NULL,0,0,NULL,NULL,NULL,NULL,NULL,NULL,17,NULL,NULL,NULL,NULL,NULL,NULL,NULL,NULL,NULL,'LIVE',0,0,0),(711,'SummitEvent','2024-06-21 11:15:03','2024-06-21 11:15:03','Raw Event Title 10 6w0brYpXM1D0Jifi','Raw Event Abstract 10 NfilESKcxyIAMyia',NULL,NULL,NULL,0,NULL,0,0,0,NULL,0,0,NULL,NULL,NULL,NULL,NULL,NULL,17,NULL,NULL,NULL,NULL,NULL,NULL,NULL,NULL,NULL,'LIVE',0,0,0),(712,'SummitEvent','2024-06-21 11:15:03','2024-06-21 11:15:03','Raw Event Title 11 KxdVGeoDrcrvBGcS','Raw Event Abstract 11 l3pOkIF6gZROEgbA',NULL,NULL,NULL,0,NULL,0,0,0,NULL,0,0,NULL,NULL,NULL,NULL,NULL,NULL,17,NULL,NULL,NULL,NULL,NULL,NULL,NULL,NULL,NULL,'LIVE',0,0,0),(713,'SummitEvent','2024-06-21 11:15:03','2024-06-21 11:15:03','Raw Event Title 12 zQr0Px0hHmKKpEGw','Raw Event Abstract 12 U2cE7mY1nNaMlNUe',NULL,NULL,NULL,0,NULL,0,0,0,NULL,0,0,NULL,NULL,NULL,NULL,NULL,NULL,17,NULL,NULL,NULL,NULL,NULL,NULL,NULL,NULL,NULL,'LIVE',0,0,0),(714,'SummitEvent','2024-06-21 11:15:03','2024-06-21 11:15:03','Raw Event Title 13 KXOJBZ4u7Mk00JIu','Raw Event Abstract 13 iAQVMS4g21fzEywq',NULL,NULL,NULL,0,NULL,0,0,0,NULL,0,0,NULL,NULL,NULL,NULL,NULL,NULL,17,NULL,NULL,NULL,NULL,NULL,NULL,NULL,NULL,NULL,'LIVE',0,0,0),(715,'SummitEvent','2024-06-21 11:15:03','2024-06-21 11:15:03','Raw Event Title 14 TszhkoB9QAwoCkty','Raw Event Abstract 14 7Evam7IZJK0aRKAu',NULL,NULL,NULL,0,NULL,0,0,0,NULL,0,0,NULL,NULL,NULL,NULL,NULL,NULL,17,NULL,NULL,NULL,NULL,NULL,NULL,NULL,NULL,NULL,'LIVE',0,0,0),(716,'SummitEvent','2024-06-21 11:15:03','2024-06-21 11:15:03','Raw Event Title 15 31Fp5bW1AbBfJQAM','Raw Event Abstract 15 EY82ih3WZD9y2vCa',NULL,NULL,NULL,0,NULL,0,0,0,NULL,0,0,NULL,NULL,NULL,NULL,NULL,NULL,17,NULL,NULL,NULL,NULL,NULL,NULL,NULL,NULL,NULL,'LIVE',0,0,0),(717,'SummitEvent','2024-06-21 11:15:03','2024-06-21 11:15:03','Raw Event Title 16 hseSeCUWlhYdB6TC','Raw Event Abstract 16 gl0hESWRuwI7JM6C',NULL,NULL,NULL,0,NULL,0,0,0,NULL,0,0,NULL,NULL,NULL,NULL,NULL,NULL,17,NULL,NULL,NULL,NULL,NULL,NULL,NULL,NULL,NULL,'LIVE',0,0,0),(718,'SummitEvent','2024-06-21 11:15:03','2024-06-21 11:15:03','Raw Event Title 17 9rqKBfOViQ5JmvyI','Raw Event Abstract 17 uzBdZaNTvE0okyik',NULL,NULL,NULL,0,NULL,0,0,0,NULL,0,0,NULL,NULL,NULL,NULL,NULL,NULL,17,NULL,NULL,NULL,NULL,NULL,NULL,NULL,NULL,NULL,'LIVE',0,0,0),(719,'SummitEvent','2024-06-21 11:15:03','2024-06-21 11:15:03','Raw Event Title 18 MZYNbXOnaeUIKAyI','Raw Event Abstract 18 0I25I8QUA0LMclgu',NULL,NULL,NULL,0,NULL,0,0,0,NULL,0,0,NULL,NULL,NULL,NULL,NULL,NULL,17,NULL,NULL,NULL,NULL,NULL,NULL,NULL,NULL,NULL,'LIVE',0,0,0),(720,'SummitEvent','2024-06-21 11:15:03','2024-06-21 11:15:03','Raw Event Title 19 h8SwQ7GszQEQ2ftV','Raw Event Abstract 19 DZXup0F9BV64YoNB',NULL,NULL,NULL,0,NULL,0,0,0,NULL,0,0,NULL,NULL,NULL,NULL,NULL,NULL,17,NULL,NULL,NULL,NULL,NULL,NULL,NULL,NULL,NULL,'LIVE',0,0,0),(721,'Presentation','2024-06-21 11:15:17','2024-06-21 11:15:17','Presentation Title 0 QaY5bQarUc0eRZFE','Presentation Abstract 0 myWcu1XZ0S7EdEtx',NULL,'2024-06-21 16:15:17','2024-06-22 16:15:17',1,'2024-06-21 16:15:17',0,0,0,NULL,0,0,NULL,NULL,NULL,NULL,NULL,NULL,19,NULL,NULL,NULL,NULL,NULL,NULL,NULL,NULL,NULL,'LIVE',0,86400,0),(722,'Presentation','2024-06-21 11:15:17','2024-06-21 11:15:17','Presentation Title 1 9YQYiNmBjn7pJ6TB','Presentation Abstract 1 5hgOkt8PSveIGllL',NULL,'2024-06-22 16:15:17','2024-06-23 16:15:17',1,'2024-06-21 16:15:17',0,0,0,NULL,0,0,NULL,NULL,NULL,NULL,NULL,NULL,19,NULL,NULL,NULL,NULL,NULL,NULL,NULL,NULL,NULL,'LIVE',0,86400,0),(723,'Presentation','2024-06-21 11:15:17','2024-06-21 11:15:17','Presentation Title 2 zMAg4wEY6pC8qm0F','Presentation Abstract 2 U0bp4XponqEvRhKr',NULL,'2024-06-23 16:15:17','2024-06-24 16:15:17',1,'2024-06-21 16:15:17',0,0,0,NULL,0,0,NULL,NULL,NULL,NULL,NULL,NULL,19,NULL,NULL,NULL,NULL,NULL,NULL,NULL,NULL,NULL,'LIVE',0,86400,0),(724,'Presentation','2024-06-21 11:15:17','2024-06-21 11:15:17','Presentation Title 3 Z7iaKS95LVcQcAvB','Presentation Abstract 3 qHddHcSJ2scow2jb',NULL,'2024-06-24 16:15:17','2024-06-25 16:15:17',1,'2024-06-21 16:15:17',0,0,0,NULL,0,0,NULL,NULL,NULL,NULL,NULL,NULL,19,NULL,NULL,NULL,NULL,NULL,NULL,NULL,NULL,NULL,'LIVE',0,86400,0),(725,'Presentation','2024-06-21 11:15:17','2024-06-21 11:15:17','Presentation Title 4 4vV90sbOuPXf07YI','Presentation Abstract 4 IAy4mbSME1bxG4ob',NULL,'2024-06-25 16:15:17','2024-06-26 16:15:17',1,'2024-06-21 16:15:17',0,0,0,NULL,0,0,NULL,NULL,NULL,NULL,NULL,NULL,19,NULL,NULL,NULL,NULL,NULL,NULL,NULL,NULL,NULL,'LIVE',0,86400,0),(726,'Presentation','2024-06-21 11:15:17','2024-06-21 11:15:17','Presentation Title 5 15fvR4gupn7ddgLe','Presentation Abstract 5 UWRR8ZxpxGgXLiEo',NULL,'2024-06-26 16:15:17','2024-06-27 16:15:17',1,'2024-06-21 16:15:17',0,0,0,NULL,0,0,NULL,NULL,NULL,NULL,NULL,NULL,19,NULL,NULL,NULL,NULL,NULL,NULL,NULL,NULL,NULL,'LIVE',0,86400,0),(727,'Presentation','2024-06-21 11:15:17','2024-06-21 11:15:17','Presentation Title 6 7C1T4bjCAFSotVjv','Presentation Abstract 6 8fCcvxhX8qPS1lXY',NULL,'2024-06-27 16:15:17','2024-06-28 16:15:17',1,'2024-06-21 16:15:17',0,0,0,NULL,0,0,NULL,NULL,NULL,NULL,NULL,NULL,19,NULL,NULL,NULL,NULL,NULL,NULL,NULL,NULL,NULL,'LIVE',0,86400,0),(728,'Presentation','2024-06-21 11:15:17','2024-06-21 11:15:17','Presentation Title 7 ktN6w7g0rt1JqHUj','Presentation Abstract 7 jkhmwdF1rHfjTl0A',NULL,'2024-06-28 16:15:17','2024-06-29 16:15:17',1,'2024-06-21 16:15:17',0,0,0,NULL,0,0,NULL,NULL,NULL,NULL,NULL,NULL,19,NULL,NULL,NULL,NULL,NULL,NULL,NULL,NULL,NULL,'LIVE',0,86400,0),(729,'Presentation','2024-06-21 11:15:17','2024-06-21 11:15:17','Presentation Title 8 ni7a2N6dDOJhtVZH','Presentation Abstract 8 XLnM75MZNvABbvUA',NULL,'2024-06-29 16:15:17','2024-06-30 16:15:17',1,'2024-06-21 16:15:17',0,0,0,NULL,0,0,NULL,NULL,NULL,NULL,NULL,NULL,19,NULL,NULL,NULL,NULL,NULL,NULL,NULL,NULL,NULL,'LIVE',0,86400,0),(730,'Presentation','2024-06-21 11:15:17','2024-06-21 11:15:17','Presentation Title 9 Fd8fvEwnjcBPrkdx','Presentation Abstract 9 ELdEcoUADhVhl7Z3',NULL,'2024-06-30 16:15:17','2024-07-01 16:15:17',1,'2024-06-21 16:15:17',0,0,0,NULL,0,0,NULL,NULL,NULL,NULL,NULL,NULL,19,NULL,NULL,NULL,NULL,NULL,NULL,NULL,NULL,NULL,'LIVE',0,86400,0),(731,'Presentation','2024-06-21 11:15:17','2024-06-21 11:15:17','Presentation Title 10 6Qly7OI8tblPxkob','Presentation Abstract 10 44b7x6y5isHpluRZ',NULL,'2024-07-01 16:15:17','2024-07-02 16:15:17',1,'2024-06-21 16:15:17',0,0,0,NULL,0,0,NULL,NULL,NULL,NULL,NULL,NULL,19,NULL,NULL,NULL,NULL,NULL,NULL,NULL,NULL,NULL,'LIVE',0,86400,0),(732,'Presentation','2024-06-21 11:15:17','2024-06-21 11:15:17','Presentation Title 11 DMKwBDDPbaQn1Py5','Presentation Abstract 11 4NAM9ceAzcdEfDTn',NULL,'2024-07-02 16:15:17','2024-07-03 16:15:17',1,'2024-06-21 16:15:17',0,0,0,NULL,0,0,NULL,NULL,NULL,NULL,NULL,NULL,19,NULL,NULL,NULL,NULL,NULL,NULL,NULL,NULL,NULL,'LIVE',0,86400,0),(733,'Presentation','2024-06-21 11:15:17','2024-06-21 11:15:17','Presentation Title 12 kVVKg5wbpM5Oeo4b','Presentation Abstract 12 oLSszC1nhDj9IK6l',NULL,'2024-07-03 16:15:17','2024-07-04 16:15:17',1,'2024-06-21 16:15:17',0,0,0,NULL,0,0,NULL,NULL,NULL,NULL,NULL,NULL,19,NULL,NULL,NULL,NULL,NULL,NULL,NULL,NULL,NULL,'LIVE',0,86400,0),(734,'Presentation','2024-06-21 11:15:17','2024-06-21 11:15:17','Presentation Title 13 4vIk7F69j0SjmOfL','Presentation Abstract 13 cc8qyVUhK0amIi4w',NULL,'2024-07-04 16:15:17','2024-07-05 16:15:17',1,'2024-06-21 16:15:17',0,0,0,NULL,0,0,NULL,NULL,NULL,NULL,NULL,NULL,19,NULL,NULL,NULL,NULL,NULL,NULL,NULL,NULL,NULL,'LIVE',0,86400,0),(735,'Presentation','2024-06-21 11:15:17','2024-06-21 11:15:17','Presentation Title 14 67pxBIySAPtyhQfB','Presentation Abstract 14 54TDdAfiEPrAtyIO',NULL,'2024-07-05 16:15:17','2024-07-06 16:15:17',1,'2024-06-21 16:15:17',0,0,0,NULL,0,0,NULL,NULL,NULL,NULL,NULL,NULL,19,NULL,NULL,NULL,NULL,NULL,NULL,NULL,NULL,NULL,'LIVE',0,86400,0),(736,'Presentation','2024-06-21 11:15:17','2024-06-21 11:15:17','Presentation Title 15 HEScit6Ixk1FmGfI','Presentation Abstract 15 UJ3GBt8D335bLWcE',NULL,'2024-07-06 16:15:17','2024-07-07 16:15:17',1,'2024-06-21 16:15:17',0,0,0,NULL,0,0,NULL,NULL,NULL,NULL,NULL,NULL,19,NULL,NULL,NULL,NULL,NULL,NULL,NULL,NULL,NULL,'LIVE',0,86400,0),(737,'Presentation','2024-06-21 11:15:17','2024-06-21 11:15:17','Presentation Title 16 qgN0vWkdxYM7tEDF','Presentation Abstract 16 HQP5Ng3cuvvudnPi',NULL,'2024-07-07 16:15:17','2024-07-08 16:15:17',1,'2024-06-21 16:15:17',0,0,0,NULL,0,0,NULL,NULL,NULL,NULL,NULL,NULL,19,NULL,NULL,NULL,NULL,NULL,NULL,NULL,NULL,NULL,'LIVE',0,86400,0),(738,'Presentation','2024-06-21 11:15:17','2024-06-21 11:15:17','Presentation Title 17 mEEaiDFPFZMIZ7Dh','Presentation Abstract 17 MSFIpXEw1jxqIxcF',NULL,'2024-07-08 16:15:17','2024-07-09 16:15:17',1,'2024-06-21 16:15:17',0,0,0,NULL,0,0,NULL,NULL,NULL,NULL,NULL,NULL,19,NULL,NULL,NULL,NULL,NULL,NULL,NULL,NULL,NULL,'LIVE',0,86400,0),(739,'Presentation','2024-06-21 11:15:17','2024-06-21 11:15:17','Presentation Title 18 M0YzDEZMoj6iRXmF','Presentation Abstract 18 2AL6z7fKZEZSvayx',NULL,'2024-07-09 16:15:17','2024-07-10 16:15:17',1,'2024-06-21 16:15:17',0,0,0,NULL,0,0,NULL,NULL,NULL,NULL,NULL,NULL,19,NULL,NULL,NULL,NULL,NULL,NULL,NULL,NULL,NULL,'LIVE',0,86400,0),(740,'Presentation','2024-06-21 11:15:17','2024-06-21 11:15:17','Presentation Title 19 DtTP8JwcCK1B4Nwi','Presentation Abstract 19 4arKz0JYtB3x7Dig',NULL,'2024-07-10 16:15:17','2024-07-11 16:15:17',1,'2024-06-21 16:15:17',0,0,0,NULL,0,0,NULL,NULL,NULL,NULL,NULL,NULL,19,NULL,NULL,NULL,NULL,NULL,NULL,NULL,NULL,NULL,'LIVE',0,86400,0),(741,'Presentation','2024-06-21 11:15:17','2024-06-21 11:15:17','Presentation Title 20 RFJDO5bNCvjrDkxQ','Presentation Abstract 20 NBSUrqWlA65g1vSm',NULL,'2024-07-11 16:15:17','2024-07-12 16:15:17',1,'2024-06-21 16:15:17',0,0,0,NULL,0,0,NULL,NULL,190,NULL,NULL,NULL,19,NULL,NULL,NULL,NULL,NULL,NULL,NULL,NULL,NULL,'LIVE',0,86400,0),(742,'Presentation','2024-06-21 11:15:17','2024-06-21 11:15:17','Presentation Title 21 QKNRAfZbHlXR60co','Presentation Abstract 21 Wa66cvjsljAwtCB3',NULL,'2024-07-12 16:15:17','2024-07-13 16:15:17',1,'2024-06-21 16:15:17',0,0,0,NULL,0,0,NULL,NULL,190,NULL,NULL,NULL,19,NULL,NULL,NULL,NULL,NULL,NULL,NULL,NULL,NULL,'LIVE',0,86400,0),(743,'Presentation','2024-06-21 11:15:17','2024-06-21 11:15:17','Presentation Title 22 WUzQS1IyWUEnGm7H','Presentation Abstract 22 zdmoB2FBnytGq5om',NULL,'2024-07-13 16:15:17','2024-07-14 16:15:17',1,'2024-06-21 16:15:17',0,0,0,NULL,0,0,NULL,NULL,190,NULL,NULL,NULL,19,NULL,NULL,NULL,NULL,NULL,NULL,NULL,NULL,NULL,'LIVE',0,86400,0),(744,'Presentation','2024-06-21 11:15:17','2024-06-21 11:15:17','Presentation Title 23 BM0yV2s8DbhZwuu6','Presentation Abstract 23 9qHi0jqHwHwukbhz',NULL,'2024-07-14 16:15:17','2024-07-15 16:15:17',1,'2024-06-21 16:15:17',0,0,0,NULL,0,0,NULL,NULL,190,NULL,NULL,NULL,19,NULL,NULL,NULL,NULL,NULL,NULL,NULL,NULL,NULL,'LIVE',0,86400,0),(745,'Presentation','2024-06-21 11:15:17','2024-06-21 11:15:17','Presentation Title 24 QqA0CKIVJuylRzRW','Presentation Abstract 24 oNdR4Ksw0qYLYQQZ',NULL,'2024-07-15 16:15:17','2024-07-16 16:15:17',1,'2024-06-21 16:15:17',0,0,0,NULL,0,0,NULL,NULL,190,NULL,NULL,NULL,19,NULL,NULL,NULL,NULL,NULL,NULL,NULL,NULL,NULL,'LIVE',0,86400,0),(746,'Presentation','2024-06-21 11:15:17','2024-06-21 11:15:17','Presentation Title 25 AUwGLWrQ5zXJkAt4','Presentation Abstract 25 Xql08YUYMH55nTvA',NULL,'2024-07-16 16:15:17','2024-07-17 16:15:17',1,'2024-06-21 16:15:17',0,0,0,NULL,0,0,NULL,NULL,190,NULL,NULL,NULL,19,NULL,NULL,NULL,NULL,NULL,NULL,NULL,NULL,NULL,'LIVE',0,86400,0),(747,'Presentation','2024-06-21 11:15:17','2024-06-21 11:15:17','Presentation Title 26 bVhpvHKwvDDVfXYf','Presentation Abstract 26 meZFypm7vIVhZYHw',NULL,'2024-07-17 16:15:17','2024-07-18 16:15:17',1,'2024-06-21 16:15:17',0,0,0,NULL,0,0,NULL,NULL,190,NULL,NULL,NULL,19,NULL,NULL,NULL,NULL,NULL,NULL,NULL,NULL,NULL,'LIVE',0,86400,0),(748,'Presentation','2024-06-21 11:15:17','2024-06-21 11:15:17','Presentation Title 27 r11lyjEYLQGBQvub','Presentation Abstract 27 CLvBPgMihMmFOcaO',NULL,'2024-07-18 16:15:17','2024-07-19 16:15:17',1,'2024-06-21 16:15:17',0,0,0,NULL,0,0,NULL,NULL,190,NULL,NULL,NULL,19,NULL,NULL,NULL,NULL,NULL,NULL,NULL,NULL,NULL,'LIVE',0,86400,0),(749,'Presentation','2024-06-21 11:15:17','2024-06-21 11:15:17','Presentation Title 28 70ITmgDW5JdogBiK','Presentation Abstract 28 uvgHA43mkeLF6Npi',NULL,'2024-07-19 16:15:17','2024-07-20 16:15:17',1,'2024-06-21 16:15:17',0,0,0,NULL,0,0,NULL,NULL,190,NULL,NULL,NULL,19,NULL,NULL,NULL,NULL,NULL,NULL,NULL,NULL,NULL,'LIVE',0,86400,0),(750,'Presentation','2024-06-21 11:15:17','2024-06-21 11:15:17','Presentation Title 29 wBOh67G4wADUb5l1','Presentation Abstract 29 YmUbmUHs429VZQhT',NULL,'2024-07-20 16:15:17','2024-07-21 16:15:17',1,'2024-06-21 16:15:17',0,0,0,NULL,0,0,NULL,NULL,190,NULL,NULL,NULL,19,NULL,NULL,NULL,NULL,NULL,NULL,NULL,NULL,NULL,'LIVE',0,86400,0),(751,'Presentation','2024-06-21 11:15:17','2024-06-21 11:15:17','Presentation Title 30 1PxsdAjw8XtxG14s','Presentation Abstract 30 FrU0WJg4kcTReBxV',NULL,'2024-07-21 16:15:17','2024-07-22 16:15:17',1,'2024-06-21 16:15:17',0,0,0,NULL,0,0,NULL,NULL,190,NULL,NULL,NULL,19,NULL,NULL,NULL,NULL,NULL,NULL,NULL,NULL,NULL,'LIVE',0,86400,0),(752,'Presentation','2024-06-21 11:15:17','2024-06-21 11:15:17','Presentation Title 31 EudA8Hu6GlyAlDKN','Presentation Abstract 31 PJbQfnkgoEEwJTr3',NULL,'2024-07-22 16:15:17','2024-07-23 16:15:17',1,'2024-06-21 16:15:17',0,0,0,NULL,0,0,NULL,NULL,190,NULL,NULL,NULL,19,NULL,NULL,NULL,NULL,NULL,NULL,NULL,NULL,NULL,'LIVE',0,86400,0),(753,'Presentation','2024-06-21 11:15:17','2024-06-21 11:15:17','Presentation Title 32 xtlwhzDPvClcMF0C','Presentation Abstract 32 QrV2xP49eSkHWMrV',NULL,'2024-07-23 16:15:17','2024-07-24 16:15:17',1,'2024-06-21 16:15:17',0,0,0,NULL,0,0,NULL,NULL,190,NULL,NULL,NULL,19,NULL,NULL,NULL,NULL,NULL,NULL,NULL,NULL,NULL,'LIVE',0,86400,0),(754,'Presentation','2024-06-21 11:15:17','2024-06-21 11:15:17','Presentation Title 33 lfYReHVedFHShUny','Presentation Abstract 33 f2eaGk9thcXZlxNR',NULL,'2024-07-24 16:15:17','2024-07-25 16:15:17',1,'2024-06-21 16:15:17',0,0,0,NULL,0,0,NULL,NULL,190,NULL,NULL,NULL,19,NULL,NULL,NULL,NULL,NULL,NULL,NULL,NULL,NULL,'LIVE',0,86400,0),(755,'Presentation','2024-06-21 11:15:17','2024-06-21 11:15:17','Presentation Title 34 upSKyRBBe0dWMSCs','Presentation Abstract 34 hDM5EAjndCQip5Ez',NULL,'2024-07-25 16:15:17','2024-07-26 16:15:17',1,'2024-06-21 16:15:17',0,0,0,NULL,0,0,NULL,NULL,190,NULL,NULL,NULL,19,NULL,NULL,NULL,NULL,NULL,NULL,NULL,NULL,NULL,'LIVE',0,86400,0),(756,'Presentation','2024-06-21 11:15:17','2024-06-21 11:15:17','Presentation Title 35 ma74BnLXjW5A2pR2','Presentation Abstract 35 7LpFXjk9eFFNFOPJ',NULL,'2024-07-26 16:15:17','2024-07-27 16:15:17',1,'2024-06-21 16:15:17',0,0,0,NULL,0,0,NULL,NULL,190,NULL,NULL,NULL,19,NULL,NULL,NULL,NULL,NULL,NULL,NULL,NULL,NULL,'LIVE',0,86400,0),(757,'Presentation','2024-06-21 11:15:17','2024-06-21 11:15:17','Presentation Title 36 fJsWsf1yUs4BwzNZ','Presentation Abstract 36 XGXLAqd093yAvHY1',NULL,'2024-07-27 16:15:17','2024-07-28 16:15:17',1,'2024-06-21 16:15:17',0,0,0,NULL,0,0,NULL,NULL,190,NULL,NULL,NULL,19,NULL,NULL,NULL,NULL,NULL,NULL,NULL,NULL,NULL,'LIVE',0,86400,0),(758,'Presentation','2024-06-21 11:15:17','2024-06-21 11:15:17','Presentation Title 37 GMc6BwfoN2lAuzig','Presentation Abstract 37 T0AYlAjIKQZ0Yppp',NULL,'2024-07-28 16:15:17','2024-07-29 16:15:17',1,'2024-06-21 16:15:17',0,0,0,NULL,0,0,NULL,NULL,190,NULL,NULL,NULL,19,NULL,NULL,NULL,NULL,NULL,NULL,NULL,NULL,NULL,'LIVE',0,86400,0),(759,'Presentation','2024-06-21 11:15:17','2024-06-21 11:15:17','Presentation Title 38 CZNoh0v92YbQd3mM','Presentation Abstract 38 VAXkQrTEdK3W3ICs',NULL,'2024-07-29 16:15:17','2024-07-30 16:15:17',1,'2024-06-21 16:15:17',0,0,0,NULL,0,0,NULL,NULL,190,NULL,NULL,NULL,19,NULL,NULL,NULL,NULL,NULL,NULL,NULL,NULL,NULL,'LIVE',0,86400,0),(760,'Presentation','2024-06-21 11:15:17','2024-06-21 11:15:17','Presentation Title 39 QUk8Kc6KPHL5L8X9','Presentation Abstract 39 ohWGyKR0b8gRgt4S',NULL,'2024-07-30 16:15:17','2024-07-31 16:15:17',1,'2024-06-21 16:15:17',0,0,0,NULL,0,0,NULL,NULL,190,NULL,NULL,NULL,19,NULL,NULL,NULL,NULL,NULL,NULL,NULL,NULL,NULL,'LIVE',0,86400,0),(761,'Presentation','2024-06-21 11:15:17','2024-06-21 11:15:17','Presentation Title 0 knkje7XI16fYjv6J Votable','Presentation Abstract 0 lCiy5XRqErOPlQV6 Votable',NULL,NULL,NULL,1,'2024-06-21 16:15:17',0,0,0,NULL,0,0,NULL,NULL,NULL,NULL,NULL,NULL,19,NULL,NULL,NULL,NULL,NULL,NULL,NULL,NULL,NULL,'LIVE',0,0,0),(762,'Presentation','2024-06-21 11:15:17','2024-06-21 11:15:17','Presentation Title 1 ens0XjvDYuY2Lkks Votable','Presentation Abstract 1 MbD2NwWLiYrn9N42 Votable',NULL,NULL,NULL,1,'2024-06-21 16:15:17',0,0,0,NULL,0,0,NULL,NULL,NULL,NULL,NULL,NULL,19,NULL,NULL,NULL,NULL,NULL,NULL,NULL,NULL,NULL,'LIVE',0,0,0),(763,'Presentation','2024-06-21 11:15:17','2024-06-21 11:15:17','Presentation Title 2 9ylF1LxwOsziPlt9 Votable','Presentation Abstract 2 kzAHJ8pQ6nG0OGpj Votable',NULL,NULL,NULL,1,'2024-06-21 16:15:17',0,0,0,NULL,0,0,NULL,NULL,NULL,NULL,NULL,NULL,19,NULL,NULL,NULL,NULL,NULL,NULL,NULL,NULL,NULL,'LIVE',0,0,0),(764,'Presentation','2024-06-21 11:15:17','2024-06-21 11:15:17','Presentation Title 3 teXfunvhT1V0ivHX Votable','Presentation Abstract 3 91Nh09pgeEG1GT2b Votable',NULL,NULL,NULL,1,'2024-06-21 16:15:17',0,0,0,NULL,0,0,NULL,NULL,NULL,NULL,NULL,NULL,19,NULL,NULL,NULL,NULL,NULL,NULL,NULL,NULL,NULL,'LIVE',0,0,0),(765,'Presentation','2024-06-21 11:15:17','2024-06-21 11:15:17','Presentation Title 4 G8YBV4Um4CO5UazG Votable','Presentation Abstract 4 PSQ5jByEoR1LgxsA Votable',NULL,NULL,NULL,1,'2024-06-21 16:15:17',0,0,0,NULL,0,0,NULL,NULL,NULL,NULL,NULL,NULL,19,NULL,NULL,NULL,NULL,NULL,NULL,NULL,NULL,NULL,'LIVE',0,0,0),(766,'Presentation','2024-06-21 11:15:17','2024-06-21 11:15:17','Presentation Title 5 7Z7uRh6DNySOjldA Votable','Presentation Abstract 5 MsCuBBF0XWuJuimS Votable',NULL,NULL,NULL,1,'2024-06-21 16:15:17',0,0,0,NULL,0,0,NULL,NULL,NULL,NULL,NULL,NULL,19,NULL,NULL,NULL,NULL,NULL,NULL,NULL,NULL,NULL,'LIVE',0,0,0),(767,'Presentation','2024-06-21 11:15:17','2024-06-21 11:15:17','Presentation Title 6 LkpIFTdNYHyMozMY Votable','Presentation Abstract 6 5pWPqrYm77C53Zab Votable',NULL,NULL,NULL,1,'2024-06-21 16:15:17',0,0,0,NULL,0,0,NULL,NULL,NULL,NULL,NULL,NULL,19,NULL,NULL,NULL,NULL,NULL,NULL,NULL,NULL,NULL,'LIVE',0,0,0),(768,'Presentation','2024-06-21 11:15:17','2024-06-21 11:15:17','Presentation Title 7 N4Mk6NMbbEMcUIT8 Votable','Presentation Abstract 7 RsrdpmG76GfnnQ56 Votable',NULL,NULL,NULL,1,'2024-06-21 16:15:17',0,0,0,NULL,0,0,NULL,NULL,NULL,NULL,NULL,NULL,19,NULL,NULL,NULL,NULL,NULL,NULL,NULL,NULL,NULL,'LIVE',0,0,0),(769,'Presentation','2024-06-21 11:15:17','2024-06-21 11:15:17','Presentation Title 8 HvIDjiW7RXDMvCrk Votable','Presentation Abstract 8 19vzJHrVby4oH2yA Votable',NULL,NULL,NULL,1,'2024-06-21 16:15:17',0,0,0,NULL,0,0,NULL,NULL,NULL,NULL,NULL,NULL,19,NULL,NULL,NULL,NULL,NULL,NULL,NULL,NULL,NULL,'LIVE',0,0,0),(770,'Presentation','2024-06-21 11:15:17','2024-06-21 11:15:17','Presentation Title 9 q4oKK92Kx9yt7qCN Votable','Presentation Abstract 9 bdrWNYtkdQFelToQ Votable',NULL,NULL,NULL,1,'2024-06-21 16:15:17',0,0,0,NULL,0,0,NULL,NULL,NULL,NULL,NULL,NULL,19,NULL,NULL,NULL,NULL,NULL,NULL,NULL,NULL,NULL,'LIVE',0,0,0),(771,'Presentation','2024-06-21 11:15:17','2024-06-21 11:15:17','Presentation Title 10 ljSMhLURC74hvQf7 Votable','Presentation Abstract 10 9TMEBxKP3Dx3GU3I Votable',NULL,NULL,NULL,1,'2024-06-21 16:15:17',0,0,0,NULL,0,0,NULL,NULL,NULL,NULL,NULL,NULL,19,NULL,NULL,NULL,NULL,NULL,NULL,NULL,NULL,NULL,'LIVE',0,0,0),(772,'Presentation','2024-06-21 11:15:17','2024-06-21 11:15:17','Presentation Title 11 6qWEBTtPL8Olyh94 Votable','Presentation Abstract 11 Y9bEz8mOZkZe0BbA Votable',NULL,NULL,NULL,1,'2024-06-21 16:15:17',0,0,0,NULL,0,0,NULL,NULL,NULL,NULL,NULL,NULL,19,NULL,NULL,NULL,NULL,NULL,NULL,NULL,NULL,NULL,'LIVE',0,0,0),(773,'Presentation','2024-06-21 11:15:17','2024-06-21 11:15:17','Presentation Title 12 DpfPw1XH0NhvNNta Votable','Presentation Abstract 12 iilkSeyUHu0Rc0e5 Votable',NULL,NULL,NULL,1,'2024-06-21 16:15:17',0,0,0,NULL,0,0,NULL,NULL,NULL,NULL,NULL,NULL,19,NULL,NULL,NULL,NULL,NULL,NULL,NULL,NULL,NULL,'LIVE',0,0,0),(774,'Presentation','2024-06-21 11:15:17','2024-06-21 11:15:17','Presentation Title 13 iCIdp0Ld4nfFo7CH Votable','Presentation Abstract 13 uE5ZbmzS68mgwepI Votable',NULL,NULL,NULL,1,'2024-06-21 16:15:17',0,0,0,NULL,0,0,NULL,NULL,NULL,NULL,NULL,NULL,19,NULL,NULL,NULL,NULL,NULL,NULL,NULL,NULL,NULL,'LIVE',0,0,0),(775,'Presentation','2024-06-21 11:15:17','2024-06-21 11:15:17','Presentation Title 14 BolTf62iXv1GCIbm Votable','Presentation Abstract 14 dLQlMcgT8DpPfUeA Votable',NULL,NULL,NULL,1,'2024-06-21 16:15:17',0,0,0,NULL,0,0,NULL,NULL,NULL,NULL,NULL,NULL,19,NULL,NULL,NULL,NULL,NULL,NULL,NULL,NULL,NULL,'LIVE',0,0,0),(776,'Presentation','2024-06-21 11:15:17','2024-06-21 11:15:17','Presentation Title 15 nflV20coi2HSWQPB Votable','Presentation Abstract 15 K99Ve5TPyNRnc0mU Votable',NULL,NULL,NULL,1,'2024-06-21 16:15:17',0,0,0,NULL,0,0,NULL,NULL,NULL,NULL,NULL,NULL,19,NULL,NULL,NULL,NULL,NULL,NULL,NULL,NULL,NULL,'LIVE',0,0,0),(777,'Presentation','2024-06-21 11:15:17','2024-06-21 11:15:17','Presentation Title 16 A7zD3H571SeYoFZN Votable','Presentation Abstract 16 mpHBOE5xvZeng7cQ Votable',NULL,NULL,NULL,1,'2024-06-21 16:15:17',0,0,0,NULL,0,0,NULL,NULL,NULL,NULL,NULL,NULL,19,NULL,NULL,NULL,NULL,NULL,NULL,NULL,NULL,NULL,'LIVE',0,0,0),(778,'Presentation','2024-06-21 11:15:17','2024-06-21 11:15:17','Presentation Title 17 jpk4V3ehqD0RJaMh Votable','Presentation Abstract 17 CSaMLZLcc8EmP1PH Votable',NULL,NULL,NULL,1,'2024-06-21 16:15:17',0,0,0,NULL,0,0,NULL,NULL,NULL,NULL,NULL,NULL,19,NULL,NULL,NULL,NULL,NULL,NULL,NULL,NULL,NULL,'LIVE',0,0,0),(779,'Presentation','2024-06-21 11:15:17','2024-06-21 11:15:17','Presentation Title 18 Rh0dOGWkrCsspLus Votable','Presentation Abstract 18 tUwz93f2ChrbCA6w Votable',NULL,NULL,NULL,1,'2024-06-21 16:15:17',0,0,0,NULL,0,0,NULL,NULL,NULL,NULL,NULL,NULL,19,NULL,NULL,NULL,NULL,NULL,NULL,NULL,NULL,NULL,'LIVE',0,0,0),(780,'Presentation','2024-06-21 11:15:17','2024-06-21 11:15:17','Presentation Title 19 kyqs9ESdNP6QB6FU Votable','Presentation Abstract 19 qTaNAX65GiZ1k4gq Votable',NULL,NULL,NULL,1,'2024-06-21 16:15:17',0,0,0,NULL,0,0,NULL,NULL,NULL,NULL,NULL,NULL,19,NULL,NULL,NULL,NULL,NULL,NULL,NULL,NULL,NULL,'LIVE',0,0,0),(781,'SummitEvent','2024-06-21 11:15:17','2024-06-21 11:15:17','Raw Event Title 0 LnVxMl4whDQRDWJT','Raw Event Abstract 0 WfXQBFmF2fQApOBC',NULL,NULL,NULL,0,NULL,0,0,0,NULL,0,0,NULL,NULL,NULL,NULL,NULL,NULL,19,NULL,NULL,NULL,NULL,NULL,NULL,NULL,NULL,NULL,'LIVE',0,0,0),(782,'SummitEvent','2024-06-21 11:15:17','2024-06-21 11:15:17','Raw Event Title 1 9wVfD5q3GiWOCS0x','Raw Event Abstract 1 5Vlh66iw3rQUg3zl',NULL,NULL,NULL,0,NULL,0,0,0,NULL,0,0,NULL,NULL,NULL,NULL,NULL,NULL,19,NULL,NULL,NULL,NULL,NULL,NULL,NULL,NULL,NULL,'LIVE',0,0,0),(783,'SummitEvent','2024-06-21 11:15:17','2024-06-21 11:15:17','Raw Event Title 2 NRzM87o8kFBw7iBl','Raw Event Abstract 2 RqBEARAf2o3BGxYe',NULL,NULL,NULL,0,NULL,0,0,0,NULL,0,0,NULL,NULL,NULL,NULL,NULL,NULL,19,NULL,NULL,NULL,NULL,NULL,NULL,NULL,NULL,NULL,'LIVE',0,0,0),(784,'SummitEvent','2024-06-21 11:15:17','2024-06-21 11:15:17','Raw Event Title 3 qkg0kUS7QJIeXNJw','Raw Event Abstract 3 5mVnBNeP5frInWxb',NULL,NULL,NULL,0,NULL,0,0,0,NULL,0,0,NULL,NULL,NULL,NULL,NULL,NULL,19,NULL,NULL,NULL,NULL,NULL,NULL,NULL,NULL,NULL,'LIVE',0,0,0),(785,'SummitEvent','2024-06-21 11:15:17','2024-06-21 11:15:17','Raw Event Title 4 zkxszETFZDX5RaVx','Raw Event Abstract 4 QFtA3t5msEjJAWjv',NULL,NULL,NULL,0,NULL,0,0,0,NULL,0,0,NULL,NULL,NULL,NULL,NULL,NULL,19,NULL,NULL,NULL,NULL,NULL,NULL,NULL,NULL,NULL,'LIVE',0,0,0),(786,'SummitEvent','2024-06-21 11:15:17','2024-06-21 11:15:17','Raw Event Title 5 pGFQROQtMdRnxWXs','Raw Event Abstract 5 nQKwjkGYiAMYLaEv',NULL,NULL,NULL,0,NULL,0,0,0,NULL,0,0,NULL,NULL,NULL,NULL,NULL,NULL,19,NULL,NULL,NULL,NULL,NULL,NULL,NULL,NULL,NULL,'LIVE',0,0,0),(787,'SummitEvent','2024-06-21 11:15:17','2024-06-21 11:15:17','Raw Event Title 6 Fhu6zJ0dwmR2tPgL','Raw Event Abstract 6 Xz6lZZvhpNxX9zX9',NULL,NULL,NULL,0,NULL,0,0,0,NULL,0,0,NULL,NULL,NULL,NULL,NULL,NULL,19,NULL,NULL,NULL,NULL,NULL,NULL,NULL,NULL,NULL,'LIVE',0,0,0),(788,'SummitEvent','2024-06-21 11:15:17','2024-06-21 11:15:17','Raw Event Title 7 dMOfDVelvkUxQt07','Raw Event Abstract 7 dDMmWb08mSzlPMD8',NULL,NULL,NULL,0,NULL,0,0,0,NULL,0,0,NULL,NULL,NULL,NULL,NULL,NULL,19,NULL,NULL,NULL,NULL,NULL,NULL,NULL,NULL,NULL,'LIVE',0,0,0),(789,'SummitEvent','2024-06-21 11:15:17','2024-06-21 11:15:17','Raw Event Title 8 ICzzuxfTdwc78S0r','Raw Event Abstract 8 ztV8ZTIqc4bVke6v',NULL,NULL,NULL,0,NULL,0,0,0,NULL,0,0,NULL,NULL,NULL,NULL,NULL,NULL,19,NULL,NULL,NULL,NULL,NULL,NULL,NULL,NULL,NULL,'LIVE',0,0,0),(790,'SummitEvent','2024-06-21 11:15:17','2024-06-21 11:15:17','Raw Event Title 9 sgL3JkKX73O2iDhT','Raw Event Abstract 9 NwOk4RdJ4ZpNMLWq',NULL,NULL,NULL,0,NULL,0,0,0,NULL,0,0,NULL,NULL,NULL,NULL,NULL,NULL,19,NULL,NULL,NULL,NULL,NULL,NULL,NULL,NULL,NULL,'LIVE',0,0,0),(791,'SummitEvent','2024-06-21 11:15:17','2024-06-21 11:15:17','Raw Event Title 10 GoFXoZYaUePr94DO','Raw Event Abstract 10 t3DGgs7wgENsQj4C',NULL,NULL,NULL,0,NULL,0,0,0,NULL,0,0,NULL,NULL,NULL,NULL,NULL,NULL,19,NULL,NULL,NULL,NULL,NULL,NULL,NULL,NULL,NULL,'LIVE',0,0,0),(792,'SummitEvent','2024-06-21 11:15:17','2024-06-21 11:15:17','Raw Event Title 11 jDgQJNgTHGEPCqOW','Raw Event Abstract 11 I2mDjDuq2XIx6hWT',NULL,NULL,NULL,0,NULL,0,0,0,NULL,0,0,NULL,NULL,NULL,NULL,NULL,NULL,19,NULL,NULL,NULL,NULL,NULL,NULL,NULL,NULL,NULL,'LIVE',0,0,0),(793,'SummitEvent','2024-06-21 11:15:17','2024-06-21 11:15:17','Raw Event Title 12 w6LvsHLZPtu2YwhO','Raw Event Abstract 12 Su96beyzMxGZVMAw',NULL,NULL,NULL,0,NULL,0,0,0,NULL,0,0,NULL,NULL,NULL,NULL,NULL,NULL,19,NULL,NULL,NULL,NULL,NULL,NULL,NULL,NULL,NULL,'LIVE',0,0,0),(794,'SummitEvent','2024-06-21 11:15:17','2024-06-21 11:15:17','Raw Event Title 13 T2Twg8wdFX9WuddI','Raw Event Abstract 13 4cDHaXElY2b7TYfw',NULL,NULL,NULL,0,NULL,0,0,0,NULL,0,0,NULL,NULL,NULL,NULL,NULL,NULL,19,NULL,NULL,NULL,NULL,NULL,NULL,NULL,NULL,NULL,'LIVE',0,0,0),(795,'SummitEvent','2024-06-21 11:15:17','2024-06-21 11:15:17','Raw Event Title 14 QqeEo84zqIwA3EgY','Raw Event Abstract 14 xbAkL5CRUqQbQ0kY',NULL,NULL,NULL,0,NULL,0,0,0,NULL,0,0,NULL,NULL,NULL,NULL,NULL,NULL,19,NULL,NULL,NULL,NULL,NULL,NULL,NULL,NULL,NULL,'LIVE',0,0,0),(796,'SummitEvent','2024-06-21 11:15:17','2024-06-21 11:15:17','Raw Event Title 15 fkOnHv2Lk1Q65R6y','Raw Event Abstract 15 faHdKo5kCJ2WeMHv',NULL,NULL,NULL,0,NULL,0,0,0,NULL,0,0,NULL,NULL,NULL,NULL,NULL,NULL,19,NULL,NULL,NULL,NULL,NULL,NULL,NULL,NULL,NULL,'LIVE',0,0,0),(797,'SummitEvent','2024-06-21 11:15:17','2024-06-21 11:15:17','Raw Event Title 16 4vMUyYi3hU76Vt3q','Raw Event Abstract 16 m5beL3znn6jEzRn2',NULL,NULL,NULL,0,NULL,0,0,0,NULL,0,0,NULL,NULL,NULL,NULL,NULL,NULL,19,NULL,NULL,NULL,NULL,NULL,NULL,NULL,NULL,NULL,'LIVE',0,0,0),(798,'SummitEvent','2024-06-21 11:15:17','2024-06-21 11:15:17','Raw Event Title 17 8ZGNvdw7tU9sKY9h','Raw Event Abstract 17 tDakrGdUjSQqkKWf',NULL,NULL,NULL,0,NULL,0,0,0,NULL,0,0,NULL,NULL,NULL,NULL,NULL,NULL,19,NULL,NULL,NULL,NULL,NULL,NULL,NULL,NULL,NULL,'LIVE',0,0,0),(799,'SummitEvent','2024-06-21 11:15:17','2024-06-21 11:15:17','Raw Event Title 18 8GZl4KvVBiXyDAnk','Raw Event Abstract 18 7nkoLYyvAeljUctR',NULL,NULL,NULL,0,NULL,0,0,0,NULL,0,0,NULL,NULL,NULL,NULL,NULL,NULL,19,NULL,NULL,NULL,NULL,NULL,NULL,NULL,NULL,NULL,'LIVE',0,0,0),(800,'SummitEvent','2024-06-21 11:15:17','2024-06-21 11:15:17','Raw Event Title 19 kneuAUdI2lUlSlYc','Raw Event Abstract 19 H2k4XZUrUmCSpy7l',NULL,NULL,NULL,0,NULL,0,0,0,NULL,0,0,NULL,NULL,NULL,NULL,NULL,NULL,19,NULL,NULL,NULL,NULL,NULL,NULL,NULL,NULL,NULL,'LIVE',0,0,0),(801,'Presentation','2024-06-21 11:17:03','2024-06-21 11:17:03','Presentation Title 0 APERB9q6etEwnbBy','Presentation Abstract 0 xH83ty2WAQekykRy',NULL,'2024-06-21 16:17:03','2024-06-22 16:17:03',1,'2024-06-21 16:17:03',0,0,0,NULL,0,0,NULL,NULL,NULL,NULL,NULL,NULL,21,NULL,NULL,NULL,NULL,NULL,NULL,NULL,NULL,NULL,'LIVE',0,86400,0),(802,'Presentation','2024-06-21 11:17:03','2024-06-21 11:17:03','Presentation Title 1 mIq0TVHKNxVWTZhU','Presentation Abstract 1 jsmu0B2JdajFZhhR',NULL,'2024-06-22 16:17:03','2024-06-23 16:17:03',1,'2024-06-21 16:17:03',0,0,0,NULL,0,0,NULL,NULL,NULL,NULL,NULL,NULL,21,NULL,NULL,NULL,NULL,NULL,NULL,NULL,NULL,NULL,'LIVE',0,86400,0),(803,'Presentation','2024-06-21 11:17:03','2024-06-21 11:17:03','Presentation Title 2 l7ilLvaScaGQ0lXH','Presentation Abstract 2 JdziNeY45VyedS5m',NULL,'2024-06-23 16:17:03','2024-06-24 16:17:03',1,'2024-06-21 16:17:03',0,0,0,NULL,0,0,NULL,NULL,NULL,NULL,NULL,NULL,21,NULL,NULL,NULL,NULL,NULL,NULL,NULL,NULL,NULL,'LIVE',0,86400,0),(804,'Presentation','2024-06-21 11:17:03','2024-06-21 11:17:03','Presentation Title 3 Z5u8mGQeoNTCimYz','Presentation Abstract 3 yE2YmuFo345nPHGg',NULL,'2024-06-24 16:17:03','2024-06-25 16:17:03',1,'2024-06-21 16:17:03',0,0,0,NULL,0,0,NULL,NULL,NULL,NULL,NULL,NULL,21,NULL,NULL,NULL,NULL,NULL,NULL,NULL,NULL,NULL,'LIVE',0,86400,0),(805,'Presentation','2024-06-21 11:17:03','2024-06-21 11:17:03','Presentation Title 4 u4krWdrspVCOvF1G','Presentation Abstract 4 TjCOFFaBRA4vagL4',NULL,'2024-06-25 16:17:03','2024-06-26 16:17:03',1,'2024-06-21 16:17:03',0,0,0,NULL,0,0,NULL,NULL,NULL,NULL,NULL,NULL,21,NULL,NULL,NULL,NULL,NULL,NULL,NULL,NULL,NULL,'LIVE',0,86400,0),(806,'Presentation','2024-06-21 11:17:03','2024-06-21 11:17:03','Presentation Title 5 yGQM9p0VeNH9YqWc','Presentation Abstract 5 Nyg6JQgj7ERAtT53',NULL,'2024-06-26 16:17:03','2024-06-27 16:17:03',1,'2024-06-21 16:17:03',0,0,0,NULL,0,0,NULL,NULL,NULL,NULL,NULL,NULL,21,NULL,NULL,NULL,NULL,NULL,NULL,NULL,NULL,NULL,'LIVE',0,86400,0),(807,'Presentation','2024-06-21 11:17:03','2024-06-21 11:17:03','Presentation Title 6 YAPhCgxHdrk5DBVq','Presentation Abstract 6 l5X0dHlW1zNU556W',NULL,'2024-06-27 16:17:03','2024-06-28 16:17:03',1,'2024-06-21 16:17:03',0,0,0,NULL,0,0,NULL,NULL,NULL,NULL,NULL,NULL,21,NULL,NULL,NULL,NULL,NULL,NULL,NULL,NULL,NULL,'LIVE',0,86400,0),(808,'Presentation','2024-06-21 11:17:03','2024-06-21 11:17:03','Presentation Title 7 pKt3J27KKFH4BbTx','Presentation Abstract 7 q4bkLiT0Nk2B4KpO',NULL,'2024-06-28 16:17:03','2024-06-29 16:17:03',1,'2024-06-21 16:17:03',0,0,0,NULL,0,0,NULL,NULL,NULL,NULL,NULL,NULL,21,NULL,NULL,NULL,NULL,NULL,NULL,NULL,NULL,NULL,'LIVE',0,86400,0),(809,'Presentation','2024-06-21 11:17:03','2024-06-21 11:17:03','Presentation Title 8 k6xgJeGqWzOJhUyS','Presentation Abstract 8 cgkM1nkJYIt0ESOd',NULL,'2024-06-29 16:17:03','2024-06-30 16:17:03',1,'2024-06-21 16:17:03',0,0,0,NULL,0,0,NULL,NULL,NULL,NULL,NULL,NULL,21,NULL,NULL,NULL,NULL,NULL,NULL,NULL,NULL,NULL,'LIVE',0,86400,0),(810,'Presentation','2024-06-21 11:17:03','2024-06-21 11:17:03','Presentation Title 9 UTKjzxKv1jmWnu7Y','Presentation Abstract 9 rC9zPI65orTzAUcV',NULL,'2024-06-30 16:17:03','2024-07-01 16:17:03',1,'2024-06-21 16:17:03',0,0,0,NULL,0,0,NULL,NULL,NULL,NULL,NULL,NULL,21,NULL,NULL,NULL,NULL,NULL,NULL,NULL,NULL,NULL,'LIVE',0,86400,0),(811,'Presentation','2024-06-21 11:17:03','2024-06-21 11:17:03','Presentation Title 10 1Pkc1jn0EssBWMzm','Presentation Abstract 10 0ynX3Hps8sBKY3lr',NULL,'2024-07-01 16:17:03','2024-07-02 16:17:03',1,'2024-06-21 16:17:03',0,0,0,NULL,0,0,NULL,NULL,NULL,NULL,NULL,NULL,21,NULL,NULL,NULL,NULL,NULL,NULL,NULL,NULL,NULL,'LIVE',0,86400,0),(812,'Presentation','2024-06-21 11:17:03','2024-06-21 11:17:03','Presentation Title 11 JwtWAvabefs7MaAp','Presentation Abstract 11 yrAyLkaDgOQF9l94',NULL,'2024-07-02 16:17:03','2024-07-03 16:17:03',1,'2024-06-21 16:17:03',0,0,0,NULL,0,0,NULL,NULL,NULL,NULL,NULL,NULL,21,NULL,NULL,NULL,NULL,NULL,NULL,NULL,NULL,NULL,'LIVE',0,86400,0),(813,'Presentation','2024-06-21 11:17:03','2024-06-21 11:17:03','Presentation Title 12 8PslvUUlnPywY9ZN','Presentation Abstract 12 O1jLNCW8itYr9bgx',NULL,'2024-07-03 16:17:03','2024-07-04 16:17:03',1,'2024-06-21 16:17:03',0,0,0,NULL,0,0,NULL,NULL,NULL,NULL,NULL,NULL,21,NULL,NULL,NULL,NULL,NULL,NULL,NULL,NULL,NULL,'LIVE',0,86400,0),(814,'Presentation','2024-06-21 11:17:03','2024-06-21 11:17:03','Presentation Title 13 08f6DoYC7RfXlba3','Presentation Abstract 13 vt8If2vgRB1SUCQ9',NULL,'2024-07-04 16:17:03','2024-07-05 16:17:03',1,'2024-06-21 16:17:03',0,0,0,NULL,0,0,NULL,NULL,NULL,NULL,NULL,NULL,21,NULL,NULL,NULL,NULL,NULL,NULL,NULL,NULL,NULL,'LIVE',0,86400,0),(815,'Presentation','2024-06-21 11:17:03','2024-06-21 11:17:03','Presentation Title 14 cIpQe2Rt88Yjx3n4','Presentation Abstract 14 FLUCh8Tj60RntFNy',NULL,'2024-07-05 16:17:03','2024-07-06 16:17:03',1,'2024-06-21 16:17:03',0,0,0,NULL,0,0,NULL,NULL,NULL,NULL,NULL,NULL,21,NULL,NULL,NULL,NULL,NULL,NULL,NULL,NULL,NULL,'LIVE',0,86400,0),(816,'Presentation','2024-06-21 11:17:03','2024-06-21 11:17:03','Presentation Title 15 JyWhoQfMoSsrcgYA','Presentation Abstract 15 eveclsawekaOF7tI',NULL,'2024-07-06 16:17:03','2024-07-07 16:17:03',1,'2024-06-21 16:17:03',0,0,0,NULL,0,0,NULL,NULL,NULL,NULL,NULL,NULL,21,NULL,NULL,NULL,NULL,NULL,NULL,NULL,NULL,NULL,'LIVE',0,86400,0),(817,'Presentation','2024-06-21 11:17:03','2024-06-21 11:17:03','Presentation Title 16 ZTdazc1YIctqrCn4','Presentation Abstract 16 koKiyOOH9PoxQm5E',NULL,'2024-07-07 16:17:03','2024-07-08 16:17:03',1,'2024-06-21 16:17:03',0,0,0,NULL,0,0,NULL,NULL,NULL,NULL,NULL,NULL,21,NULL,NULL,NULL,NULL,NULL,NULL,NULL,NULL,NULL,'LIVE',0,86400,0),(818,'Presentation','2024-06-21 11:17:03','2024-06-21 11:17:03','Presentation Title 17 vUAPktvGSmZcOlvu','Presentation Abstract 17 dK3awTdOgOIEzf2X',NULL,'2024-07-08 16:17:03','2024-07-09 16:17:03',1,'2024-06-21 16:17:03',0,0,0,NULL,0,0,NULL,NULL,NULL,NULL,NULL,NULL,21,NULL,NULL,NULL,NULL,NULL,NULL,NULL,NULL,NULL,'LIVE',0,86400,0),(819,'Presentation','2024-06-21 11:17:03','2024-06-21 11:17:03','Presentation Title 18 wEjweFWT2HIfbhSG','Presentation Abstract 18 8kcoXSANqi0RCaWD',NULL,'2024-07-09 16:17:03','2024-07-10 16:17:03',1,'2024-06-21 16:17:03',0,0,0,NULL,0,0,NULL,NULL,NULL,NULL,NULL,NULL,21,NULL,NULL,NULL,NULL,NULL,NULL,NULL,NULL,NULL,'LIVE',0,86400,0),(820,'Presentation','2024-06-21 11:17:03','2024-06-21 11:17:03','Presentation Title 19 KplrY0dky9unQZSv','Presentation Abstract 19 tqA0LNybyP8Cggki',NULL,'2024-07-10 16:17:03','2024-07-11 16:17:03',1,'2024-06-21 16:17:03',0,0,0,NULL,0,0,NULL,NULL,NULL,NULL,NULL,NULL,21,NULL,NULL,NULL,NULL,NULL,NULL,NULL,NULL,NULL,'LIVE',0,86400,0),(821,'Presentation','2024-06-21 11:17:03','2024-06-21 11:17:03','Presentation Title 20 4vUkB0FubQQEtdmN','Presentation Abstract 20 JafeTeD9RWHdDZgR',NULL,'2024-07-11 16:17:03','2024-07-12 16:17:03',1,'2024-06-21 16:17:03',0,0,0,NULL,0,0,NULL,NULL,211,NULL,NULL,NULL,21,NULL,NULL,NULL,NULL,NULL,NULL,NULL,NULL,NULL,'LIVE',0,86400,0),(822,'Presentation','2024-06-21 11:17:03','2024-06-21 11:17:03','Presentation Title 21 o6wGL3NiyP5fykxo','Presentation Abstract 21 vGLs4GhKVZG1ZGQe',NULL,'2024-07-12 16:17:03','2024-07-13 16:17:03',1,'2024-06-21 16:17:03',0,0,0,NULL,0,0,NULL,NULL,211,NULL,NULL,NULL,21,NULL,NULL,NULL,NULL,NULL,NULL,NULL,NULL,NULL,'LIVE',0,86400,0),(823,'Presentation','2024-06-21 11:17:03','2024-06-21 11:17:03','Presentation Title 22 vgOAOxTXEgXI7w2R','Presentation Abstract 22 837KbIdpvq4CXTrx',NULL,'2024-07-13 16:17:03','2024-07-14 16:17:03',1,'2024-06-21 16:17:03',0,0,0,NULL,0,0,NULL,NULL,211,NULL,NULL,NULL,21,NULL,NULL,NULL,NULL,NULL,NULL,NULL,NULL,NULL,'LIVE',0,86400,0),(824,'Presentation','2024-06-21 11:17:03','2024-06-21 11:17:03','Presentation Title 23 Op6UgCtSYsUQb8lD','Presentation Abstract 23 xM05g8WRSXPRkpoQ',NULL,'2024-07-14 16:17:03','2024-07-15 16:17:03',1,'2024-06-21 16:17:03',0,0,0,NULL,0,0,NULL,NULL,211,NULL,NULL,NULL,21,NULL,NULL,NULL,NULL,NULL,NULL,NULL,NULL,NULL,'LIVE',0,86400,0),(825,'Presentation','2024-06-21 11:17:03','2024-06-21 11:17:03','Presentation Title 24 CtS5rQ71agShyEAW','Presentation Abstract 24 GAhKVcIDq4aarN5O',NULL,'2024-07-15 16:17:03','2024-07-16 16:17:03',1,'2024-06-21 16:17:03',0,0,0,NULL,0,0,NULL,NULL,211,NULL,NULL,NULL,21,NULL,NULL,NULL,NULL,NULL,NULL,NULL,NULL,NULL,'LIVE',0,86400,0),(826,'Presentation','2024-06-21 11:17:03','2024-06-21 11:17:03','Presentation Title 25 5dzrjjmoERQc8g4H','Presentation Abstract 25 Yikk7JmI3rgFn2qh',NULL,'2024-07-16 16:17:03','2024-07-17 16:17:03',1,'2024-06-21 16:17:03',0,0,0,NULL,0,0,NULL,NULL,211,NULL,NULL,NULL,21,NULL,NULL,NULL,NULL,NULL,NULL,NULL,NULL,NULL,'LIVE',0,86400,0),(827,'Presentation','2024-06-21 11:17:03','2024-06-21 11:17:03','Presentation Title 26 VzH2V12yjquPBLau','Presentation Abstract 26 fyA1u66mu2XNOxxD',NULL,'2024-07-17 16:17:03','2024-07-18 16:17:03',1,'2024-06-21 16:17:03',0,0,0,NULL,0,0,NULL,NULL,211,NULL,NULL,NULL,21,NULL,NULL,NULL,NULL,NULL,NULL,NULL,NULL,NULL,'LIVE',0,86400,0),(828,'Presentation','2024-06-21 11:17:03','2024-06-21 11:17:03','Presentation Title 27 M81bRndQMOZaEBKJ','Presentation Abstract 27 kwLUWDPYhexFTph6',NULL,'2024-07-18 16:17:03','2024-07-19 16:17:03',1,'2024-06-21 16:17:03',0,0,0,NULL,0,0,NULL,NULL,211,NULL,NULL,NULL,21,NULL,NULL,NULL,NULL,NULL,NULL,NULL,NULL,NULL,'LIVE',0,86400,0),(829,'Presentation','2024-06-21 11:17:03','2024-06-21 11:17:03','Presentation Title 28 61Bw6ZQk8L2fhnUN','Presentation Abstract 28 fE3aXlrz617Y0BL2',NULL,'2024-07-19 16:17:03','2024-07-20 16:17:03',1,'2024-06-21 16:17:03',0,0,0,NULL,0,0,NULL,NULL,211,NULL,NULL,NULL,21,NULL,NULL,NULL,NULL,NULL,NULL,NULL,NULL,NULL,'LIVE',0,86400,0),(830,'Presentation','2024-06-21 11:17:03','2024-06-21 11:17:03','Presentation Title 29 1Guf2aWMqwZ53Uh3','Presentation Abstract 29 vb8ksfbPm2a7PTKc',NULL,'2024-07-20 16:17:03','2024-07-21 16:17:03',1,'2024-06-21 16:17:03',0,0,0,NULL,0,0,NULL,NULL,211,NULL,NULL,NULL,21,NULL,NULL,NULL,NULL,NULL,NULL,NULL,NULL,NULL,'LIVE',0,86400,0),(831,'Presentation','2024-06-21 11:17:03','2024-06-21 11:17:03','Presentation Title 30 VM7MeAkoiqrWiBLz','Presentation Abstract 30 nShccRH1ZwKwkx26',NULL,'2024-07-21 16:17:03','2024-07-22 16:17:03',1,'2024-06-21 16:17:03',0,0,0,NULL,0,0,NULL,NULL,211,NULL,NULL,NULL,21,NULL,NULL,NULL,NULL,NULL,NULL,NULL,NULL,NULL,'LIVE',0,86400,0),(832,'Presentation','2024-06-21 11:17:03','2024-06-21 11:17:03','Presentation Title 31 LdCZ9S23pRZGsSzd','Presentation Abstract 31 Kcubc0PtPk8ZayJh',NULL,'2024-07-22 16:17:03','2024-07-23 16:17:03',1,'2024-06-21 16:17:03',0,0,0,NULL,0,0,NULL,NULL,211,NULL,NULL,NULL,21,NULL,NULL,NULL,NULL,NULL,NULL,NULL,NULL,NULL,'LIVE',0,86400,0),(833,'Presentation','2024-06-21 11:17:03','2024-06-21 11:17:03','Presentation Title 32 aGwBTRpNYp7v7bfK','Presentation Abstract 32 7v83iAXWJ17ZRYU9',NULL,'2024-07-23 16:17:03','2024-07-24 16:17:03',1,'2024-06-21 16:17:03',0,0,0,NULL,0,0,NULL,NULL,211,NULL,NULL,NULL,21,NULL,NULL,NULL,NULL,NULL,NULL,NULL,NULL,NULL,'LIVE',0,86400,0),(834,'Presentation','2024-06-21 11:17:03','2024-06-21 11:17:03','Presentation Title 33 sArPZX3zVmyzh8gq','Presentation Abstract 33 ZLCjY7ddPA6vuAOR',NULL,'2024-07-24 16:17:03','2024-07-25 16:17:03',1,'2024-06-21 16:17:03',0,0,0,NULL,0,0,NULL,NULL,211,NULL,NULL,NULL,21,NULL,NULL,NULL,NULL,NULL,NULL,NULL,NULL,NULL,'LIVE',0,86400,0),(835,'Presentation','2024-06-21 11:17:03','2024-06-21 11:17:03','Presentation Title 34 6FHfuTU4gryUoukn','Presentation Abstract 34 jgJ1ohLikj9nHGOj',NULL,'2024-07-25 16:17:03','2024-07-26 16:17:03',1,'2024-06-21 16:17:03',0,0,0,NULL,0,0,NULL,NULL,211,NULL,NULL,NULL,21,NULL,NULL,NULL,NULL,NULL,NULL,NULL,NULL,NULL,'LIVE',0,86400,0),(836,'Presentation','2024-06-21 11:17:03','2024-06-21 11:17:03','Presentation Title 35 9ed8HrI9WHDDSY56','Presentation Abstract 35 hk4UNc4NlrdIGKwH',NULL,'2024-07-26 16:17:03','2024-07-27 16:17:03',1,'2024-06-21 16:17:03',0,0,0,NULL,0,0,NULL,NULL,211,NULL,NULL,NULL,21,NULL,NULL,NULL,NULL,NULL,NULL,NULL,NULL,NULL,'LIVE',0,86400,0),(837,'Presentation','2024-06-21 11:17:03','2024-06-21 11:17:03','Presentation Title 36 JAliUJjdYqV0yrHj','Presentation Abstract 36 w2CFp2BinW4AXAKZ',NULL,'2024-07-27 16:17:03','2024-07-28 16:17:03',1,'2024-06-21 16:17:03',0,0,0,NULL,0,0,NULL,NULL,211,NULL,NULL,NULL,21,NULL,NULL,NULL,NULL,NULL,NULL,NULL,NULL,NULL,'LIVE',0,86400,0),(838,'Presentation','2024-06-21 11:17:03','2024-06-21 11:17:03','Presentation Title 37 caS7pVx4qCSww3y4','Presentation Abstract 37 ELKauUbZYZB7nicr',NULL,'2024-07-28 16:17:03','2024-07-29 16:17:03',1,'2024-06-21 16:17:03',0,0,0,NULL,0,0,NULL,NULL,211,NULL,NULL,NULL,21,NULL,NULL,NULL,NULL,NULL,NULL,NULL,NULL,NULL,'LIVE',0,86400,0),(839,'Presentation','2024-06-21 11:17:03','2024-06-21 11:17:03','Presentation Title 38 gh6sZmRbqyC1Qd03','Presentation Abstract 38 f3XNWnicnPSt6dnU',NULL,'2024-07-29 16:17:03','2024-07-30 16:17:03',1,'2024-06-21 16:17:03',0,0,0,NULL,0,0,NULL,NULL,211,NULL,NULL,NULL,21,NULL,NULL,NULL,NULL,NULL,NULL,NULL,NULL,NULL,'LIVE',0,86400,0),(840,'Presentation','2024-06-21 11:17:03','2024-06-21 11:17:03','Presentation Title 39 ibinln4PbPRMR7Di','Presentation Abstract 39 u5uaHMgPGbPd0Xab',NULL,'2024-07-30 16:17:03','2024-07-31 16:17:03',1,'2024-06-21 16:17:03',0,0,0,NULL,0,0,NULL,NULL,211,NULL,NULL,NULL,21,NULL,NULL,NULL,NULL,NULL,NULL,NULL,NULL,NULL,'LIVE',0,86400,0),(841,'Presentation','2024-06-21 11:17:03','2024-06-21 11:17:03','Presentation Title 0 tquvOyIxuIjWzi9A Votable','Presentation Abstract 0 sIeJ3lodVWvWcaF1 Votable',NULL,NULL,NULL,1,'2024-06-21 16:17:03',0,0,0,NULL,0,0,NULL,NULL,NULL,NULL,NULL,NULL,21,NULL,NULL,NULL,NULL,NULL,NULL,NULL,NULL,NULL,'LIVE',0,0,0),(842,'Presentation','2024-06-21 11:17:03','2024-06-21 11:17:03','Presentation Title 1 HS5rR3Q6ps875FaG Votable','Presentation Abstract 1 vWUcO5aggTDBpN22 Votable',NULL,NULL,NULL,1,'2024-06-21 16:17:03',0,0,0,NULL,0,0,NULL,NULL,NULL,NULL,NULL,NULL,21,NULL,NULL,NULL,NULL,NULL,NULL,NULL,NULL,NULL,'LIVE',0,0,0),(843,'Presentation','2024-06-21 11:17:03','2024-06-21 11:17:03','Presentation Title 2 62Xi1ho0GR5r8R1R Votable','Presentation Abstract 2 czkHtmco7rWtMCEZ Votable',NULL,NULL,NULL,1,'2024-06-21 16:17:03',0,0,0,NULL,0,0,NULL,NULL,NULL,NULL,NULL,NULL,21,NULL,NULL,NULL,NULL,NULL,NULL,NULL,NULL,NULL,'LIVE',0,0,0),(844,'Presentation','2024-06-21 11:17:03','2024-06-21 11:17:03','Presentation Title 3 o1Sqm6wIE7VA7oin Votable','Presentation Abstract 3 UrCNCBIMQBlKY9h9 Votable',NULL,NULL,NULL,1,'2024-06-21 16:17:03',0,0,0,NULL,0,0,NULL,NULL,NULL,NULL,NULL,NULL,21,NULL,NULL,NULL,NULL,NULL,NULL,NULL,NULL,NULL,'LIVE',0,0,0),(845,'Presentation','2024-06-21 11:17:03','2024-06-21 11:17:03','Presentation Title 4 qgHlUqLl7revdLzr Votable','Presentation Abstract 4 Xg1WhmedHzljfWxD Votable',NULL,NULL,NULL,1,'2024-06-21 16:17:03',0,0,0,NULL,0,0,NULL,NULL,NULL,NULL,NULL,NULL,21,NULL,NULL,NULL,NULL,NULL,NULL,NULL,NULL,NULL,'LIVE',0,0,0),(846,'Presentation','2024-06-21 11:17:03','2024-06-21 11:17:03','Presentation Title 5 bNfxaPmXAYMhG7eo Votable','Presentation Abstract 5 AQ7ye4YsN8yyewvy Votable',NULL,NULL,NULL,1,'2024-06-21 16:17:03',0,0,0,NULL,0,0,NULL,NULL,NULL,NULL,NULL,NULL,21,NULL,NULL,NULL,NULL,NULL,NULL,NULL,NULL,NULL,'LIVE',0,0,0),(847,'Presentation','2024-06-21 11:17:03','2024-06-21 11:17:03','Presentation Title 6 Ny5C7bJStuHFaRQh Votable','Presentation Abstract 6 5P7v8Z7NH2LIEmR4 Votable',NULL,NULL,NULL,1,'2024-06-21 16:17:03',0,0,0,NULL,0,0,NULL,NULL,NULL,NULL,NULL,NULL,21,NULL,NULL,NULL,NULL,NULL,NULL,NULL,NULL,NULL,'LIVE',0,0,0),(848,'Presentation','2024-06-21 11:17:03','2024-06-21 11:17:03','Presentation Title 7 uDYzfs8bBI85L2Pm Votable','Presentation Abstract 7 cJt6raAZzfMUdxqJ Votable',NULL,NULL,NULL,1,'2024-06-21 16:17:03',0,0,0,NULL,0,0,NULL,NULL,NULL,NULL,NULL,NULL,21,NULL,NULL,NULL,NULL,NULL,NULL,NULL,NULL,NULL,'LIVE',0,0,0),(849,'Presentation','2024-06-21 11:17:03','2024-06-21 11:17:03','Presentation Title 8 jZUy0ERLWzBRp1LQ Votable','Presentation Abstract 8 1Q99i71fZEEh5KCZ Votable',NULL,NULL,NULL,1,'2024-06-21 16:17:03',0,0,0,NULL,0,0,NULL,NULL,NULL,NULL,NULL,NULL,21,NULL,NULL,NULL,NULL,NULL,NULL,NULL,NULL,NULL,'LIVE',0,0,0),(850,'Presentation','2024-06-21 11:17:03','2024-06-21 11:17:03','Presentation Title 9 QSvVYybbgTYI5ztB Votable','Presentation Abstract 9 MmOcKshJnO4AUiFR Votable',NULL,NULL,NULL,1,'2024-06-21 16:17:03',0,0,0,NULL,0,0,NULL,NULL,NULL,NULL,NULL,NULL,21,NULL,NULL,NULL,NULL,NULL,NULL,NULL,NULL,NULL,'LIVE',0,0,0),(851,'Presentation','2024-06-21 11:17:03','2024-06-21 11:17:03','Presentation Title 10 As0r85IjQ9NmbdMa Votable','Presentation Abstract 10 vrflEaN9D3igC5qw Votable',NULL,NULL,NULL,1,'2024-06-21 16:17:03',0,0,0,NULL,0,0,NULL,NULL,NULL,NULL,NULL,NULL,21,NULL,NULL,NULL,NULL,NULL,NULL,NULL,NULL,NULL,'LIVE',0,0,0),(852,'Presentation','2024-06-21 11:17:03','2024-06-21 11:17:03','Presentation Title 11 v7iZUcIElH0yMsJa Votable','Presentation Abstract 11 4gjZDHuq8GMRRolw Votable',NULL,NULL,NULL,1,'2024-06-21 16:17:03',0,0,0,NULL,0,0,NULL,NULL,NULL,NULL,NULL,NULL,21,NULL,NULL,NULL,NULL,NULL,NULL,NULL,NULL,NULL,'LIVE',0,0,0),(853,'Presentation','2024-06-21 11:17:03','2024-06-21 11:17:03','Presentation Title 12 3rThuMhinZwfnVSF Votable','Presentation Abstract 12 aUUJBPov1tTpLAJk Votable',NULL,NULL,NULL,1,'2024-06-21 16:17:03',0,0,0,NULL,0,0,NULL,NULL,NULL,NULL,NULL,NULL,21,NULL,NULL,NULL,NULL,NULL,NULL,NULL,NULL,NULL,'LIVE',0,0,0),(854,'Presentation','2024-06-21 11:17:03','2024-06-21 11:17:03','Presentation Title 13 pEsa4QrwXHzlDdfF Votable','Presentation Abstract 13 fQITSz05nANBExMx Votable',NULL,NULL,NULL,1,'2024-06-21 16:17:03',0,0,0,NULL,0,0,NULL,NULL,NULL,NULL,NULL,NULL,21,NULL,NULL,NULL,NULL,NULL,NULL,NULL,NULL,NULL,'LIVE',0,0,0),(855,'Presentation','2024-06-21 11:17:03','2024-06-21 11:17:03','Presentation Title 14 OZnuVOwtWYnyy2pV Votable','Presentation Abstract 14 XplwRLjs1qaFSAfV Votable',NULL,NULL,NULL,1,'2024-06-21 16:17:03',0,0,0,NULL,0,0,NULL,NULL,NULL,NULL,NULL,NULL,21,NULL,NULL,NULL,NULL,NULL,NULL,NULL,NULL,NULL,'LIVE',0,0,0),(856,'Presentation','2024-06-21 11:17:03','2024-06-21 11:17:03','Presentation Title 15 yUM1pmdJk7rsRPdG Votable','Presentation Abstract 15 Gk9whXPJLJKsQd7D Votable',NULL,NULL,NULL,1,'2024-06-21 16:17:03',0,0,0,NULL,0,0,NULL,NULL,NULL,NULL,NULL,NULL,21,NULL,NULL,NULL,NULL,NULL,NULL,NULL,NULL,NULL,'LIVE',0,0,0),(857,'Presentation','2024-06-21 11:17:03','2024-06-21 11:17:03','Presentation Title 16 SeNSb7U8W3QcpXhF Votable','Presentation Abstract 16 PqHEsU92i8SgwPKZ Votable',NULL,NULL,NULL,1,'2024-06-21 16:17:03',0,0,0,NULL,0,0,NULL,NULL,NULL,NULL,NULL,NULL,21,NULL,NULL,NULL,NULL,NULL,NULL,NULL,NULL,NULL,'LIVE',0,0,0),(858,'Presentation','2024-06-21 11:17:03','2024-06-21 11:17:03','Presentation Title 17 ZjkjpxOc3vafeQ2k Votable','Presentation Abstract 17 zaMF2vc2insIoG2N Votable',NULL,NULL,NULL,1,'2024-06-21 16:17:03',0,0,0,NULL,0,0,NULL,NULL,NULL,NULL,NULL,NULL,21,NULL,NULL,NULL,NULL,NULL,NULL,NULL,NULL,NULL,'LIVE',0,0,0),(859,'Presentation','2024-06-21 11:17:03','2024-06-21 11:17:03','Presentation Title 18 sqSL0fFAfSgJR0HX Votable','Presentation Abstract 18 7SZr2WBs3qSmpKnV Votable',NULL,NULL,NULL,1,'2024-06-21 16:17:03',0,0,0,NULL,0,0,NULL,NULL,NULL,NULL,NULL,NULL,21,NULL,NULL,NULL,NULL,NULL,NULL,NULL,NULL,NULL,'LIVE',0,0,0),(860,'Presentation','2024-06-21 11:17:03','2024-06-21 11:17:03','Presentation Title 19 5shIto9ih2gfCFuz Votable','Presentation Abstract 19 U1AJBMJjVmLoTb9F Votable',NULL,NULL,NULL,1,'2024-06-21 16:17:03',0,0,0,NULL,0,0,NULL,NULL,NULL,NULL,NULL,NULL,21,NULL,NULL,NULL,NULL,NULL,NULL,NULL,NULL,NULL,'LIVE',0,0,0),(861,'SummitEvent','2024-06-21 11:17:03','2024-06-21 11:17:03','Raw Event Title 0 upklh4jaxmFtnKHw','Raw Event Abstract 0 asxfBnhJsuPjqCEo',NULL,NULL,NULL,0,NULL,0,0,0,NULL,0,0,NULL,NULL,NULL,NULL,NULL,NULL,21,NULL,NULL,NULL,NULL,NULL,NULL,NULL,NULL,NULL,'LIVE',0,0,0),(862,'SummitEvent','2024-06-21 11:17:03','2024-06-21 11:17:03','Raw Event Title 1 45Iay9fnn1KoVfHD','Raw Event Abstract 1 ebFNMy6jQeOWIpEr',NULL,NULL,NULL,0,NULL,0,0,0,NULL,0,0,NULL,NULL,NULL,NULL,NULL,NULL,21,NULL,NULL,NULL,NULL,NULL,NULL,NULL,NULL,NULL,'LIVE',0,0,0),(863,'SummitEvent','2024-06-21 11:17:03','2024-06-21 11:17:03','Raw Event Title 2 HfzgMHmiqN4eWeid','Raw Event Abstract 2 CQCiGU8au2f1mUK9',NULL,NULL,NULL,0,NULL,0,0,0,NULL,0,0,NULL,NULL,NULL,NULL,NULL,NULL,21,NULL,NULL,NULL,NULL,NULL,NULL,NULL,NULL,NULL,'LIVE',0,0,0),(864,'SummitEvent','2024-06-21 11:17:03','2024-06-21 11:17:03','Raw Event Title 3 r9il7IEk8Bo7WSYW','Raw Event Abstract 3 gLcLrG0rLtJqKMUM',NULL,NULL,NULL,0,NULL,0,0,0,NULL,0,0,NULL,NULL,NULL,NULL,NULL,NULL,21,NULL,NULL,NULL,NULL,NULL,NULL,NULL,NULL,NULL,'LIVE',0,0,0),(865,'SummitEvent','2024-06-21 11:17:03','2024-06-21 11:17:03','Raw Event Title 4 oN7WDdZSe29s46yM','Raw Event Abstract 4 zyZ9S5DEchuYcoHj',NULL,NULL,NULL,0,NULL,0,0,0,NULL,0,0,NULL,NULL,NULL,NULL,NULL,NULL,21,NULL,NULL,NULL,NULL,NULL,NULL,NULL,NULL,NULL,'LIVE',0,0,0),(866,'SummitEvent','2024-06-21 11:17:03','2024-06-21 11:17:03','Raw Event Title 5 ZaNbv3Md5692eykx','Raw Event Abstract 5 XwSp8IOqZFxsJ3Wc',NULL,NULL,NULL,0,NULL,0,0,0,NULL,0,0,NULL,NULL,NULL,NULL,NULL,NULL,21,NULL,NULL,NULL,NULL,NULL,NULL,NULL,NULL,NULL,'LIVE',0,0,0),(867,'SummitEvent','2024-06-21 11:17:03','2024-06-21 11:17:03','Raw Event Title 6 60Ol0ZpikaUTyP0C','Raw Event Abstract 6 WDHcSU870j23JpFQ',NULL,NULL,NULL,0,NULL,0,0,0,NULL,0,0,NULL,NULL,NULL,NULL,NULL,NULL,21,NULL,NULL,NULL,NULL,NULL,NULL,NULL,NULL,NULL,'LIVE',0,0,0),(868,'SummitEvent','2024-06-21 11:17:03','2024-06-21 11:17:03','Raw Event Title 7 0CE6bXLa96T8klY6','Raw Event Abstract 7 LCOEXihWfT8FviuV',NULL,NULL,NULL,0,NULL,0,0,0,NULL,0,0,NULL,NULL,NULL,NULL,NULL,NULL,21,NULL,NULL,NULL,NULL,NULL,NULL,NULL,NULL,NULL,'LIVE',0,0,0),(869,'SummitEvent','2024-06-21 11:17:03','2024-06-21 11:17:03','Raw Event Title 8 72F2itiaLGt5iLVB','Raw Event Abstract 8 HAd4eyUAFfDYApnA',NULL,NULL,NULL,0,NULL,0,0,0,NULL,0,0,NULL,NULL,NULL,NULL,NULL,NULL,21,NULL,NULL,NULL,NULL,NULL,NULL,NULL,NULL,NULL,'LIVE',0,0,0),(870,'SummitEvent','2024-06-21 11:17:03','2024-06-21 11:17:03','Raw Event Title 9 D0KpKYYjCtxr36Ga','Raw Event Abstract 9 VqQKm1yrULLnqRAo',NULL,NULL,NULL,0,NULL,0,0,0,NULL,0,0,NULL,NULL,NULL,NULL,NULL,NULL,21,NULL,NULL,NULL,NULL,NULL,NULL,NULL,NULL,NULL,'LIVE',0,0,0),(871,'SummitEvent','2024-06-21 11:17:03','2024-06-21 11:17:03','Raw Event Title 10 7fQd7R2uVs0adLKG','Raw Event Abstract 10 GqIqgW9aeR0fIbH9',NULL,NULL,NULL,0,NULL,0,0,0,NULL,0,0,NULL,NULL,NULL,NULL,NULL,NULL,21,NULL,NULL,NULL,NULL,NULL,NULL,NULL,NULL,NULL,'LIVE',0,0,0),(872,'SummitEvent','2024-06-21 11:17:03','2024-06-21 11:17:03','Raw Event Title 11 r8l7I6dZiQ4Ajg7G','Raw Event Abstract 11 9o5OTE2VfzrhLu4y',NULL,NULL,NULL,0,NULL,0,0,0,NULL,0,0,NULL,NULL,NULL,NULL,NULL,NULL,21,NULL,NULL,NULL,NULL,NULL,NULL,NULL,NULL,NULL,'LIVE',0,0,0),(873,'SummitEvent','2024-06-21 11:17:03','2024-06-21 11:17:03','Raw Event Title 12 8DARHp433cnNcgUe','Raw Event Abstract 12 xeAWtnAi9OxjWdHs',NULL,NULL,NULL,0,NULL,0,0,0,NULL,0,0,NULL,NULL,NULL,NULL,NULL,NULL,21,NULL,NULL,NULL,NULL,NULL,NULL,NULL,NULL,NULL,'LIVE',0,0,0),(874,'SummitEvent','2024-06-21 11:17:03','2024-06-21 11:17:03','Raw Event Title 13 dLPy4ULwRpC1yotD','Raw Event Abstract 13 XLdsnGWmICa2jbwq',NULL,NULL,NULL,0,NULL,0,0,0,NULL,0,0,NULL,NULL,NULL,NULL,NULL,NULL,21,NULL,NULL,NULL,NULL,NULL,NULL,NULL,NULL,NULL,'LIVE',0,0,0),(875,'SummitEvent','2024-06-21 11:17:03','2024-06-21 11:17:03','Raw Event Title 14 x2KJUTmNIU84LITw','Raw Event Abstract 14 65rATotfqb5kGubM',NULL,NULL,NULL,0,NULL,0,0,0,NULL,0,0,NULL,NULL,NULL,NULL,NULL,NULL,21,NULL,NULL,NULL,NULL,NULL,NULL,NULL,NULL,NULL,'LIVE',0,0,0),(876,'SummitEvent','2024-06-21 11:17:03','2024-06-21 11:17:03','Raw Event Title 15 TvrDQLKZb10bb0AC','Raw Event Abstract 15 J9zYWIk5yDKOFJ4b',NULL,NULL,NULL,0,NULL,0,0,0,NULL,0,0,NULL,NULL,NULL,NULL,NULL,NULL,21,NULL,NULL,NULL,NULL,NULL,NULL,NULL,NULL,NULL,'LIVE',0,0,0),(877,'SummitEvent','2024-06-21 11:17:03','2024-06-21 11:17:03','Raw Event Title 16 hssWW4vKFsAY6Kzz','Raw Event Abstract 16 nYO2tqIkShfysh3n',NULL,NULL,NULL,0,NULL,0,0,0,NULL,0,0,NULL,NULL,NULL,NULL,NULL,NULL,21,NULL,NULL,NULL,NULL,NULL,NULL,NULL,NULL,NULL,'LIVE',0,0,0),(878,'SummitEvent','2024-06-21 11:17:03','2024-06-21 11:17:03','Raw Event Title 17 739RIy3anJarW35n','Raw Event Abstract 17 vdFA3bJomtOk9vFZ',NULL,NULL,NULL,0,NULL,0,0,0,NULL,0,0,NULL,NULL,NULL,NULL,NULL,NULL,21,NULL,NULL,NULL,NULL,NULL,NULL,NULL,NULL,NULL,'LIVE',0,0,0),(879,'SummitEvent','2024-06-21 11:17:03','2024-06-21 11:17:03','Raw Event Title 18 ViPchwK1KqdTGVgI','Raw Event Abstract 18 G4rQxMByDhuWmzTE',NULL,NULL,NULL,0,NULL,0,0,0,NULL,0,0,NULL,NULL,NULL,NULL,NULL,NULL,21,NULL,NULL,NULL,NULL,NULL,NULL,NULL,NULL,NULL,'LIVE',0,0,0),(880,'SummitEvent','2024-06-21 11:17:03','2024-06-21 11:17:03','Raw Event Title 19 mSeWOpFQ6laqt3AO','Raw Event Abstract 19 3A2nG7JBieWAIkJW',NULL,NULL,NULL,0,NULL,0,0,0,NULL,0,0,NULL,NULL,NULL,NULL,NULL,NULL,21,NULL,NULL,NULL,NULL,NULL,NULL,NULL,NULL,NULL,'LIVE',0,0,0),(881,'Presentation','2024-06-21 11:18:32','2024-06-21 11:18:32','Presentation Title 0 R4xFjw6HCKfcx5HE','Presentation Abstract 0 7kUZCWc1yp223tB2',NULL,'2024-06-21 16:18:32','2024-06-22 16:18:32',1,'2024-06-21 16:18:32',0,0,0,NULL,0,0,NULL,NULL,NULL,NULL,NULL,NULL,23,NULL,NULL,NULL,NULL,NULL,NULL,NULL,NULL,NULL,'LIVE',0,86400,0),(882,'Presentation','2024-06-21 11:18:32','2024-06-21 11:18:32','Presentation Title 1 r8nUqCnPrVR4wobK','Presentation Abstract 1 wlDLjPYc98NjLmKZ',NULL,'2024-06-22 16:18:32','2024-06-23 16:18:32',1,'2024-06-21 16:18:32',0,0,0,NULL,0,0,NULL,NULL,NULL,NULL,NULL,NULL,23,NULL,NULL,NULL,NULL,NULL,NULL,NULL,NULL,NULL,'LIVE',0,86400,0),(883,'Presentation','2024-06-21 11:18:32','2024-06-21 11:18:32','Presentation Title 2 8Z3Gv9xyjFR5plH0','Presentation Abstract 2 fFYCQv0CuiD16HOp',NULL,'2024-06-23 16:18:32','2024-06-24 16:18:32',1,'2024-06-21 16:18:32',0,0,0,NULL,0,0,NULL,NULL,NULL,NULL,NULL,NULL,23,NULL,NULL,NULL,NULL,NULL,NULL,NULL,NULL,NULL,'LIVE',0,86400,0),(884,'Presentation','2024-06-21 11:18:32','2024-06-21 11:18:32','Presentation Title 3 RyClffjkrlYfZN0f','Presentation Abstract 3 Jwa1G8agirhFfiBY',NULL,'2024-06-24 16:18:32','2024-06-25 16:18:32',1,'2024-06-21 16:18:32',0,0,0,NULL,0,0,NULL,NULL,NULL,NULL,NULL,NULL,23,NULL,NULL,NULL,NULL,NULL,NULL,NULL,NULL,NULL,'LIVE',0,86400,0),(885,'Presentation','2024-06-21 11:18:32','2024-06-21 11:18:32','Presentation Title 4 5IP4J9kSm53Bj9Sw','Presentation Abstract 4 P63Cqv8aXOda0Wlr',NULL,'2024-06-25 16:18:32','2024-06-26 16:18:32',1,'2024-06-21 16:18:32',0,0,0,NULL,0,0,NULL,NULL,NULL,NULL,NULL,NULL,23,NULL,NULL,NULL,NULL,NULL,NULL,NULL,NULL,NULL,'LIVE',0,86400,0),(886,'Presentation','2024-06-21 11:18:32','2024-06-21 11:18:32','Presentation Title 5 AIcLq3r1v336d7kA','Presentation Abstract 5 xR5JPZeupN6fh5jJ',NULL,'2024-06-26 16:18:32','2024-06-27 16:18:32',1,'2024-06-21 16:18:32',0,0,0,NULL,0,0,NULL,NULL,NULL,NULL,NULL,NULL,23,NULL,NULL,NULL,NULL,NULL,NULL,NULL,NULL,NULL,'LIVE',0,86400,0),(887,'Presentation','2024-06-21 11:18:32','2024-06-21 11:18:32','Presentation Title 6 JhDKVkonO3RuSRtA','Presentation Abstract 6 u59izkvMnEgJ0AZ1',NULL,'2024-06-27 16:18:32','2024-06-28 16:18:32',1,'2024-06-21 16:18:32',0,0,0,NULL,0,0,NULL,NULL,NULL,NULL,NULL,NULL,23,NULL,NULL,NULL,NULL,NULL,NULL,NULL,NULL,NULL,'LIVE',0,86400,0),(888,'Presentation','2024-06-21 11:18:32','2024-06-21 11:18:32','Presentation Title 7 14liBoAokY7dY76L','Presentation Abstract 7 6ayEwvgt0X2CAt9e',NULL,'2024-06-28 16:18:32','2024-06-29 16:18:32',1,'2024-06-21 16:18:32',0,0,0,NULL,0,0,NULL,NULL,NULL,NULL,NULL,NULL,23,NULL,NULL,NULL,NULL,NULL,NULL,NULL,NULL,NULL,'LIVE',0,86400,0),(889,'Presentation','2024-06-21 11:18:32','2024-06-21 11:18:32','Presentation Title 8 4sHZlaoFw7x97a2h','Presentation Abstract 8 U95zpiLBwnLNbO58',NULL,'2024-06-29 16:18:32','2024-06-30 16:18:32',1,'2024-06-21 16:18:32',0,0,0,NULL,0,0,NULL,NULL,NULL,NULL,NULL,NULL,23,NULL,NULL,NULL,NULL,NULL,NULL,NULL,NULL,NULL,'LIVE',0,86400,0),(890,'Presentation','2024-06-21 11:18:32','2024-06-21 11:18:32','Presentation Title 9 fBBMrnjsk4UOT8yc','Presentation Abstract 9 C4vsKwtSauTnxfUm',NULL,'2024-06-30 16:18:32','2024-07-01 16:18:32',1,'2024-06-21 16:18:32',0,0,0,NULL,0,0,NULL,NULL,NULL,NULL,NULL,NULL,23,NULL,NULL,NULL,NULL,NULL,NULL,NULL,NULL,NULL,'LIVE',0,86400,0),(891,'Presentation','2024-06-21 11:18:32','2024-06-21 11:18:32','Presentation Title 10 Hs1PBjOizEN6JP4g','Presentation Abstract 10 LY8rfBvhS8TiX1wf',NULL,'2024-07-01 16:18:32','2024-07-02 16:18:32',1,'2024-06-21 16:18:32',0,0,0,NULL,0,0,NULL,NULL,NULL,NULL,NULL,NULL,23,NULL,NULL,NULL,NULL,NULL,NULL,NULL,NULL,NULL,'LIVE',0,86400,0),(892,'Presentation','2024-06-21 11:18:32','2024-06-21 11:18:32','Presentation Title 11 qya9sFTOWiuss3of','Presentation Abstract 11 HqsrgBo1FaFgB1v1',NULL,'2024-07-02 16:18:32','2024-07-03 16:18:32',1,'2024-06-21 16:18:32',0,0,0,NULL,0,0,NULL,NULL,NULL,NULL,NULL,NULL,23,NULL,NULL,NULL,NULL,NULL,NULL,NULL,NULL,NULL,'LIVE',0,86400,0),(893,'Presentation','2024-06-21 11:18:32','2024-06-21 11:18:32','Presentation Title 12 ApMZ5OjSQ9ruRn28','Presentation Abstract 12 CXfBnNqIX8sRszb9',NULL,'2024-07-03 16:18:32','2024-07-04 16:18:32',1,'2024-06-21 16:18:32',0,0,0,NULL,0,0,NULL,NULL,NULL,NULL,NULL,NULL,23,NULL,NULL,NULL,NULL,NULL,NULL,NULL,NULL,NULL,'LIVE',0,86400,0),(894,'Presentation','2024-06-21 11:18:32','2024-06-21 11:18:32','Presentation Title 13 BWDo0vQfv4A5BQfo','Presentation Abstract 13 3Zsrx4U81B2XklW3',NULL,'2024-07-04 16:18:32','2024-07-05 16:18:32',1,'2024-06-21 16:18:32',0,0,0,NULL,0,0,NULL,NULL,NULL,NULL,NULL,NULL,23,NULL,NULL,NULL,NULL,NULL,NULL,NULL,NULL,NULL,'LIVE',0,86400,0),(895,'Presentation','2024-06-21 11:18:32','2024-06-21 11:18:32','Presentation Title 14 cks7bQiuna8WNksz','Presentation Abstract 14 BmittR08iP49UHKr',NULL,'2024-07-05 16:18:32','2024-07-06 16:18:32',1,'2024-06-21 16:18:32',0,0,0,NULL,0,0,NULL,NULL,NULL,NULL,NULL,NULL,23,NULL,NULL,NULL,NULL,NULL,NULL,NULL,NULL,NULL,'LIVE',0,86400,0),(896,'Presentation','2024-06-21 11:18:32','2024-06-21 11:18:32','Presentation Title 15 5cYcipwjzmO0n4YE','Presentation Abstract 15 cLwnrBTP5Drnnrnp',NULL,'2024-07-06 16:18:32','2024-07-07 16:18:32',1,'2024-06-21 16:18:32',0,0,0,NULL,0,0,NULL,NULL,NULL,NULL,NULL,NULL,23,NULL,NULL,NULL,NULL,NULL,NULL,NULL,NULL,NULL,'LIVE',0,86400,0),(897,'Presentation','2024-06-21 11:18:32','2024-06-21 11:18:32','Presentation Title 16 X5yuy2tAIsN7Pzlv','Presentation Abstract 16 50doYDp5REkIa5WD',NULL,'2024-07-07 16:18:32','2024-07-08 16:18:32',1,'2024-06-21 16:18:32',0,0,0,NULL,0,0,NULL,NULL,NULL,NULL,NULL,NULL,23,NULL,NULL,NULL,NULL,NULL,NULL,NULL,NULL,NULL,'LIVE',0,86400,0),(898,'Presentation','2024-06-21 11:18:32','2024-06-21 11:18:32','Presentation Title 17 SGuYIK940eUFsr0I','Presentation Abstract 17 TwdN4skg1xifKVT6',NULL,'2024-07-08 16:18:32','2024-07-09 16:18:32',1,'2024-06-21 16:18:32',0,0,0,NULL,0,0,NULL,NULL,NULL,NULL,NULL,NULL,23,NULL,NULL,NULL,NULL,NULL,NULL,NULL,NULL,NULL,'LIVE',0,86400,0),(899,'Presentation','2024-06-21 11:18:32','2024-06-21 11:18:32','Presentation Title 18 XcCDKQ668La5t9fX','Presentation Abstract 18 U9CWkLQ3NCHxVxQj',NULL,'2024-07-09 16:18:32','2024-07-10 16:18:32',1,'2024-06-21 16:18:32',0,0,0,NULL,0,0,NULL,NULL,NULL,NULL,NULL,NULL,23,NULL,NULL,NULL,NULL,NULL,NULL,NULL,NULL,NULL,'LIVE',0,86400,0),(900,'Presentation','2024-06-21 11:18:32','2024-06-21 11:18:32','Presentation Title 19 gJ5C7lkPG5ScLlOd','Presentation Abstract 19 tcyJdcDjABWxLDSC',NULL,'2024-07-10 16:18:32','2024-07-11 16:18:32',1,'2024-06-21 16:18:32',0,0,0,NULL,0,0,NULL,NULL,NULL,NULL,NULL,NULL,23,NULL,NULL,NULL,NULL,NULL,NULL,NULL,NULL,NULL,'LIVE',0,86400,0),(901,'Presentation','2024-06-21 11:18:32','2024-06-21 11:18:32','Presentation Title 20 IcQemixqTE5fvHbn','Presentation Abstract 20 g7iAhdAj1clNDu83',NULL,'2024-07-11 16:18:32','2024-07-12 16:18:32',1,'2024-06-21 16:18:32',0,0,0,NULL,0,0,NULL,NULL,232,NULL,NULL,NULL,23,NULL,NULL,NULL,NULL,NULL,NULL,NULL,NULL,NULL,'LIVE',0,86400,0),(902,'Presentation','2024-06-21 11:18:32','2024-06-21 11:18:32','Presentation Title 21 TkI1eAWQjEw5pEkT','Presentation Abstract 21 QKDdEEEIp1NHk59y',NULL,'2024-07-12 16:18:32','2024-07-13 16:18:32',1,'2024-06-21 16:18:32',0,0,0,NULL,0,0,NULL,NULL,232,NULL,NULL,NULL,23,NULL,NULL,NULL,NULL,NULL,NULL,NULL,NULL,NULL,'LIVE',0,86400,0),(903,'Presentation','2024-06-21 11:18:32','2024-06-21 11:18:32','Presentation Title 22 JV2E1DyVg3hpW39x','Presentation Abstract 22 BXXFCoRKm40f4Oy0',NULL,'2024-07-13 16:18:32','2024-07-14 16:18:32',1,'2024-06-21 16:18:32',0,0,0,NULL,0,0,NULL,NULL,232,NULL,NULL,NULL,23,NULL,NULL,NULL,NULL,NULL,NULL,NULL,NULL,NULL,'LIVE',0,86400,0),(904,'Presentation','2024-06-21 11:18:32','2024-06-21 11:18:32','Presentation Title 23 PHQKT9gkoUD3e1cH','Presentation Abstract 23 rhCslfXjjonKffNl',NULL,'2024-07-14 16:18:32','2024-07-15 16:18:32',1,'2024-06-21 16:18:32',0,0,0,NULL,0,0,NULL,NULL,232,NULL,NULL,NULL,23,NULL,NULL,NULL,NULL,NULL,NULL,NULL,NULL,NULL,'LIVE',0,86400,0),(905,'Presentation','2024-06-21 11:18:32','2024-06-21 11:18:32','Presentation Title 24 jg4wcWhC9VYxLBVb','Presentation Abstract 24 J91QEGivjqKlYCJM',NULL,'2024-07-15 16:18:32','2024-07-16 16:18:32',1,'2024-06-21 16:18:32',0,0,0,NULL,0,0,NULL,NULL,232,NULL,NULL,NULL,23,NULL,NULL,NULL,NULL,NULL,NULL,NULL,NULL,NULL,'LIVE',0,86400,0),(906,'Presentation','2024-06-21 11:18:32','2024-06-21 11:18:32','Presentation Title 25 k7my1QoyXrwQSLWH','Presentation Abstract 25 QQhdS6V5AiI5Dd4o',NULL,'2024-07-16 16:18:32','2024-07-17 16:18:32',1,'2024-06-21 16:18:32',0,0,0,NULL,0,0,NULL,NULL,232,NULL,NULL,NULL,23,NULL,NULL,NULL,NULL,NULL,NULL,NULL,NULL,NULL,'LIVE',0,86400,0),(907,'Presentation','2024-06-21 11:18:32','2024-06-21 11:18:32','Presentation Title 26 bMalzaUtkJwvPDkj','Presentation Abstract 26 8n78pzWahHQCkeJ4',NULL,'2024-07-17 16:18:32','2024-07-18 16:18:32',1,'2024-06-21 16:18:32',0,0,0,NULL,0,0,NULL,NULL,232,NULL,NULL,NULL,23,NULL,NULL,NULL,NULL,NULL,NULL,NULL,NULL,NULL,'LIVE',0,86400,0),(908,'Presentation','2024-06-21 11:18:32','2024-06-21 11:18:32','Presentation Title 27 thHNrviMARTWOG4D','Presentation Abstract 27 w9UtCy383dwcNH2M',NULL,'2024-07-18 16:18:32','2024-07-19 16:18:32',1,'2024-06-21 16:18:32',0,0,0,NULL,0,0,NULL,NULL,232,NULL,NULL,NULL,23,NULL,NULL,NULL,NULL,NULL,NULL,NULL,NULL,NULL,'LIVE',0,86400,0),(909,'Presentation','2024-06-21 11:18:32','2024-06-21 11:18:32','Presentation Title 28 zFifjWBrpKSJlB1U','Presentation Abstract 28 L3wWe2ivJDRtDEa8',NULL,'2024-07-19 16:18:32','2024-07-20 16:18:32',1,'2024-06-21 16:18:32',0,0,0,NULL,0,0,NULL,NULL,232,NULL,NULL,NULL,23,NULL,NULL,NULL,NULL,NULL,NULL,NULL,NULL,NULL,'LIVE',0,86400,0),(910,'Presentation','2024-06-21 11:18:32','2024-06-21 11:18:32','Presentation Title 29 JdrmaRowHzmDeEoN','Presentation Abstract 29 5LFyiarMkS9TNsfy',NULL,'2024-07-20 16:18:32','2024-07-21 16:18:32',1,'2024-06-21 16:18:32',0,0,0,NULL,0,0,NULL,NULL,232,NULL,NULL,NULL,23,NULL,NULL,NULL,NULL,NULL,NULL,NULL,NULL,NULL,'LIVE',0,86400,0),(911,'Presentation','2024-06-21 11:18:32','2024-06-21 11:18:32','Presentation Title 30 N9dZ68kXMSPkGlxH','Presentation Abstract 30 jVurMg3KSlUMAc2O',NULL,'2024-07-21 16:18:32','2024-07-22 16:18:32',1,'2024-06-21 16:18:32',0,0,0,NULL,0,0,NULL,NULL,232,NULL,NULL,NULL,23,NULL,NULL,NULL,NULL,NULL,NULL,NULL,NULL,NULL,'LIVE',0,86400,0),(912,'Presentation','2024-06-21 11:18:32','2024-06-21 11:18:32','Presentation Title 31 Zzdlre4oMZ80TbcM','Presentation Abstract 31 hMX0A7KfSIyZCA1n',NULL,'2024-07-22 16:18:32','2024-07-23 16:18:32',1,'2024-06-21 16:18:32',0,0,0,NULL,0,0,NULL,NULL,232,NULL,NULL,NULL,23,NULL,NULL,NULL,NULL,NULL,NULL,NULL,NULL,NULL,'LIVE',0,86400,0),(913,'Presentation','2024-06-21 11:18:32','2024-06-21 11:18:32','Presentation Title 32 nP0FG7HWtRkgdR6A','Presentation Abstract 32 bBe3b1LGvZVXwcbi',NULL,'2024-07-23 16:18:32','2024-07-24 16:18:32',1,'2024-06-21 16:18:32',0,0,0,NULL,0,0,NULL,NULL,232,NULL,NULL,NULL,23,NULL,NULL,NULL,NULL,NULL,NULL,NULL,NULL,NULL,'LIVE',0,86400,0),(914,'Presentation','2024-06-21 11:18:32','2024-06-21 11:18:32','Presentation Title 33 oibBUVsp9Pu2751M','Presentation Abstract 33 7JXTdh6U1wkTPA0n',NULL,'2024-07-24 16:18:32','2024-07-25 16:18:32',1,'2024-06-21 16:18:32',0,0,0,NULL,0,0,NULL,NULL,232,NULL,NULL,NULL,23,NULL,NULL,NULL,NULL,NULL,NULL,NULL,NULL,NULL,'LIVE',0,86400,0),(915,'Presentation','2024-06-21 11:18:32','2024-06-21 11:18:32','Presentation Title 34 y2L4mhfui7p5RKZL','Presentation Abstract 34 3rGCs2L7H13Kj7y6',NULL,'2024-07-25 16:18:32','2024-07-26 16:18:32',1,'2024-06-21 16:18:32',0,0,0,NULL,0,0,NULL,NULL,232,NULL,NULL,NULL,23,NULL,NULL,NULL,NULL,NULL,NULL,NULL,NULL,NULL,'LIVE',0,86400,0),(916,'Presentation','2024-06-21 11:18:32','2024-06-21 11:18:32','Presentation Title 35 wYDdEEe9E43T5WIr','Presentation Abstract 35 GwsDN7ZqolQXBCy5',NULL,'2024-07-26 16:18:32','2024-07-27 16:18:32',1,'2024-06-21 16:18:32',0,0,0,NULL,0,0,NULL,NULL,232,NULL,NULL,NULL,23,NULL,NULL,NULL,NULL,NULL,NULL,NULL,NULL,NULL,'LIVE',0,86400,0),(917,'Presentation','2024-06-21 11:18:32','2024-06-21 11:18:32','Presentation Title 36 2EI1od9kujkOnX36','Presentation Abstract 36 meOPAXhCxsJYdyNl',NULL,'2024-07-27 16:18:32','2024-07-28 16:18:32',1,'2024-06-21 16:18:32',0,0,0,NULL,0,0,NULL,NULL,232,NULL,NULL,NULL,23,NULL,NULL,NULL,NULL,NULL,NULL,NULL,NULL,NULL,'LIVE',0,86400,0),(918,'Presentation','2024-06-21 11:18:32','2024-06-21 11:18:32','Presentation Title 37 sWmbK9gBmJFAO9fN','Presentation Abstract 37 lJ3zmK6CSaBRLEMk',NULL,'2024-07-28 16:18:32','2024-07-29 16:18:32',1,'2024-06-21 16:18:32',0,0,0,NULL,0,0,NULL,NULL,232,NULL,NULL,NULL,23,NULL,NULL,NULL,NULL,NULL,NULL,NULL,NULL,NULL,'LIVE',0,86400,0),(919,'Presentation','2024-06-21 11:18:32','2024-06-21 11:18:32','Presentation Title 38 h2Zpg8s5Y1Vf8ns3','Presentation Abstract 38 XwnjUWkeRLSREaGt',NULL,'2024-07-29 16:18:32','2024-07-30 16:18:32',1,'2024-06-21 16:18:32',0,0,0,NULL,0,0,NULL,NULL,232,NULL,NULL,NULL,23,NULL,NULL,NULL,NULL,NULL,NULL,NULL,NULL,NULL,'LIVE',0,86400,0),(920,'Presentation','2024-06-21 11:18:32','2024-06-21 11:18:32','Presentation Title 39 yShMGccRJZ4msZu3','Presentation Abstract 39 lfKH5uZqEOTXjQQ5',NULL,'2024-07-30 16:18:32','2024-07-31 16:18:32',1,'2024-06-21 16:18:32',0,0,0,NULL,0,0,NULL,NULL,232,NULL,NULL,NULL,23,NULL,NULL,NULL,NULL,NULL,NULL,NULL,NULL,NULL,'LIVE',0,86400,0),(921,'Presentation','2024-06-21 11:18:32','2024-06-21 11:18:32','Presentation Title 0 5dlLh5MzgeNosxh1 Votable','Presentation Abstract 0 iP5DdQkwyUNx90E8 Votable',NULL,NULL,NULL,1,'2024-06-21 16:18:32',0,0,0,NULL,0,0,NULL,NULL,NULL,NULL,NULL,NULL,23,NULL,NULL,NULL,NULL,NULL,NULL,NULL,NULL,NULL,'LIVE',0,0,0),(922,'Presentation','2024-06-21 11:18:32','2024-06-21 11:18:32','Presentation Title 1 VwSyOV6pMJh0GN8K Votable','Presentation Abstract 1 RBPIyUVWuf2O9oat Votable',NULL,NULL,NULL,1,'2024-06-21 16:18:32',0,0,0,NULL,0,0,NULL,NULL,NULL,NULL,NULL,NULL,23,NULL,NULL,NULL,NULL,NULL,NULL,NULL,NULL,NULL,'LIVE',0,0,0),(923,'Presentation','2024-06-21 11:18:32','2024-06-21 11:18:32','Presentation Title 2 L8CULelQPttZr1WF Votable','Presentation Abstract 2 t2ubL5IfHrGiN1kv Votable',NULL,NULL,NULL,1,'2024-06-21 16:18:32',0,0,0,NULL,0,0,NULL,NULL,NULL,NULL,NULL,NULL,23,NULL,NULL,NULL,NULL,NULL,NULL,NULL,NULL,NULL,'LIVE',0,0,0),(924,'Presentation','2024-06-21 11:18:32','2024-06-21 11:18:32','Presentation Title 3 daSwsmVtZasUmYez Votable','Presentation Abstract 3 mueciGp3ZOeQuJjB Votable',NULL,NULL,NULL,1,'2024-06-21 16:18:32',0,0,0,NULL,0,0,NULL,NULL,NULL,NULL,NULL,NULL,23,NULL,NULL,NULL,NULL,NULL,NULL,NULL,NULL,NULL,'LIVE',0,0,0),(925,'Presentation','2024-06-21 11:18:32','2024-06-21 11:18:32','Presentation Title 4 Vx3b5fM0EUn4JO8v Votable','Presentation Abstract 4 49ITIt1Q585i0DYK Votable',NULL,NULL,NULL,1,'2024-06-21 16:18:32',0,0,0,NULL,0,0,NULL,NULL,NULL,NULL,NULL,NULL,23,NULL,NULL,NULL,NULL,NULL,NULL,NULL,NULL,NULL,'LIVE',0,0,0),(926,'Presentation','2024-06-21 11:18:32','2024-06-21 11:18:32','Presentation Title 5 I6CnsLlCfFl3Cm6F Votable','Presentation Abstract 5 VXy701aX4dcUWJeS Votable',NULL,NULL,NULL,1,'2024-06-21 16:18:32',0,0,0,NULL,0,0,NULL,NULL,NULL,NULL,NULL,NULL,23,NULL,NULL,NULL,NULL,NULL,NULL,NULL,NULL,NULL,'LIVE',0,0,0),(927,'Presentation','2024-06-21 11:18:32','2024-06-21 11:18:32','Presentation Title 6 IRh5uoQRY5ozGCjC Votable','Presentation Abstract 6 IqXmRc5wEkiFXysZ Votable',NULL,NULL,NULL,1,'2024-06-21 16:18:32',0,0,0,NULL,0,0,NULL,NULL,NULL,NULL,NULL,NULL,23,NULL,NULL,NULL,NULL,NULL,NULL,NULL,NULL,NULL,'LIVE',0,0,0),(928,'Presentation','2024-06-21 11:18:32','2024-06-21 11:18:32','Presentation Title 7 k5cpJ3qSk0unmHPa Votable','Presentation Abstract 7 7gZMYk1yg1unyiiB Votable',NULL,NULL,NULL,1,'2024-06-21 16:18:32',0,0,0,NULL,0,0,NULL,NULL,NULL,NULL,NULL,NULL,23,NULL,NULL,NULL,NULL,NULL,NULL,NULL,NULL,NULL,'LIVE',0,0,0),(929,'Presentation','2024-06-21 11:18:32','2024-06-21 11:18:32','Presentation Title 8 fsTemdW38Phm5kNS Votable','Presentation Abstract 8 PAW9Vj7TjnDp7gdt Votable',NULL,NULL,NULL,1,'2024-06-21 16:18:32',0,0,0,NULL,0,0,NULL,NULL,NULL,NULL,NULL,NULL,23,NULL,NULL,NULL,NULL,NULL,NULL,NULL,NULL,NULL,'LIVE',0,0,0),(930,'Presentation','2024-06-21 11:18:32','2024-06-21 11:18:32','Presentation Title 9 rOhapn3XyZlVBFvW Votable','Presentation Abstract 9 vnnq90Z91qDBVZRb Votable',NULL,NULL,NULL,1,'2024-06-21 16:18:32',0,0,0,NULL,0,0,NULL,NULL,NULL,NULL,NULL,NULL,23,NULL,NULL,NULL,NULL,NULL,NULL,NULL,NULL,NULL,'LIVE',0,0,0),(931,'Presentation','2024-06-21 11:18:32','2024-06-21 11:18:32','Presentation Title 10 nJidsDLVtMVnq9Ig Votable','Presentation Abstract 10 5bzajEoWPMh9Fl2W Votable',NULL,NULL,NULL,1,'2024-06-21 16:18:32',0,0,0,NULL,0,0,NULL,NULL,NULL,NULL,NULL,NULL,23,NULL,NULL,NULL,NULL,NULL,NULL,NULL,NULL,NULL,'LIVE',0,0,0),(932,'Presentation','2024-06-21 11:18:32','2024-06-21 11:18:32','Presentation Title 11 0lFjIFNTkexHSpKa Votable','Presentation Abstract 11 jNsO2aBIl45iZtPb Votable',NULL,NULL,NULL,1,'2024-06-21 16:18:32',0,0,0,NULL,0,0,NULL,NULL,NULL,NULL,NULL,NULL,23,NULL,NULL,NULL,NULL,NULL,NULL,NULL,NULL,NULL,'LIVE',0,0,0),(933,'Presentation','2024-06-21 11:18:32','2024-06-21 11:18:32','Presentation Title 12 qjFxm43JTLmSyU8g Votable','Presentation Abstract 12 2pe9gz5Z3IOXCGtS Votable',NULL,NULL,NULL,1,'2024-06-21 16:18:32',0,0,0,NULL,0,0,NULL,NULL,NULL,NULL,NULL,NULL,23,NULL,NULL,NULL,NULL,NULL,NULL,NULL,NULL,NULL,'LIVE',0,0,0),(934,'Presentation','2024-06-21 11:18:32','2024-06-21 11:18:32','Presentation Title 13 WvZXAkdgut9aXyzf Votable','Presentation Abstract 13 MFq8ke10zt2509iL Votable',NULL,NULL,NULL,1,'2024-06-21 16:18:32',0,0,0,NULL,0,0,NULL,NULL,NULL,NULL,NULL,NULL,23,NULL,NULL,NULL,NULL,NULL,NULL,NULL,NULL,NULL,'LIVE',0,0,0),(935,'Presentation','2024-06-21 11:18:32','2024-06-21 11:18:32','Presentation Title 14 jdY7E1QF4fgERMLu Votable','Presentation Abstract 14 ho1l1rG2ebuKp95v Votable',NULL,NULL,NULL,1,'2024-06-21 16:18:32',0,0,0,NULL,0,0,NULL,NULL,NULL,NULL,NULL,NULL,23,NULL,NULL,NULL,NULL,NULL,NULL,NULL,NULL,NULL,'LIVE',0,0,0),(936,'Presentation','2024-06-21 11:18:32','2024-06-21 11:18:32','Presentation Title 15 Q6hwKypswMB9XciZ Votable','Presentation Abstract 15 9k0QeP2Dua0iniHi Votable',NULL,NULL,NULL,1,'2024-06-21 16:18:32',0,0,0,NULL,0,0,NULL,NULL,NULL,NULL,NULL,NULL,23,NULL,NULL,NULL,NULL,NULL,NULL,NULL,NULL,NULL,'LIVE',0,0,0),(937,'Presentation','2024-06-21 11:18:32','2024-06-21 11:18:32','Presentation Title 16 YhnDs2biEO6LgOQn Votable','Presentation Abstract 16 7PexK8trKQ5iXmsB Votable',NULL,NULL,NULL,1,'2024-06-21 16:18:32',0,0,0,NULL,0,0,NULL,NULL,NULL,NULL,NULL,NULL,23,NULL,NULL,NULL,NULL,NULL,NULL,NULL,NULL,NULL,'LIVE',0,0,0),(938,'Presentation','2024-06-21 11:18:32','2024-06-21 11:18:32','Presentation Title 17 KxKME5Ppf3tCsUJW Votable','Presentation Abstract 17 fFtt076IbrD28ZPb Votable',NULL,NULL,NULL,1,'2024-06-21 16:18:32',0,0,0,NULL,0,0,NULL,NULL,NULL,NULL,NULL,NULL,23,NULL,NULL,NULL,NULL,NULL,NULL,NULL,NULL,NULL,'LIVE',0,0,0),(939,'Presentation','2024-06-21 11:18:32','2024-06-21 11:18:32','Presentation Title 18 Y0qtY2P6QJ4KAati Votable','Presentation Abstract 18 srtwDrksEawtCaGP Votable',NULL,NULL,NULL,1,'2024-06-21 16:18:32',0,0,0,NULL,0,0,NULL,NULL,NULL,NULL,NULL,NULL,23,NULL,NULL,NULL,NULL,NULL,NULL,NULL,NULL,NULL,'LIVE',0,0,0),(940,'Presentation','2024-06-21 11:18:32','2024-06-21 11:18:32','Presentation Title 19 uml5fXUy0EcybI4C Votable','Presentation Abstract 19 HQ90aVGuOZlKpdyn Votable',NULL,NULL,NULL,1,'2024-06-21 16:18:32',0,0,0,NULL,0,0,NULL,NULL,NULL,NULL,NULL,NULL,23,NULL,NULL,NULL,NULL,NULL,NULL,NULL,NULL,NULL,'LIVE',0,0,0),(941,'SummitEvent','2024-06-21 11:18:32','2024-06-21 11:18:32','Raw Event Title 0 LQXqF56ORT571QLr','Raw Event Abstract 0 9VQcRAKI9FMe7Lvz',NULL,NULL,NULL,0,NULL,0,0,0,NULL,0,0,NULL,NULL,NULL,NULL,NULL,NULL,23,NULL,NULL,NULL,NULL,NULL,NULL,NULL,NULL,NULL,'LIVE',0,0,0),(942,'SummitEvent','2024-06-21 11:18:32','2024-06-21 11:18:32','Raw Event Title 1 GJDlI9YczD3eoQaJ','Raw Event Abstract 1 kQVM1ilDNUXlx97w',NULL,NULL,NULL,0,NULL,0,0,0,NULL,0,0,NULL,NULL,NULL,NULL,NULL,NULL,23,NULL,NULL,NULL,NULL,NULL,NULL,NULL,NULL,NULL,'LIVE',0,0,0),(943,'SummitEvent','2024-06-21 11:18:32','2024-06-21 11:18:32','Raw Event Title 2 ytpIXU542YTa2WlG','Raw Event Abstract 2 urdk6jW4F7Cv9mUg',NULL,NULL,NULL,0,NULL,0,0,0,NULL,0,0,NULL,NULL,NULL,NULL,NULL,NULL,23,NULL,NULL,NULL,NULL,NULL,NULL,NULL,NULL,NULL,'LIVE',0,0,0),(944,'SummitEvent','2024-06-21 11:18:32','2024-06-21 11:18:32','Raw Event Title 3 0LDY6gIF03I4Y8Ot','Raw Event Abstract 3 oBVhaocBkcdP2Yyi',NULL,NULL,NULL,0,NULL,0,0,0,NULL,0,0,NULL,NULL,NULL,NULL,NULL,NULL,23,NULL,NULL,NULL,NULL,NULL,NULL,NULL,NULL,NULL,'LIVE',0,0,0),(945,'SummitEvent','2024-06-21 11:18:32','2024-06-21 11:18:32','Raw Event Title 4 fSFyCwjf9aTd4Kog','Raw Event Abstract 4 tq5Itk2H7UsFNZYZ',NULL,NULL,NULL,0,NULL,0,0,0,NULL,0,0,NULL,NULL,NULL,NULL,NULL,NULL,23,NULL,NULL,NULL,NULL,NULL,NULL,NULL,NULL,NULL,'LIVE',0,0,0),(946,'SummitEvent','2024-06-21 11:18:32','2024-06-21 11:18:32','Raw Event Title 5 3p9aovTWkYJWbHGf','Raw Event Abstract 5 ccSgLfDM7UityL0E',NULL,NULL,NULL,0,NULL,0,0,0,NULL,0,0,NULL,NULL,NULL,NULL,NULL,NULL,23,NULL,NULL,NULL,NULL,NULL,NULL,NULL,NULL,NULL,'LIVE',0,0,0),(947,'SummitEvent','2024-06-21 11:18:32','2024-06-21 11:18:32','Raw Event Title 6 ot187ycf7p5MocOp','Raw Event Abstract 6 xSXTHbWv0IkgNKMa',NULL,NULL,NULL,0,NULL,0,0,0,NULL,0,0,NULL,NULL,NULL,NULL,NULL,NULL,23,NULL,NULL,NULL,NULL,NULL,NULL,NULL,NULL,NULL,'LIVE',0,0,0),(948,'SummitEvent','2024-06-21 11:18:32','2024-06-21 11:18:32','Raw Event Title 7 XhT7h5jGMpinB2Tk','Raw Event Abstract 7 7mU7RSbxnlzOy0Gw',NULL,NULL,NULL,0,NULL,0,0,0,NULL,0,0,NULL,NULL,NULL,NULL,NULL,NULL,23,NULL,NULL,NULL,NULL,NULL,NULL,NULL,NULL,NULL,'LIVE',0,0,0),(949,'SummitEvent','2024-06-21 11:18:32','2024-06-21 11:18:32','Raw Event Title 8 WSUkUMwwUyexEPHP','Raw Event Abstract 8 J8GB3hVPIDK3avWq',NULL,NULL,NULL,0,NULL,0,0,0,NULL,0,0,NULL,NULL,NULL,NULL,NULL,NULL,23,NULL,NULL,NULL,NULL,NULL,NULL,NULL,NULL,NULL,'LIVE',0,0,0),(950,'SummitEvent','2024-06-21 11:18:32','2024-06-21 11:18:32','Raw Event Title 9 8zNcls3INIEco6rF','Raw Event Abstract 9 NBrlJpB4Bg9OLV7l',NULL,NULL,NULL,0,NULL,0,0,0,NULL,0,0,NULL,NULL,NULL,NULL,NULL,NULL,23,NULL,NULL,NULL,NULL,NULL,NULL,NULL,NULL,NULL,'LIVE',0,0,0),(951,'SummitEvent','2024-06-21 11:18:32','2024-06-21 11:18:32','Raw Event Title 10 jBIXCWxG8O0IRJg8','Raw Event Abstract 10 vSWZEKH7YwBV5VbY',NULL,NULL,NULL,0,NULL,0,0,0,NULL,0,0,NULL,NULL,NULL,NULL,NULL,NULL,23,NULL,NULL,NULL,NULL,NULL,NULL,NULL,NULL,NULL,'LIVE',0,0,0),(952,'SummitEvent','2024-06-21 11:18:32','2024-06-21 11:18:32','Raw Event Title 11 ziRI96uatFRtPBBL','Raw Event Abstract 11 sCaFKziY7nDeEaSR',NULL,NULL,NULL,0,NULL,0,0,0,NULL,0,0,NULL,NULL,NULL,NULL,NULL,NULL,23,NULL,NULL,NULL,NULL,NULL,NULL,NULL,NULL,NULL,'LIVE',0,0,0),(953,'SummitEvent','2024-06-21 11:18:32','2024-06-21 11:18:32','Raw Event Title 12 sUlf5vDxmCt8hiwU','Raw Event Abstract 12 P0pIxUaAciHopXgc',NULL,NULL,NULL,0,NULL,0,0,0,NULL,0,0,NULL,NULL,NULL,NULL,NULL,NULL,23,NULL,NULL,NULL,NULL,NULL,NULL,NULL,NULL,NULL,'LIVE',0,0,0),(954,'SummitEvent','2024-06-21 11:18:32','2024-06-21 11:18:32','Raw Event Title 13 leaEeh4WmjqJCtjb','Raw Event Abstract 13 XAtE5XxaXWcTbyA8',NULL,NULL,NULL,0,NULL,0,0,0,NULL,0,0,NULL,NULL,NULL,NULL,NULL,NULL,23,NULL,NULL,NULL,NULL,NULL,NULL,NULL,NULL,NULL,'LIVE',0,0,0),(955,'SummitEvent','2024-06-21 11:18:32','2024-06-21 11:18:32','Raw Event Title 14 6ZqZZdrL1XFuxhw2','Raw Event Abstract 14 BpV7DyBajcqIdfHb',NULL,NULL,NULL,0,NULL,0,0,0,NULL,0,0,NULL,NULL,NULL,NULL,NULL,NULL,23,NULL,NULL,NULL,NULL,NULL,NULL,NULL,NULL,NULL,'LIVE',0,0,0),(956,'SummitEvent','2024-06-21 11:18:32','2024-06-21 11:18:32','Raw Event Title 15 EqV8g7xlLtTMC3Kh','Raw Event Abstract 15 gVp2RCvdZo7j1kkq',NULL,NULL,NULL,0,NULL,0,0,0,NULL,0,0,NULL,NULL,NULL,NULL,NULL,NULL,23,NULL,NULL,NULL,NULL,NULL,NULL,NULL,NULL,NULL,'LIVE',0,0,0),(957,'SummitEvent','2024-06-21 11:18:32','2024-06-21 11:18:32','Raw Event Title 16 FWfLXuMT12e8ukDz','Raw Event Abstract 16 BocEh6Q3zO37s1rD',NULL,NULL,NULL,0,NULL,0,0,0,NULL,0,0,NULL,NULL,NULL,NULL,NULL,NULL,23,NULL,NULL,NULL,NULL,NULL,NULL,NULL,NULL,NULL,'LIVE',0,0,0),(958,'SummitEvent','2024-06-21 11:18:32','2024-06-21 11:18:32','Raw Event Title 17 WgizeD8Bmgnwbjpc','Raw Event Abstract 17 bRpu1Q4nUMjW8E0j',NULL,NULL,NULL,0,NULL,0,0,0,NULL,0,0,NULL,NULL,NULL,NULL,NULL,NULL,23,NULL,NULL,NULL,NULL,NULL,NULL,NULL,NULL,NULL,'LIVE',0,0,0),(959,'SummitEvent','2024-06-21 11:18:32','2024-06-21 11:18:32','Raw Event Title 18 qsxjBgSp4wGntayp','Raw Event Abstract 18 X0tsEHhspyodiFGq',NULL,NULL,NULL,0,NULL,0,0,0,NULL,0,0,NULL,NULL,NULL,NULL,NULL,NULL,23,NULL,NULL,NULL,NULL,NULL,NULL,NULL,NULL,NULL,'LIVE',0,0,0),(960,'SummitEvent','2024-06-21 11:18:32','2024-06-21 11:18:32','Raw Event Title 19 wxQS50CvaSDTisgp','Raw Event Abstract 19 PvIOF1xwcUzO9NYO',NULL,NULL,NULL,0,NULL,0,0,0,NULL,0,0,NULL,NULL,NULL,NULL,NULL,NULL,23,NULL,NULL,NULL,NULL,NULL,NULL,NULL,NULL,NULL,'LIVE',0,0,0),(961,'Presentation','2024-06-21 11:33:07','2024-06-21 11:33:07','Presentation Title 0 6D2cSA5eDL5awTO5','Presentation Abstract 0 wWJF2rDl88ipFla4',NULL,'2024-06-21 16:33:07','2024-06-22 16:33:07',1,'2024-06-21 16:33:07',0,0,0,NULL,0,0,NULL,NULL,NULL,NULL,NULL,NULL,25,NULL,NULL,NULL,NULL,NULL,NULL,NULL,NULL,NULL,'LIVE',0,86400,0),(962,'Presentation','2024-06-21 11:33:07','2024-06-21 11:33:07','Presentation Title 1 Km2nPXQJA5d0KFOZ','Presentation Abstract 1 DbncP9f01oEyTNGD',NULL,'2024-06-22 16:33:07','2024-06-23 16:33:07',1,'2024-06-21 16:33:07',0,0,0,NULL,0,0,NULL,NULL,NULL,NULL,NULL,NULL,25,NULL,NULL,NULL,NULL,NULL,NULL,NULL,NULL,NULL,'LIVE',0,86400,0),(963,'Presentation','2024-06-21 11:33:07','2024-06-21 11:33:07','Presentation Title 2 uac0DZX442YDRl9F','Presentation Abstract 2 Liw9HOoeEhMBsUn3',NULL,'2024-06-23 16:33:07','2024-06-24 16:33:07',1,'2024-06-21 16:33:07',0,0,0,NULL,0,0,NULL,NULL,NULL,NULL,NULL,NULL,25,NULL,NULL,NULL,NULL,NULL,NULL,NULL,NULL,NULL,'LIVE',0,86400,0),(964,'Presentation','2024-06-21 11:33:07','2024-06-21 11:33:07','Presentation Title 3 PlJt9dIPgcCCGDjg','Presentation Abstract 3 jB6R4in3eHhAwv7O',NULL,'2024-06-24 16:33:07','2024-06-25 16:33:07',1,'2024-06-21 16:33:07',0,0,0,NULL,0,0,NULL,NULL,NULL,NULL,NULL,NULL,25,NULL,NULL,NULL,NULL,NULL,NULL,NULL,NULL,NULL,'LIVE',0,86400,0),(965,'Presentation','2024-06-21 11:33:07','2024-06-21 11:33:07','Presentation Title 4 PKUzcgR1ELpecMY1','Presentation Abstract 4 8kcBNR85rjGdAyrs',NULL,'2024-06-25 16:33:07','2024-06-26 16:33:07',1,'2024-06-21 16:33:07',0,0,0,NULL,0,0,NULL,NULL,NULL,NULL,NULL,NULL,25,NULL,NULL,NULL,NULL,NULL,NULL,NULL,NULL,NULL,'LIVE',0,86400,0),(966,'Presentation','2024-06-21 11:33:07','2024-06-21 11:33:07','Presentation Title 5 n08ZJTxKckx9Ur42','Presentation Abstract 5 VvmqxXlfEgKRqsOg',NULL,'2024-06-26 16:33:07','2024-06-27 16:33:07',1,'2024-06-21 16:33:07',0,0,0,NULL,0,0,NULL,NULL,NULL,NULL,NULL,NULL,25,NULL,NULL,NULL,NULL,NULL,NULL,NULL,NULL,NULL,'LIVE',0,86400,0),(967,'Presentation','2024-06-21 11:33:07','2024-06-21 11:33:07','Presentation Title 6 vM4ciQly9meuiWXU','Presentation Abstract 6 BzHH5GDo2txLP3S1',NULL,'2024-06-27 16:33:07','2024-06-28 16:33:07',1,'2024-06-21 16:33:07',0,0,0,NULL,0,0,NULL,NULL,NULL,NULL,NULL,NULL,25,NULL,NULL,NULL,NULL,NULL,NULL,NULL,NULL,NULL,'LIVE',0,86400,0),(968,'Presentation','2024-06-21 11:33:07','2024-06-21 11:33:07','Presentation Title 7 spvH6h1LoQ4R8tup','Presentation Abstract 7 DgFWM57QcX4NkHox',NULL,'2024-06-28 16:33:07','2024-06-29 16:33:07',1,'2024-06-21 16:33:07',0,0,0,NULL,0,0,NULL,NULL,NULL,NULL,NULL,NULL,25,NULL,NULL,NULL,NULL,NULL,NULL,NULL,NULL,NULL,'LIVE',0,86400,0),(969,'Presentation','2024-06-21 11:33:07','2024-06-21 11:33:07','Presentation Title 8 OJZ3OTGhTd8HY350','Presentation Abstract 8 46WiZ628yLZB81G3',NULL,'2024-06-29 16:33:07','2024-06-30 16:33:07',1,'2024-06-21 16:33:07',0,0,0,NULL,0,0,NULL,NULL,NULL,NULL,NULL,NULL,25,NULL,NULL,NULL,NULL,NULL,NULL,NULL,NULL,NULL,'LIVE',0,86400,0),(970,'Presentation','2024-06-21 11:33:07','2024-06-21 11:33:07','Presentation Title 9 aH0kezLBvJLcOOXz','Presentation Abstract 9 soWUTzHOn2fgy9iQ',NULL,'2024-06-30 16:33:07','2024-07-01 16:33:07',1,'2024-06-21 16:33:07',0,0,0,NULL,0,0,NULL,NULL,NULL,NULL,NULL,NULL,25,NULL,NULL,NULL,NULL,NULL,NULL,NULL,NULL,NULL,'LIVE',0,86400,0),(971,'Presentation','2024-06-21 11:33:07','2024-06-21 11:33:07','Presentation Title 10 0ZP0pAqmBRxKzL2N','Presentation Abstract 10 wOATikDJpKkrzOCE',NULL,'2024-07-01 16:33:07','2024-07-02 16:33:07',1,'2024-06-21 16:33:07',0,0,0,NULL,0,0,NULL,NULL,NULL,NULL,NULL,NULL,25,NULL,NULL,NULL,NULL,NULL,NULL,NULL,NULL,NULL,'LIVE',0,86400,0),(972,'Presentation','2024-06-21 11:33:07','2024-06-21 11:33:07','Presentation Title 11 Vmt7VPpJzCtcDSnd','Presentation Abstract 11 VWr6kOX46icDGAEx',NULL,'2024-07-02 16:33:07','2024-07-03 16:33:07',1,'2024-06-21 16:33:07',0,0,0,NULL,0,0,NULL,NULL,NULL,NULL,NULL,NULL,25,NULL,NULL,NULL,NULL,NULL,NULL,NULL,NULL,NULL,'LIVE',0,86400,0),(973,'Presentation','2024-06-21 11:33:07','2024-06-21 11:33:07','Presentation Title 12 snanuIejWthgMxeG','Presentation Abstract 12 UerjSJwoRKf1glMK',NULL,'2024-07-03 16:33:07','2024-07-04 16:33:07',1,'2024-06-21 16:33:07',0,0,0,NULL,0,0,NULL,NULL,NULL,NULL,NULL,NULL,25,NULL,NULL,NULL,NULL,NULL,NULL,NULL,NULL,NULL,'LIVE',0,86400,0),(974,'Presentation','2024-06-21 11:33:07','2024-06-21 11:33:07','Presentation Title 13 rUaJn1WCFtM6V3q3','Presentation Abstract 13 iiJjqRBZcDvcXWMW',NULL,'2024-07-04 16:33:07','2024-07-05 16:33:07',1,'2024-06-21 16:33:07',0,0,0,NULL,0,0,NULL,NULL,NULL,NULL,NULL,NULL,25,NULL,NULL,NULL,NULL,NULL,NULL,NULL,NULL,NULL,'LIVE',0,86400,0),(975,'Presentation','2024-06-21 11:33:07','2024-06-21 11:33:07','Presentation Title 14 dBYXfVjBVTv0duML','Presentation Abstract 14 uGq9HSEUK1Ri6V76',NULL,'2024-07-05 16:33:07','2024-07-06 16:33:07',1,'2024-06-21 16:33:07',0,0,0,NULL,0,0,NULL,NULL,NULL,NULL,NULL,NULL,25,NULL,NULL,NULL,NULL,NULL,NULL,NULL,NULL,NULL,'LIVE',0,86400,0),(976,'Presentation','2024-06-21 11:33:07','2024-06-21 11:33:07','Presentation Title 15 DMI41yt1J7EDNnEE','Presentation Abstract 15 k4LDzPtVNQLrllVL',NULL,'2024-07-06 16:33:07','2024-07-07 16:33:07',1,'2024-06-21 16:33:07',0,0,0,NULL,0,0,NULL,NULL,NULL,NULL,NULL,NULL,25,NULL,NULL,NULL,NULL,NULL,NULL,NULL,NULL,NULL,'LIVE',0,86400,0),(977,'Presentation','2024-06-21 11:33:07','2024-06-21 11:33:07','Presentation Title 16 vOMyr5HSqHAJrkSv','Presentation Abstract 16 HROD8ZPlwq0cDY68',NULL,'2024-07-07 16:33:07','2024-07-08 16:33:07',1,'2024-06-21 16:33:07',0,0,0,NULL,0,0,NULL,NULL,NULL,NULL,NULL,NULL,25,NULL,NULL,NULL,NULL,NULL,NULL,NULL,NULL,NULL,'LIVE',0,86400,0),(978,'Presentation','2024-06-21 11:33:07','2024-06-21 11:33:07','Presentation Title 17 vVsV0pMXZ1VMAH25','Presentation Abstract 17 ldHMTx4ZN2pt2r18',NULL,'2024-07-08 16:33:07','2024-07-09 16:33:07',1,'2024-06-21 16:33:07',0,0,0,NULL,0,0,NULL,NULL,NULL,NULL,NULL,NULL,25,NULL,NULL,NULL,NULL,NULL,NULL,NULL,NULL,NULL,'LIVE',0,86400,0),(979,'Presentation','2024-06-21 11:33:07','2024-06-21 11:33:07','Presentation Title 18 Zgtp5ImxcBbo8nBi','Presentation Abstract 18 X57j8v7jPX24RJGI',NULL,'2024-07-09 16:33:07','2024-07-10 16:33:07',1,'2024-06-21 16:33:07',0,0,0,NULL,0,0,NULL,NULL,NULL,NULL,NULL,NULL,25,NULL,NULL,NULL,NULL,NULL,NULL,NULL,NULL,NULL,'LIVE',0,86400,0),(980,'Presentation','2024-06-21 11:33:07','2024-06-21 11:33:07','Presentation Title 19 wWbAqGVAS2osGHfH','Presentation Abstract 19 3RArsZPGkA6Kt6Rc',NULL,'2024-07-10 16:33:07','2024-07-11 16:33:07',1,'2024-06-21 16:33:07',0,0,0,NULL,0,0,NULL,NULL,NULL,NULL,NULL,NULL,25,NULL,NULL,NULL,NULL,NULL,NULL,NULL,NULL,NULL,'LIVE',0,86400,0),(981,'Presentation','2024-06-21 11:33:07','2024-06-21 11:33:07','Presentation Title 20 wLHZqcuVakPR7Zwc','Presentation Abstract 20 JPvnFVWGRH1Fu377',NULL,'2024-07-11 16:33:07','2024-07-12 16:33:07',1,'2024-06-21 16:33:07',0,0,0,NULL,0,0,NULL,NULL,253,NULL,NULL,NULL,25,NULL,NULL,NULL,NULL,NULL,NULL,NULL,NULL,NULL,'LIVE',0,86400,0),(982,'Presentation','2024-06-21 11:33:07','2024-06-21 11:33:07','Presentation Title 21 3cCdQRUrFsCCQE7v','Presentation Abstract 21 RyhRDRFbXGdF8z50',NULL,'2024-07-12 16:33:07','2024-07-13 16:33:07',1,'2024-06-21 16:33:07',0,0,0,NULL,0,0,NULL,NULL,253,NULL,NULL,NULL,25,NULL,NULL,NULL,NULL,NULL,NULL,NULL,NULL,NULL,'LIVE',0,86400,0),(983,'Presentation','2024-06-21 11:33:07','2024-06-21 11:33:07','Presentation Title 22 B5kQJJO3KmGV432m','Presentation Abstract 22 38mvTZ5rBChdsMhP',NULL,'2024-07-13 16:33:07','2024-07-14 16:33:07',1,'2024-06-21 16:33:07',0,0,0,NULL,0,0,NULL,NULL,253,NULL,NULL,NULL,25,NULL,NULL,NULL,NULL,NULL,NULL,NULL,NULL,NULL,'LIVE',0,86400,0),(984,'Presentation','2024-06-21 11:33:07','2024-06-21 11:33:07','Presentation Title 23 bBbxlJFqkhAV4Xvu','Presentation Abstract 23 35nYJJd5oKJtgR7G',NULL,'2024-07-14 16:33:07','2024-07-15 16:33:07',1,'2024-06-21 16:33:07',0,0,0,NULL,0,0,NULL,NULL,253,NULL,NULL,NULL,25,NULL,NULL,NULL,NULL,NULL,NULL,NULL,NULL,NULL,'LIVE',0,86400,0),(985,'Presentation','2024-06-21 11:33:07','2024-06-21 11:33:07','Presentation Title 24 pPAedVYHChkfpkS7','Presentation Abstract 24 IDyWPCVMtVHlvHqq',NULL,'2024-07-15 16:33:07','2024-07-16 16:33:07',1,'2024-06-21 16:33:07',0,0,0,NULL,0,0,NULL,NULL,253,NULL,NULL,NULL,25,NULL,NULL,NULL,NULL,NULL,NULL,NULL,NULL,NULL,'LIVE',0,86400,0),(986,'Presentation','2024-06-21 11:33:07','2024-06-21 11:33:07','Presentation Title 25 iBFOmgxXpcXPTLFD','Presentation Abstract 25 pRB0qGd8XnEoD4wc',NULL,'2024-07-16 16:33:07','2024-07-17 16:33:07',1,'2024-06-21 16:33:07',0,0,0,NULL,0,0,NULL,NULL,253,NULL,NULL,NULL,25,NULL,NULL,NULL,NULL,NULL,NULL,NULL,NULL,NULL,'LIVE',0,86400,0),(987,'Presentation','2024-06-21 11:33:07','2024-06-21 11:33:07','Presentation Title 26 bZ4ejohoOx2dN629','Presentation Abstract 26 BaxVU4s8xHa6lENI',NULL,'2024-07-17 16:33:07','2024-07-18 16:33:07',1,'2024-06-21 16:33:07',0,0,0,NULL,0,0,NULL,NULL,253,NULL,NULL,NULL,25,NULL,NULL,NULL,NULL,NULL,NULL,NULL,NULL,NULL,'LIVE',0,86400,0),(988,'Presentation','2024-06-21 11:33:07','2024-06-21 11:33:07','Presentation Title 27 TV0ClFVHxYY7te7L','Presentation Abstract 27 rHcnll5ao51KYjXk',NULL,'2024-07-18 16:33:07','2024-07-19 16:33:07',1,'2024-06-21 16:33:07',0,0,0,NULL,0,0,NULL,NULL,253,NULL,NULL,NULL,25,NULL,NULL,NULL,NULL,NULL,NULL,NULL,NULL,NULL,'LIVE',0,86400,0),(989,'Presentation','2024-06-21 11:33:07','2024-06-21 11:33:07','Presentation Title 28 2Ylx3QHx0aaQz0Fm','Presentation Abstract 28 pVYEsmUuYwGES458',NULL,'2024-07-19 16:33:07','2024-07-20 16:33:07',1,'2024-06-21 16:33:07',0,0,0,NULL,0,0,NULL,NULL,253,NULL,NULL,NULL,25,NULL,NULL,NULL,NULL,NULL,NULL,NULL,NULL,NULL,'LIVE',0,86400,0),(990,'Presentation','2024-06-21 11:33:07','2024-06-21 11:33:07','Presentation Title 29 3pZKUeLkMWnx4jFo','Presentation Abstract 29 58afwN9QcyUdnNy2',NULL,'2024-07-20 16:33:07','2024-07-21 16:33:07',1,'2024-06-21 16:33:07',0,0,0,NULL,0,0,NULL,NULL,253,NULL,NULL,NULL,25,NULL,NULL,NULL,NULL,NULL,NULL,NULL,NULL,NULL,'LIVE',0,86400,0),(991,'Presentation','2024-06-21 11:33:07','2024-06-21 11:33:07','Presentation Title 30 FF4qb5Kxkd0XXJyQ','Presentation Abstract 30 lRuTyhveYXQgQVnZ',NULL,'2024-07-21 16:33:07','2024-07-22 16:33:07',1,'2024-06-21 16:33:07',0,0,0,NULL,0,0,NULL,NULL,253,NULL,NULL,NULL,25,NULL,NULL,NULL,NULL,NULL,NULL,NULL,NULL,NULL,'LIVE',0,86400,0),(992,'Presentation','2024-06-21 11:33:07','2024-06-21 11:33:07','Presentation Title 31 TlITeyC7OrwL36dB','Presentation Abstract 31 15YAQz4kgSFyh8de',NULL,'2024-07-22 16:33:07','2024-07-23 16:33:07',1,'2024-06-21 16:33:07',0,0,0,NULL,0,0,NULL,NULL,253,NULL,NULL,NULL,25,NULL,NULL,NULL,NULL,NULL,NULL,NULL,NULL,NULL,'LIVE',0,86400,0),(993,'Presentation','2024-06-21 11:33:07','2024-06-21 11:33:07','Presentation Title 32 L3Sh61BNCBLQlGOe','Presentation Abstract 32 7iMqpA5uNXZS5efl',NULL,'2024-07-23 16:33:07','2024-07-24 16:33:07',1,'2024-06-21 16:33:07',0,0,0,NULL,0,0,NULL,NULL,253,NULL,NULL,NULL,25,NULL,NULL,NULL,NULL,NULL,NULL,NULL,NULL,NULL,'LIVE',0,86400,0),(994,'Presentation','2024-06-21 11:33:07','2024-06-21 11:33:07','Presentation Title 33 kZfRDv1mi4BFawoA','Presentation Abstract 33 lhIsQpmz0ECfWWiQ',NULL,'2024-07-24 16:33:07','2024-07-25 16:33:07',1,'2024-06-21 16:33:07',0,0,0,NULL,0,0,NULL,NULL,253,NULL,NULL,NULL,25,NULL,NULL,NULL,NULL,NULL,NULL,NULL,NULL,NULL,'LIVE',0,86400,0),(995,'Presentation','2024-06-21 11:33:07','2024-06-21 11:33:07','Presentation Title 34 WGcib25EkS4vgvNX','Presentation Abstract 34 LaMQCXYFfiJM1yby',NULL,'2024-07-25 16:33:07','2024-07-26 16:33:07',1,'2024-06-21 16:33:07',0,0,0,NULL,0,0,NULL,NULL,253,NULL,NULL,NULL,25,NULL,NULL,NULL,NULL,NULL,NULL,NULL,NULL,NULL,'LIVE',0,86400,0),(996,'Presentation','2024-06-21 11:33:07','2024-06-21 11:33:07','Presentation Title 35 ImOpWPJqbJ3rqlxT','Presentation Abstract 35 aXyOhrZGfe6hxC70',NULL,'2024-07-26 16:33:07','2024-07-27 16:33:07',1,'2024-06-21 16:33:07',0,0,0,NULL,0,0,NULL,NULL,253,NULL,NULL,NULL,25,NULL,NULL,NULL,NULL,NULL,NULL,NULL,NULL,NULL,'LIVE',0,86400,0),(997,'Presentation','2024-06-21 11:33:07','2024-06-21 11:33:07','Presentation Title 36 uXMG173lsksM0V1Z','Presentation Abstract 36 SXQK1QSavOs5yFLR',NULL,'2024-07-27 16:33:07','2024-07-28 16:33:07',1,'2024-06-21 16:33:07',0,0,0,NULL,0,0,NULL,NULL,253,NULL,NULL,NULL,25,NULL,NULL,NULL,NULL,NULL,NULL,NULL,NULL,NULL,'LIVE',0,86400,0),(998,'Presentation','2024-06-21 11:33:07','2024-06-21 11:33:07','Presentation Title 37 9D4RZ1yMcVnzrE0I','Presentation Abstract 37 V2qrnm4IGk65zJf0',NULL,'2024-07-28 16:33:07','2024-07-29 16:33:07',1,'2024-06-21 16:33:07',0,0,0,NULL,0,0,NULL,NULL,253,NULL,NULL,NULL,25,NULL,NULL,NULL,NULL,NULL,NULL,NULL,NULL,NULL,'LIVE',0,86400,0),(999,'Presentation','2024-06-21 11:33:07','2024-06-21 11:33:07','Presentation Title 38 oxOZFTEp2qEuutxo','Presentation Abstract 38 MBM2sOBYgqmWEQnm',NULL,'2024-07-29 16:33:07','2024-07-30 16:33:07',1,'2024-06-21 16:33:07',0,0,0,NULL,0,0,NULL,NULL,253,NULL,NULL,NULL,25,NULL,NULL,NULL,NULL,NULL,NULL,NULL,NULL,NULL,'LIVE',0,86400,0),(1000,'Presentation','2024-06-21 11:33:07','2024-06-21 11:33:07','Presentation Title 39 FGDKcab29BfbFSLY','Presentation Abstract 39 npjX3HnS4Ks6hsbM',NULL,'2024-07-30 16:33:07','2024-07-31 16:33:07',1,'2024-06-21 16:33:07',0,0,0,NULL,0,0,NULL,NULL,253,NULL,NULL,NULL,25,NULL,NULL,NULL,NULL,NULL,NULL,NULL,NULL,NULL,'LIVE',0,86400,0),(1001,'Presentation','2024-06-21 11:33:07','2024-06-21 11:33:07','Presentation Title 0 tVzb6jFl8yUBIPdJ Votable','Presentation Abstract 0 U9I39UaaqMCdnHNP Votable',NULL,NULL,NULL,1,'2024-06-21 16:33:07',0,0,0,NULL,0,0,NULL,NULL,NULL,NULL,NULL,NULL,25,NULL,NULL,NULL,NULL,NULL,NULL,NULL,NULL,NULL,'LIVE',0,0,0),(1002,'Presentation','2024-06-21 11:33:07','2024-06-21 11:33:07','Presentation Title 1 8cVqkN1JF4UQsHYo Votable','Presentation Abstract 1 RY4ZwEMgK1pUP0Ht Votable',NULL,NULL,NULL,1,'2024-06-21 16:33:07',0,0,0,NULL,0,0,NULL,NULL,NULL,NULL,NULL,NULL,25,NULL,NULL,NULL,NULL,NULL,NULL,NULL,NULL,NULL,'LIVE',0,0,0),(1003,'Presentation','2024-06-21 11:33:07','2024-06-21 11:33:07','Presentation Title 2 O7L9YvLdGxCz8xgF Votable','Presentation Abstract 2 9IujI60Wo1WOoDZF Votable',NULL,NULL,NULL,1,'2024-06-21 16:33:07',0,0,0,NULL,0,0,NULL,NULL,NULL,NULL,NULL,NULL,25,NULL,NULL,NULL,NULL,NULL,NULL,NULL,NULL,NULL,'LIVE',0,0,0),(1004,'Presentation','2024-06-21 11:33:07','2024-06-21 11:33:07','Presentation Title 3 mCyBBzEibbVa1idt Votable','Presentation Abstract 3 AhMYIk6ZmlxDMGEB Votable',NULL,NULL,NULL,1,'2024-06-21 16:33:07',0,0,0,NULL,0,0,NULL,NULL,NULL,NULL,NULL,NULL,25,NULL,NULL,NULL,NULL,NULL,NULL,NULL,NULL,NULL,'LIVE',0,0,0),(1005,'Presentation','2024-06-21 11:33:07','2024-06-21 11:33:07','Presentation Title 4 mWNqwmX0dghvK6qN Votable','Presentation Abstract 4 0vly4CyYABVOHOU4 Votable',NULL,NULL,NULL,1,'2024-06-21 16:33:07',0,0,0,NULL,0,0,NULL,NULL,NULL,NULL,NULL,NULL,25,NULL,NULL,NULL,NULL,NULL,NULL,NULL,NULL,NULL,'LIVE',0,0,0),(1006,'Presentation','2024-06-21 11:33:07','2024-06-21 11:33:07','Presentation Title 5 8kKwK73gSyoR9Ptj Votable','Presentation Abstract 5 Dw9vAut0pfUPMOf0 Votable',NULL,NULL,NULL,1,'2024-06-21 16:33:07',0,0,0,NULL,0,0,NULL,NULL,NULL,NULL,NULL,NULL,25,NULL,NULL,NULL,NULL,NULL,NULL,NULL,NULL,NULL,'LIVE',0,0,0),(1007,'Presentation','2024-06-21 11:33:07','2024-06-21 11:33:07','Presentation Title 6 3nUelUnG6bvTQtg2 Votable','Presentation Abstract 6 otAwLuNgbFQyy8tc Votable',NULL,NULL,NULL,1,'2024-06-21 16:33:07',0,0,0,NULL,0,0,NULL,NULL,NULL,NULL,NULL,NULL,25,NULL,NULL,NULL,NULL,NULL,NULL,NULL,NULL,NULL,'LIVE',0,0,0),(1008,'Presentation','2024-06-21 11:33:07','2024-06-21 11:33:07','Presentation Title 7 jgRdFPZiSU2hr3O8 Votable','Presentation Abstract 7 mVIdLRZ7VQ7F0Oct Votable',NULL,NULL,NULL,1,'2024-06-21 16:33:07',0,0,0,NULL,0,0,NULL,NULL,NULL,NULL,NULL,NULL,25,NULL,NULL,NULL,NULL,NULL,NULL,NULL,NULL,NULL,'LIVE',0,0,0),(1009,'Presentation','2024-06-21 11:33:07','2024-06-21 11:33:07','Presentation Title 8 MZbXv0Su0eZAjgvc Votable','Presentation Abstract 8 eXd3AXRJdzmx3KjO Votable',NULL,NULL,NULL,1,'2024-06-21 16:33:07',0,0,0,NULL,0,0,NULL,NULL,NULL,NULL,NULL,NULL,25,NULL,NULL,NULL,NULL,NULL,NULL,NULL,NULL,NULL,'LIVE',0,0,0),(1010,'Presentation','2024-06-21 11:33:07','2024-06-21 11:33:07','Presentation Title 9 WirXIC09QR7ZA8nT Votable','Presentation Abstract 9 1r77muoKZUugZLwy Votable',NULL,NULL,NULL,1,'2024-06-21 16:33:07',0,0,0,NULL,0,0,NULL,NULL,NULL,NULL,NULL,NULL,25,NULL,NULL,NULL,NULL,NULL,NULL,NULL,NULL,NULL,'LIVE',0,0,0),(1011,'Presentation','2024-06-21 11:33:07','2024-06-21 11:33:07','Presentation Title 10 NJby1jVUg1gCKT1f Votable','Presentation Abstract 10 geTBkkQktwrtpMhK Votable',NULL,NULL,NULL,1,'2024-06-21 16:33:07',0,0,0,NULL,0,0,NULL,NULL,NULL,NULL,NULL,NULL,25,NULL,NULL,NULL,NULL,NULL,NULL,NULL,NULL,NULL,'LIVE',0,0,0),(1012,'Presentation','2024-06-21 11:33:07','2024-06-21 11:33:07','Presentation Title 11 ifUfazK4Uw5Z95yL Votable','Presentation Abstract 11 dSFueQeZrHOrrl2O Votable',NULL,NULL,NULL,1,'2024-06-21 16:33:07',0,0,0,NULL,0,0,NULL,NULL,NULL,NULL,NULL,NULL,25,NULL,NULL,NULL,NULL,NULL,NULL,NULL,NULL,NULL,'LIVE',0,0,0),(1013,'Presentation','2024-06-21 11:33:07','2024-06-21 11:33:07','Presentation Title 12 k1QdS9NVQ0FNEDSr Votable','Presentation Abstract 12 LyfADwBpjzZcG8Rg Votable',NULL,NULL,NULL,1,'2024-06-21 16:33:07',0,0,0,NULL,0,0,NULL,NULL,NULL,NULL,NULL,NULL,25,NULL,NULL,NULL,NULL,NULL,NULL,NULL,NULL,NULL,'LIVE',0,0,0),(1014,'Presentation','2024-06-21 11:33:07','2024-06-21 11:33:07','Presentation Title 13 ROmbfHwn4JEudioP Votable','Presentation Abstract 13 hZCwyvMrzKNQXsJi Votable',NULL,NULL,NULL,1,'2024-06-21 16:33:07',0,0,0,NULL,0,0,NULL,NULL,NULL,NULL,NULL,NULL,25,NULL,NULL,NULL,NULL,NULL,NULL,NULL,NULL,NULL,'LIVE',0,0,0),(1015,'Presentation','2024-06-21 11:33:07','2024-06-21 11:33:07','Presentation Title 14 wYKQHWC2H9uELkYo Votable','Presentation Abstract 14 eQoSB7JzyLwwfTCJ Votable',NULL,NULL,NULL,1,'2024-06-21 16:33:07',0,0,0,NULL,0,0,NULL,NULL,NULL,NULL,NULL,NULL,25,NULL,NULL,NULL,NULL,NULL,NULL,NULL,NULL,NULL,'LIVE',0,0,0),(1016,'Presentation','2024-06-21 11:33:07','2024-06-21 11:33:07','Presentation Title 15 mQbRl9C1U6V9laQT Votable','Presentation Abstract 15 3M69FCLbxUByhHY0 Votable',NULL,NULL,NULL,1,'2024-06-21 16:33:07',0,0,0,NULL,0,0,NULL,NULL,NULL,NULL,NULL,NULL,25,NULL,NULL,NULL,NULL,NULL,NULL,NULL,NULL,NULL,'LIVE',0,0,0),(1017,'Presentation','2024-06-21 11:33:07','2024-06-21 11:33:07','Presentation Title 16 cAHl5WS8jzitEcNI Votable','Presentation Abstract 16 cXfCfQ2tcA6FS9Et Votable',NULL,NULL,NULL,1,'2024-06-21 16:33:07',0,0,0,NULL,0,0,NULL,NULL,NULL,NULL,NULL,NULL,25,NULL,NULL,NULL,NULL,NULL,NULL,NULL,NULL,NULL,'LIVE',0,0,0),(1018,'Presentation','2024-06-21 11:33:07','2024-06-21 11:33:07','Presentation Title 17 GnY6UKfv4lDWkaU9 Votable','Presentation Abstract 17 zno7Uc832qZojSbA Votable',NULL,NULL,NULL,1,'2024-06-21 16:33:07',0,0,0,NULL,0,0,NULL,NULL,NULL,NULL,NULL,NULL,25,NULL,NULL,NULL,NULL,NULL,NULL,NULL,NULL,NULL,'LIVE',0,0,0),(1019,'Presentation','2024-06-21 11:33:07','2024-06-21 11:33:07','Presentation Title 18 s71uOOqhthL0GNt4 Votable','Presentation Abstract 18 RwF0E586LHjoGk4n Votable',NULL,NULL,NULL,1,'2024-06-21 16:33:07',0,0,0,NULL,0,0,NULL,NULL,NULL,NULL,NULL,NULL,25,NULL,NULL,NULL,NULL,NULL,NULL,NULL,NULL,NULL,'LIVE',0,0,0),(1020,'Presentation','2024-06-21 11:33:07','2024-06-21 11:33:07','Presentation Title 19 T4aWAkJs5LVrwNpu Votable','Presentation Abstract 19 VKR7a0PFAyZgRma1 Votable',NULL,NULL,NULL,1,'2024-06-21 16:33:07',0,0,0,NULL,0,0,NULL,NULL,NULL,NULL,NULL,NULL,25,NULL,NULL,NULL,NULL,NULL,NULL,NULL,NULL,NULL,'LIVE',0,0,0),(1021,'SummitEvent','2024-06-21 11:33:07','2024-06-21 11:33:07','Raw Event Title 0 d3jg0LN5q9Nu0wdP','Raw Event Abstract 0 VTCVd5OeUb23WgZZ',NULL,NULL,NULL,0,NULL,0,0,0,NULL,0,0,NULL,NULL,NULL,NULL,NULL,NULL,25,NULL,NULL,NULL,NULL,NULL,NULL,NULL,NULL,NULL,'LIVE',0,0,0),(1022,'SummitEvent','2024-06-21 11:33:07','2024-06-21 11:33:07','Raw Event Title 1 G26Vy79YuIK5Gu9m','Raw Event Abstract 1 tXKWtqTbwt7U0BLg',NULL,NULL,NULL,0,NULL,0,0,0,NULL,0,0,NULL,NULL,NULL,NULL,NULL,NULL,25,NULL,NULL,NULL,NULL,NULL,NULL,NULL,NULL,NULL,'LIVE',0,0,0),(1023,'SummitEvent','2024-06-21 11:33:07','2024-06-21 11:33:07','Raw Event Title 2 KWbE20NzkCAbnS3Q','Raw Event Abstract 2 qpX5XRoZWxywIGCo',NULL,NULL,NULL,0,NULL,0,0,0,NULL,0,0,NULL,NULL,NULL,NULL,NULL,NULL,25,NULL,NULL,NULL,NULL,NULL,NULL,NULL,NULL,NULL,'LIVE',0,0,0),(1024,'SummitEvent','2024-06-21 11:33:07','2024-06-21 11:33:07','Raw Event Title 3 LyLCaTXTRytpeBSD','Raw Event Abstract 3 znUvTMvLNkbbHi6d',NULL,NULL,NULL,0,NULL,0,0,0,NULL,0,0,NULL,NULL,NULL,NULL,NULL,NULL,25,NULL,NULL,NULL,NULL,NULL,NULL,NULL,NULL,NULL,'LIVE',0,0,0),(1025,'SummitEvent','2024-06-21 11:33:07','2024-06-21 11:33:07','Raw Event Title 4 fygqpsw9dY0l8it0','Raw Event Abstract 4 PMlGbP2tM1b8M4LT',NULL,NULL,NULL,0,NULL,0,0,0,NULL,0,0,NULL,NULL,NULL,NULL,NULL,NULL,25,NULL,NULL,NULL,NULL,NULL,NULL,NULL,NULL,NULL,'LIVE',0,0,0),(1026,'SummitEvent','2024-06-21 11:33:07','2024-06-21 11:33:07','Raw Event Title 5 OBsSPuwIjPuqc6U8','Raw Event Abstract 5 JO0GWUzGXOLM9FaG',NULL,NULL,NULL,0,NULL,0,0,0,NULL,0,0,NULL,NULL,NULL,NULL,NULL,NULL,25,NULL,NULL,NULL,NULL,NULL,NULL,NULL,NULL,NULL,'LIVE',0,0,0),(1027,'SummitEvent','2024-06-21 11:33:07','2024-06-21 11:33:07','Raw Event Title 6 v97GZ9SJV4WvOHdT','Raw Event Abstract 6 PYag6PurwroYpxA3',NULL,NULL,NULL,0,NULL,0,0,0,NULL,0,0,NULL,NULL,NULL,NULL,NULL,NULL,25,NULL,NULL,NULL,NULL,NULL,NULL,NULL,NULL,NULL,'LIVE',0,0,0),(1028,'SummitEvent','2024-06-21 11:33:07','2024-06-21 11:33:07','Raw Event Title 7 nURNNaAJ4tUpdmNX','Raw Event Abstract 7 aUH1cYXqwDVvxQ3p',NULL,NULL,NULL,0,NULL,0,0,0,NULL,0,0,NULL,NULL,NULL,NULL,NULL,NULL,25,NULL,NULL,NULL,NULL,NULL,NULL,NULL,NULL,NULL,'LIVE',0,0,0),(1029,'SummitEvent','2024-06-21 11:33:07','2024-06-21 11:33:07','Raw Event Title 8 LkwzmlQAPq2WUuwi','Raw Event Abstract 8 P5welNrBSWt8YZtK',NULL,NULL,NULL,0,NULL,0,0,0,NULL,0,0,NULL,NULL,NULL,NULL,NULL,NULL,25,NULL,NULL,NULL,NULL,NULL,NULL,NULL,NULL,NULL,'LIVE',0,0,0),(1030,'SummitEvent','2024-06-21 11:33:07','2024-06-21 11:33:07','Raw Event Title 9 1kkQZ0hxz2dM9TmY','Raw Event Abstract 9 UDiXc9P35AjeL7it',NULL,NULL,NULL,0,NULL,0,0,0,NULL,0,0,NULL,NULL,NULL,NULL,NULL,NULL,25,NULL,NULL,NULL,NULL,NULL,NULL,NULL,NULL,NULL,'LIVE',0,0,0),(1031,'SummitEvent','2024-06-21 11:33:07','2024-06-21 11:33:07','Raw Event Title 10 5f8awf0RyfenNOke','Raw Event Abstract 10 g67lRkYyU8BvJhia',NULL,NULL,NULL,0,NULL,0,0,0,NULL,0,0,NULL,NULL,NULL,NULL,NULL,NULL,25,NULL,NULL,NULL,NULL,NULL,NULL,NULL,NULL,NULL,'LIVE',0,0,0),(1032,'SummitEvent','2024-06-21 11:33:07','2024-06-21 11:33:07','Raw Event Title 11 x44u4HRomIEoYAOG','Raw Event Abstract 11 sdz8Nfc36Qo8ksGj',NULL,NULL,NULL,0,NULL,0,0,0,NULL,0,0,NULL,NULL,NULL,NULL,NULL,NULL,25,NULL,NULL,NULL,NULL,NULL,NULL,NULL,NULL,NULL,'LIVE',0,0,0),(1033,'SummitEvent','2024-06-21 11:33:07','2024-06-21 11:33:07','Raw Event Title 12 uJY8pN0owIRTQiW7','Raw Event Abstract 12 qLvjwPfrNTbUPT8l',NULL,NULL,NULL,0,NULL,0,0,0,NULL,0,0,NULL,NULL,NULL,NULL,NULL,NULL,25,NULL,NULL,NULL,NULL,NULL,NULL,NULL,NULL,NULL,'LIVE',0,0,0),(1034,'SummitEvent','2024-06-21 11:33:07','2024-06-21 11:33:07','Raw Event Title 13 8DjsCc5Fu5Q7v25X','Raw Event Abstract 13 zzpRKnschN3THqfI',NULL,NULL,NULL,0,NULL,0,0,0,NULL,0,0,NULL,NULL,NULL,NULL,NULL,NULL,25,NULL,NULL,NULL,NULL,NULL,NULL,NULL,NULL,NULL,'LIVE',0,0,0),(1035,'SummitEvent','2024-06-21 11:33:07','2024-06-21 11:33:07','Raw Event Title 14 a1l7VibXZk0Pmsr7','Raw Event Abstract 14 ZUAlV2zmdooGxLWp',NULL,NULL,NULL,0,NULL,0,0,0,NULL,0,0,NULL,NULL,NULL,NULL,NULL,NULL,25,NULL,NULL,NULL,NULL,NULL,NULL,NULL,NULL,NULL,'LIVE',0,0,0),(1036,'SummitEvent','2024-06-21 11:33:07','2024-06-21 11:33:07','Raw Event Title 15 uqEIIULpbM6wNMGV','Raw Event Abstract 15 G9uAsG8q4Mc7GXTW',NULL,NULL,NULL,0,NULL,0,0,0,NULL,0,0,NULL,NULL,NULL,NULL,NULL,NULL,25,NULL,NULL,NULL,NULL,NULL,NULL,NULL,NULL,NULL,'LIVE',0,0,0),(1037,'SummitEvent','2024-06-21 11:33:07','2024-06-21 11:33:07','Raw Event Title 16 WrKopXeAtGrGLNAa','Raw Event Abstract 16 5bLW4RHjwkBPuey5',NULL,NULL,NULL,0,NULL,0,0,0,NULL,0,0,NULL,NULL,NULL,NULL,NULL,NULL,25,NULL,NULL,NULL,NULL,NULL,NULL,NULL,NULL,NULL,'LIVE',0,0,0),(1038,'SummitEvent','2024-06-21 11:33:07','2024-06-21 11:33:07','Raw Event Title 17 GiRafhE3f4AP4X6a','Raw Event Abstract 17 akTeGDmkzW1I6dIy',NULL,NULL,NULL,0,NULL,0,0,0,NULL,0,0,NULL,NULL,NULL,NULL,NULL,NULL,25,NULL,NULL,NULL,NULL,NULL,NULL,NULL,NULL,NULL,'LIVE',0,0,0),(1039,'SummitEvent','2024-06-21 11:33:07','2024-06-21 11:33:07','Raw Event Title 18 eOqn33Jcvru16x3Y','Raw Event Abstract 18 mW7s1VUYVcg3RCqO',NULL,NULL,NULL,0,NULL,0,0,0,NULL,0,0,NULL,NULL,NULL,NULL,NULL,NULL,25,NULL,NULL,NULL,NULL,NULL,NULL,NULL,NULL,NULL,'LIVE',0,0,0),(1040,'SummitEvent','2024-06-21 11:33:07','2024-06-21 11:33:07','Raw Event Title 19 m3f2tKIbNEsE9uUZ','Raw Event Abstract 19 a9MfRowwiJKWafji',NULL,NULL,NULL,0,NULL,0,0,0,NULL,0,0,NULL,NULL,NULL,NULL,NULL,NULL,25,NULL,NULL,NULL,NULL,NULL,NULL,NULL,NULL,NULL,'LIVE',0,0,0),(1041,'Presentation','2024-06-21 11:34:09','2024-06-21 11:34:09','Presentation Title 0 lGG8zonMWzWXljQO','Presentation Abstract 0 gDxfs5Yw55GS0TX4',NULL,'2024-06-21 16:34:09','2024-06-22 16:34:09',1,'2024-06-21 16:34:09',0,0,0,NULL,0,0,NULL,NULL,NULL,27,40,NULL,27,NULL,NULL,NULL,NULL,NULL,NULL,NULL,NULL,NULL,'LIVE',0,86400,0),(1042,'Presentation','2024-06-21 11:34:09','2024-06-21 11:34:09','Presentation Title 1 SXJpBRJGNpO02gOX','Presentation Abstract 1 B7PGmtv2zaxS794c',NULL,'2024-06-22 16:34:09','2024-06-23 16:34:09',1,'2024-06-21 16:34:09',0,0,0,NULL,0,0,NULL,NULL,NULL,27,40,NULL,27,NULL,NULL,NULL,NULL,NULL,NULL,NULL,NULL,NULL,'LIVE',0,86400,0),(1043,'Presentation','2024-06-21 11:34:09','2024-06-21 11:34:09','Presentation Title 2 3TLIL0T0fYwg46KM','Presentation Abstract 2 DchjdmQ9KmUFldXs',NULL,'2024-06-23 16:34:09','2024-06-24 16:34:09',1,'2024-06-21 16:34:09',0,0,0,NULL,0,0,NULL,NULL,NULL,27,40,NULL,27,NULL,NULL,NULL,NULL,NULL,NULL,NULL,NULL,NULL,'LIVE',0,86400,0),(1044,'Presentation','2024-06-21 11:34:09','2024-06-21 11:34:09','Presentation Title 3 BcfKaSBCteF8mRdE','Presentation Abstract 3 qkjrvfwkVa2BJYbv',NULL,'2024-06-24 16:34:09','2024-06-25 16:34:09',1,'2024-06-21 16:34:09',0,0,0,NULL,0,0,NULL,NULL,NULL,27,40,NULL,27,NULL,NULL,NULL,NULL,NULL,NULL,NULL,NULL,NULL,'LIVE',0,86400,0),(1045,'Presentation','2024-06-21 11:34:09','2024-06-21 11:34:09','Presentation Title 4 H6Qxy4JDdtC3Cxd1','Presentation Abstract 4 S1QccCh8A6IRpycq',NULL,'2024-06-25 16:34:09','2024-06-26 16:34:09',1,'2024-06-21 16:34:09',0,0,0,NULL,0,0,NULL,NULL,NULL,27,40,NULL,27,NULL,NULL,NULL,NULL,NULL,NULL,NULL,NULL,NULL,'LIVE',0,86400,0),(1046,'Presentation','2024-06-21 11:34:09','2024-06-21 11:34:09','Presentation Title 5 hMXumKqNcAZT7tFW','Presentation Abstract 5 nbp3wIpkpGYevO8O',NULL,'2024-06-26 16:34:09','2024-06-27 16:34:09',1,'2024-06-21 16:34:09',0,0,0,NULL,0,0,NULL,NULL,NULL,27,40,NULL,27,NULL,NULL,NULL,NULL,NULL,NULL,NULL,NULL,NULL,'LIVE',0,86400,0),(1047,'Presentation','2024-06-21 11:34:09','2024-06-21 11:34:09','Presentation Title 6 h9zv4e6zsSklKGa9','Presentation Abstract 6 kRuJHuOUuv8T10nc',NULL,'2024-06-27 16:34:09','2024-06-28 16:34:09',1,'2024-06-21 16:34:09',0,0,0,NULL,0,0,NULL,NULL,NULL,27,40,NULL,27,NULL,NULL,NULL,NULL,NULL,NULL,NULL,NULL,NULL,'LIVE',0,86400,0),(1048,'Presentation','2024-06-21 11:34:09','2024-06-21 11:34:09','Presentation Title 7 wYcLWwPTYdHrej90','Presentation Abstract 7 9GCFEpXgPK87Hr38',NULL,'2024-06-28 16:34:09','2024-06-29 16:34:09',1,'2024-06-21 16:34:09',0,0,0,NULL,0,0,NULL,NULL,NULL,27,40,NULL,27,NULL,NULL,NULL,NULL,NULL,NULL,NULL,NULL,NULL,'LIVE',0,86400,0),(1049,'Presentation','2024-06-21 11:34:09','2024-06-21 11:34:09','Presentation Title 8 LQitj0gii0JX6Sdd','Presentation Abstract 8 1jWdyDSw3tsQ0mvZ',NULL,'2024-06-29 16:34:09','2024-06-30 16:34:09',1,'2024-06-21 16:34:09',0,0,0,NULL,0,0,NULL,NULL,NULL,27,40,NULL,27,NULL,NULL,NULL,NULL,NULL,NULL,NULL,NULL,NULL,'LIVE',0,86400,0),(1050,'Presentation','2024-06-21 11:34:09','2024-06-21 11:34:09','Presentation Title 9 p7wuy9nyqDPBjbag','Presentation Abstract 9 w2tFBFFQMuGjCDno',NULL,'2024-06-30 16:34:09','2024-07-01 16:34:09',1,'2024-06-21 16:34:09',0,0,0,NULL,0,0,NULL,NULL,NULL,27,40,NULL,27,NULL,NULL,NULL,NULL,NULL,NULL,NULL,NULL,NULL,'LIVE',0,86400,0),(1051,'Presentation','2024-06-21 11:34:09','2024-06-21 11:34:09','Presentation Title 10 a8DtpYcdsP12cgNA','Presentation Abstract 10 kcOdxNp6ryS3epDb',NULL,'2024-07-01 16:34:09','2024-07-02 16:34:09',1,'2024-06-21 16:34:09',0,0,0,NULL,0,0,NULL,NULL,NULL,27,40,NULL,27,NULL,NULL,NULL,NULL,NULL,NULL,NULL,NULL,NULL,'LIVE',0,86400,0),(1052,'Presentation','2024-06-21 11:34:09','2024-06-21 11:34:09','Presentation Title 11 JOYYX6PKkB6DmO6Z','Presentation Abstract 11 Gebz4ivQvLt6pngH',NULL,'2024-07-02 16:34:09','2024-07-03 16:34:09',1,'2024-06-21 16:34:09',0,0,0,NULL,0,0,NULL,NULL,NULL,27,40,NULL,27,NULL,NULL,NULL,NULL,NULL,NULL,NULL,NULL,NULL,'LIVE',0,86400,0),(1053,'Presentation','2024-06-21 11:34:09','2024-06-21 11:34:09','Presentation Title 12 RPJlmCVzUxQAJKfk','Presentation Abstract 12 ZCqlWe1EC1J9qGpW',NULL,'2024-07-03 16:34:09','2024-07-04 16:34:09',1,'2024-06-21 16:34:09',0,0,0,NULL,0,0,NULL,NULL,NULL,27,40,NULL,27,NULL,NULL,NULL,NULL,NULL,NULL,NULL,NULL,NULL,'LIVE',0,86400,0),(1054,'Presentation','2024-06-21 11:34:09','2024-06-21 11:34:09','Presentation Title 13 P4qIcFGioOfD0jsp','Presentation Abstract 13 eUy4oqIxL6cE6A3I',NULL,'2024-07-04 16:34:09','2024-07-05 16:34:09',1,'2024-06-21 16:34:09',0,0,0,NULL,0,0,NULL,NULL,NULL,27,40,NULL,27,NULL,NULL,NULL,NULL,NULL,NULL,NULL,NULL,NULL,'LIVE',0,86400,0),(1055,'Presentation','2024-06-21 11:34:09','2024-06-21 11:34:09','Presentation Title 14 aqmNq5HOcljUHQPn','Presentation Abstract 14 VwajYdxyY3V50fwD',NULL,'2024-07-05 16:34:09','2024-07-06 16:34:09',1,'2024-06-21 16:34:09',0,0,0,NULL,0,0,NULL,NULL,NULL,27,40,NULL,27,NULL,NULL,NULL,NULL,NULL,NULL,NULL,NULL,NULL,'LIVE',0,86400,0),(1056,'Presentation','2024-06-21 11:34:09','2024-06-21 11:34:09','Presentation Title 15 petK3L4wN9ZxC3lZ','Presentation Abstract 15 OyROOUzdQ1dXxKON',NULL,'2024-07-06 16:34:09','2024-07-07 16:34:09',1,'2024-06-21 16:34:09',0,0,0,NULL,0,0,NULL,NULL,NULL,27,40,NULL,27,NULL,NULL,NULL,NULL,NULL,NULL,NULL,NULL,NULL,'LIVE',0,86400,0),(1057,'Presentation','2024-06-21 11:34:09','2024-06-21 11:34:09','Presentation Title 16 kWObQnyQ2D4bvu2k','Presentation Abstract 16 G2CdUdNbLe4VTt2E',NULL,'2024-07-07 16:34:09','2024-07-08 16:34:09',1,'2024-06-21 16:34:09',0,0,0,NULL,0,0,NULL,NULL,NULL,27,40,NULL,27,NULL,NULL,NULL,NULL,NULL,NULL,NULL,NULL,NULL,'LIVE',0,86400,0),(1058,'Presentation','2024-06-21 11:34:09','2024-06-21 11:34:09','Presentation Title 17 CvoJtB8kNYYZFBy5','Presentation Abstract 17 blGeaHxpjGqfq7BU',NULL,'2024-07-08 16:34:09','2024-07-09 16:34:09',1,'2024-06-21 16:34:09',0,0,0,NULL,0,0,NULL,NULL,NULL,27,40,NULL,27,NULL,NULL,NULL,NULL,NULL,NULL,NULL,NULL,NULL,'LIVE',0,86400,0),(1059,'Presentation','2024-06-21 11:34:09','2024-06-21 11:34:09','Presentation Title 18 mTZXr82xfNuxJchh','Presentation Abstract 18 TZTm5A1r0391tVsb',NULL,'2024-07-09 16:34:09','2024-07-10 16:34:09',1,'2024-06-21 16:34:09',0,0,0,NULL,0,0,NULL,NULL,NULL,27,40,NULL,27,NULL,NULL,NULL,NULL,NULL,NULL,NULL,NULL,NULL,'LIVE',0,86400,0),(1060,'Presentation','2024-06-21 11:34:09','2024-06-21 11:34:09','Presentation Title 19 RTMARAWtI0Gq9rLQ','Presentation Abstract 19 h0EDcIZ4EcNYB738',NULL,'2024-07-10 16:34:09','2024-07-11 16:34:09',1,'2024-06-21 16:34:09',0,0,0,NULL,0,0,NULL,NULL,NULL,27,40,NULL,27,NULL,NULL,NULL,NULL,NULL,NULL,NULL,NULL,NULL,'LIVE',0,86400,0),(1061,'Presentation','2024-06-21 11:34:09','2024-06-21 11:34:09','Presentation Title 20 8SNYh2Oq00OgCiba','Presentation Abstract 20 ZLDyzxQi8Rk7dQkA',NULL,'2024-07-11 16:34:09','2024-07-12 16:34:09',1,'2024-06-21 16:34:09',0,0,0,NULL,0,0,NULL,NULL,274,27,40,NULL,27,NULL,NULL,NULL,NULL,NULL,NULL,NULL,NULL,NULL,'LIVE',0,86400,0),(1062,'Presentation','2024-06-21 11:34:09','2024-06-21 11:34:09','Presentation Title 21 D5kjCu59zZtv6cwi','Presentation Abstract 21 wmkMDF3cbyB9Yyha',NULL,'2024-07-12 16:34:09','2024-07-13 16:34:09',1,'2024-06-21 16:34:09',0,0,0,NULL,0,0,NULL,NULL,274,27,40,NULL,27,NULL,NULL,NULL,NULL,NULL,NULL,NULL,NULL,NULL,'LIVE',0,86400,0),(1063,'Presentation','2024-06-21 11:34:09','2024-06-21 11:34:09','Presentation Title 22 HtwcKvLFSVIDQ2Y8','Presentation Abstract 22 3Q34e3mJjuYHqaqK',NULL,'2024-07-13 16:34:09','2024-07-14 16:34:09',1,'2024-06-21 16:34:09',0,0,0,NULL,0,0,NULL,NULL,274,27,40,NULL,27,NULL,NULL,NULL,NULL,NULL,NULL,NULL,NULL,NULL,'LIVE',0,86400,0),(1064,'Presentation','2024-06-21 11:34:09','2024-06-21 11:34:09','Presentation Title 23 Q2XNX7wxj2VdSyGv','Presentation Abstract 23 yITlXrfnpCHn7JDN',NULL,'2024-07-14 16:34:09','2024-07-15 16:34:09',1,'2024-06-21 16:34:09',0,0,0,NULL,0,0,NULL,NULL,274,27,40,NULL,27,NULL,NULL,NULL,NULL,NULL,NULL,NULL,NULL,NULL,'LIVE',0,86400,0),(1065,'Presentation','2024-06-21 11:34:09','2024-06-21 11:34:09','Presentation Title 24 ZvtoJ0VUf3UfZPmZ','Presentation Abstract 24 AcPzm4nVSKM9SgyJ',NULL,'2024-07-15 16:34:09','2024-07-16 16:34:09',1,'2024-06-21 16:34:09',0,0,0,NULL,0,0,NULL,NULL,274,27,40,NULL,27,NULL,NULL,NULL,NULL,NULL,NULL,NULL,NULL,NULL,'LIVE',0,86400,0),(1066,'Presentation','2024-06-21 11:34:09','2024-06-21 11:34:09','Presentation Title 25 vepLv6WoIVHyATcb','Presentation Abstract 25 h5MX0IL6aaffYhrh',NULL,'2024-07-16 16:34:09','2024-07-17 16:34:09',1,'2024-06-21 16:34:09',0,0,0,NULL,0,0,NULL,NULL,274,27,40,NULL,27,NULL,NULL,NULL,NULL,NULL,NULL,NULL,NULL,NULL,'LIVE',0,86400,0),(1067,'Presentation','2024-06-21 11:34:09','2024-06-21 11:34:09','Presentation Title 26 tII17H3Q5F60vy8Y','Presentation Abstract 26 pB9wWJ10YYk1LVef',NULL,'2024-07-17 16:34:09','2024-07-18 16:34:09',1,'2024-06-21 16:34:09',0,0,0,NULL,0,0,NULL,NULL,274,27,40,NULL,27,NULL,NULL,NULL,NULL,NULL,NULL,NULL,NULL,NULL,'LIVE',0,86400,0),(1068,'Presentation','2024-06-21 11:34:09','2024-06-21 11:34:09','Presentation Title 27 zyLPaWblIOFfDnXY','Presentation Abstract 27 TRGAOFR8NzRH5KFC',NULL,'2024-07-18 16:34:09','2024-07-19 16:34:09',1,'2024-06-21 16:34:09',0,0,0,NULL,0,0,NULL,NULL,274,27,40,NULL,27,NULL,NULL,NULL,NULL,NULL,NULL,NULL,NULL,NULL,'LIVE',0,86400,0),(1069,'Presentation','2024-06-21 11:34:09','2024-06-21 11:34:09','Presentation Title 28 SY9Do8XTdzTgMEeE','Presentation Abstract 28 SnhYFn8PcKU0HbVe',NULL,'2024-07-19 16:34:09','2024-07-20 16:34:09',1,'2024-06-21 16:34:09',0,0,0,NULL,0,0,NULL,NULL,274,27,40,NULL,27,NULL,NULL,NULL,NULL,NULL,NULL,NULL,NULL,NULL,'LIVE',0,86400,0),(1070,'Presentation','2024-06-21 11:34:09','2024-06-21 11:34:09','Presentation Title 29 fXNHlWjKtjZWkOoW','Presentation Abstract 29 D1jvz3EHG5hs2WZW',NULL,'2024-07-20 16:34:09','2024-07-21 16:34:09',1,'2024-06-21 16:34:09',0,0,0,NULL,0,0,NULL,NULL,274,27,40,NULL,27,NULL,NULL,NULL,NULL,NULL,NULL,NULL,NULL,NULL,'LIVE',0,86400,0),(1071,'Presentation','2024-06-21 11:34:09','2024-06-21 11:34:09','Presentation Title 30 u6bGElJtuANpDMsL','Presentation Abstract 30 H1pUzIjCBcOPlHeB',NULL,'2024-07-21 16:34:09','2024-07-22 16:34:09',1,'2024-06-21 16:34:09',0,0,0,NULL,0,0,NULL,NULL,274,27,40,NULL,27,NULL,NULL,NULL,NULL,NULL,NULL,NULL,NULL,NULL,'LIVE',0,86400,0),(1072,'Presentation','2024-06-21 11:34:09','2024-06-21 11:34:09','Presentation Title 31 8WLgtCeEWaRijc2u','Presentation Abstract 31 lZoslvZF0VyzKkGI',NULL,'2024-07-22 16:34:09','2024-07-23 16:34:09',1,'2024-06-21 16:34:09',0,0,0,NULL,0,0,NULL,NULL,274,27,40,NULL,27,NULL,NULL,NULL,NULL,NULL,NULL,NULL,NULL,NULL,'LIVE',0,86400,0),(1073,'Presentation','2024-06-21 11:34:09','2024-06-21 11:34:09','Presentation Title 32 z03QmtsDysCsYpYt','Presentation Abstract 32 7o6nSZZEi7v4tKMV',NULL,'2024-07-23 16:34:09','2024-07-24 16:34:09',1,'2024-06-21 16:34:09',0,0,0,NULL,0,0,NULL,NULL,274,27,40,NULL,27,NULL,NULL,NULL,NULL,NULL,NULL,NULL,NULL,NULL,'LIVE',0,86400,0),(1074,'Presentation','2024-06-21 11:34:09','2024-06-21 11:34:09','Presentation Title 33 w6wuuec1Yn1XP7Ib','Presentation Abstract 33 1ia7vAA1ZUvbukrT',NULL,'2024-07-24 16:34:09','2024-07-25 16:34:09',1,'2024-06-21 16:34:09',0,0,0,NULL,0,0,NULL,NULL,274,27,40,NULL,27,NULL,NULL,NULL,NULL,NULL,NULL,NULL,NULL,NULL,'LIVE',0,86400,0),(1075,'Presentation','2024-06-21 11:34:09','2024-06-21 11:34:09','Presentation Title 34 yTKF3DJGDLA7v4bz','Presentation Abstract 34 hKz01ueYVaFPnlYO',NULL,'2024-07-25 16:34:09','2024-07-26 16:34:09',1,'2024-06-21 16:34:09',0,0,0,NULL,0,0,NULL,NULL,274,27,40,NULL,27,NULL,NULL,NULL,NULL,NULL,NULL,NULL,NULL,NULL,'LIVE',0,86400,0),(1076,'Presentation','2024-06-21 11:34:09','2024-06-21 11:34:09','Presentation Title 35 lSXSk2BbpZLZaDGz','Presentation Abstract 35 wEZYx9TLOyemet0v',NULL,'2024-07-26 16:34:09','2024-07-27 16:34:09',0,NULL,0,0,0,NULL,0,0,NULL,NULL,274,27,40,NULL,27,NULL,NULL,NULL,NULL,NULL,NULL,NULL,NULL,NULL,'LIVE',0,86400,0),(1077,'Presentation','2024-06-21 11:34:09','2024-06-21 11:34:09','Presentation Title 36 CLFen9rS1uoLeBR5','Presentation Abstract 36 12SWtUVIspmt4cWS',NULL,'2024-07-27 16:34:09','2024-07-28 16:34:09',1,'2024-06-21 16:34:09',0,0,0,NULL,0,0,NULL,NULL,274,27,40,NULL,27,NULL,NULL,NULL,NULL,NULL,NULL,NULL,NULL,NULL,'LIVE',0,86400,0),(1078,'Presentation','2024-06-21 11:34:09','2024-06-21 11:34:09','Presentation Title 37 vjNVKP8S1tId9UDv','Presentation Abstract 37 rxEwrE1AskuFYLrc',NULL,'2024-07-28 16:34:09','2024-07-29 16:34:09',1,'2024-06-21 16:34:09',0,0,0,NULL,0,0,NULL,NULL,274,27,40,NULL,27,NULL,NULL,NULL,NULL,NULL,NULL,NULL,NULL,NULL,'LIVE',0,86400,0),(1079,'Presentation','2024-06-21 11:34:09','2024-06-21 11:34:09','Presentation Title 38 Gjz4Lf4ynlYdBijH','Presentation Abstract 38 LY8oExZO0OsKDvxn',NULL,'2024-07-29 16:34:09','2024-07-30 16:34:09',1,'2024-06-21 16:34:09',0,0,0,NULL,0,0,NULL,NULL,274,27,40,NULL,27,NULL,NULL,NULL,NULL,NULL,NULL,NULL,NULL,NULL,'LIVE',0,86400,0),(1080,'Presentation','2024-06-21 11:34:09','2024-06-21 11:34:09','Presentation Title 39 13qfoAhrAfZXjP6r','Presentation Abstract 39 UxyavSldFwIhur3G',NULL,'2024-07-30 16:34:09','2024-07-31 16:34:09',1,'2024-06-21 16:34:09',0,0,0,NULL,0,0,NULL,NULL,274,27,40,NULL,27,NULL,NULL,NULL,NULL,NULL,NULL,NULL,NULL,NULL,'LIVE',0,86400,0),(1081,'Presentation','2024-06-21 11:34:09','2024-06-21 11:34:09','Presentation Title 0 AUFF3CtvGIsvCtUc Votable','Presentation Abstract 0 vUkF7Jq4U96axuje Votable',NULL,NULL,NULL,1,'2024-06-21 16:34:09',0,0,0,NULL,0,0,NULL,NULL,NULL,27,41,NULL,27,NULL,NULL,NULL,NULL,NULL,NULL,NULL,NULL,NULL,'LIVE',0,0,0),(1082,'Presentation','2024-06-21 11:34:09','2024-06-21 11:34:09','Presentation Title 1 8yyBkxWrpN85u15t Votable','Presentation Abstract 1 jmh7qYqNEhaXfJY1 Votable',NULL,NULL,NULL,1,'2024-06-21 16:34:09',0,0,0,NULL,0,0,NULL,NULL,NULL,27,41,NULL,27,NULL,NULL,NULL,NULL,NULL,NULL,NULL,NULL,NULL,'LIVE',0,0,0),(1083,'Presentation','2024-06-21 11:34:09','2024-06-21 11:34:09','Presentation Title 2 qVW83Sz2ySz7NmFk Votable','Presentation Abstract 2 DI6rNF3wJWuud6Mf Votable',NULL,NULL,NULL,1,'2024-06-21 16:34:09',0,0,0,NULL,0,0,NULL,NULL,NULL,27,41,NULL,27,NULL,NULL,NULL,NULL,NULL,NULL,NULL,NULL,NULL,'LIVE',0,0,0),(1084,'Presentation','2024-06-21 11:34:09','2024-06-21 11:34:09','Presentation Title 3 U0VsYyIwTcfyNCmi Votable','Presentation Abstract 3 84eL4Woz3s39qY2K Votable',NULL,NULL,NULL,1,'2024-06-21 16:34:09',0,0,0,NULL,0,0,NULL,NULL,NULL,27,41,NULL,27,NULL,NULL,NULL,NULL,NULL,NULL,NULL,NULL,NULL,'LIVE',0,0,0),(1085,'Presentation','2024-06-21 11:34:09','2024-06-21 11:34:09','Presentation Title 4 fWNpZ8hMh9VrLJ84 Votable','Presentation Abstract 4 uUAhJtijuoAtBts1 Votable',NULL,NULL,NULL,1,'2024-06-21 16:34:09',0,0,0,NULL,0,0,NULL,NULL,NULL,27,41,NULL,27,NULL,NULL,NULL,NULL,NULL,NULL,NULL,NULL,NULL,'LIVE',0,0,0),(1086,'Presentation','2024-06-21 11:34:09','2024-06-21 11:34:09','Presentation Title 5 ZjETS6gjgvhSP4wT Votable','Presentation Abstract 5 8aSONxjpjaDZQ1J3 Votable',NULL,NULL,NULL,1,'2024-06-21 16:34:09',0,0,0,NULL,0,0,NULL,NULL,NULL,27,41,NULL,27,NULL,NULL,NULL,NULL,NULL,NULL,NULL,NULL,NULL,'LIVE',0,0,0),(1087,'Presentation','2024-06-21 11:34:09','2024-06-21 11:34:09','Presentation Title 6 sEcjXYGPfsDzb4hN Votable','Presentation Abstract 6 QbZqTFq9HF1rjQPJ Votable',NULL,NULL,NULL,1,'2024-06-21 16:34:09',0,0,0,NULL,0,0,NULL,NULL,NULL,27,41,NULL,27,NULL,NULL,NULL,NULL,NULL,NULL,NULL,NULL,NULL,'LIVE',0,0,0),(1088,'Presentation','2024-06-21 11:34:09','2024-06-21 11:34:09','Presentation Title 7 zVXery529IQjgZUs Votable','Presentation Abstract 7 65qi7CTL3aXHuH31 Votable',NULL,NULL,NULL,1,'2024-06-21 16:34:09',0,0,0,NULL,0,0,NULL,NULL,NULL,27,41,NULL,27,NULL,NULL,NULL,NULL,NULL,NULL,NULL,NULL,NULL,'LIVE',0,0,0),(1089,'Presentation','2024-06-21 11:34:09','2024-06-21 11:34:09','Presentation Title 8 7MJFE3wCoCBneZMI Votable','Presentation Abstract 8 AD5fCoQrZw2KK1Yo Votable',NULL,NULL,NULL,1,'2024-06-21 16:34:09',0,0,0,NULL,0,0,NULL,NULL,NULL,27,41,NULL,27,NULL,NULL,NULL,NULL,NULL,NULL,NULL,NULL,NULL,'LIVE',0,0,0),(1090,'Presentation','2024-06-21 11:34:09','2024-06-21 11:34:09','Presentation Title 9 How8mtJ9TXB41CF9 Votable','Presentation Abstract 9 0Sj8a21gTxiVF0Op Votable',NULL,NULL,NULL,1,'2024-06-21 16:34:09',0,0,0,NULL,0,0,NULL,NULL,NULL,27,41,NULL,27,NULL,NULL,NULL,NULL,NULL,NULL,NULL,NULL,NULL,'LIVE',0,0,0),(1091,'Presentation','2024-06-21 11:34:09','2024-06-21 11:34:09','Presentation Title 10 SnoopH951Ga2GNm2 Votable','Presentation Abstract 10 v90TanJe9odaWBJz Votable',NULL,NULL,NULL,1,'2024-06-21 16:34:09',0,0,0,NULL,0,0,NULL,NULL,NULL,27,41,NULL,27,NULL,NULL,NULL,NULL,NULL,NULL,NULL,NULL,NULL,'LIVE',0,0,0),(1092,'Presentation','2024-06-21 11:34:09','2024-06-21 11:34:09','Presentation Title 11 qHHEbHBrkrPKVUYF Votable','Presentation Abstract 11 54vKjyYUT0wt3U4g Votable',NULL,NULL,NULL,1,'2024-06-21 16:34:09',0,0,0,NULL,0,0,NULL,NULL,NULL,27,41,NULL,27,NULL,NULL,NULL,NULL,NULL,NULL,NULL,NULL,NULL,'LIVE',0,0,0),(1093,'Presentation','2024-06-21 11:34:09','2024-06-21 11:34:09','Presentation Title 12 zg9v6dHNNPxpnojq Votable','Presentation Abstract 12 vrRenxst72NzFaAN Votable',NULL,NULL,NULL,1,'2024-06-21 16:34:09',0,0,0,NULL,0,0,NULL,NULL,NULL,27,41,NULL,27,NULL,NULL,NULL,NULL,NULL,NULL,NULL,NULL,NULL,'LIVE',0,0,0),(1094,'Presentation','2024-06-21 11:34:09','2024-06-21 11:34:09','Presentation Title 13 5yZynfCo9rLb5reh Votable','Presentation Abstract 13 MNA4pti5AXeQWF6M Votable',NULL,NULL,NULL,1,'2024-06-21 16:34:09',0,0,0,NULL,0,0,NULL,NULL,NULL,27,41,NULL,27,NULL,NULL,NULL,NULL,NULL,NULL,NULL,NULL,NULL,'LIVE',0,0,0),(1095,'Presentation','2024-06-21 11:34:09','2024-06-21 11:34:09','Presentation Title 14 4f1SLMEDX04kcznG Votable','Presentation Abstract 14 P4p3XW79PkvXLHCP Votable',NULL,NULL,NULL,1,'2024-06-21 16:34:09',0,0,0,NULL,0,0,NULL,NULL,NULL,27,41,NULL,27,NULL,NULL,NULL,NULL,NULL,NULL,NULL,NULL,NULL,'LIVE',0,0,0),(1096,'Presentation','2024-06-21 11:34:09','2024-06-21 11:34:09','Presentation Title 15 q1lAirwGtGiR0UFL Votable','Presentation Abstract 15 OTDDsKW3CAJaEvZN Votable',NULL,NULL,NULL,1,'2024-06-21 16:34:09',0,0,0,NULL,0,0,NULL,NULL,NULL,27,41,NULL,27,NULL,NULL,NULL,NULL,NULL,NULL,NULL,NULL,NULL,'LIVE',0,0,0),(1097,'Presentation','2024-06-21 11:34:09','2024-06-21 11:34:09','Presentation Title 16 v6K82hXvoupIk0oc Votable','Presentation Abstract 16 UVTu1kIfOGEXJfDV Votable',NULL,NULL,NULL,1,'2024-06-21 16:34:09',0,0,0,NULL,0,0,NULL,NULL,NULL,27,41,NULL,27,NULL,NULL,NULL,NULL,NULL,NULL,NULL,NULL,NULL,'LIVE',0,0,0),(1098,'Presentation','2024-06-21 11:34:09','2024-06-21 11:34:09','Presentation Title 17 VLc7VFPUSdF1Ert0 Votable','Presentation Abstract 17 7L8NBghxNxWs9xaM Votable',NULL,NULL,NULL,1,'2024-06-21 16:34:09',0,0,0,NULL,0,0,NULL,NULL,NULL,27,41,NULL,27,NULL,NULL,NULL,NULL,NULL,NULL,NULL,NULL,NULL,'LIVE',0,0,0),(1099,'Presentation','2024-06-21 11:34:09','2024-06-21 11:34:09','Presentation Title 18 VJ85iiNuQqA841I5 Votable','Presentation Abstract 18 peeVPLWprtbMACsv Votable',NULL,NULL,NULL,1,'2024-06-21 16:34:09',0,0,0,NULL,0,0,NULL,NULL,NULL,27,41,NULL,27,NULL,NULL,NULL,NULL,NULL,NULL,NULL,NULL,NULL,'LIVE',0,0,0),(1100,'Presentation','2024-06-21 11:34:09','2024-06-21 11:34:09','Presentation Title 19 qiAZrMJmZxXuFEia Votable','Presentation Abstract 19 EZIXli8q1H7483M8 Votable',NULL,NULL,NULL,1,'2024-06-21 16:34:09',0,0,0,NULL,0,0,NULL,NULL,NULL,27,41,NULL,27,NULL,NULL,NULL,NULL,NULL,NULL,NULL,NULL,NULL,'LIVE',0,0,0),(1101,'SummitEvent','2024-06-21 11:34:09','2024-06-21 11:34:09','Raw Event Title 0 hG5ALtuxnaxDSkhK','Raw Event Abstract 0 BsCUcq13zcleOCZ4',NULL,NULL,NULL,0,NULL,0,0,0,NULL,0,0,NULL,NULL,NULL,27,42,NULL,27,NULL,NULL,NULL,NULL,NULL,NULL,NULL,NULL,NULL,'LIVE',0,0,0),(1102,'SummitEvent','2024-06-21 11:34:09','2024-06-21 11:34:09','Raw Event Title 1 jpMtCBdmhlfe8elY','Raw Event Abstract 1 UoUyep1IMzwxiSsj',NULL,NULL,NULL,0,NULL,0,0,0,NULL,0,0,NULL,NULL,NULL,27,42,NULL,27,NULL,NULL,NULL,NULL,NULL,NULL,NULL,NULL,NULL,'LIVE',0,0,0),(1103,'SummitEvent','2024-06-21 11:34:09','2024-06-21 11:34:09','Raw Event Title 2 H1eMEaWPBs55RoZc','Raw Event Abstract 2 ci6WFyJMPFofRoDI',NULL,NULL,NULL,0,NULL,0,0,0,NULL,0,0,NULL,NULL,NULL,27,42,NULL,27,NULL,NULL,NULL,NULL,NULL,NULL,NULL,NULL,NULL,'LIVE',0,0,0),(1104,'SummitEvent','2024-06-21 11:34:09','2024-06-21 11:34:09','Raw Event Title 3 OQKPMxfZKqAhLUa3','Raw Event Abstract 3 9TPqD3SB2LBwzkqx',NULL,NULL,NULL,0,NULL,0,0,0,NULL,0,0,NULL,NULL,NULL,27,42,NULL,27,NULL,NULL,NULL,NULL,NULL,NULL,NULL,NULL,NULL,'LIVE',0,0,0),(1105,'SummitEvent','2024-06-21 11:34:09','2024-06-21 11:34:09','Raw Event Title 4 Jo6MgKbTg0KegiPv','Raw Event Abstract 4 zEpNa8BW0RbHEVEo',NULL,NULL,NULL,0,NULL,0,0,0,NULL,0,0,NULL,NULL,NULL,27,42,NULL,27,NULL,NULL,NULL,NULL,NULL,NULL,NULL,NULL,NULL,'LIVE',0,0,0),(1106,'SummitEvent','2024-06-21 11:34:09','2024-06-21 11:34:09','Raw Event Title 5 thW4Sia2ZK2bI65M','Raw Event Abstract 5 whUF1yZWA2aXKhxB',NULL,NULL,NULL,0,NULL,0,0,0,NULL,0,0,NULL,NULL,NULL,27,42,NULL,27,NULL,NULL,NULL,NULL,NULL,NULL,NULL,NULL,NULL,'LIVE',0,0,0),(1107,'SummitEvent','2024-06-21 11:34:09','2024-06-21 11:34:09','Raw Event Title 6 6HsnlSXEvVVcsFaP','Raw Event Abstract 6 PQLkBY5dNWak2qVO',NULL,NULL,NULL,0,NULL,0,0,0,NULL,0,0,NULL,NULL,NULL,27,42,NULL,27,NULL,NULL,NULL,NULL,NULL,NULL,NULL,NULL,NULL,'LIVE',0,0,0),(1108,'SummitEvent','2024-06-21 11:34:09','2024-06-21 11:34:09','Raw Event Title 7 e78eOLnwyVrkbKQl','Raw Event Abstract 7 Skri7B3de90Jv2sD',NULL,NULL,NULL,0,NULL,0,0,0,NULL,0,0,NULL,NULL,NULL,27,42,NULL,27,NULL,NULL,NULL,NULL,NULL,NULL,NULL,NULL,NULL,'LIVE',0,0,0),(1109,'SummitEvent','2024-06-21 11:34:09','2024-06-21 11:34:09','Raw Event Title 8 GWRwv9lQ302Yeg09','Raw Event Abstract 8 fKYoMe7XdzkDwWkg',NULL,NULL,NULL,0,NULL,0,0,0,NULL,0,0,NULL,NULL,NULL,27,42,NULL,27,NULL,NULL,NULL,NULL,NULL,NULL,NULL,NULL,NULL,'LIVE',0,0,0),(1110,'SummitEvent','2024-06-21 11:34:09','2024-06-21 11:34:09','Raw Event Title 9 IALsSF6epNKdFyA6','Raw Event Abstract 9 KpH4mD0vvI2wyfz8',NULL,NULL,NULL,0,NULL,0,0,0,NULL,0,0,NULL,NULL,NULL,27,42,NULL,27,NULL,NULL,NULL,NULL,NULL,NULL,NULL,NULL,NULL,'LIVE',0,0,0),(1111,'SummitEvent','2024-06-21 11:34:09','2024-06-21 11:34:09','Raw Event Title 10 kPZNkH9wBXdbfhSz','Raw Event Abstract 10 hqVWb8dH5wSMPbcM',NULL,NULL,NULL,0,NULL,0,0,0,NULL,0,0,NULL,NULL,NULL,27,42,NULL,27,NULL,NULL,NULL,NULL,NULL,NULL,NULL,NULL,NULL,'LIVE',0,0,0),(1112,'SummitEvent','2024-06-21 11:34:09','2024-06-21 11:34:09','Raw Event Title 11 HnkiwfATnkwltR0h','Raw Event Abstract 11 K5PNoWP4TeEHon3S',NULL,NULL,NULL,0,NULL,0,0,0,NULL,0,0,NULL,NULL,NULL,27,42,NULL,27,NULL,NULL,NULL,NULL,NULL,NULL,NULL,NULL,NULL,'LIVE',0,0,0),(1113,'SummitEvent','2024-06-21 11:34:09','2024-06-21 11:34:09','Raw Event Title 12 XsgvVmlP8sJRLe5l','Raw Event Abstract 12 iOXv47yM8yNRXxDH',NULL,NULL,NULL,0,NULL,0,0,0,NULL,0,0,NULL,NULL,NULL,27,42,NULL,27,NULL,NULL,NULL,NULL,NULL,NULL,NULL,NULL,NULL,'LIVE',0,0,0),(1114,'SummitEvent','2024-06-21 11:34:09','2024-06-21 11:34:09','Raw Event Title 13 KoN49qU8zY7xordJ','Raw Event Abstract 13 k8Pl6cccmXkBIaG0',NULL,NULL,NULL,0,NULL,0,0,0,NULL,0,0,NULL,NULL,NULL,27,42,NULL,27,NULL,NULL,NULL,NULL,NULL,NULL,NULL,NULL,NULL,'LIVE',0,0,0),(1115,'SummitEvent','2024-06-21 11:34:09','2024-06-21 11:34:09','Raw Event Title 14 OtuucWnWUzTuUgOO','Raw Event Abstract 14 s65fTOEzLVFuAExI',NULL,NULL,NULL,0,NULL,0,0,0,NULL,0,0,NULL,NULL,NULL,27,42,NULL,27,NULL,NULL,NULL,NULL,NULL,NULL,NULL,NULL,NULL,'LIVE',0,0,0),(1116,'SummitEvent','2024-06-21 11:34:09','2024-06-21 11:34:09','Raw Event Title 15 T6V6fm3H4sMTppW2','Raw Event Abstract 15 cnijLlWNN1eN3JaW',NULL,NULL,NULL,0,NULL,0,0,0,NULL,0,0,NULL,NULL,NULL,27,42,NULL,27,NULL,NULL,NULL,NULL,NULL,NULL,NULL,NULL,NULL,'LIVE',0,0,0),(1117,'SummitEvent','2024-06-21 11:34:09','2024-06-21 11:34:09','Raw Event Title 16 b3OqRnhu1wuhM6wW','Raw Event Abstract 16 A5NKE3cS5iGe9C0E',NULL,NULL,NULL,0,NULL,0,0,0,NULL,0,0,NULL,NULL,NULL,27,42,NULL,27,NULL,NULL,NULL,NULL,NULL,NULL,NULL,NULL,NULL,'LIVE',0,0,0),(1118,'SummitEvent','2024-06-21 11:34:09','2024-06-21 11:34:09','Raw Event Title 17 AAzEatZpDR4mSofC','Raw Event Abstract 17 rvIw0ZFT0Tc6iU2z',NULL,NULL,NULL,0,NULL,0,0,0,NULL,0,0,NULL,NULL,NULL,27,42,NULL,27,NULL,NULL,NULL,NULL,NULL,NULL,NULL,NULL,NULL,'LIVE',0,0,0),(1119,'SummitEvent','2024-06-21 11:34:09','2024-06-21 11:34:09','Raw Event Title 18 z09Df9a8820k3A39','Raw Event Abstract 18 EOsXPj6GojGSqGUH',NULL,NULL,NULL,0,NULL,0,0,0,NULL,0,0,NULL,NULL,NULL,27,42,NULL,27,NULL,NULL,NULL,NULL,NULL,NULL,NULL,NULL,NULL,'LIVE',0,0,0),(1120,'SummitEvent','2024-06-21 11:34:09','2024-06-21 11:34:09','Raw Event Title 19 e4JpoVLz4rMgJ0pO','Raw Event Abstract 19 e6W4mAyrIOnWwHxW',NULL,NULL,NULL,0,NULL,0,0,0,NULL,0,0,NULL,NULL,NULL,27,42,NULL,27,NULL,NULL,NULL,NULL,NULL,NULL,NULL,NULL,NULL,'LIVE',0,0,0);
/*!40000 ALTER TABLE `SummitEvent` ENABLE KEYS */;
UNLOCK TABLES;

--
-- Table structure for table `SummitEventAttendanceMetric`
--

DROP TABLE IF EXISTS `SummitEventAttendanceMetric`;
/*!40101 SET @saved_cs_client     = @@character_set_client */;
/*!50503 SET character_set_client = utf8mb4 */;
CREATE TABLE `SummitEventAttendanceMetric` (
  `ID` int NOT NULL,
  `ClassName` enum('SummitEventAttendanceMetric') COLLATE utf8mb3_unicode_ci DEFAULT 'SummitEventAttendanceMetric',
  `SummitEventID` int DEFAULT NULL,
  `SubType` varchar(255) COLLATE utf8mb3_unicode_ci NOT NULL DEFAULT 'VIRTUAL',
  `SummitVenueRoomID` int DEFAULT NULL,
  `SummitAttendeeID` int DEFAULT NULL,
  `CreatedByID` int DEFAULT NULL,
  PRIMARY KEY (`ID`),
  KEY `CreatedByID` (`CreatedByID`),
  KEY `SummitAttendeeID` (`SummitAttendeeID`),
  KEY `SummitEventID` (`SummitEventID`),
  KEY `SummitVenueRoomID` (`SummitVenueRoomID`),
  CONSTRAINT `FK_967BCC3722CF6AF5` FOREIGN KEY (`SummitEventID`) REFERENCES `SummitEvent` (`ID`) ON DELETE CASCADE,
  CONSTRAINT `FK_SummitEventAttendanceMetric_CreatedBy` FOREIGN KEY (`CreatedByID`) REFERENCES `Member` (`ID`) ON DELETE CASCADE,
  CONSTRAINT `FK_SummitEventAttendanceMetric_SummitAttendee` FOREIGN KEY (`SummitAttendeeID`) REFERENCES `SummitAttendee` (`ID`) ON DELETE CASCADE,
  CONSTRAINT `FK_SummitEventAttendanceMetric_SummitMetric` FOREIGN KEY (`ID`) REFERENCES `SummitMetric` (`ID`) ON DELETE CASCADE,
  CONSTRAINT `FK_SummitEventAttendanceMetric_SummitVenueRoom` FOREIGN KEY (`SummitVenueRoomID`) REFERENCES `SummitVenueRoom` (`ID`) ON DELETE CASCADE
) ENGINE=InnoDB DEFAULT CHARSET=utf8mb3 COLLATE=utf8mb3_unicode_ci;
/*!40101 SET character_set_client = @saved_cs_client */;

--
-- Dumping data for table `SummitEventAttendanceMetric`
--

LOCK TABLES `SummitEventAttendanceMetric` WRITE;
/*!40000 ALTER TABLE `SummitEventAttendanceMetric` DISABLE KEYS */;
/*!40000 ALTER TABLE `SummitEventAttendanceMetric` ENABLE KEYS */;
UNLOCK TABLES;

--
-- Table structure for table `SummitEventAuditLog`
--

DROP TABLE IF EXISTS `SummitEventAuditLog`;
/*!40101 SET @saved_cs_client     = @@character_set_client */;
/*!50503 SET character_set_client = utf8mb4 */;
CREATE TABLE `SummitEventAuditLog` (
  `ID` int NOT NULL,
  `EventID` int NOT NULL,
  PRIMARY KEY (`ID`),
  KEY `EventID` (`EventID`),
  CONSTRAINT `FK_SummitEventAuditLog_AuditLog` FOREIGN KEY (`ID`) REFERENCES `AuditLog` (`ID`) ON DELETE CASCADE
) ENGINE=InnoDB DEFAULT CHARSET=utf8mb3 COLLATE=utf8mb3_unicode_ci;
/*!40101 SET character_set_client = @saved_cs_client */;

--
-- Dumping data for table `SummitEventAuditLog`
--

LOCK TABLES `SummitEventAuditLog` WRITE;
/*!40000 ALTER TABLE `SummitEventAuditLog` DISABLE KEYS */;
INSERT INTO `SummitEventAuditLog` VALUES (1,161),(81,161),(2,162),(82,162),(3,163),(83,163),(4,164),(84,164),(5,165),(85,165),(6,166),(86,166),(7,167),(87,167),(8,168),(88,168),(9,169),(89,169),(10,170),(90,170),(11,171),(91,171),(12,172),(92,172),(13,173),(93,173),(14,174),(94,174),(15,175),(95,175),(16,176),(96,176),(17,177),(97,177),(18,178),(98,178),(19,179),(99,179),(20,180),(100,180),(21,181),(101,181),(22,182),(102,182),(23,183),(103,183),(24,184),(104,184),(25,185),(105,185),(26,186),(106,186),(27,187),(107,187),(28,188),(108,188),(29,189),(109,189),(30,190),(110,190),(31,191),(111,191),(32,192),(112,192),(33,193),(113,193),(34,194),(114,194),(35,195),(115,195),(36,196),(116,196),(37,197),(117,197),(38,198),(118,198),(39,199),(119,199),(40,200),(120,200),(41,201),(42,202),(43,203),(44,204),(45,205),(46,206),(47,207),(48,208),(49,209),(50,210),(51,211),(52,212),(53,213),(54,214),(55,215),(56,216),(57,217),(58,218),(59,219),(60,220),(61,221),(62,222),(63,223),(64,224),(65,225),(66,226),(67,227),(68,228),(69,229),(70,230),(71,231),(72,232),(73,233),(74,234),(75,235),(76,236),(77,237),(78,238),(79,239),(80,240),(121,241),(201,241),(122,242),(202,242),(123,243),(203,243),(124,244),(204,244),(125,245),(205,245),(126,246),(206,246),(127,247),(207,247),(128,248),(208,248),(129,249),(209,249),(130,250),(210,250),(131,251),(211,251),(132,252),(212,252),(133,253),(213,253),(134,254),(214,254),(135,255),(215,255),(136,256),(216,256),(137,257),(217,257),(138,258),(218,258),(139,259),(219,259),(140,260),(220,260),(141,261),(221,261),(142,262),(222,262),(143,263),(223,263),(144,264),(224,264),(145,265),(225,265),(146,266),(226,266),(147,267),(227,267),(148,268),(228,268),(149,269),(229,269),(150,270),(230,270),(151,271),(231,271),(152,272),(232,272),(153,273),(233,273),(154,274),(234,274),(155,275),(235,275),(156,276),(236,276),(157,277),(237,277),(158,278),(238,278),(159,279),(239,279),(160,280),(240,280),(161,281),(162,282),(163,283),(164,284),(165,285),(166,286),(167,287),(168,288),(169,289),(170,290),(171,291),(172,292),(173,293),(174,294),(175,295),(176,296),(177,297),(178,298),(179,299),(180,300),(181,301),(182,302),(183,303),(184,304),(185,305),(186,306),(187,307),(188,308),(189,309),(190,310),(191,311),(192,312),(193,313),(194,314),(195,315),(196,316),(197,317),(198,318),(199,319),(200,320),(241,321),(321,321),(242,322),(322,322),(243,323),(323,323),(244,324),(324,324),(245,325),(325,325),(246,326),(326,326),(247,327),(327,327),(248,328),(328,328),(249,329),(329,329),(250,330),(330,330),(251,331),(331,331),(252,332),(332,332),(253,333),(333,333),(254,334),(334,334),(255,335),(335,335),(256,336),(336,336),(257,337),(337,337),(258,338),(338,338),(259,339),(339,339),(260,340),(340,340),(261,341),(341,341),(262,342),(342,342),(263,343),(343,343),(264,344),(344,344),(265,345),(345,345),(266,346),(346,346),(267,347),(347,347),(268,348),(348,348),(269,349),(349,349),(270,350),(350,350),(271,351),(351,351),(272,352),(352,352),(273,353),(353,353),(274,354),(354,354),(275,355),(355,355),(276,356),(356,356),(277,357),(357,357),(278,358),(358,358),(279,359),(359,359),(280,360),(360,360),(281,361),(282,362),(283,363),(284,364),(285,365),(286,366),(287,367),(288,368),(289,369),(290,370),(291,371),(292,372),(293,373),(294,374),(295,375),(296,376),(297,377),(298,378),(299,379),(300,380),(301,381),(302,382),(303,383),(304,384),(305,385),(306,386),(307,387),(308,388),(309,389),(310,390),(311,391),(312,392),(313,393),(314,394),(315,395),(316,396),(317,397),(318,398),(319,399),(320,400),(361,401),(441,401),(362,402),(442,402),(363,403),(443,403),(364,404),(444,404),(365,405),(445,405),(366,406),(446,406),(367,407),(447,407),(368,408),(448,408),(369,409),(449,409),(370,410),(450,410),(371,411),(451,411),(372,412),(452,412),(373,413),(453,413),(374,414),(454,414),(375,415),(455,415),(376,416),(456,416),(377,417),(457,417),(378,418),(458,418),(379,419),(459,419),(380,420),(460,420),(381,421),(461,421),(382,422),(462,422),(383,423),(463,423),(384,424),(464,424),(385,425),(465,425),(386,426),(466,426),(387,427),(467,427),(388,428),(468,428),(389,429),(469,429),(390,430),(470,430),(391,431),(471,431),(392,432),(472,432),(393,433),(473,433),(394,434),(474,434),(395,435),(475,435),(396,436),(476,436),(397,437),(477,437),(398,438),(478,438),(399,439),(479,439),(400,440),(480,440),(401,441),(402,442),(403,443),(404,444),(405,445),(406,446),(407,447),(408,448),(409,449),(410,450),(411,451),(412,452),(413,453),(414,454),(415,455),(416,456),(417,457),(418,458),(419,459),(420,460),(421,461),(422,462),(423,463),(424,464),(425,465),(426,466),(427,467),(428,468),(429,469),(430,470),(431,471),(432,472),(433,473),(434,474),(435,475),(436,476),(437,477),(438,478),(439,479),(440,480),(481,481),(561,481),(482,482),(562,482),(483,483),(563,483),(484,484),(564,484),(485,485),(565,485),(486,486),(566,486),(487,487),(567,487),(488,488),(568,488),(489,489),(569,489),(490,490),(570,490),(491,491),(571,491),(492,492),(572,492),(493,493),(573,493),(494,494),(574,494),(495,495),(575,495),(496,496),(576,496),(497,497),(577,497),(498,498),(578,498),(499,499),(579,499),(500,500),(580,500),(501,501),(581,501),(502,502),(582,502),(503,503),(583,503),(504,504),(584,504),(505,505),(585,505),(506,506),(586,506),(507,507),(587,507),(508,508),(588,508),(509,509),(589,509),(510,510),(590,510),(511,511),(591,511),(512,512),(592,512),(513,513),(593,513),(514,514),(594,514),(515,515),(595,515),(516,516),(596,516),(517,517),(597,517),(518,518),(598,518),(519,519),(599,519),(520,520),(600,520),(521,521),(522,522),(523,523),(524,524),(525,525),(526,526),(527,527),(528,528),(529,529),(530,530),(531,531),(532,532),(533,533),(534,534),(535,535),(536,536),(537,537),(538,538),(539,539),(540,540),(541,541),(542,542),(543,543),(544,544),(545,545),(546,546),(547,547),(548,548),(549,549),(550,550),(551,551),(552,552),(553,553),(554,554),(555,555),(556,556),(557,557),(558,558),(559,559),(560,560),(601,561),(681,561),(602,562),(682,562),(603,563),(683,563),(604,564),(684,564),(605,565),(685,565),(606,566),(686,566),(607,567),(687,567),(608,568),(688,568),(609,569),(689,569),(610,570),(690,570),(611,571),(691,571),(612,572),(692,572),(613,573),(693,573),(614,574),(694,574),(615,575),(695,575),(616,576),(696,576),(617,577),(697,577),(618,578),(698,578),(619,579),(699,579),(620,580),(700,580),(621,581),(701,581),(622,582),(702,582),(623,583),(703,583),(624,584),(704,584),(625,585),(705,585),(626,586),(706,586),(627,587),(707,587),(628,588),(708,588),(629,589),(709,589),(630,590),(710,590),(631,591),(711,591),(632,592),(712,592),(633,593),(713,593),(634,594),(714,594),(635,595),(715,595),(636,596),(716,596),(637,597),(717,597),(638,598),(718,598),(639,599),(719,599),(640,600),(720,600),(641,601),(642,602),(643,603),(644,604),(645,605),(646,606),(647,607),(648,608),(649,609),(650,610),(651,611),(652,612),(653,613),(654,614),(655,615),(656,616),(657,617),(658,618),(659,619),(660,620),(661,621),(662,622),(663,623),(664,624),(665,625),(666,626),(667,627),(668,628),(669,629),(670,630),(671,631),(672,632),(673,633),(674,634),(675,635),(676,636),(677,637),(678,638),(679,639),(680,640),(721,641),(801,641),(722,642),(802,642),(723,643),(803,643),(724,644),(804,644),(725,645),(805,645),(726,646),(806,646),(727,647),(807,647),(728,648),(808,648),(729,649),(809,649),(730,650),(810,650),(731,651),(811,651),(732,652),(812,652),(733,653),(813,653),(734,654),(814,654),(735,655),(815,655),(736,656),(816,656),(737,657),(817,657),(738,658),(818,658),(739,659),(819,659),(740,660),(820,660),(741,661),(821,661),(742,662),(822,662),(743,663),(823,663),(744,664),(824,664),(745,665),(825,665),(746,666),(826,666),(747,667),(827,667),(748,668),(828,668),(749,669),(829,669),(750,670),(830,670),(751,671),(831,671),(752,672),(832,672),(753,673),(833,673),(754,674),(834,674),(755,675),(835,675),(756,676),(836,676),(757,677),(837,677),(758,678),(838,678),(759,679),(839,679),(760,680),(840,680),(761,681),(762,682),(763,683),(764,684),(765,685),(766,686),(767,687),(768,688),(769,689),(770,690),(771,691),(772,692),(773,693),(774,694),(775,695),(776,696),(777,697),(778,698),(779,699),(780,700),(781,701),(782,702),(783,703),(784,704),(785,705),(786,706),(787,707),(788,708),(789,709),(790,710),(791,711),(792,712),(793,713),(794,714),(795,715),(796,716),(797,717),(798,718),(799,719),(800,720),(841,721),(921,721),(842,722),(922,722),(843,723),(923,723),(844,724),(924,724),(845,725),(925,725),(846,726),(926,726),(847,727),(927,727),(848,728),(928,728),(849,729),(929,729),(850,730),(930,730),(851,731),(931,731),(852,732),(932,732),(853,733),(933,733),(854,734),(934,734),(855,735),(935,735),(856,736),(936,736),(857,737),(937,737),(858,738),(938,738),(859,739),(939,739),(860,740),(940,740),(861,741),(941,741),(862,742),(942,742),(863,743),(943,743),(864,744),(944,744),(865,745),(945,745),(866,746),(946,746),(867,747),(947,747),(868,748),(948,748),(869,749),(949,749),(870,750),(950,750),(871,751),(951,751),(872,752),(952,752),(873,753),(953,753),(874,754),(954,754),(875,755),(955,755),(876,756),(956,756),(877,757),(957,757),(878,758),(958,758),(879,759),(959,759),(880,760),(960,760),(881,761),(882,762),(883,763),(884,764),(885,765),(886,766),(887,767),(888,768),(889,769),(890,770),(891,771),(892,772),(893,773),(894,774),(895,775),(896,776),(897,777),(898,778),(899,779),(900,780),(901,781),(902,782),(903,783),(904,784),(905,785),(906,786),(907,787),(908,788),(909,789),(910,790),(911,791),(912,792),(913,793),(914,794),(915,795),(916,796),(917,797),(918,798),(919,799),(920,800),(961,801),(1041,801),(962,802),(1042,802),(963,803),(1043,803),(964,804),(1044,804),(965,805),(1045,805),(966,806),(1046,806),(967,807),(1047,807),(968,808),(1048,808),(969,809),(1049,809),(970,810),(1050,810),(971,811),(1051,811),(972,812),(1052,812),(973,813),(1053,813),(974,814),(1054,814),(975,815),(1055,815),(976,816),(1056,816),(977,817),(1057,817),(978,818),(1058,818),(979,819),(1059,819),(980,820),(1060,820),(981,821),(1061,821),(982,822),(1062,822),(983,823),(1063,823),(984,824),(1064,824),(985,825),(1065,825),(986,826),(1066,826),(987,827),(1067,827),(988,828),(1068,828),(989,829),(1069,829),(990,830),(1070,830),(991,831),(1071,831),(992,832),(1072,832),(993,833),(1073,833),(994,834),(1074,834),(995,835),(1075,835),(996,836),(1076,836),(997,837),(1077,837),(998,838),(1078,838),(999,839),(1079,839),(1000,840),(1080,840),(1001,841),(1002,842),(1003,843),(1004,844),(1005,845),(1006,846),(1007,847),(1008,848),(1009,849),(1010,850),(1011,851),(1012,852),(1013,853),(1014,854),(1015,855),(1016,856),(1017,857),(1018,858),(1019,859),(1020,860),(1021,861),(1022,862),(1023,863),(1024,864),(1025,865),(1026,866),(1027,867),(1028,868),(1029,869),(1030,870),(1031,871),(1032,872),(1033,873),(1034,874),(1035,875),(1036,876),(1037,877),(1038,878),(1039,879),(1040,880),(1081,881),(1161,881),(1082,882),(1162,882),(1083,883),(1163,883),(1084,884),(1164,884),(1085,885),(1165,885),(1086,886),(1166,886),(1087,887),(1167,887),(1088,888),(1168,888),(1089,889),(1169,889),(1090,890),(1170,890),(1091,891),(1171,891),(1092,892),(1172,892),(1093,893),(1173,893),(1094,894),(1174,894),(1095,895),(1175,895),(1096,896),(1176,896),(1097,897),(1177,897),(1098,898),(1178,898),(1099,899),(1179,899),(1100,900),(1180,900),(1101,901),(1181,901),(1102,902),(1182,902),(1103,903),(1183,903),(1104,904),(1184,904),(1105,905),(1185,905),(1106,906),(1186,906),(1107,907),(1187,907),(1108,908),(1188,908),(1109,909),(1189,909),(1110,910),(1190,910),(1111,911),(1191,911),(1112,912),(1192,912),(1113,913),(1193,913),(1114,914),(1194,914),(1115,915),(1195,915),(1116,916),(1196,916),(1117,917),(1197,917),(1118,918),(1198,918),(1119,919),(1199,919),(1120,920),(1200,920),(1121,921),(1122,922),(1123,923),(1124,924),(1125,925),(1126,926),(1127,927),(1128,928),(1129,929),(1130,930),(1131,931),(1132,932),(1133,933),(1134,934),(1135,935),(1136,936),(1137,937),(1138,938),(1139,939),(1140,940),(1141,941),(1142,942),(1143,943),(1144,944),(1145,945),(1146,946),(1147,947),(1148,948),(1149,949),(1150,950),(1151,951),(1152,952),(1153,953),(1154,954),(1155,955),(1156,956),(1157,957),(1158,958),(1159,959),(1160,960),(1201,961),(1281,961),(1202,962),(1282,962),(1203,963),(1283,963),(1204,964),(1284,964),(1205,965),(1285,965),(1206,966),(1286,966),(1207,967),(1287,967),(1208,968),(1288,968),(1209,969),(1289,969),(1210,970),(1290,970),(1211,971),(1291,971),(1212,972),(1292,972),(1213,973),(1293,973),(1214,974),(1294,974),(1215,975),(1295,975),(1216,976),(1296,976),(1217,977),(1297,977),(1218,978),(1298,978),(1219,979),(1299,979),(1220,980),(1300,980),(1221,981),(1301,981),(1222,982),(1302,982),(1223,983),(1303,983),(1224,984),(1304,984),(1225,985),(1305,985),(1226,986),(1306,986),(1227,987),(1307,987),(1228,988),(1308,988),(1229,989),(1309,989),(1230,990),(1310,990),(1231,991),(1311,991),(1232,992),(1312,992),(1233,993),(1313,993),(1234,994),(1314,994),(1235,995),(1315,995),(1236,996),(1316,996),(1237,997),(1317,997),(1238,998),(1318,998),(1239,999),(1319,999),(1240,1000),(1320,1000),(1241,1001),(1242,1002),(1243,1003),(1244,1004),(1245,1005),(1246,1006),(1247,1007),(1248,1008),(1249,1009),(1250,1010),(1251,1011),(1252,1012),(1253,1013),(1254,1014),(1255,1015),(1256,1016),(1257,1017),(1258,1018),(1259,1019),(1260,1020),(1261,1021),(1262,1022),(1263,1023),(1264,1024),(1265,1025),(1266,1026),(1267,1027),(1268,1028),(1269,1029),(1270,1030),(1271,1031),(1272,1032),(1273,1033),(1274,1034),(1275,1035),(1276,1036),(1277,1037),(1278,1038),(1279,1039),(1280,1040),(1321,1041),(1401,1041),(1322,1042),(1402,1042),(1323,1043),(1403,1043),(1324,1044),(1404,1044),(1325,1045),(1405,1045),(1326,1046),(1406,1046),(1327,1047),(1407,1047),(1328,1048),(1408,1048),(1329,1049),(1409,1049),(1330,1050),(1410,1050),(1331,1051),(1411,1051),(1332,1052),(1412,1052),(1333,1053),(1413,1053),(1334,1054),(1414,1054),(1335,1055),(1415,1055),(1336,1056),(1416,1056),(1337,1057),(1417,1057),(1338,1058),(1418,1058),(1339,1059),(1419,1059),(1340,1060),(1420,1060),(1341,1061),(1421,1061),(1342,1062),(1422,1062),(1343,1063),(1423,1063),(1344,1064),(1424,1064),(1345,1065),(1425,1065),(1346,1066),(1426,1066),(1347,1067),(1427,1067),(1348,1068),(1428,1068),(1349,1069),(1429,1069),(1350,1070),(1430,1070),(1351,1071),(1431,1071),(1352,1072),(1432,1072),(1353,1073),(1433,1073),(1354,1074),(1434,1074),(1355,1075),(1435,1075),(1356,1076),(1436,1076),(1357,1077),(1437,1077),(1358,1078),(1438,1078),(1359,1079),(1439,1079),(1360,1080),(1440,1080),(1361,1081),(1362,1082),(1363,1083),(1364,1084),(1365,1085),(1366,1086),(1367,1087),(1368,1088),(1369,1089),(1370,1090),(1371,1091),(1372,1092),(1373,1093),(1374,1094),(1375,1095),(1376,1096),(1377,1097),(1378,1098),(1379,1099),(1380,1100),(1381,1101),(1382,1102),(1383,1103),(1384,1104),(1385,1105),(1386,1106),(1387,1107),(1388,1108),(1389,1109),(1390,1110),(1391,1111),(1392,1112),(1393,1113),(1394,1114),(1395,1115),(1396,1116),(1397,1117),(1398,1118),(1399,1119),(1400,1120);
/*!40000 ALTER TABLE `SummitEventAuditLog` ENABLE KEYS */;
UNLOCK TABLES;

--
-- Table structure for table `SummitEventFeedback`
--

DROP TABLE IF EXISTS `SummitEventFeedback`;
/*!40101 SET @saved_cs_client     = @@character_set_client */;
/*!50503 SET character_set_client = utf8mb4 */;
CREATE TABLE `SummitEventFeedback` (
  `ID` int NOT NULL AUTO_INCREMENT,
  `ClassName` enum('SummitEventFeedback') CHARACTER SET utf8mb3 COLLATE utf8mb3_general_ci DEFAULT 'SummitEventFeedback',
  `LastEdited` datetime DEFAULT NULL,
  `Created` datetime DEFAULT NULL,
  `Rate` float NOT NULL DEFAULT '0',
  `Note` mediumtext CHARACTER SET utf8mb3 COLLATE utf8mb3_general_ci,
  `Approved` tinyint unsigned NOT NULL DEFAULT '0',
  `ApprovedDate` datetime DEFAULT NULL,
  `OwnerID` int DEFAULT NULL,
  `ApprovedByID` int DEFAULT NULL,
  `EventID` int DEFAULT NULL,
  PRIMARY KEY (`ID`),
  KEY `ApprovedByID` (`ApprovedByID`),
  KEY `ClassName` (`ClassName`),
  KEY `EventID` (`EventID`),
  KEY `OwnerID` (`OwnerID`)
) ENGINE=InnoDB DEFAULT CHARSET=latin1;
/*!40101 SET character_set_client = @saved_cs_client */;

--
-- Dumping data for table `SummitEventFeedback`
--

LOCK TABLES `SummitEventFeedback` WRITE;
/*!40000 ALTER TABLE `SummitEventFeedback` DISABLE KEYS */;
/*!40000 ALTER TABLE `SummitEventFeedback` ENABLE KEYS */;
UNLOCK TABLES;

--
-- Table structure for table `SummitEventType`
--

DROP TABLE IF EXISTS `SummitEventType`;
/*!40101 SET @saved_cs_client     = @@character_set_client */;
/*!50503 SET character_set_client = utf8mb4 */;
CREATE TABLE `SummitEventType` (
  `ID` int NOT NULL AUTO_INCREMENT,
  `ClassName` enum('SummitEventType','PresentationType') CHARACTER SET utf8mb3 COLLATE utf8mb3_general_ci DEFAULT 'SummitEventType',
  `LastEdited` datetime DEFAULT NULL,
  `Created` datetime DEFAULT NULL,
  `Type` mediumtext CHARACTER SET utf8mb3 COLLATE utf8mb3_general_ci,
  `Color` mediumtext CHARACTER SET utf8mb3 COLLATE utf8mb3_general_ci,
  `BlackoutTimes` enum('Final','Proposed','All','None') DEFAULT 'None',
  `UseSponsors` tinyint unsigned NOT NULL DEFAULT '0',
  `AreSponsorsMandatory` tinyint unsigned NOT NULL DEFAULT '0',
  `AllowsAttachment` tinyint unsigned NOT NULL DEFAULT '0',
  `IsDefault` tinyint unsigned NOT NULL DEFAULT '0',
  `IsPrivate` tinyint unsigned NOT NULL DEFAULT '0',
  `SummitID` int DEFAULT NULL,
  `AllowsLevel` tinyint(1) NOT NULL DEFAULT '0',
  `AllowsPublishingDates` tinyint(1) NOT NULL DEFAULT '1',
  `AllowsLocation` tinyint(1) NOT NULL DEFAULT '1',
  `AllowsLocationAndTimeFrameCollision` tinyint(1) NOT NULL DEFAULT '0',
  `ShowAlwaysOnSchedule` tinyint(1) NOT NULL DEFAULT '0',
  PRIMARY KEY (`ID`),
  KEY `ClassName` (`ClassName`),
  KEY `SummitID` (`SummitID`),
  CONSTRAINT `FK_SummitEventType_Summit` FOREIGN KEY (`SummitID`) REFERENCES `Summit` (`ID`) ON DELETE CASCADE
) ENGINE=InnoDB AUTO_INCREMENT=43 DEFAULT CHARSET=latin1;
/*!40101 SET character_set_client = @saved_cs_client */;

--
-- Dumping data for table `SummitEventType`
--

LOCK TABLES `SummitEventType` WRITE;
/*!40000 ALTER TABLE `SummitEventType` DISABLE KEYS */;
INSERT INTO `SummitEventType` VALUES (40,'PresentationType','2024-06-21 11:34:09','2024-06-21 11:34:09','TEST PRESENTATION TYPE',NULL,'Final',0,0,0,1,0,27,1,1,1,1,0),(41,'PresentationType','2024-06-21 11:34:09','2024-06-21 11:34:09','TEST PRESENTATION TYPE VOTABLE',NULL,'Final',0,0,0,0,0,27,1,0,0,0,0),(42,'SummitEventType','2024-06-21 11:34:09','2024-06-21 11:34:09','Breaks',NULL,'All',0,0,0,0,0,27,0,1,1,0,0);
/*!40000 ALTER TABLE `SummitEventType` ENABLE KEYS */;
UNLOCK TABLES;

--
-- Table structure for table `SummitEventType_SummitTicketType`
--

DROP TABLE IF EXISTS `SummitEventType_SummitTicketType`;
/*!40101 SET @saved_cs_client     = @@character_set_client */;
/*!50503 SET character_set_client = utf8mb4 */;
CREATE TABLE `SummitEventType_SummitTicketType` (
  `ID` int NOT NULL AUTO_INCREMENT,
  `ClassName` varchar(255) COLLATE utf8mb3_unicode_ci NOT NULL DEFAULT 'SummitEventType_SummitTicketType',
  `Created` datetime NOT NULL,
  `LastEdited` datetime NOT NULL,
  `SummitEventTypeID` int DEFAULT NULL,
  `SummitTicketTypeID` int DEFAULT NULL,
  PRIMARY KEY (`ID`),
  UNIQUE KEY `IDX_SummitEventType_SummitTicketType` (`SummitEventTypeID`,`SummitTicketTypeID`),
  KEY `ClassName` (`ClassName`),
  KEY `SummitEventTypeID` (`SummitEventTypeID`),
  KEY `SummitTicketTypeID` (`SummitTicketTypeID`),
  CONSTRAINT `FK_896B2E36398EA10C` FOREIGN KEY (`SummitTicketTypeID`) REFERENCES `SummitTicketType` (`ID`) ON DELETE CASCADE,
  CONSTRAINT `FK_896B2E36DF6E48FA` FOREIGN KEY (`SummitEventTypeID`) REFERENCES `SummitEventType` (`ID`) ON DELETE CASCADE
) ENGINE=InnoDB DEFAULT CHARSET=utf8mb3 COLLATE=utf8mb3_unicode_ci;
/*!40101 SET character_set_client = @saved_cs_client */;

--
-- Dumping data for table `SummitEventType_SummitTicketType`
--

LOCK TABLES `SummitEventType_SummitTicketType` WRITE;
/*!40000 ALTER TABLE `SummitEventType_SummitTicketType` DISABLE KEYS */;
/*!40000 ALTER TABLE `SummitEventType_SummitTicketType` ENABLE KEYS */;
UNLOCK TABLES;

--
-- Table structure for table `SummitEventWithFile`
--

DROP TABLE IF EXISTS `SummitEventWithFile`;
/*!40101 SET @saved_cs_client     = @@character_set_client */;
/*!50503 SET character_set_client = utf8mb4 */;
CREATE TABLE `SummitEventWithFile` (
  `ID` int NOT NULL AUTO_INCREMENT,
  `AttachmentID` int DEFAULT NULL,
  PRIMARY KEY (`ID`),
  KEY `AttachmentID` (`AttachmentID`)
) ENGINE=InnoDB DEFAULT CHARSET=latin1;
/*!40101 SET character_set_client = @saved_cs_client */;

--
-- Dumping data for table `SummitEventWithFile`
--

LOCK TABLES `SummitEventWithFile` WRITE;
/*!40000 ALTER TABLE `SummitEventWithFile` DISABLE KEYS */;
/*!40000 ALTER TABLE `SummitEventWithFile` ENABLE KEYS */;
UNLOCK TABLES;

--
-- Table structure for table `SummitEvent_Sponsors`
--

DROP TABLE IF EXISTS `SummitEvent_Sponsors`;
/*!40101 SET @saved_cs_client     = @@character_set_client */;
/*!50503 SET character_set_client = utf8mb4 */;
CREATE TABLE `SummitEvent_Sponsors` (
  `ID` int NOT NULL AUTO_INCREMENT,
  `SummitEventID` int NOT NULL DEFAULT '0',
  `CompanyID` int NOT NULL DEFAULT '0',
  PRIMARY KEY (`ID`),
  KEY `CompanyID` (`CompanyID`),
  KEY `SummitEventID` (`SummitEventID`)
) ENGINE=InnoDB DEFAULT CHARSET=latin1;
/*!40101 SET character_set_client = @saved_cs_client */;

--
-- Dumping data for table `SummitEvent_Sponsors`
--

LOCK TABLES `SummitEvent_Sponsors` WRITE;
/*!40000 ALTER TABLE `SummitEvent_Sponsors` DISABLE KEYS */;
/*!40000 ALTER TABLE `SummitEvent_Sponsors` ENABLE KEYS */;
UNLOCK TABLES;

--
-- Table structure for table `SummitEvent_SummitTicketType`
--

DROP TABLE IF EXISTS `SummitEvent_SummitTicketType`;
/*!40101 SET @saved_cs_client     = @@character_set_client */;
/*!50503 SET character_set_client = utf8mb4 */;
CREATE TABLE `SummitEvent_SummitTicketType` (
  `ID` int NOT NULL AUTO_INCREMENT,
  `ClassName` varchar(255) COLLATE utf8mb3_unicode_ci NOT NULL DEFAULT 'SummitEvent_SummitTicketType',
  `Created` datetime NOT NULL,
  `LastEdited` datetime NOT NULL,
  `SummitEventID` int DEFAULT NULL,
  `SummitTicketTypeID` int DEFAULT NULL,
  PRIMARY KEY (`ID`),
  UNIQUE KEY `IDX_SummitEvent_SummitTicketType` (`SummitEventID`,`SummitTicketTypeID`),
  KEY `ClassName` (`ClassName`),
  KEY `SummitEventID` (`SummitEventID`),
  KEY `SummitTicketTypeID` (`SummitTicketTypeID`),
  CONSTRAINT `FK_E549094322CF6AF5` FOREIGN KEY (`SummitEventID`) REFERENCES `SummitEvent` (`ID`) ON DELETE CASCADE,
  CONSTRAINT `FK_E5490943398EA10C` FOREIGN KEY (`SummitTicketTypeID`) REFERENCES `SummitTicketType` (`ID`) ON DELETE CASCADE
) ENGINE=InnoDB DEFAULT CHARSET=utf8mb3 COLLATE=utf8mb3_unicode_ci;
/*!40101 SET character_set_client = @saved_cs_client */;

--
-- Dumping data for table `SummitEvent_SummitTicketType`
--

LOCK TABLES `SummitEvent_SummitTicketType` WRITE;
/*!40000 ALTER TABLE `SummitEvent_SummitTicketType` DISABLE KEYS */;
/*!40000 ALTER TABLE `SummitEvent_SummitTicketType` ENABLE KEYS */;
UNLOCK TABLES;

--
-- Table structure for table `SummitEvent_Tags`
--

DROP TABLE IF EXISTS `SummitEvent_Tags`;
/*!40101 SET @saved_cs_client     = @@character_set_client */;
/*!50503 SET character_set_client = utf8mb4 */;
CREATE TABLE `SummitEvent_Tags` (
  `ID` int NOT NULL AUTO_INCREMENT,
  `SummitEventID` int NOT NULL DEFAULT '0',
  `TagID` int NOT NULL DEFAULT '0',
  PRIMARY KEY (`ID`),
  KEY `SummitEventID` (`SummitEventID`),
  KEY `TagID` (`TagID`),
  CONSTRAINT `FK_SummitEvent_Tags_SummitEvent` FOREIGN KEY (`SummitEventID`) REFERENCES `SummitEvent` (`ID`) ON DELETE CASCADE,
  CONSTRAINT `FK_SummitEvent_Tags_Tag` FOREIGN KEY (`TagID`) REFERENCES `Tag` (`ID`) ON DELETE CASCADE
) ENGINE=InnoDB DEFAULT CHARSET=latin1;
/*!40101 SET character_set_client = @saved_cs_client */;

--
-- Dumping data for table `SummitEvent_Tags`
--

LOCK TABLES `SummitEvent_Tags` WRITE;
/*!40000 ALTER TABLE `SummitEvent_Tags` DISABLE KEYS */;
/*!40000 ALTER TABLE `SummitEvent_Tags` ENABLE KEYS */;
UNLOCK TABLES;

--
-- Table structure for table `SummitExternalLocation`
--

DROP TABLE IF EXISTS `SummitExternalLocation`;
/*!40101 SET @saved_cs_client     = @@character_set_client */;
/*!50503 SET character_set_client = utf8mb4 */;
CREATE TABLE `SummitExternalLocation` (
  `ID` int NOT NULL AUTO_INCREMENT,
  `Capacity` int NOT NULL DEFAULT '0',
  PRIMARY KEY (`ID`)
) ENGINE=InnoDB DEFAULT CHARSET=latin1;
/*!40101 SET character_set_client = @saved_cs_client */;

--
-- Dumping data for table `SummitExternalLocation`
--

LOCK TABLES `SummitExternalLocation` WRITE;
/*!40000 ALTER TABLE `SummitExternalLocation` DISABLE KEYS */;
/*!40000 ALTER TABLE `SummitExternalLocation` ENABLE KEYS */;
UNLOCK TABLES;

--
-- Table structure for table `SummitFutureLanding`
--

DROP TABLE IF EXISTS `SummitFutureLanding`;
/*!40101 SET @saved_cs_client     = @@character_set_client */;
/*!50503 SET character_set_client = utf8mb4 */;
CREATE TABLE `SummitFutureLanding` (
  `ID` int NOT NULL AUTO_INCREMENT,
  `BGImageOffset` int NOT NULL DEFAULT '0',
  `IntroText` mediumtext CHARACTER SET utf8mb3 COLLATE utf8mb3_general_ci,
  `MainTitle` mediumtext CHARACTER SET utf8mb3 COLLATE utf8mb3_general_ci,
  `LocSubtitle` mediumtext CHARACTER SET utf8mb3 COLLATE utf8mb3_general_ci,
  `ProspectusUrl` mediumtext CHARACTER SET utf8mb3 COLLATE utf8mb3_general_ci,
  `RegisterUrl` mediumtext CHARACTER SET utf8mb3 COLLATE utf8mb3_general_ci,
  `ShareText` mediumtext CHARACTER SET utf8mb3 COLLATE utf8mb3_general_ci,
  `PhotoTitle` mediumtext CHARACTER SET utf8mb3 COLLATE utf8mb3_general_ci,
  `PhotoUrl` mediumtext CHARACTER SET utf8mb3 COLLATE utf8mb3_general_ci,
  PRIMARY KEY (`ID`)
) ENGINE=InnoDB DEFAULT CHARSET=latin1;
/*!40101 SET character_set_client = @saved_cs_client */;

--
-- Dumping data for table `SummitFutureLanding`
--

LOCK TABLES `SummitFutureLanding` WRITE;
/*!40000 ALTER TABLE `SummitFutureLanding` DISABLE KEYS */;
/*!40000 ALTER TABLE `SummitFutureLanding` ENABLE KEYS */;
UNLOCK TABLES;

--
-- Table structure for table `SummitFutureLanding_Live`
--

DROP TABLE IF EXISTS `SummitFutureLanding_Live`;
/*!40101 SET @saved_cs_client     = @@character_set_client */;
/*!50503 SET character_set_client = utf8mb4 */;
CREATE TABLE `SummitFutureLanding_Live` (
  `ID` int NOT NULL AUTO_INCREMENT,
  `BGImageOffset` int NOT NULL DEFAULT '0',
  `IntroText` mediumtext CHARACTER SET utf8mb3 COLLATE utf8mb3_general_ci,
  `MainTitle` mediumtext CHARACTER SET utf8mb3 COLLATE utf8mb3_general_ci,
  `LocSubtitle` mediumtext CHARACTER SET utf8mb3 COLLATE utf8mb3_general_ci,
  `ProspectusUrl` mediumtext CHARACTER SET utf8mb3 COLLATE utf8mb3_general_ci,
  `RegisterUrl` mediumtext CHARACTER SET utf8mb3 COLLATE utf8mb3_general_ci,
  `ShareText` mediumtext CHARACTER SET utf8mb3 COLLATE utf8mb3_general_ci,
  `PhotoTitle` mediumtext CHARACTER SET utf8mb3 COLLATE utf8mb3_general_ci,
  `PhotoUrl` mediumtext CHARACTER SET utf8mb3 COLLATE utf8mb3_general_ci,
  PRIMARY KEY (`ID`)
) ENGINE=InnoDB DEFAULT CHARSET=latin1;
/*!40101 SET character_set_client = @saved_cs_client */;

--
-- Dumping data for table `SummitFutureLanding_Live`
--

LOCK TABLES `SummitFutureLanding_Live` WRITE;
/*!40000 ALTER TABLE `SummitFutureLanding_Live` DISABLE KEYS */;
/*!40000 ALTER TABLE `SummitFutureLanding_Live` ENABLE KEYS */;
UNLOCK TABLES;

--
-- Table structure for table `SummitFutureLanding_versions`
--

DROP TABLE IF EXISTS `SummitFutureLanding_versions`;
/*!40101 SET @saved_cs_client     = @@character_set_client */;
/*!50503 SET character_set_client = utf8mb4 */;
CREATE TABLE `SummitFutureLanding_versions` (
  `ID` int NOT NULL AUTO_INCREMENT,
  `RecordID` int NOT NULL DEFAULT '0',
  `Version` int NOT NULL DEFAULT '0',
  `BGImageOffset` int NOT NULL DEFAULT '0',
  `IntroText` mediumtext CHARACTER SET utf8mb3 COLLATE utf8mb3_general_ci,
  `MainTitle` mediumtext CHARACTER SET utf8mb3 COLLATE utf8mb3_general_ci,
  `LocSubtitle` mediumtext CHARACTER SET utf8mb3 COLLATE utf8mb3_general_ci,
  `ProspectusUrl` mediumtext CHARACTER SET utf8mb3 COLLATE utf8mb3_general_ci,
  `RegisterUrl` mediumtext CHARACTER SET utf8mb3 COLLATE utf8mb3_general_ci,
  `ShareText` mediumtext CHARACTER SET utf8mb3 COLLATE utf8mb3_general_ci,
  `PhotoTitle` mediumtext CHARACTER SET utf8mb3 COLLATE utf8mb3_general_ci,
  `PhotoUrl` mediumtext CHARACTER SET utf8mb3 COLLATE utf8mb3_general_ci,
  PRIMARY KEY (`ID`),
  UNIQUE KEY `RecordID_Version` (`RecordID`,`Version`),
  KEY `RecordID` (`RecordID`),
  KEY `Version` (`Version`)
) ENGINE=InnoDB DEFAULT CHARSET=latin1;
/*!40101 SET character_set_client = @saved_cs_client */;

--
-- Dumping data for table `SummitFutureLanding_versions`
--

LOCK TABLES `SummitFutureLanding_versions` WRITE;
/*!40000 ALTER TABLE `SummitFutureLanding_versions` DISABLE KEYS */;
/*!40000 ALTER TABLE `SummitFutureLanding_versions` ENABLE KEYS */;
UNLOCK TABLES;

--
-- Table structure for table `SummitGeoLocatedLocation`
--

DROP TABLE IF EXISTS `SummitGeoLocatedLocation`;
/*!40101 SET @saved_cs_client     = @@character_set_client */;
/*!50503 SET character_set_client = utf8mb4 */;
CREATE TABLE `SummitGeoLocatedLocation` (
  `ID` int NOT NULL AUTO_INCREMENT,
  `Address1` mediumtext CHARACTER SET utf8mb3 COLLATE utf8mb3_general_ci,
  `Address2` mediumtext CHARACTER SET utf8mb3 COLLATE utf8mb3_general_ci,
  `ZipCode` mediumtext CHARACTER SET utf8mb3 COLLATE utf8mb3_general_ci,
  `City` mediumtext CHARACTER SET utf8mb3 COLLATE utf8mb3_general_ci,
  `State` mediumtext CHARACTER SET utf8mb3 COLLATE utf8mb3_general_ci,
  `Country` mediumtext CHARACTER SET utf8mb3 COLLATE utf8mb3_general_ci,
  `WebSiteUrl` mediumtext CHARACTER SET utf8mb3 COLLATE utf8mb3_general_ci,
  `Lng` mediumtext CHARACTER SET utf8mb3 COLLATE utf8mb3_general_ci,
  `Lat` mediumtext CHARACTER SET utf8mb3 COLLATE utf8mb3_general_ci,
  `DisplayOnSite` tinyint unsigned NOT NULL DEFAULT '0',
  `DetailsPage` tinyint unsigned NOT NULL DEFAULT '0',
  `LocationMessage` mediumtext CHARACTER SET utf8mb3 COLLATE utf8mb3_general_ci,
  PRIMARY KEY (`ID`)
) ENGINE=InnoDB AUTO_INCREMENT=275 DEFAULT CHARSET=latin1;
/*!40101 SET character_set_client = @saved_cs_client */;

--
-- Dumping data for table `SummitGeoLocatedLocation`
--

LOCK TABLES `SummitGeoLocatedLocation` WRITE;
/*!40000 ALTER TABLE `SummitGeoLocatedLocation` DISABLE KEYS */;
INSERT INTO `SummitGeoLocatedLocation` VALUES (43,NULL,NULL,NULL,NULL,NULL,NULL,NULL,NULL,NULL,0,0,NULL),(64,NULL,NULL,NULL,NULL,NULL,NULL,NULL,NULL,NULL,0,0,NULL),(85,NULL,NULL,NULL,NULL,NULL,NULL,NULL,NULL,NULL,0,0,NULL),(106,NULL,NULL,NULL,NULL,NULL,NULL,NULL,NULL,NULL,0,0,NULL),(127,NULL,NULL,NULL,NULL,NULL,NULL,NULL,NULL,NULL,0,0,NULL),(148,NULL,NULL,NULL,NULL,NULL,NULL,NULL,NULL,NULL,0,0,NULL),(169,NULL,NULL,NULL,NULL,NULL,NULL,NULL,NULL,NULL,0,0,NULL),(190,NULL,NULL,NULL,NULL,NULL,NULL,NULL,NULL,NULL,0,0,NULL),(211,NULL,NULL,NULL,NULL,NULL,NULL,NULL,NULL,NULL,0,0,NULL),(232,NULL,NULL,NULL,NULL,NULL,NULL,NULL,NULL,NULL,0,0,NULL),(253,NULL,NULL,NULL,NULL,NULL,NULL,NULL,NULL,NULL,0,0,NULL),(274,NULL,NULL,NULL,NULL,NULL,NULL,NULL,NULL,NULL,0,0,NULL);
/*!40000 ALTER TABLE `SummitGeoLocatedLocation` ENABLE KEYS */;
UNLOCK TABLES;

--
-- Table structure for table `SummitGroupEvent`
--

DROP TABLE IF EXISTS `SummitGroupEvent`;
/*!40101 SET @saved_cs_client     = @@character_set_client */;
/*!50503 SET character_set_client = utf8mb4 */;
CREATE TABLE `SummitGroupEvent` (
  `ID` int NOT NULL AUTO_INCREMENT,
  `CreatedByID` int DEFAULT NULL,
  PRIMARY KEY (`ID`),
  KEY `CreatedByID` (`CreatedByID`)
) ENGINE=InnoDB DEFAULT CHARSET=latin1;
/*!40101 SET character_set_client = @saved_cs_client */;

--
-- Dumping data for table `SummitGroupEvent`
--

LOCK TABLES `SummitGroupEvent` WRITE;
/*!40000 ALTER TABLE `SummitGroupEvent` DISABLE KEYS */;
/*!40000 ALTER TABLE `SummitGroupEvent` ENABLE KEYS */;
UNLOCK TABLES;

--
-- Table structure for table `SummitGroupEvent_Groups`
--

DROP TABLE IF EXISTS `SummitGroupEvent_Groups`;
/*!40101 SET @saved_cs_client     = @@character_set_client */;
/*!50503 SET character_set_client = utf8mb4 */;
CREATE TABLE `SummitGroupEvent_Groups` (
  `ID` int NOT NULL AUTO_INCREMENT,
  `SummitGroupEventID` int NOT NULL DEFAULT '0',
  `GroupID` int NOT NULL DEFAULT '0',
  PRIMARY KEY (`ID`),
  KEY `GroupID` (`GroupID`),
  KEY `SummitGroupEventID` (`SummitGroupEventID`)
) ENGINE=InnoDB DEFAULT CHARSET=latin1;
/*!40101 SET character_set_client = @saved_cs_client */;

--
-- Dumping data for table `SummitGroupEvent_Groups`
--

LOCK TABLES `SummitGroupEvent_Groups` WRITE;
/*!40000 ALTER TABLE `SummitGroupEvent_Groups` DISABLE KEYS */;
/*!40000 ALTER TABLE `SummitGroupEvent_Groups` ENABLE KEYS */;
UNLOCK TABLES;

--
-- Table structure for table `SummitHighlightPic`
--

DROP TABLE IF EXISTS `SummitHighlightPic`;
/*!40101 SET @saved_cs_client     = @@character_set_client */;
/*!50503 SET character_set_client = utf8mb4 */;
CREATE TABLE `SummitHighlightPic` (
  `ID` int NOT NULL AUTO_INCREMENT,
  `ClassName` enum('SummitHighlightPic') CHARACTER SET utf8mb3 COLLATE utf8mb3_general_ci DEFAULT 'SummitHighlightPic',
  `LastEdited` datetime DEFAULT NULL,
  `Created` datetime DEFAULT NULL,
  `Title` mediumtext CHARACTER SET utf8mb3 COLLATE utf8mb3_general_ci,
  `Order` int NOT NULL DEFAULT '0',
  `SummitHighlightsPageID` int DEFAULT NULL,
  `ImageID` int DEFAULT NULL,
  PRIMARY KEY (`ID`),
  KEY `ClassName` (`ClassName`),
  KEY `ImageID` (`ImageID`),
  KEY `SummitHighlightsPageID` (`SummitHighlightsPageID`)
) ENGINE=InnoDB DEFAULT CHARSET=latin1;
/*!40101 SET character_set_client = @saved_cs_client */;

--
-- Dumping data for table `SummitHighlightPic`
--

LOCK TABLES `SummitHighlightPic` WRITE;
/*!40000 ALTER TABLE `SummitHighlightPic` DISABLE KEYS */;
/*!40000 ALTER TABLE `SummitHighlightPic` ENABLE KEYS */;
UNLOCK TABLES;

--
-- Table structure for table `SummitHighlightsPage`
--

DROP TABLE IF EXISTS `SummitHighlightsPage`;
/*!40101 SET @saved_cs_client     = @@character_set_client */;
/*!50503 SET character_set_client = utf8mb4 */;
CREATE TABLE `SummitHighlightsPage` (
  `ID` int NOT NULL AUTO_INCREMENT,
  `ThankYouText` mediumtext CHARACTER SET utf8mb3 COLLATE utf8mb3_general_ci,
  `NextSummitText` mediumtext CHARACTER SET utf8mb3 COLLATE utf8mb3_general_ci,
  `SuccessTitle` mediumtext CHARACTER SET utf8mb3 COLLATE utf8mb3_general_ci,
  `SuccessAttribution` mediumtext CHARACTER SET utf8mb3 COLLATE utf8mb3_general_ci,
  `SuccessAttributionURL` mediumtext CHARACTER SET utf8mb3 COLLATE utf8mb3_general_ci,
  `AttendanceQty` mediumtext CHARACTER SET utf8mb3 COLLATE utf8mb3_general_ci,
  `CompaniesRepresentedQty` mediumtext CHARACTER SET utf8mb3 COLLATE utf8mb3_general_ci,
  `CountriesRepresentedQty` mediumtext CHARACTER SET utf8mb3 COLLATE utf8mb3_general_ci,
  `SessionsQty` mediumtext CHARACTER SET utf8mb3 COLLATE utf8mb3_general_ci,
  `ReleaseAnnouncedTitle` mediumtext CHARACTER SET utf8mb3 COLLATE utf8mb3_general_ci,
  `ReleaseAnnouncedDescription` mediumtext CHARACTER SET utf8mb3 COLLATE utf8mb3_general_ci,
  `ReleaseAnnouncedButtonTitle` mediumtext CHARACTER SET utf8mb3 COLLATE utf8mb3_general_ci,
  `ReleaseAnnouncedButtonLink` mediumtext CHARACTER SET utf8mb3 COLLATE utf8mb3_general_ci,
  `CurrentSummitFlickrUrl` mediumtext CHARACTER SET utf8mb3 COLLATE utf8mb3_general_ci,
  `StatisticsVideoUrl` mediumtext CHARACTER SET utf8mb3 COLLATE utf8mb3_general_ci,
  `StatisticsVideoUrl2` mediumtext CHARACTER SET utf8mb3 COLLATE utf8mb3_general_ci,
  `StatisticsVideoUrl3` mediumtext CHARACTER SET utf8mb3 COLLATE utf8mb3_general_ci,
  `StatisticsVideoUrl4` mediumtext CHARACTER SET utf8mb3 COLLATE utf8mb3_general_ci,
  `ReleaseAnnouncedImageID` int DEFAULT NULL,
  `CurrentSummitBackgroundImageID` int DEFAULT NULL,
  `NextSummitTinyBackgroundImageID` int DEFAULT NULL,
  `NextSummitBackgroundImageID` int DEFAULT NULL,
  `StatisticsVideoPosterID` int DEFAULT NULL,
  `StatisticsVideoID` int DEFAULT NULL,
  PRIMARY KEY (`ID`),
  KEY `CurrentSummitBackgroundImageID` (`CurrentSummitBackgroundImageID`),
  KEY `NextSummitBackgroundImageID` (`NextSummitBackgroundImageID`),
  KEY `NextSummitTinyBackgroundImageID` (`NextSummitTinyBackgroundImageID`),
  KEY `ReleaseAnnouncedImageID` (`ReleaseAnnouncedImageID`),
  KEY `StatisticsVideoID` (`StatisticsVideoID`),
  KEY `StatisticsVideoPosterID` (`StatisticsVideoPosterID`)
) ENGINE=InnoDB DEFAULT CHARSET=latin1;
/*!40101 SET character_set_client = @saved_cs_client */;

--
-- Dumping data for table `SummitHighlightsPage`
--

LOCK TABLES `SummitHighlightsPage` WRITE;
/*!40000 ALTER TABLE `SummitHighlightsPage` DISABLE KEYS */;
/*!40000 ALTER TABLE `SummitHighlightsPage` ENABLE KEYS */;
UNLOCK TABLES;

--
-- Table structure for table `SummitHighlightsPage_Live`
--

DROP TABLE IF EXISTS `SummitHighlightsPage_Live`;
/*!40101 SET @saved_cs_client     = @@character_set_client */;
/*!50503 SET character_set_client = utf8mb4 */;
CREATE TABLE `SummitHighlightsPage_Live` (
  `ID` int NOT NULL AUTO_INCREMENT,
  `ThankYouText` mediumtext CHARACTER SET utf8mb3 COLLATE utf8mb3_general_ci,
  `NextSummitText` mediumtext CHARACTER SET utf8mb3 COLLATE utf8mb3_general_ci,
  `SuccessTitle` mediumtext CHARACTER SET utf8mb3 COLLATE utf8mb3_general_ci,
  `SuccessAttribution` mediumtext CHARACTER SET utf8mb3 COLLATE utf8mb3_general_ci,
  `SuccessAttributionURL` mediumtext CHARACTER SET utf8mb3 COLLATE utf8mb3_general_ci,
  `AttendanceQty` mediumtext CHARACTER SET utf8mb3 COLLATE utf8mb3_general_ci,
  `CompaniesRepresentedQty` mediumtext CHARACTER SET utf8mb3 COLLATE utf8mb3_general_ci,
  `CountriesRepresentedQty` mediumtext CHARACTER SET utf8mb3 COLLATE utf8mb3_general_ci,
  `SessionsQty` mediumtext CHARACTER SET utf8mb3 COLLATE utf8mb3_general_ci,
  `ReleaseAnnouncedTitle` mediumtext CHARACTER SET utf8mb3 COLLATE utf8mb3_general_ci,
  `ReleaseAnnouncedDescription` mediumtext CHARACTER SET utf8mb3 COLLATE utf8mb3_general_ci,
  `ReleaseAnnouncedButtonTitle` mediumtext CHARACTER SET utf8mb3 COLLATE utf8mb3_general_ci,
  `ReleaseAnnouncedButtonLink` mediumtext CHARACTER SET utf8mb3 COLLATE utf8mb3_general_ci,
  `CurrentSummitFlickrUrl` mediumtext CHARACTER SET utf8mb3 COLLATE utf8mb3_general_ci,
  `StatisticsVideoUrl` mediumtext CHARACTER SET utf8mb3 COLLATE utf8mb3_general_ci,
  `StatisticsVideoUrl2` mediumtext CHARACTER SET utf8mb3 COLLATE utf8mb3_general_ci,
  `StatisticsVideoUrl3` mediumtext CHARACTER SET utf8mb3 COLLATE utf8mb3_general_ci,
  `StatisticsVideoUrl4` mediumtext CHARACTER SET utf8mb3 COLLATE utf8mb3_general_ci,
  `ReleaseAnnouncedImageID` int DEFAULT NULL,
  `CurrentSummitBackgroundImageID` int DEFAULT NULL,
  `NextSummitTinyBackgroundImageID` int DEFAULT NULL,
  `NextSummitBackgroundImageID` int DEFAULT NULL,
  `StatisticsVideoPosterID` int DEFAULT NULL,
  `StatisticsVideoID` int DEFAULT NULL,
  PRIMARY KEY (`ID`),
  KEY `CurrentSummitBackgroundImageID` (`CurrentSummitBackgroundImageID`),
  KEY `NextSummitBackgroundImageID` (`NextSummitBackgroundImageID`),
  KEY `NextSummitTinyBackgroundImageID` (`NextSummitTinyBackgroundImageID`),
  KEY `ReleaseAnnouncedImageID` (`ReleaseAnnouncedImageID`),
  KEY `StatisticsVideoID` (`StatisticsVideoID`),
  KEY `StatisticsVideoPosterID` (`StatisticsVideoPosterID`)
) ENGINE=InnoDB DEFAULT CHARSET=latin1;
/*!40101 SET character_set_client = @saved_cs_client */;

--
-- Dumping data for table `SummitHighlightsPage_Live`
--

LOCK TABLES `SummitHighlightsPage_Live` WRITE;
/*!40000 ALTER TABLE `SummitHighlightsPage_Live` DISABLE KEYS */;
/*!40000 ALTER TABLE `SummitHighlightsPage_Live` ENABLE KEYS */;
UNLOCK TABLES;

--
-- Table structure for table `SummitHighlightsPage_versions`
--

DROP TABLE IF EXISTS `SummitHighlightsPage_versions`;
/*!40101 SET @saved_cs_client     = @@character_set_client */;
/*!50503 SET character_set_client = utf8mb4 */;
CREATE TABLE `SummitHighlightsPage_versions` (
  `ID` int NOT NULL AUTO_INCREMENT,
  `RecordID` int NOT NULL DEFAULT '0',
  `Version` int NOT NULL DEFAULT '0',
  `ThankYouText` mediumtext CHARACTER SET utf8mb3 COLLATE utf8mb3_general_ci,
  `NextSummitText` mediumtext CHARACTER SET utf8mb3 COLLATE utf8mb3_general_ci,
  `SuccessTitle` mediumtext CHARACTER SET utf8mb3 COLLATE utf8mb3_general_ci,
  `SuccessAttribution` mediumtext CHARACTER SET utf8mb3 COLLATE utf8mb3_general_ci,
  `SuccessAttributionURL` mediumtext CHARACTER SET utf8mb3 COLLATE utf8mb3_general_ci,
  `AttendanceQty` mediumtext CHARACTER SET utf8mb3 COLLATE utf8mb3_general_ci,
  `CompaniesRepresentedQty` mediumtext CHARACTER SET utf8mb3 COLLATE utf8mb3_general_ci,
  `CountriesRepresentedQty` mediumtext CHARACTER SET utf8mb3 COLLATE utf8mb3_general_ci,
  `SessionsQty` mediumtext CHARACTER SET utf8mb3 COLLATE utf8mb3_general_ci,
  `ReleaseAnnouncedTitle` mediumtext CHARACTER SET utf8mb3 COLLATE utf8mb3_general_ci,
  `ReleaseAnnouncedDescription` mediumtext CHARACTER SET utf8mb3 COLLATE utf8mb3_general_ci,
  `ReleaseAnnouncedButtonTitle` mediumtext CHARACTER SET utf8mb3 COLLATE utf8mb3_general_ci,
  `ReleaseAnnouncedButtonLink` mediumtext CHARACTER SET utf8mb3 COLLATE utf8mb3_general_ci,
  `CurrentSummitFlickrUrl` mediumtext CHARACTER SET utf8mb3 COLLATE utf8mb3_general_ci,
  `StatisticsVideoUrl` mediumtext CHARACTER SET utf8mb3 COLLATE utf8mb3_general_ci,
  `StatisticsVideoUrl2` mediumtext CHARACTER SET utf8mb3 COLLATE utf8mb3_general_ci,
  `StatisticsVideoUrl3` mediumtext CHARACTER SET utf8mb3 COLLATE utf8mb3_general_ci,
  `StatisticsVideoUrl4` mediumtext CHARACTER SET utf8mb3 COLLATE utf8mb3_general_ci,
  `ReleaseAnnouncedImageID` int DEFAULT NULL,
  `CurrentSummitBackgroundImageID` int DEFAULT NULL,
  `NextSummitTinyBackgroundImageID` int DEFAULT NULL,
  `NextSummitBackgroundImageID` int DEFAULT NULL,
  `StatisticsVideoPosterID` int DEFAULT NULL,
  `StatisticsVideoID` int DEFAULT NULL,
  PRIMARY KEY (`ID`),
  UNIQUE KEY `RecordID_Version` (`RecordID`,`Version`),
  KEY `CurrentSummitBackgroundImageID` (`CurrentSummitBackgroundImageID`),
  KEY `NextSummitBackgroundImageID` (`NextSummitBackgroundImageID`),
  KEY `NextSummitTinyBackgroundImageID` (`NextSummitTinyBackgroundImageID`),
  KEY `RecordID` (`RecordID`),
  KEY `ReleaseAnnouncedImageID` (`ReleaseAnnouncedImageID`),
  KEY `StatisticsVideoID` (`StatisticsVideoID`),
  KEY `StatisticsVideoPosterID` (`StatisticsVideoPosterID`),
  KEY `Version` (`Version`)
) ENGINE=InnoDB DEFAULT CHARSET=latin1;
/*!40101 SET character_set_client = @saved_cs_client */;

--
-- Dumping data for table `SummitHighlightsPage_versions`
--

LOCK TABLES `SummitHighlightsPage_versions` WRITE;
/*!40000 ALTER TABLE `SummitHighlightsPage_versions` DISABLE KEYS */;
/*!40000 ALTER TABLE `SummitHighlightsPage_versions` ENABLE KEYS */;
UNLOCK TABLES;

--
-- Table structure for table `SummitHomePage`
--

DROP TABLE IF EXISTS `SummitHomePage`;
/*!40101 SET @saved_cs_client     = @@character_set_client */;
/*!50503 SET character_set_client = utf8mb4 */;
CREATE TABLE `SummitHomePage` (
  `ID` int NOT NULL AUTO_INCREMENT,
  `IntroText` varchar(255) CHARACTER SET utf8mb3 COLLATE utf8mb3_general_ci DEFAULT NULL,
  PRIMARY KEY (`ID`)
) ENGINE=InnoDB DEFAULT CHARSET=latin1;
/*!40101 SET character_set_client = @saved_cs_client */;

--
-- Dumping data for table `SummitHomePage`
--

LOCK TABLES `SummitHomePage` WRITE;
/*!40000 ALTER TABLE `SummitHomePage` DISABLE KEYS */;
/*!40000 ALTER TABLE `SummitHomePage` ENABLE KEYS */;
UNLOCK TABLES;

--
-- Table structure for table `SummitHomePage_Live`
--

DROP TABLE IF EXISTS `SummitHomePage_Live`;
/*!40101 SET @saved_cs_client     = @@character_set_client */;
/*!50503 SET character_set_client = utf8mb4 */;
CREATE TABLE `SummitHomePage_Live` (
  `ID` int NOT NULL AUTO_INCREMENT,
  `IntroText` varchar(255) CHARACTER SET utf8mb3 COLLATE utf8mb3_general_ci DEFAULT NULL,
  PRIMARY KEY (`ID`)
) ENGINE=InnoDB DEFAULT CHARSET=latin1;
/*!40101 SET character_set_client = @saved_cs_client */;

--
-- Dumping data for table `SummitHomePage_Live`
--

LOCK TABLES `SummitHomePage_Live` WRITE;
/*!40000 ALTER TABLE `SummitHomePage_Live` DISABLE KEYS */;
/*!40000 ALTER TABLE `SummitHomePage_Live` ENABLE KEYS */;
UNLOCK TABLES;

--
-- Table structure for table `SummitHomePage_versions`
--

DROP TABLE IF EXISTS `SummitHomePage_versions`;
/*!40101 SET @saved_cs_client     = @@character_set_client */;
/*!50503 SET character_set_client = utf8mb4 */;
CREATE TABLE `SummitHomePage_versions` (
  `ID` int NOT NULL AUTO_INCREMENT,
  `RecordID` int NOT NULL DEFAULT '0',
  `Version` int NOT NULL DEFAULT '0',
  `IntroText` varchar(255) CHARACTER SET utf8mb3 COLLATE utf8mb3_general_ci DEFAULT NULL,
  PRIMARY KEY (`ID`),
  UNIQUE KEY `RecordID_Version` (`RecordID`,`Version`),
  KEY `RecordID` (`RecordID`),
  KEY `Version` (`Version`)
) ENGINE=InnoDB DEFAULT CHARSET=latin1;
/*!40101 SET character_set_client = @saved_cs_client */;

--
-- Dumping data for table `SummitHomePage_versions`
--

LOCK TABLES `SummitHomePage_versions` WRITE;
/*!40000 ALTER TABLE `SummitHomePage_versions` DISABLE KEYS */;
/*!40000 ALTER TABLE `SummitHomePage_versions` ENABLE KEYS */;
UNLOCK TABLES;

--
-- Table structure for table `SummitHotel`
--

DROP TABLE IF EXISTS `SummitHotel`;
/*!40101 SET @saved_cs_client     = @@character_set_client */;
/*!50503 SET character_set_client = utf8mb4 */;
CREATE TABLE `SummitHotel` (
  `ID` int NOT NULL AUTO_INCREMENT,
  `BookingLink` mediumtext CHARACTER SET utf8mb3 COLLATE utf8mb3_general_ci,
  `SoldOut` tinyint unsigned NOT NULL DEFAULT '0',
  `Type` enum('Primary','Alternate') CHARACTER SET utf8mb3 COLLATE utf8mb3_general_ci DEFAULT 'Primary',
  PRIMARY KEY (`ID`)
) ENGINE=InnoDB DEFAULT CHARSET=latin1;
/*!40101 SET character_set_client = @saved_cs_client */;

--
-- Dumping data for table `SummitHotel`
--

LOCK TABLES `SummitHotel` WRITE;
/*!40000 ALTER TABLE `SummitHotel` DISABLE KEYS */;
/*!40000 ALTER TABLE `SummitHotel` ENABLE KEYS */;
UNLOCK TABLES;

--
-- Table structure for table `SummitImage`
--

DROP TABLE IF EXISTS `SummitImage`;
/*!40101 SET @saved_cs_client     = @@character_set_client */;
/*!50503 SET character_set_client = utf8mb4 */;
CREATE TABLE `SummitImage` (
  `ID` int NOT NULL AUTO_INCREMENT,
  `ClassName` enum('SummitImage') CHARACTER SET utf8mb3 COLLATE utf8mb3_general_ci DEFAULT 'SummitImage',
  `LastEdited` datetime DEFAULT NULL,
  `Created` datetime DEFAULT NULL,
  `Title` mediumtext CHARACTER SET utf8mb3 COLLATE utf8mb3_general_ci,
  `Attribution` mediumtext CHARACTER SET utf8mb3 COLLATE utf8mb3_general_ci,
  `Description` mediumtext CHARACTER SET utf8mb3 COLLATE utf8mb3_general_ci,
  `OriginalURL` mediumtext CHARACTER SET utf8mb3 COLLATE utf8mb3_general_ci,
  `ImageID` int DEFAULT NULL,
  PRIMARY KEY (`ID`),
  KEY `ClassName` (`ClassName`),
  KEY `ImageID` (`ImageID`)
) ENGINE=InnoDB DEFAULT CHARSET=latin1;
/*!40101 SET character_set_client = @saved_cs_client */;

--
-- Dumping data for table `SummitImage`
--

LOCK TABLES `SummitImage` WRITE;
/*!40000 ALTER TABLE `SummitImage` DISABLE KEYS */;
/*!40000 ALTER TABLE `SummitImage` ENABLE KEYS */;
UNLOCK TABLES;

--
-- Table structure for table `SummitKeynoteHighlight`
--

DROP TABLE IF EXISTS `SummitKeynoteHighlight`;
/*!40101 SET @saved_cs_client     = @@character_set_client */;
/*!50503 SET character_set_client = utf8mb4 */;
CREATE TABLE `SummitKeynoteHighlight` (
  `ID` int NOT NULL AUTO_INCREMENT,
  `ClassName` enum('SummitKeynoteHighlight') CHARACTER SET utf8mb3 COLLATE utf8mb3_general_ci DEFAULT 'SummitKeynoteHighlight',
  `LastEdited` datetime DEFAULT NULL,
  `Created` datetime DEFAULT NULL,
  `Title` mediumtext CHARACTER SET utf8mb3 COLLATE utf8mb3_general_ci,
  `Day` enum('Day1','Day2','Day3','Day4','Day5') CHARACTER SET utf8mb3 COLLATE utf8mb3_general_ci DEFAULT 'Day1',
  `Description` mediumtext CHARACTER SET utf8mb3 COLLATE utf8mb3_general_ci,
  `Order` int NOT NULL DEFAULT '0',
  `SummitHighlightsPageID` int DEFAULT NULL,
  `ImageID` int DEFAULT NULL,
  `ThumbnailID` int DEFAULT NULL,
  PRIMARY KEY (`ID`),
  KEY `ClassName` (`ClassName`),
  KEY `ImageID` (`ImageID`),
  KEY `SummitHighlightsPageID` (`SummitHighlightsPageID`),
  KEY `ThumbnailID` (`ThumbnailID`)
) ENGINE=InnoDB DEFAULT CHARSET=latin1;
/*!40101 SET character_set_client = @saved_cs_client */;

--
-- Dumping data for table `SummitKeynoteHighlight`
--

LOCK TABLES `SummitKeynoteHighlight` WRITE;
/*!40000 ALTER TABLE `SummitKeynoteHighlight` DISABLE KEYS */;
/*!40000 ALTER TABLE `SummitKeynoteHighlight` ENABLE KEYS */;
UNLOCK TABLES;

--
-- Table structure for table `SummitLeadReportSetting`
--

DROP TABLE IF EXISTS `SummitLeadReportSetting`;
/*!40101 SET @saved_cs_client     = @@character_set_client */;
/*!50503 SET character_set_client = utf8mb4 */;
CREATE TABLE `SummitLeadReportSetting` (
  `ID` int NOT NULL AUTO_INCREMENT,
  `ClassName` varchar(255) COLLATE utf8mb3_unicode_ci NOT NULL DEFAULT 'SummitLeadReportSetting',
  `Created` datetime NOT NULL,
  `LastEdited` datetime NOT NULL,
  `Columns` json NOT NULL COMMENT '(DC2Type:json_array)',
  `SummitID` int NOT NULL,
  `SponsorID` int DEFAULT NULL,
  PRIMARY KEY (`ID`),
  UNIQUE KEY `UNIQ_5C01A78790CF727894CE1A1A` (`SummitID`,`SponsorID`),
  KEY `ClassName` (`ClassName`),
  KEY `SponsorID` (`SponsorID`),
  KEY `SummitID` (`SummitID`),
  CONSTRAINT `FK_5C01A78790CF7278` FOREIGN KEY (`SummitID`) REFERENCES `Summit` (`ID`) ON DELETE CASCADE,
  CONSTRAINT `FK_5C01A78794CE1A1A` FOREIGN KEY (`SponsorID`) REFERENCES `Sponsor` (`ID`) ON DELETE CASCADE
) ENGINE=InnoDB DEFAULT CHARSET=utf8mb3 COLLATE=utf8mb3_unicode_ci;
/*!40101 SET character_set_client = @saved_cs_client */;

--
-- Dumping data for table `SummitLeadReportSetting`
--

LOCK TABLES `SummitLeadReportSetting` WRITE;
/*!40000 ALTER TABLE `SummitLeadReportSetting` DISABLE KEYS */;
/*!40000 ALTER TABLE `SummitLeadReportSetting` ENABLE KEYS */;
UNLOCK TABLES;

--
-- Table structure for table `SummitLocationBanner`
--

DROP TABLE IF EXISTS `SummitLocationBanner`;
/*!40101 SET @saved_cs_client     = @@character_set_client */;
/*!50503 SET character_set_client = utf8mb4 */;
CREATE TABLE `SummitLocationBanner` (
  `ID` int NOT NULL AUTO_INCREMENT,
  `ClassName` enum('SummitLocationBanner','ScheduledSummitLocationBanner') CHARACTER SET utf8mb3 COLLATE utf8mb3_general_ci DEFAULT 'SummitLocationBanner',
  `LastEdited` datetime DEFAULT NULL,
  `Created` datetime DEFAULT NULL,
  `Title` mediumtext CHARACTER SET utf8mb3 COLLATE utf8mb3_general_ci,
  `Content` mediumtext CHARACTER SET utf8mb3 COLLATE utf8mb3_general_ci,
  `Enabled` tinyint unsigned NOT NULL DEFAULT '0',
  `Type` enum('Primary','Secondary') CHARACTER SET utf8mb3 COLLATE utf8mb3_general_ci DEFAULT 'Primary',
  `LocationID` int DEFAULT NULL,
  PRIMARY KEY (`ID`),
  KEY `ClassName` (`ClassName`),
  KEY `LocationID` (`LocationID`)
) ENGINE=InnoDB DEFAULT CHARSET=latin1;
/*!40101 SET character_set_client = @saved_cs_client */;

--
-- Dumping data for table `SummitLocationBanner`
--

LOCK TABLES `SummitLocationBanner` WRITE;
/*!40000 ALTER TABLE `SummitLocationBanner` DISABLE KEYS */;
/*!40000 ALTER TABLE `SummitLocationBanner` ENABLE KEYS */;
UNLOCK TABLES;

--
-- Table structure for table `SummitLocationImage`
--

DROP TABLE IF EXISTS `SummitLocationImage`;
/*!40101 SET @saved_cs_client     = @@character_set_client */;
/*!50503 SET character_set_client = utf8mb4 */;
CREATE TABLE `SummitLocationImage` (
  `ID` int NOT NULL AUTO_INCREMENT,
  `ClassName` enum('SummitLocationImage','SummitLocationMap') CHARACTER SET utf8mb3 COLLATE utf8mb3_general_ci DEFAULT 'SummitLocationImage',
  `LastEdited` datetime DEFAULT NULL,
  `Created` datetime DEFAULT NULL,
  `Name` varchar(255) CHARACTER SET utf8mb3 COLLATE utf8mb3_general_ci DEFAULT NULL,
  `Description` mediumtext CHARACTER SET utf8mb3 COLLATE utf8mb3_general_ci,
  `Order` int NOT NULL DEFAULT '1',
  `PictureID` int DEFAULT NULL,
  `LocationID` int DEFAULT NULL,
  PRIMARY KEY (`ID`),
  KEY `ClassName` (`ClassName`),
  KEY `LocationID` (`LocationID`),
  KEY `PictureID` (`PictureID`)
) ENGINE=InnoDB DEFAULT CHARSET=latin1;
/*!40101 SET character_set_client = @saved_cs_client */;

--
-- Dumping data for table `SummitLocationImage`
--

LOCK TABLES `SummitLocationImage` WRITE;
/*!40000 ALTER TABLE `SummitLocationImage` DISABLE KEYS */;
/*!40000 ALTER TABLE `SummitLocationImage` ENABLE KEYS */;
UNLOCK TABLES;

--
-- Table structure for table `SummitLocationPage`
--

DROP TABLE IF EXISTS `SummitLocationPage`;
/*!40101 SET @saved_cs_client     = @@character_set_client */;
/*!50503 SET character_set_client = utf8mb4 */;
CREATE TABLE `SummitLocationPage` (
  `ID` int NOT NULL AUTO_INCREMENT,
  `VisaInformation` mediumtext CHARACTER SET utf8mb3 COLLATE utf8mb3_general_ci,
  `CityIntro` mediumtext CHARACTER SET utf8mb3 COLLATE utf8mb3_general_ci,
  `LocationsTextHeader` mediumtext CHARACTER SET utf8mb3 COLLATE utf8mb3_general_ci,
  `OtherLocations` mediumtext CHARACTER SET utf8mb3 COLLATE utf8mb3_general_ci,
  `GettingAround` mediumtext CHARACTER SET utf8mb3 COLLATE utf8mb3_general_ci,
  `AboutTheCity` mediumtext CHARACTER SET utf8mb3 COLLATE utf8mb3_general_ci,
  `Locals` mediumtext CHARACTER SET utf8mb3 COLLATE utf8mb3_general_ci,
  `TravelSupport` mediumtext CHARACTER SET utf8mb3 COLLATE utf8mb3_general_ci,
  `AboutTheCityBackgroundImageHero` mediumtext CHARACTER SET utf8mb3 COLLATE utf8mb3_general_ci,
  `AboutTheCityBackgroundImageHeroSource` mediumtext CHARACTER SET utf8mb3 COLLATE utf8mb3_general_ci,
  `HostCityLat` mediumtext CHARACTER SET utf8mb3 COLLATE utf8mb3_general_ci,
  `HostCityLng` mediumtext CHARACTER SET utf8mb3 COLLATE utf8mb3_general_ci,
  `VenueTitleText` mediumtext CHARACTER SET utf8mb3 COLLATE utf8mb3_general_ci,
  `AirportsTitle` mediumtext CHARACTER SET utf8mb3 COLLATE utf8mb3_general_ci,
  `AirportsSubTitle` mediumtext CHARACTER SET utf8mb3 COLLATE utf8mb3_general_ci,
  `CampusGraphic` mediumtext CHARACTER SET utf8mb3 COLLATE utf8mb3_general_ci,
  `VenueBackgroundImageHero` varchar(255) CHARACTER SET utf8mb3 COLLATE utf8mb3_general_ci DEFAULT NULL,
  `VenueBackgroundImageHeroSource` varchar(510) CHARACTER SET utf8mb3 COLLATE utf8mb3_general_ci DEFAULT NULL,
  `VenueBackgroundImageID` int DEFAULT NULL,
  `AboutTheCityBackgroundImageID` int DEFAULT NULL,
  PRIMARY KEY (`ID`),
  KEY `AboutTheCityBackgroundImageID` (`AboutTheCityBackgroundImageID`),
  KEY `VenueBackgroundImageID` (`VenueBackgroundImageID`)
) ENGINE=InnoDB DEFAULT CHARSET=latin1;
/*!40101 SET character_set_client = @saved_cs_client */;

--
-- Dumping data for table `SummitLocationPage`
--

LOCK TABLES `SummitLocationPage` WRITE;
/*!40000 ALTER TABLE `SummitLocationPage` DISABLE KEYS */;
/*!40000 ALTER TABLE `SummitLocationPage` ENABLE KEYS */;
UNLOCK TABLES;

--
-- Table structure for table `SummitLocationPage_Live`
--

DROP TABLE IF EXISTS `SummitLocationPage_Live`;
/*!40101 SET @saved_cs_client     = @@character_set_client */;
/*!50503 SET character_set_client = utf8mb4 */;
CREATE TABLE `SummitLocationPage_Live` (
  `ID` int NOT NULL AUTO_INCREMENT,
  `VisaInformation` mediumtext CHARACTER SET utf8mb3 COLLATE utf8mb3_general_ci,
  `CityIntro` mediumtext CHARACTER SET utf8mb3 COLLATE utf8mb3_general_ci,
  `LocationsTextHeader` mediumtext CHARACTER SET utf8mb3 COLLATE utf8mb3_general_ci,
  `OtherLocations` mediumtext CHARACTER SET utf8mb3 COLLATE utf8mb3_general_ci,
  `GettingAround` mediumtext CHARACTER SET utf8mb3 COLLATE utf8mb3_general_ci,
  `AboutTheCity` mediumtext CHARACTER SET utf8mb3 COLLATE utf8mb3_general_ci,
  `Locals` mediumtext CHARACTER SET utf8mb3 COLLATE utf8mb3_general_ci,
  `TravelSupport` mediumtext CHARACTER SET utf8mb3 COLLATE utf8mb3_general_ci,
  `AboutTheCityBackgroundImageHero` mediumtext CHARACTER SET utf8mb3 COLLATE utf8mb3_general_ci,
  `AboutTheCityBackgroundImageHeroSource` mediumtext CHARACTER SET utf8mb3 COLLATE utf8mb3_general_ci,
  `HostCityLat` mediumtext CHARACTER SET utf8mb3 COLLATE utf8mb3_general_ci,
  `HostCityLng` mediumtext CHARACTER SET utf8mb3 COLLATE utf8mb3_general_ci,
  `VenueTitleText` mediumtext CHARACTER SET utf8mb3 COLLATE utf8mb3_general_ci,
  `AirportsTitle` mediumtext CHARACTER SET utf8mb3 COLLATE utf8mb3_general_ci,
  `AirportsSubTitle` mediumtext CHARACTER SET utf8mb3 COLLATE utf8mb3_general_ci,
  `CampusGraphic` mediumtext CHARACTER SET utf8mb3 COLLATE utf8mb3_general_ci,
  `VenueBackgroundImageHero` varchar(255) CHARACTER SET utf8mb3 COLLATE utf8mb3_general_ci DEFAULT NULL,
  `VenueBackgroundImageHeroSource` varchar(510) CHARACTER SET utf8mb3 COLLATE utf8mb3_general_ci DEFAULT NULL,
  `VenueBackgroundImageID` int DEFAULT NULL,
  `AboutTheCityBackgroundImageID` int DEFAULT NULL,
  PRIMARY KEY (`ID`),
  KEY `AboutTheCityBackgroundImageID` (`AboutTheCityBackgroundImageID`),
  KEY `VenueBackgroundImageID` (`VenueBackgroundImageID`)
) ENGINE=InnoDB DEFAULT CHARSET=latin1;
/*!40101 SET character_set_client = @saved_cs_client */;

--
-- Dumping data for table `SummitLocationPage_Live`
--

LOCK TABLES `SummitLocationPage_Live` WRITE;
/*!40000 ALTER TABLE `SummitLocationPage_Live` DISABLE KEYS */;
/*!40000 ALTER TABLE `SummitLocationPage_Live` ENABLE KEYS */;
UNLOCK TABLES;

--
-- Table structure for table `SummitLocationPage_versions`
--

DROP TABLE IF EXISTS `SummitLocationPage_versions`;
/*!40101 SET @saved_cs_client     = @@character_set_client */;
/*!50503 SET character_set_client = utf8mb4 */;
CREATE TABLE `SummitLocationPage_versions` (
  `ID` int NOT NULL AUTO_INCREMENT,
  `RecordID` int NOT NULL DEFAULT '0',
  `Version` int NOT NULL DEFAULT '0',
  `VisaInformation` mediumtext CHARACTER SET utf8mb3 COLLATE utf8mb3_general_ci,
  `CityIntro` mediumtext CHARACTER SET utf8mb3 COLLATE utf8mb3_general_ci,
  `LocationsTextHeader` mediumtext CHARACTER SET utf8mb3 COLLATE utf8mb3_general_ci,
  `OtherLocations` mediumtext CHARACTER SET utf8mb3 COLLATE utf8mb3_general_ci,
  `GettingAround` mediumtext CHARACTER SET utf8mb3 COLLATE utf8mb3_general_ci,
  `AboutTheCity` mediumtext CHARACTER SET utf8mb3 COLLATE utf8mb3_general_ci,
  `Locals` mediumtext CHARACTER SET utf8mb3 COLLATE utf8mb3_general_ci,
  `TravelSupport` mediumtext CHARACTER SET utf8mb3 COLLATE utf8mb3_general_ci,
  `AboutTheCityBackgroundImageHero` mediumtext CHARACTER SET utf8mb3 COLLATE utf8mb3_general_ci,
  `AboutTheCityBackgroundImageHeroSource` mediumtext CHARACTER SET utf8mb3 COLLATE utf8mb3_general_ci,
  `HostCityLat` mediumtext CHARACTER SET utf8mb3 COLLATE utf8mb3_general_ci,
  `HostCityLng` mediumtext CHARACTER SET utf8mb3 COLLATE utf8mb3_general_ci,
  `VenueTitleText` mediumtext CHARACTER SET utf8mb3 COLLATE utf8mb3_general_ci,
  `AirportsTitle` mediumtext CHARACTER SET utf8mb3 COLLATE utf8mb3_general_ci,
  `AirportsSubTitle` mediumtext CHARACTER SET utf8mb3 COLLATE utf8mb3_general_ci,
  `CampusGraphic` mediumtext CHARACTER SET utf8mb3 COLLATE utf8mb3_general_ci,
  `VenueBackgroundImageHero` varchar(255) CHARACTER SET utf8mb3 COLLATE utf8mb3_general_ci DEFAULT NULL,
  `VenueBackgroundImageHeroSource` varchar(510) CHARACTER SET utf8mb3 COLLATE utf8mb3_general_ci DEFAULT NULL,
  `VenueBackgroundImageID` int DEFAULT NULL,
  `AboutTheCityBackgroundImageID` int DEFAULT NULL,
  PRIMARY KEY (`ID`),
  UNIQUE KEY `RecordID_Version` (`RecordID`,`Version`),
  KEY `AboutTheCityBackgroundImageID` (`AboutTheCityBackgroundImageID`),
  KEY `RecordID` (`RecordID`),
  KEY `VenueBackgroundImageID` (`VenueBackgroundImageID`),
  KEY `Version` (`Version`)
) ENGINE=InnoDB DEFAULT CHARSET=latin1;
/*!40101 SET character_set_client = @saved_cs_client */;

--
-- Dumping data for table `SummitLocationPage_versions`
--

LOCK TABLES `SummitLocationPage_versions` WRITE;
/*!40000 ALTER TABLE `SummitLocationPage_versions` DISABLE KEYS */;
/*!40000 ALTER TABLE `SummitLocationPage_versions` ENABLE KEYS */;
UNLOCK TABLES;

--
-- Table structure for table `SummitMediaFileType`
--

DROP TABLE IF EXISTS `SummitMediaFileType`;
/*!40101 SET @saved_cs_client     = @@character_set_client */;
/*!50503 SET character_set_client = utf8mb4 */;
CREATE TABLE `SummitMediaFileType` (
  `ID` int NOT NULL AUTO_INCREMENT,
  `Created` datetime NOT NULL,
  `LastEdited` datetime NOT NULL,
  `ClassName` enum('SummitMediaFileType') COLLATE utf8mb3_unicode_ci DEFAULT 'SummitMediaFileType',
  `Name` varchar(255) COLLATE utf8mb3_unicode_ci NOT NULL,
  `Description` varchar(255) COLLATE utf8mb3_unicode_ci DEFAULT NULL,
  `IsSystemDefine` tinyint(1) NOT NULL,
  `AllowedExtensions` varchar(255) COLLATE utf8mb3_unicode_ci NOT NULL,
  PRIMARY KEY (`ID`),
  UNIQUE KEY `UNIQ_827E5F3AFE11D138` (`Name`)
) ENGINE=InnoDB AUTO_INCREMENT=15 DEFAULT CHARSET=utf8mb3 COLLATE=utf8mb3_unicode_ci;
/*!40101 SET character_set_client = @saved_cs_client */;

--
-- Dumping data for table `SummitMediaFileType`
--

LOCK TABLES `SummitMediaFileType` WRITE;
/*!40000 ALTER TABLE `SummitMediaFileType` DISABLE KEYS */;
INSERT INTO `SummitMediaFileType` VALUES (14,'2024-06-21 11:34:09','2024-06-21 11:34:09','SummitMediaFileType','PDF_56','PDF',0,'.PDF');
/*!40000 ALTER TABLE `SummitMediaFileType` ENABLE KEYS */;
UNLOCK TABLES;

--
-- Table structure for table `SummitMediaUploadType`
--

DROP TABLE IF EXISTS `SummitMediaUploadType`;
/*!40101 SET @saved_cs_client     = @@character_set_client */;
/*!50503 SET character_set_client = utf8mb4 */;
CREATE TABLE `SummitMediaUploadType` (
  `ID` int NOT NULL AUTO_INCREMENT,
  `Created` datetime NOT NULL,
  `LastEdited` datetime NOT NULL,
  `ClassName` enum('SummitMediaUploadType') COLLATE utf8mb3_unicode_ci DEFAULT 'SummitMediaUploadType',
  `Name` varchar(255) COLLATE utf8mb3_unicode_ci NOT NULL,
  `Description` varchar(5120) CHARACTER SET utf8mb3 COLLATE utf8mb3_unicode_ci DEFAULT NULL,
  `MaxSize` int NOT NULL DEFAULT '1024',
  `PrivateStorageType` enum('None','DropBox','Local','Swift') COLLATE utf8mb3_unicode_ci DEFAULT 'None',
  `PublicStorageType` enum('None','DropBox','S3','Swift','Local') COLLATE utf8mb3_unicode_ci DEFAULT 'None',
  `SummitID` int DEFAULT NULL,
  `TypeID` int DEFAULT NULL,
  `UseTemporaryLinksOnPublicStorage` tinyint(1) NOT NULL DEFAULT '0',
  `TemporaryLinksOnPublicStorageTTL` int NOT NULL DEFAULT '0',
  `MinUploadsQty` int NOT NULL DEFAULT '0',
  `MaxUploadsQty` int NOT NULL DEFAULT '0',
  `IsEditable` tinyint(1) NOT NULL DEFAULT '1',
  PRIMARY KEY (`ID`),
  UNIQUE KEY `UNIQ_1362D86390CF7278FE11D138` (`SummitID`,`Name`),
  KEY `IDX_1362D86390CF7278` (`SummitID`),
  KEY `IDX_1362D863A736B16E` (`TypeID`),
  KEY `SummitID` (`SummitID`),
  KEY `TypeID` (`TypeID`),
  CONSTRAINT `FK_1362D86390CF7278` FOREIGN KEY (`SummitID`) REFERENCES `Summit` (`ID`) ON DELETE CASCADE,
  CONSTRAINT `FK_1362D863A736B16E` FOREIGN KEY (`TypeID`) REFERENCES `SummitMediaFileType` (`ID`) ON DELETE CASCADE
) ENGINE=InnoDB AUTO_INCREMENT=71 DEFAULT CHARSET=utf8mb3 COLLATE=utf8mb3_unicode_ci;
/*!40101 SET character_set_client = @saved_cs_client */;

--
-- Dumping data for table `SummitMediaUploadType`
--

LOCK TABLES `SummitMediaUploadType` WRITE;
/*!40000 ALTER TABLE `SummitMediaUploadType` DISABLE KEYS */;
INSERT INTO `SummitMediaUploadType` VALUES (66,'2024-06-21 11:34:09','2024-06-21 11:34:09','SummitMediaUploadType','Media Upload Type 1','Media Upload Type 1 Description',0,'None','None',27,14,0,10,0,0,1),(67,'2024-06-21 11:34:09','2024-06-21 11:34:09','SummitMediaUploadType','Media Upload Type 4','Media Upload Type 4 Description',0,'None','None',27,14,0,10,0,0,1),(68,'2024-06-21 11:34:09','2024-06-21 11:34:09','SummitMediaUploadType','Media Upload Type 2','Media Upload Type 2 Description',0,'None','None',27,14,0,10,0,0,1),(69,'2024-06-21 11:34:09','2024-06-21 11:34:09','SummitMediaUploadType','Media Upload Type 0','Media Upload Type 0 Description',0,'None','None',27,14,0,10,0,0,1),(70,'2024-06-21 11:34:09','2024-06-21 11:34:09','SummitMediaUploadType','Media Upload Type 3','Media Upload Type 3 Description',0,'None','None',27,14,0,10,0,0,1);
/*!40000 ALTER TABLE `SummitMediaUploadType` ENABLE KEYS */;
UNLOCK TABLES;

--
-- Table structure for table `SummitMetric`
--

DROP TABLE IF EXISTS `SummitMetric`;
/*!40101 SET @saved_cs_client     = @@character_set_client */;
/*!50503 SET character_set_client = utf8mb4 */;
CREATE TABLE `SummitMetric` (
  `ID` int NOT NULL AUTO_INCREMENT,
  `Created` datetime NOT NULL,
  `LastEdited` datetime NOT NULL,
  `ClassName` enum('SummitMetric','SummitEventAttendanceMetric','SummitSponsorMetric') COLLATE utf8mb3_unicode_ci DEFAULT 'SummitMetric',
  `Type` enum('GENERAL','LOBBY','SPONSOR','EVENT','POSTER','POSTERS','ROOM') COLLATE utf8mb3_unicode_ci DEFAULT 'GENERAL',
  `Ip` varchar(255) COLLATE utf8mb3_unicode_ci DEFAULT NULL,
  `Origin` varchar(255) COLLATE utf8mb3_unicode_ci DEFAULT NULL,
  `Browser` varchar(255) COLLATE utf8mb3_unicode_ci DEFAULT NULL,
  `IngressDate` datetime DEFAULT NULL,
  `OutgressDate` datetime DEFAULT NULL,
  `MemberID` int DEFAULT NULL,
  `SummitID` int DEFAULT NULL,
  `Location` longtext COLLATE utf8mb3_unicode_ci,
  PRIMARY KEY (`ID`),
  KEY `MemberID` (`MemberID`),
  KEY `SummitID` (`SummitID`),
  CONSTRAINT `FK_D04B9CCF522B9974` FOREIGN KEY (`MemberID`) REFERENCES `Member` (`ID`) ON DELETE CASCADE,
  CONSTRAINT `FK_D04B9CCF90CF7278` FOREIGN KEY (`SummitID`) REFERENCES `Summit` (`ID`) ON DELETE CASCADE
) ENGINE=InnoDB DEFAULT CHARSET=utf8mb3 COLLATE=utf8mb3_unicode_ci;
/*!40101 SET character_set_client = @saved_cs_client */;

--
-- Dumping data for table `SummitMetric`
--

LOCK TABLES `SummitMetric` WRITE;
/*!40000 ALTER TABLE `SummitMetric` DISABLE KEYS */;
/*!40000 ALTER TABLE `SummitMetric` ENABLE KEYS */;
UNLOCK TABLES;

--
-- Table structure for table `SummitNetworkingPhoto`
--

DROP TABLE IF EXISTS `SummitNetworkingPhoto`;
/*!40101 SET @saved_cs_client     = @@character_set_client */;
/*!50503 SET character_set_client = utf8mb4 */;
CREATE TABLE `SummitNetworkingPhoto` (
  `ID` int NOT NULL AUTO_INCREMENT,
  `ClassName` enum('SummitNetworkingPhoto') CHARACTER SET utf8mb3 COLLATE utf8mb3_general_ci DEFAULT 'SummitNetworkingPhoto',
  `LastEdited` datetime DEFAULT NULL,
  `Created` datetime DEFAULT NULL,
  `Order` int NOT NULL DEFAULT '0',
  `ImageID` int DEFAULT NULL,
  `OwnerID` int DEFAULT NULL,
  PRIMARY KEY (`ID`),
  KEY `ClassName` (`ClassName`),
  KEY `ImageID` (`ImageID`),
  KEY `OwnerID` (`OwnerID`)
) ENGINE=InnoDB DEFAULT CHARSET=latin1;
/*!40101 SET character_set_client = @saved_cs_client */;

--
-- Dumping data for table `SummitNetworkingPhoto`
--

LOCK TABLES `SummitNetworkingPhoto` WRITE;
/*!40000 ALTER TABLE `SummitNetworkingPhoto` DISABLE KEYS */;
/*!40000 ALTER TABLE `SummitNetworkingPhoto` ENABLE KEYS */;
UNLOCK TABLES;

--
-- Table structure for table `SummitOrder`
--

DROP TABLE IF EXISTS `SummitOrder`;
/*!40101 SET @saved_cs_client     = @@character_set_client */;
/*!50503 SET character_set_client = utf8mb4 */;
CREATE TABLE `SummitOrder` (
  `ID` int NOT NULL AUTO_INCREMENT,
  `ClassName` enum('SummitOrder') CHARACTER SET utf8mb3 COLLATE utf8mb3_general_ci DEFAULT 'SummitOrder',
  `LastEdited` datetime DEFAULT NULL,
  `Created` datetime DEFAULT NULL,
  `Number` varchar(255) CHARACTER SET utf8mb3 COLLATE utf8mb3_general_ci DEFAULT NULL,
  `ExternalId` varchar(255) CHARACTER SET utf8mb3 COLLATE utf8mb3_general_ci DEFAULT NULL,
  `PaymentMethod` enum('Online','Offline') CHARACTER SET utf8mb3 COLLATE utf8mb3_general_ci DEFAULT 'Offline',
  `Status` enum('Reserved','Cancelled','RefundRequested','Refunded','Confirmed','Paid','Error') CHARACTER SET utf8mb3 COLLATE utf8mb3_general_ci DEFAULT 'Reserved',
  `OwnerFirstName` varchar(255) CHARACTER SET utf8mb3 COLLATE utf8mb3_general_ci DEFAULT NULL,
  `OwnerSurname` varchar(255) CHARACTER SET utf8mb3 COLLATE utf8mb3_general_ci DEFAULT NULL,
  `OwnerEmail` varchar(100) CHARACTER SET utf8mb3 COLLATE utf8mb3_general_ci DEFAULT NULL,
  `OwnerCompany` varchar(255) CHARACTER SET utf8mb3 COLLATE utf8mb3_general_ci DEFAULT NULL,
  `BillingAddress1` varchar(100) CHARACTER SET utf8mb3 COLLATE utf8mb3_general_ci DEFAULT NULL,
  `BillingAddress2` varchar(100) CHARACTER SET utf8mb3 COLLATE utf8mb3_general_ci DEFAULT NULL,
  `BillingAddressZipCode` varchar(50) CHARACTER SET utf8mb3 COLLATE utf8mb3_general_ci DEFAULT NULL,
  `BillingAddressCity` varchar(50) CHARACTER SET utf8mb3 COLLATE utf8mb3_general_ci DEFAULT NULL,
  `BillingAddressState` varchar(50) CHARACTER SET utf8mb3 COLLATE utf8mb3_general_ci DEFAULT NULL,
  `BillingAddressCountryISOCode` varchar(3) CHARACTER SET utf8mb3 COLLATE utf8mb3_general_ci DEFAULT NULL,
  `ApprovedPaymentDate` datetime DEFAULT NULL,
  `LastError` varchar(255) CHARACTER SET utf8mb3 COLLATE utf8mb3_general_ci DEFAULT NULL,
  `PaymentGatewayCartId` varchar(512) CHARACTER SET utf8mb3 COLLATE utf8mb3_general_ci DEFAULT NULL,
  `PaymentGatewayClientToken` mediumtext CHARACTER SET utf8mb3 COLLATE utf8mb3_general_ci,
  `QRCode` varchar(255) CHARACTER SET utf8mb3 COLLATE utf8mb3_general_ci DEFAULT NULL,
  `Hash` varchar(255) CHARACTER SET utf8mb3 COLLATE utf8mb3_general_ci DEFAULT NULL,
  `HashCreationDate` datetime DEFAULT NULL,
  `RefundedAmount` decimal(19,4) NOT NULL DEFAULT '0.0000',
  `SummitID` int DEFAULT NULL,
  `OwnerID` int DEFAULT NULL,
  `OwnerCompanyID` int DEFAULT NULL,
  `LastReminderEmailSentDate` datetime DEFAULT NULL,
  `CreditCardType` varchar(50) DEFAULT NULL,
  `CreditCard4Numbers` varchar(4) DEFAULT NULL,
  PRIMARY KEY (`ID`),
  KEY `ClassName` (`ClassName`),
  KEY `CompanyID` (`OwnerCompanyID`),
  KEY `OwnerID` (`OwnerID`),
  KEY `SummitID` (`SummitID`),
  KEY `SummitOrder_IDX_Created_Status` (`Created`,`Status`),
  CONSTRAINT `FK_SummitOrder_Company` FOREIGN KEY (`OwnerCompanyID`) REFERENCES `Company` (`ID`) ON DELETE SET NULL,
  CONSTRAINT `FK_SummitOrder_Owner` FOREIGN KEY (`OwnerID`) REFERENCES `Member` (`ID`) ON DELETE SET NULL,
  CONSTRAINT `FK_SummitOrder_Summit` FOREIGN KEY (`SummitID`) REFERENCES `Summit` (`ID`) ON DELETE CASCADE
) ENGINE=InnoDB AUTO_INCREMENT=121 DEFAULT CHARSET=latin1;
/*!40101 SET character_set_client = @saved_cs_client */;

--
-- Dumping data for table `SummitOrder`
--

LOCK TABLES `SummitOrder` WRITE;
/*!40000 ALTER TABLE `SummitOrder` DISABLE KEYS */;
INSERT INTO `SummitOrder` VALUES (111,'SummitOrder','2024-06-21 11:34:10','2024-06-21 11:34:10','ORDER_TEST-SUMMIT_6675AB82EBE34091413621',NULL,'Offline','Paid','FNAME 1','LNAME 1','test+1@test.com','COMPANY 1','ADDRESS 1','ADDRESS 2 1',NULL,NULL,NULL,NULL,'2024-06-21 16:34:10',NULL,NULL,NULL,'ORDER_TEST-SUMMIT|ORDER_TEST-SUMMIT_6675AB82EBE34091413621','4b9fc6bb666482486aeee673f5ada491d9e49d912fb59b2a1992497d2203a391','2024-06-21 16:34:10',0.0000,27,NULL,NULL,NULL,NULL,NULL),(112,'SummitOrder','2024-06-21 11:34:10','2024-06-21 11:34:10','ORDER_TEST-SUMMIT_6675AB82EC410683048334',NULL,'Offline','Paid','FNAME 2','LNAME 2','test+2@test.com','COMPANY 2','ADDRESS 2','ADDRESS 2 2',NULL,NULL,NULL,NULL,'2024-06-21 16:34:10',NULL,NULL,NULL,'ORDER_TEST-SUMMIT|ORDER_TEST-SUMMIT_6675AB82EC410683048334','19122e01a600b60dd5e98c1aa81beff0e95563be3c37c8610eeef507058ba621','2024-06-21 16:34:10',0.0000,27,NULL,NULL,NULL,NULL,NULL),(113,'SummitOrder','2024-06-21 11:34:10','2024-06-21 11:34:10','ORDER_TEST-SUMMIT_6675AB82EC84B397012462',NULL,'Offline','Paid','FNAME 3','LNAME 3','test+3@test.com','COMPANY 3','ADDRESS 3','ADDRESS 2 3',NULL,NULL,NULL,NULL,'2024-06-21 16:34:10',NULL,NULL,NULL,'ORDER_TEST-SUMMIT|ORDER_TEST-SUMMIT_6675AB82EC84B397012462','754a0b6b609320446d466f741d53e0f2db5991aefbde244216ebfb6a8bbf0723','2024-06-21 16:34:10',0.0000,27,NULL,NULL,NULL,NULL,NULL),(114,'SummitOrder','2024-06-21 11:34:10','2024-06-21 11:34:10','ORDER_TEST-SUMMIT_6675AB82ECB27661782454',NULL,'Offline','Paid','FNAME 4','LNAME 4','test+4@test.com','COMPANY 4','ADDRESS 4','ADDRESS 2 4',NULL,NULL,NULL,NULL,'2024-06-21 16:34:10',NULL,NULL,NULL,'ORDER_TEST-SUMMIT|ORDER_TEST-SUMMIT_6675AB82ECB27661782454','4dcd776cc158b0f472ab96d62c70d66777543c28d80872c7d8d2eb7a4ea7331c','2024-06-21 16:34:10',0.0000,27,NULL,NULL,NULL,NULL,NULL),(115,'SummitOrder','2024-06-21 11:34:10','2024-06-21 11:34:10','ORDER_TEST-SUMMIT_6675AB82ECDD4467284695',NULL,'Offline','Paid','FNAME 5','LNAME 5','test+5@test.com','COMPANY 5','ADDRESS 5','ADDRESS 2 5',NULL,NULL,NULL,NULL,'2024-06-21 16:34:10',NULL,NULL,NULL,'ORDER_TEST-SUMMIT|ORDER_TEST-SUMMIT_6675AB82ECDD4467284695','b0cf4234b11a526ef5ea458ede9c988caf8c5879cce43a0124f5c22caf19bd19','2024-06-21 16:34:10',0.0000,27,NULL,NULL,NULL,NULL,NULL),(116,'SummitOrder','2024-06-21 11:34:10','2024-06-21 11:34:10','ORDER_TEST-SUMMIT_6675AB82ED080769035405',NULL,'Offline','Paid','FNAME 6','LNAME 6','test+6@test.com','COMPANY 6','ADDRESS 6','ADDRESS 2 6',NULL,NULL,NULL,NULL,'2024-06-21 16:34:10',NULL,NULL,NULL,'ORDER_TEST-SUMMIT|ORDER_TEST-SUMMIT_6675AB82ED080769035405','85415ca2062d7e4454187b14a404e053b801ac9c2a9de585588086e121fa9810','2024-06-21 16:34:10',0.0000,27,NULL,NULL,NULL,NULL,NULL),(117,'SummitOrder','2024-06-21 11:34:10','2024-06-21 11:34:10','ORDER_TEST-SUMMIT_6675AB82ED36C932636081',NULL,'Offline','Paid','FNAME 7','LNAME 7','test+7@test.com','COMPANY 7','ADDRESS 7','ADDRESS 2 7',NULL,NULL,NULL,NULL,'2024-06-21 16:34:10',NULL,NULL,NULL,'ORDER_TEST-SUMMIT|ORDER_TEST-SUMMIT_6675AB82ED36C932636081','8211895c430e8c869f0ad793daaba24fd1dc6a805c80e30f7ad74e36a079f3ee','2024-06-21 16:34:10',0.0000,27,NULL,NULL,NULL,NULL,NULL),(118,'SummitOrder','2024-06-21 11:34:10','2024-06-21 11:34:10','ORDER_TEST-SUMMIT_6675AB82ED6F7493137781',NULL,'Offline','Paid','FNAME 8','LNAME 8','test+8@test.com','COMPANY 8','ADDRESS 8','ADDRESS 2 8',NULL,NULL,NULL,NULL,'2024-06-21 16:34:10',NULL,NULL,NULL,'ORDER_TEST-SUMMIT|ORDER_TEST-SUMMIT_6675AB82ED6F7493137781','5e6b0ac212a01e4e77c779a602ffeb7d614f48dcf4c18df1a937e0b46e050d0b','2024-06-21 16:34:10',0.0000,27,NULL,NULL,NULL,NULL,NULL),(119,'SummitOrder','2024-06-21 11:34:10','2024-06-21 11:34:10','ORDER_TEST-SUMMIT_6675AB82EDA0B349557383',NULL,'Offline','Paid','FNAME 9','LNAME 9','test+9@test.com','COMPANY 9','ADDRESS 9','ADDRESS 2 9',NULL,NULL,NULL,NULL,'2024-06-21 16:34:10',NULL,NULL,NULL,'ORDER_TEST-SUMMIT|ORDER_TEST-SUMMIT_6675AB82EDA0B349557383','f9e08b7d6fe3683ac19f1571c5e6b85f4a1394db6bc159159f7e2ca070c21ea0','2024-06-21 16:34:10',0.0000,27,NULL,NULL,NULL,NULL,NULL),(120,'SummitOrder','2024-06-21 11:34:10','2024-06-21 11:34:10','ORDER_TEST-SUMMIT_6675AB82EDCD9007635840',NULL,'Offline','Paid','FNAME 10','LNAME 10','test+10@test.com','COMPANY 10','ADDRESS 10','ADDRESS 2 10',NULL,NULL,NULL,NULL,'2024-06-21 16:34:10',NULL,NULL,NULL,'ORDER_TEST-SUMMIT|ORDER_TEST-SUMMIT_6675AB82EDCD9007635840','5752041af712d452986a866b307540f563875243c318547f254388debbe73897','2024-06-21 16:34:10',0.0000,27,NULL,NULL,NULL,NULL,NULL);
/*!40000 ALTER TABLE `SummitOrder` ENABLE KEYS */;
UNLOCK TABLES;

--
-- Table structure for table `SummitOrderExtraQuestionAnswer`
--

DROP TABLE IF EXISTS `SummitOrderExtraQuestionAnswer`;
/*!40101 SET @saved_cs_client     = @@character_set_client */;
/*!50503 SET character_set_client = utf8mb4 */;
CREATE TABLE `SummitOrderExtraQuestionAnswer` (
  `ID` int NOT NULL AUTO_INCREMENT,
  `OrderID` int DEFAULT NULL,
  `SummitAttendeeID` int DEFAULT NULL,
  PRIMARY KEY (`ID`),
  KEY `OrderID` (`OrderID`),
  KEY `SummitAttendeeID` (`SummitAttendeeID`),
  CONSTRAINT `FK_ SummitOrderExtraQuestionAnswer_Attendee` FOREIGN KEY (`SummitAttendeeID`) REFERENCES `SummitAttendee` (`ID`) ON DELETE CASCADE,
  CONSTRAINT `FK_SummitOrderExtraQuestionAnswer_Order` FOREIGN KEY (`OrderID`) REFERENCES `SummitOrder` (`ID`) ON DELETE CASCADE,
  CONSTRAINT `JT_SummitOrderExtraQuestionAnswer_ExtraQuestionAnswer` FOREIGN KEY (`ID`) REFERENCES `ExtraQuestionAnswer` (`ID`) ON DELETE CASCADE
) ENGINE=InnoDB DEFAULT CHARSET=latin1;
/*!40101 SET character_set_client = @saved_cs_client */;

--
-- Dumping data for table `SummitOrderExtraQuestionAnswer`
--

LOCK TABLES `SummitOrderExtraQuestionAnswer` WRITE;
/*!40000 ALTER TABLE `SummitOrderExtraQuestionAnswer` DISABLE KEYS */;
/*!40000 ALTER TABLE `SummitOrderExtraQuestionAnswer` ENABLE KEYS */;
UNLOCK TABLES;

--
-- Table structure for table `SummitOrderExtraQuestionType`
--

DROP TABLE IF EXISTS `SummitOrderExtraQuestionType`;
/*!40101 SET @saved_cs_client     = @@character_set_client */;
/*!50503 SET character_set_client = utf8mb4 */;
CREATE TABLE `SummitOrderExtraQuestionType` (
  `ID` int NOT NULL AUTO_INCREMENT,
  `Usage` enum('Order','Ticket','Both') CHARACTER SET utf8mb3 COLLATE utf8mb3_general_ci DEFAULT 'Order',
  `Printable` tinyint unsigned NOT NULL DEFAULT '0',
  `SummitID` int DEFAULT NULL,
  `ExternalId` longtext,
  PRIMARY KEY (`ID`),
  KEY `SummitID` (`SummitID`),
  CONSTRAINT `JT_SummitOrderExtraQuestionType_ExtraQuestionType` FOREIGN KEY (`ID`) REFERENCES `ExtraQuestionType` (`ID`) ON DELETE CASCADE
) ENGINE=InnoDB DEFAULT CHARSET=latin1;
/*!40101 SET character_set_client = @saved_cs_client */;

--
-- Dumping data for table `SummitOrderExtraQuestionType`
--

LOCK TABLES `SummitOrderExtraQuestionType` WRITE;
/*!40000 ALTER TABLE `SummitOrderExtraQuestionType` DISABLE KEYS */;
/*!40000 ALTER TABLE `SummitOrderExtraQuestionType` ENABLE KEYS */;
UNLOCK TABLES;

--
-- Table structure for table `SummitOrderExtraQuestionType_SummitBadgeFeatureType`
--

DROP TABLE IF EXISTS `SummitOrderExtraQuestionType_SummitBadgeFeatureType`;
/*!40101 SET @saved_cs_client     = @@character_set_client */;
/*!50503 SET character_set_client = utf8mb4 */;
CREATE TABLE `SummitOrderExtraQuestionType_SummitBadgeFeatureType` (
  `ID` bigint unsigned NOT NULL AUTO_INCREMENT,
  `Created` datetime NOT NULL DEFAULT CURRENT_TIMESTAMP,
  `LastEdited` datetime NOT NULL DEFAULT CURRENT_TIMESTAMP,
  `SummitOrderExtraQuestionTypeID` int DEFAULT NULL,
  `SummitBadgeFeatureTypeID` int DEFAULT NULL,
  PRIMARY KEY (`ID`),
  UNIQUE KEY `QuestionTypeID_FeatureTypeID` (`SummitOrderExtraQuestionTypeID`,`SummitBadgeFeatureTypeID`),
  KEY `SummitBadgeFeatureTypeID` (`SummitBadgeFeatureTypeID`),
  KEY `SummitOrderExtraQuestionTypeID` (`SummitOrderExtraQuestionTypeID`),
  CONSTRAINT `FK_OrderExtraQType_BadgeFeatType_OrderExtraQType` FOREIGN KEY (`SummitOrderExtraQuestionTypeID`) REFERENCES `SummitOrderExtraQuestionType` (`ID`) ON DELETE CASCADE,
  CONSTRAINT `FK_OrderExtraQType_BadgeFeatType_TicketType` FOREIGN KEY (`SummitBadgeFeatureTypeID`) REFERENCES `SummitBadgeFeatureType` (`ID`) ON DELETE CASCADE
) ENGINE=InnoDB DEFAULT CHARSET=utf8mb3 COLLATE=utf8mb3_unicode_ci;
/*!40101 SET character_set_client = @saved_cs_client */;

--
-- Dumping data for table `SummitOrderExtraQuestionType_SummitBadgeFeatureType`
--

LOCK TABLES `SummitOrderExtraQuestionType_SummitBadgeFeatureType` WRITE;
/*!40000 ALTER TABLE `SummitOrderExtraQuestionType_SummitBadgeFeatureType` DISABLE KEYS */;
/*!40000 ALTER TABLE `SummitOrderExtraQuestionType_SummitBadgeFeatureType` ENABLE KEYS */;
UNLOCK TABLES;

--
-- Table structure for table `SummitOrderExtraQuestionType_SummitTicketType`
--

DROP TABLE IF EXISTS `SummitOrderExtraQuestionType_SummitTicketType`;
/*!40101 SET @saved_cs_client     = @@character_set_client */;
/*!50503 SET character_set_client = utf8mb4 */;
CREATE TABLE `SummitOrderExtraQuestionType_SummitTicketType` (
  `ID` bigint unsigned NOT NULL AUTO_INCREMENT,
  `Created` datetime NOT NULL DEFAULT CURRENT_TIMESTAMP,
  `LastEdited` datetime NOT NULL DEFAULT CURRENT_TIMESTAMP,
  `SummitOrderExtraQuestionTypeID` int DEFAULT NULL,
  `SummitTicketTypeID` int DEFAULT NULL,
  PRIMARY KEY (`ID`),
  UNIQUE KEY `QuestionTypeID_TicketTypeID` (`SummitOrderExtraQuestionTypeID`,`SummitTicketTypeID`),
  KEY `SummitOrderExtraQuestionTypeID` (`SummitOrderExtraQuestionTypeID`),
  KEY `SummitTicketTypeID` (`SummitTicketTypeID`),
  CONSTRAINT `FK_OrderExtraQType_TicketType_OrderExtraQType` FOREIGN KEY (`SummitOrderExtraQuestionTypeID`) REFERENCES `SummitOrderExtraQuestionType` (`ID`) ON DELETE CASCADE,
  CONSTRAINT `FK_OrderExtraQType_TicketType_TicketType` FOREIGN KEY (`SummitTicketTypeID`) REFERENCES `SummitTicketType` (`ID`) ON DELETE CASCADE
) ENGINE=InnoDB DEFAULT CHARSET=utf8mb3 COLLATE=utf8mb3_unicode_ci;
/*!40101 SET character_set_client = @saved_cs_client */;

--
-- Dumping data for table `SummitOrderExtraQuestionType_SummitTicketType`
--

LOCK TABLES `SummitOrderExtraQuestionType_SummitTicketType` WRITE;
/*!40000 ALTER TABLE `SummitOrderExtraQuestionType_SummitTicketType` DISABLE KEYS */;
/*!40000 ALTER TABLE `SummitOrderExtraQuestionType_SummitTicketType` ENABLE KEYS */;
UNLOCK TABLES;

--
-- Table structure for table `SummitOverviewPage`
--

DROP TABLE IF EXISTS `SummitOverviewPage`;
/*!40101 SET @saved_cs_client     = @@character_set_client */;
/*!50503 SET character_set_client = utf8mb4 */;
CREATE TABLE `SummitOverviewPage` (
  `ID` int NOT NULL AUTO_INCREMENT,
  `OverviewIntro` mediumtext CHARACTER SET utf8mb3 COLLATE utf8mb3_general_ci,
  `GrowthBoxTextTop` mediumtext CHARACTER SET utf8mb3 COLLATE utf8mb3_general_ci,
  `GrowthBoxTextBottom` mediumtext CHARACTER SET utf8mb3 COLLATE utf8mb3_general_ci,
  `RecapTitle` mediumtext CHARACTER SET utf8mb3 COLLATE utf8mb3_general_ci,
  `VideoRecapCaption1` mediumtext CHARACTER SET utf8mb3 COLLATE utf8mb3_general_ci,
  `VideoRecapYouTubeID1` mediumtext CHARACTER SET utf8mb3 COLLATE utf8mb3_general_ci,
  `VideoRecapCaption2` mediumtext CHARACTER SET utf8mb3 COLLATE utf8mb3_general_ci,
  `VideoRecapYouTubeID2` mediumtext CHARACTER SET utf8mb3 COLLATE utf8mb3_general_ci,
  `ScheduleTitle` mediumtext CHARACTER SET utf8mb3 COLLATE utf8mb3_general_ci,
  `ScheduleText` mediumtext CHARACTER SET utf8mb3 COLLATE utf8mb3_general_ci,
  `ScheduleUrl` mediumtext CHARACTER SET utf8mb3 COLLATE utf8mb3_general_ci,
  `ScheduleBtnText` mediumtext CHARACTER SET utf8mb3 COLLATE utf8mb3_general_ci,
  `NetworkingContent` mediumtext CHARACTER SET utf8mb3 COLLATE utf8mb3_general_ci,
  `TwoMainEventsTitle` mediumtext CHARACTER SET utf8mb3 COLLATE utf8mb3_general_ci,
  `EventOneTitle` mediumtext CHARACTER SET utf8mb3 COLLATE utf8mb3_general_ci,
  `EventOneSubTitle` mediumtext CHARACTER SET utf8mb3 COLLATE utf8mb3_general_ci,
  `EventOneContent` mediumtext CHARACTER SET utf8mb3 COLLATE utf8mb3_general_ci,
  `EventTwoTitle` mediumtext CHARACTER SET utf8mb3 COLLATE utf8mb3_general_ci,
  `EventTwoSubTitle` mediumtext CHARACTER SET utf8mb3 COLLATE utf8mb3_general_ci,
  `EventTwoContent` mediumtext CHARACTER SET utf8mb3 COLLATE utf8mb3_general_ci,
  `Atendees1Label` mediumtext CHARACTER SET utf8mb3 COLLATE utf8mb3_general_ci,
  `Atendees2Label` mediumtext CHARACTER SET utf8mb3 COLLATE utf8mb3_general_ci,
  `Atendees3Label` mediumtext CHARACTER SET utf8mb3 COLLATE utf8mb3_general_ci,
  `Atendees4Label` mediumtext CHARACTER SET utf8mb3 COLLATE utf8mb3_general_ci,
  `TimelineCaption` mediumtext CHARACTER SET utf8mb3 COLLATE utf8mb3_general_ci,
  `GrowthBoxBackgroundID` int DEFAULT NULL,
  `GrowthBoxChartLegendID` int DEFAULT NULL,
  `GrowthBoxChartLegendPngID` int DEFAULT NULL,
  `GrowthBoxChartID` int DEFAULT NULL,
  `GrowthBoxChartPngID` int DEFAULT NULL,
  `EventOneLogoID` int DEFAULT NULL,
  `EventOneLogoPngID` int DEFAULT NULL,
  `EventTwoLogoID` int DEFAULT NULL,
  `EventTwoLogoPngID` int DEFAULT NULL,
  `Atendees1ChartID` int DEFAULT NULL,
  `Atendees1ChartPngID` int DEFAULT NULL,
  `Atendees2ChartID` int DEFAULT NULL,
  `Atendees2ChartPngID` int DEFAULT NULL,
  `Atendees3ChartID` int DEFAULT NULL,
  `Atendees3ChartPngID` int DEFAULT NULL,
  `Atendees4ChartID` int DEFAULT NULL,
  `Atendees4ChartPngID` int DEFAULT NULL,
  `AtendeesChartRefID` int DEFAULT NULL,
  `AtendeesChartRefPngID` int DEFAULT NULL,
  `TimelineImageID` int DEFAULT NULL,
  `TimelineImagePngID` int DEFAULT NULL,
  PRIMARY KEY (`ID`),
  KEY `Atendees1ChartID` (`Atendees1ChartID`),
  KEY `Atendees1ChartPngID` (`Atendees1ChartPngID`),
  KEY `Atendees2ChartID` (`Atendees2ChartID`),
  KEY `Atendees2ChartPngID` (`Atendees2ChartPngID`),
  KEY `Atendees3ChartID` (`Atendees3ChartID`),
  KEY `Atendees3ChartPngID` (`Atendees3ChartPngID`),
  KEY `Atendees4ChartID` (`Atendees4ChartID`),
  KEY `Atendees4ChartPngID` (`Atendees4ChartPngID`),
  KEY `AtendeesChartRefID` (`AtendeesChartRefID`),
  KEY `AtendeesChartRefPngID` (`AtendeesChartRefPngID`),
  KEY `EventOneLogoID` (`EventOneLogoID`),
  KEY `EventOneLogoPngID` (`EventOneLogoPngID`),
  KEY `EventTwoLogoID` (`EventTwoLogoID`),
  KEY `EventTwoLogoPngID` (`EventTwoLogoPngID`),
  KEY `GrowthBoxBackgroundID` (`GrowthBoxBackgroundID`),
  KEY `GrowthBoxChartID` (`GrowthBoxChartID`),
  KEY `GrowthBoxChartLegendID` (`GrowthBoxChartLegendID`),
  KEY `GrowthBoxChartLegendPngID` (`GrowthBoxChartLegendPngID`),
  KEY `GrowthBoxChartPngID` (`GrowthBoxChartPngID`),
  KEY `TimelineImageID` (`TimelineImageID`),
  KEY `TimelineImagePngID` (`TimelineImagePngID`)
) ENGINE=InnoDB DEFAULT CHARSET=latin1;
/*!40101 SET character_set_client = @saved_cs_client */;

--
-- Dumping data for table `SummitOverviewPage`
--

LOCK TABLES `SummitOverviewPage` WRITE;
/*!40000 ALTER TABLE `SummitOverviewPage` DISABLE KEYS */;
/*!40000 ALTER TABLE `SummitOverviewPage` ENABLE KEYS */;
UNLOCK TABLES;

--
-- Table structure for table `SummitOverviewPageHelpMenuItem`
--

DROP TABLE IF EXISTS `SummitOverviewPageHelpMenuItem`;
/*!40101 SET @saved_cs_client     = @@character_set_client */;
/*!50503 SET character_set_client = utf8mb4 */;
CREATE TABLE `SummitOverviewPageHelpMenuItem` (
  `ID` int NOT NULL AUTO_INCREMENT,
  `ClassName` enum('SummitOverviewPageHelpMenuItem') CHARACTER SET utf8mb3 COLLATE utf8mb3_general_ci DEFAULT 'SummitOverviewPageHelpMenuItem',
  `LastEdited` datetime DEFAULT NULL,
  `Created` datetime DEFAULT NULL,
  `Label` mediumtext CHARACTER SET utf8mb3 COLLATE utf8mb3_general_ci,
  `Url` mediumtext CHARACTER SET utf8mb3 COLLATE utf8mb3_general_ci,
  `FAIcon` enum('fa-h-square','fa-comment','fa-tag','fa-question','fa-users','fa-mobile','none','fa-map-signs','fa-map','fa-calendar','fa-bed','fa-beer','fa-cab','fa-compass','fa-cutlery','fa-location-arrow','fa-venus','fa-youtube-play') CHARACTER SET utf8mb3 COLLATE utf8mb3_general_ci DEFAULT 'none',
  `Order` int NOT NULL DEFAULT '0',
  `OwnerID` int DEFAULT NULL,
  PRIMARY KEY (`ID`),
  KEY `ClassName` (`ClassName`),
  KEY `OwnerID` (`OwnerID`)
) ENGINE=InnoDB DEFAULT CHARSET=latin1;
/*!40101 SET character_set_client = @saved_cs_client */;

--
-- Dumping data for table `SummitOverviewPageHelpMenuItem`
--

LOCK TABLES `SummitOverviewPageHelpMenuItem` WRITE;
/*!40000 ALTER TABLE `SummitOverviewPageHelpMenuItem` DISABLE KEYS */;
/*!40000 ALTER TABLE `SummitOverviewPageHelpMenuItem` ENABLE KEYS */;
UNLOCK TABLES;

--
-- Table structure for table `SummitOverviewPage_Live`
--

DROP TABLE IF EXISTS `SummitOverviewPage_Live`;
/*!40101 SET @saved_cs_client     = @@character_set_client */;
/*!50503 SET character_set_client = utf8mb4 */;
CREATE TABLE `SummitOverviewPage_Live` (
  `ID` int NOT NULL AUTO_INCREMENT,
  `OverviewIntro` mediumtext CHARACTER SET utf8mb3 COLLATE utf8mb3_general_ci,
  `GrowthBoxTextTop` mediumtext CHARACTER SET utf8mb3 COLLATE utf8mb3_general_ci,
  `GrowthBoxTextBottom` mediumtext CHARACTER SET utf8mb3 COLLATE utf8mb3_general_ci,
  `RecapTitle` mediumtext CHARACTER SET utf8mb3 COLLATE utf8mb3_general_ci,
  `VideoRecapCaption1` mediumtext CHARACTER SET utf8mb3 COLLATE utf8mb3_general_ci,
  `VideoRecapYouTubeID1` mediumtext CHARACTER SET utf8mb3 COLLATE utf8mb3_general_ci,
  `VideoRecapCaption2` mediumtext CHARACTER SET utf8mb3 COLLATE utf8mb3_general_ci,
  `VideoRecapYouTubeID2` mediumtext CHARACTER SET utf8mb3 COLLATE utf8mb3_general_ci,
  `ScheduleTitle` mediumtext CHARACTER SET utf8mb3 COLLATE utf8mb3_general_ci,
  `ScheduleText` mediumtext CHARACTER SET utf8mb3 COLLATE utf8mb3_general_ci,
  `ScheduleUrl` mediumtext CHARACTER SET utf8mb3 COLLATE utf8mb3_general_ci,
  `ScheduleBtnText` mediumtext CHARACTER SET utf8mb3 COLLATE utf8mb3_general_ci,
  `NetworkingContent` mediumtext CHARACTER SET utf8mb3 COLLATE utf8mb3_general_ci,
  `TwoMainEventsTitle` mediumtext CHARACTER SET utf8mb3 COLLATE utf8mb3_general_ci,
  `EventOneTitle` mediumtext CHARACTER SET utf8mb3 COLLATE utf8mb3_general_ci,
  `EventOneSubTitle` mediumtext CHARACTER SET utf8mb3 COLLATE utf8mb3_general_ci,
  `EventOneContent` mediumtext CHARACTER SET utf8mb3 COLLATE utf8mb3_general_ci,
  `EventTwoTitle` mediumtext CHARACTER SET utf8mb3 COLLATE utf8mb3_general_ci,
  `EventTwoSubTitle` mediumtext CHARACTER SET utf8mb3 COLLATE utf8mb3_general_ci,
  `EventTwoContent` mediumtext CHARACTER SET utf8mb3 COLLATE utf8mb3_general_ci,
  `Atendees1Label` mediumtext CHARACTER SET utf8mb3 COLLATE utf8mb3_general_ci,
  `Atendees2Label` mediumtext CHARACTER SET utf8mb3 COLLATE utf8mb3_general_ci,
  `Atendees3Label` mediumtext CHARACTER SET utf8mb3 COLLATE utf8mb3_general_ci,
  `Atendees4Label` mediumtext CHARACTER SET utf8mb3 COLLATE utf8mb3_general_ci,
  `TimelineCaption` mediumtext CHARACTER SET utf8mb3 COLLATE utf8mb3_general_ci,
  `GrowthBoxBackgroundID` int DEFAULT NULL,
  `GrowthBoxChartLegendID` int DEFAULT NULL,
  `GrowthBoxChartLegendPngID` int DEFAULT NULL,
  `GrowthBoxChartID` int DEFAULT NULL,
  `GrowthBoxChartPngID` int DEFAULT NULL,
  `EventOneLogoID` int DEFAULT NULL,
  `EventOneLogoPngID` int DEFAULT NULL,
  `EventTwoLogoID` int DEFAULT NULL,
  `EventTwoLogoPngID` int DEFAULT NULL,
  `Atendees1ChartID` int DEFAULT NULL,
  `Atendees1ChartPngID` int DEFAULT NULL,
  `Atendees2ChartID` int DEFAULT NULL,
  `Atendees2ChartPngID` int DEFAULT NULL,
  `Atendees3ChartID` int DEFAULT NULL,
  `Atendees3ChartPngID` int DEFAULT NULL,
  `Atendees4ChartID` int DEFAULT NULL,
  `Atendees4ChartPngID` int DEFAULT NULL,
  `AtendeesChartRefID` int DEFAULT NULL,
  `AtendeesChartRefPngID` int DEFAULT NULL,
  `TimelineImageID` int DEFAULT NULL,
  `TimelineImagePngID` int DEFAULT NULL,
  PRIMARY KEY (`ID`),
  KEY `Atendees1ChartID` (`Atendees1ChartID`),
  KEY `Atendees1ChartPngID` (`Atendees1ChartPngID`),
  KEY `Atendees2ChartID` (`Atendees2ChartID`),
  KEY `Atendees2ChartPngID` (`Atendees2ChartPngID`),
  KEY `Atendees3ChartID` (`Atendees3ChartID`),
  KEY `Atendees3ChartPngID` (`Atendees3ChartPngID`),
  KEY `Atendees4ChartID` (`Atendees4ChartID`),
  KEY `Atendees4ChartPngID` (`Atendees4ChartPngID`),
  KEY `AtendeesChartRefID` (`AtendeesChartRefID`),
  KEY `AtendeesChartRefPngID` (`AtendeesChartRefPngID`),
  KEY `EventOneLogoID` (`EventOneLogoID`),
  KEY `EventOneLogoPngID` (`EventOneLogoPngID`),
  KEY `EventTwoLogoID` (`EventTwoLogoID`),
  KEY `EventTwoLogoPngID` (`EventTwoLogoPngID`),
  KEY `GrowthBoxBackgroundID` (`GrowthBoxBackgroundID`),
  KEY `GrowthBoxChartID` (`GrowthBoxChartID`),
  KEY `GrowthBoxChartLegendID` (`GrowthBoxChartLegendID`),
  KEY `GrowthBoxChartLegendPngID` (`GrowthBoxChartLegendPngID`),
  KEY `GrowthBoxChartPngID` (`GrowthBoxChartPngID`),
  KEY `TimelineImageID` (`TimelineImageID`),
  KEY `TimelineImagePngID` (`TimelineImagePngID`)
) ENGINE=InnoDB DEFAULT CHARSET=latin1;
/*!40101 SET character_set_client = @saved_cs_client */;

--
-- Dumping data for table `SummitOverviewPage_Live`
--

LOCK TABLES `SummitOverviewPage_Live` WRITE;
/*!40000 ALTER TABLE `SummitOverviewPage_Live` DISABLE KEYS */;
/*!40000 ALTER TABLE `SummitOverviewPage_Live` ENABLE KEYS */;
UNLOCK TABLES;

--
-- Table structure for table `SummitOverviewPage_versions`
--

DROP TABLE IF EXISTS `SummitOverviewPage_versions`;
/*!40101 SET @saved_cs_client     = @@character_set_client */;
/*!50503 SET character_set_client = utf8mb4 */;
CREATE TABLE `SummitOverviewPage_versions` (
  `ID` int NOT NULL AUTO_INCREMENT,
  `RecordID` int NOT NULL DEFAULT '0',
  `Version` int NOT NULL DEFAULT '0',
  `OverviewIntro` mediumtext CHARACTER SET utf8mb3 COLLATE utf8mb3_general_ci,
  `GrowthBoxTextTop` mediumtext CHARACTER SET utf8mb3 COLLATE utf8mb3_general_ci,
  `GrowthBoxTextBottom` mediumtext CHARACTER SET utf8mb3 COLLATE utf8mb3_general_ci,
  `RecapTitle` mediumtext CHARACTER SET utf8mb3 COLLATE utf8mb3_general_ci,
  `VideoRecapCaption1` mediumtext CHARACTER SET utf8mb3 COLLATE utf8mb3_general_ci,
  `VideoRecapYouTubeID1` mediumtext CHARACTER SET utf8mb3 COLLATE utf8mb3_general_ci,
  `VideoRecapCaption2` mediumtext CHARACTER SET utf8mb3 COLLATE utf8mb3_general_ci,
  `VideoRecapYouTubeID2` mediumtext CHARACTER SET utf8mb3 COLLATE utf8mb3_general_ci,
  `ScheduleTitle` mediumtext CHARACTER SET utf8mb3 COLLATE utf8mb3_general_ci,
  `ScheduleText` mediumtext CHARACTER SET utf8mb3 COLLATE utf8mb3_general_ci,
  `ScheduleUrl` mediumtext CHARACTER SET utf8mb3 COLLATE utf8mb3_general_ci,
  `ScheduleBtnText` mediumtext CHARACTER SET utf8mb3 COLLATE utf8mb3_general_ci,
  `NetworkingContent` mediumtext CHARACTER SET utf8mb3 COLLATE utf8mb3_general_ci,
  `TwoMainEventsTitle` mediumtext CHARACTER SET utf8mb3 COLLATE utf8mb3_general_ci,
  `EventOneTitle` mediumtext CHARACTER SET utf8mb3 COLLATE utf8mb3_general_ci,
  `EventOneSubTitle` mediumtext CHARACTER SET utf8mb3 COLLATE utf8mb3_general_ci,
  `EventOneContent` mediumtext CHARACTER SET utf8mb3 COLLATE utf8mb3_general_ci,
  `EventTwoTitle` mediumtext CHARACTER SET utf8mb3 COLLATE utf8mb3_general_ci,
  `EventTwoSubTitle` mediumtext CHARACTER SET utf8mb3 COLLATE utf8mb3_general_ci,
  `EventTwoContent` mediumtext CHARACTER SET utf8mb3 COLLATE utf8mb3_general_ci,
  `Atendees1Label` mediumtext CHARACTER SET utf8mb3 COLLATE utf8mb3_general_ci,
  `Atendees2Label` mediumtext CHARACTER SET utf8mb3 COLLATE utf8mb3_general_ci,
  `Atendees3Label` mediumtext CHARACTER SET utf8mb3 COLLATE utf8mb3_general_ci,
  `Atendees4Label` mediumtext CHARACTER SET utf8mb3 COLLATE utf8mb3_general_ci,
  `TimelineCaption` mediumtext CHARACTER SET utf8mb3 COLLATE utf8mb3_general_ci,
  `GrowthBoxBackgroundID` int DEFAULT NULL,
  `GrowthBoxChartLegendID` int DEFAULT NULL,
  `GrowthBoxChartLegendPngID` int DEFAULT NULL,
  `GrowthBoxChartID` int DEFAULT NULL,
  `GrowthBoxChartPngID` int DEFAULT NULL,
  `EventOneLogoID` int DEFAULT NULL,
  `EventOneLogoPngID` int DEFAULT NULL,
  `EventTwoLogoID` int DEFAULT NULL,
  `EventTwoLogoPngID` int DEFAULT NULL,
  `Atendees1ChartID` int DEFAULT NULL,
  `Atendees1ChartPngID` int DEFAULT NULL,
  `Atendees2ChartID` int DEFAULT NULL,
  `Atendees2ChartPngID` int DEFAULT NULL,
  `Atendees3ChartID` int DEFAULT NULL,
  `Atendees3ChartPngID` int DEFAULT NULL,
  `Atendees4ChartID` int DEFAULT NULL,
  `Atendees4ChartPngID` int DEFAULT NULL,
  `AtendeesChartRefID` int DEFAULT NULL,
  `AtendeesChartRefPngID` int DEFAULT NULL,
  `TimelineImageID` int DEFAULT NULL,
  `TimelineImagePngID` int DEFAULT NULL,
  PRIMARY KEY (`ID`),
  UNIQUE KEY `RecordID_Version` (`RecordID`,`Version`),
  KEY `Atendees1ChartID` (`Atendees1ChartID`),
  KEY `Atendees1ChartPngID` (`Atendees1ChartPngID`),
  KEY `Atendees2ChartID` (`Atendees2ChartID`),
  KEY `Atendees2ChartPngID` (`Atendees2ChartPngID`),
  KEY `Atendees3ChartID` (`Atendees3ChartID`),
  KEY `Atendees3ChartPngID` (`Atendees3ChartPngID`),
  KEY `Atendees4ChartID` (`Atendees4ChartID`),
  KEY `Atendees4ChartPngID` (`Atendees4ChartPngID`),
  KEY `AtendeesChartRefID` (`AtendeesChartRefID`),
  KEY `AtendeesChartRefPngID` (`AtendeesChartRefPngID`),
  KEY `EventOneLogoID` (`EventOneLogoID`),
  KEY `EventOneLogoPngID` (`EventOneLogoPngID`),
  KEY `EventTwoLogoID` (`EventTwoLogoID`),
  KEY `EventTwoLogoPngID` (`EventTwoLogoPngID`),
  KEY `GrowthBoxBackgroundID` (`GrowthBoxBackgroundID`),
  KEY `GrowthBoxChartID` (`GrowthBoxChartID`),
  KEY `GrowthBoxChartLegendID` (`GrowthBoxChartLegendID`),
  KEY `GrowthBoxChartLegendPngID` (`GrowthBoxChartLegendPngID`),
  KEY `GrowthBoxChartPngID` (`GrowthBoxChartPngID`),
  KEY `RecordID` (`RecordID`),
  KEY `TimelineImageID` (`TimelineImageID`),
  KEY `TimelineImagePngID` (`TimelineImagePngID`),
  KEY `Version` (`Version`)
) ENGINE=InnoDB DEFAULT CHARSET=latin1;
/*!40101 SET character_set_client = @saved_cs_client */;

--
-- Dumping data for table `SummitOverviewPage_versions`
--

LOCK TABLES `SummitOverviewPage_versions` WRITE;
/*!40000 ALTER TABLE `SummitOverviewPage_versions` DISABLE KEYS */;
/*!40000 ALTER TABLE `SummitOverviewPage_versions` ENABLE KEYS */;
UNLOCK TABLES;

--
-- Table structure for table `SummitPackage`
--

DROP TABLE IF EXISTS `SummitPackage`;
/*!40101 SET @saved_cs_client     = @@character_set_client */;
/*!50503 SET character_set_client = utf8mb4 */;
CREATE TABLE `SummitPackage` (
  `ID` int NOT NULL AUTO_INCREMENT,
  `ClassName` enum('SummitPackage') CHARACTER SET utf8mb3 COLLATE utf8mb3_general_ci DEFAULT 'SummitPackage',
  `LastEdited` datetime DEFAULT NULL,
  `Created` datetime DEFAULT NULL,
  `Title` mediumtext CHARACTER SET utf8mb3 COLLATE utf8mb3_general_ci,
  `SubTitle` mediumtext CHARACTER SET utf8mb3 COLLATE utf8mb3_general_ci,
  `Cost` decimal(9,2) NOT NULL DEFAULT '0.00',
  `MaxAvailable` int NOT NULL DEFAULT '0',
  `CurrentlyAvailable` int NOT NULL DEFAULT '0',
  `Order` int NOT NULL DEFAULT '0',
  `ShowQuantity` tinyint unsigned NOT NULL DEFAULT '0',
  `SummitID` int DEFAULT NULL,
  PRIMARY KEY (`ID`),
  KEY `ClassName` (`ClassName`),
  KEY `SummitID` (`SummitID`)
) ENGINE=InnoDB DEFAULT CHARSET=latin1;
/*!40101 SET character_set_client = @saved_cs_client */;

--
-- Dumping data for table `SummitPackage`
--

LOCK TABLES `SummitPackage` WRITE;
/*!40000 ALTER TABLE `SummitPackage` DISABLE KEYS */;
/*!40000 ALTER TABLE `SummitPackage` ENABLE KEYS */;
UNLOCK TABLES;

--
-- Table structure for table `SummitPackagePurchaseOrder`
--

DROP TABLE IF EXISTS `SummitPackagePurchaseOrder`;
/*!40101 SET @saved_cs_client     = @@character_set_client */;
/*!50503 SET character_set_client = utf8mb4 */;
CREATE TABLE `SummitPackagePurchaseOrder` (
  `ID` int NOT NULL AUTO_INCREMENT,
  `ClassName` enum('SummitPackagePurchaseOrder') CHARACTER SET utf8mb3 COLLATE utf8mb3_general_ci DEFAULT 'SummitPackagePurchaseOrder',
  `LastEdited` datetime DEFAULT NULL,
  `Created` datetime DEFAULT NULL,
  `FirstName` varchar(50) CHARACTER SET utf8mb3 COLLATE utf8mb3_general_ci DEFAULT NULL,
  `Surname` varchar(50) CHARACTER SET utf8mb3 COLLATE utf8mb3_general_ci DEFAULT NULL,
  `Email` varchar(254) CHARACTER SET utf8mb3 COLLATE utf8mb3_general_ci DEFAULT NULL,
  `Organization` varchar(50) CHARACTER SET utf8mb3 COLLATE utf8mb3_general_ci DEFAULT NULL,
  `Approved` tinyint unsigned NOT NULL DEFAULT '0',
  `ApprovedDate` datetime DEFAULT NULL,
  `Rejected` tinyint unsigned NOT NULL DEFAULT '0',
  `RejectedDate` datetime DEFAULT NULL,
  `RegisteredOrganizationID` int DEFAULT NULL,
  `ApprovedByID` int DEFAULT NULL,
  `RejectedByID` int DEFAULT NULL,
  `PackageID` int DEFAULT NULL,
  PRIMARY KEY (`ID`),
  KEY `ApprovedByID` (`ApprovedByID`),
  KEY `ClassName` (`ClassName`),
  KEY `PackageID` (`PackageID`),
  KEY `RegisteredOrganizationID` (`RegisteredOrganizationID`),
  KEY `RejectedByID` (`RejectedByID`)
) ENGINE=InnoDB DEFAULT CHARSET=latin1;
/*!40101 SET character_set_client = @saved_cs_client */;

--
-- Dumping data for table `SummitPackagePurchaseOrder`
--

LOCK TABLES `SummitPackagePurchaseOrder` WRITE;
/*!40000 ALTER TABLE `SummitPackagePurchaseOrder` DISABLE KEYS */;
/*!40000 ALTER TABLE `SummitPackagePurchaseOrder` ENABLE KEYS */;
UNLOCK TABLES;

--
-- Table structure for table `SummitPackage_DiscountPackages`
--

DROP TABLE IF EXISTS `SummitPackage_DiscountPackages`;
/*!40101 SET @saved_cs_client     = @@character_set_client */;
/*!50503 SET character_set_client = utf8mb4 */;
CREATE TABLE `SummitPackage_DiscountPackages` (
  `ID` int NOT NULL AUTO_INCREMENT,
  `SummitPackageID` int NOT NULL DEFAULT '0',
  `ChildID` int NOT NULL DEFAULT '0',
  `Discount` decimal(5,4) NOT NULL DEFAULT '0.0000',
  PRIMARY KEY (`ID`),
  KEY `ChildID` (`ChildID`),
  KEY `SummitPackageID` (`SummitPackageID`)
) ENGINE=InnoDB DEFAULT CHARSET=latin1;
/*!40101 SET character_set_client = @saved_cs_client */;

--
-- Dumping data for table `SummitPackage_DiscountPackages`
--

LOCK TABLES `SummitPackage_DiscountPackages` WRITE;
/*!40000 ALTER TABLE `SummitPackage_DiscountPackages` DISABLE KEYS */;
/*!40000 ALTER TABLE `SummitPackage_DiscountPackages` ENABLE KEYS */;
UNLOCK TABLES;

--
-- Table structure for table `SummitPage`
--

DROP TABLE IF EXISTS `SummitPage`;
/*!40101 SET @saved_cs_client     = @@character_set_client */;
/*!50503 SET character_set_client = utf8mb4 */;
CREATE TABLE `SummitPage` (
  `ID` int NOT NULL AUTO_INCREMENT,
  `GAConversionId` mediumtext CHARACTER SET utf8mb3 COLLATE utf8mb3_general_ci,
  `GAConversionLanguage` mediumtext CHARACTER SET utf8mb3 COLLATE utf8mb3_general_ci,
  `GAConversionFormat` mediumtext CHARACTER SET utf8mb3 COLLATE utf8mb3_general_ci,
  `GAConversionColor` mediumtext CHARACTER SET utf8mb3 COLLATE utf8mb3_general_ci,
  `GAConversionLabel` mediumtext CHARACTER SET utf8mb3 COLLATE utf8mb3_general_ci,
  `GAConversionValue` int NOT NULL DEFAULT '0',
  `GARemarketingOnly` tinyint unsigned NOT NULL DEFAULT '0',
  `FBPixelId` mediumtext CHARACTER SET utf8mb3 COLLATE utf8mb3_general_ci,
  `TwitterPixelId` mediumtext CHARACTER SET utf8mb3 COLLATE utf8mb3_general_ci,
  `HeroCSSClass` mediumtext CHARACTER SET utf8mb3 COLLATE utf8mb3_general_ci,
  `HeaderText` mediumtext CHARACTER SET utf8mb3 COLLATE utf8mb3_general_ci,
  `HeaderMessage` mediumtext CHARACTER SET utf8mb3 COLLATE utf8mb3_general_ci,
  `FooterLinksLeft` mediumtext CHARACTER SET utf8mb3 COLLATE utf8mb3_general_ci,
  `FooterLinksRight` mediumtext CHARACTER SET utf8mb3 COLLATE utf8mb3_general_ci,
  `SummitImageID` int DEFAULT NULL,
  `SummitID` int DEFAULT NULL,
  PRIMARY KEY (`ID`),
  KEY `SummitID` (`SummitID`),
  KEY `SummitImageID` (`SummitImageID`)
) ENGINE=InnoDB DEFAULT CHARSET=latin1;
/*!40101 SET character_set_client = @saved_cs_client */;

--
-- Dumping data for table `SummitPage`
--

LOCK TABLES `SummitPage` WRITE;
/*!40000 ALTER TABLE `SummitPage` DISABLE KEYS */;
/*!40000 ALTER TABLE `SummitPage` ENABLE KEYS */;
UNLOCK TABLES;

--
-- Table structure for table `SummitPage_Live`
--

DROP TABLE IF EXISTS `SummitPage_Live`;
/*!40101 SET @saved_cs_client     = @@character_set_client */;
/*!50503 SET character_set_client = utf8mb4 */;
CREATE TABLE `SummitPage_Live` (
  `ID` int NOT NULL AUTO_INCREMENT,
  `GAConversionId` mediumtext CHARACTER SET utf8mb3 COLLATE utf8mb3_general_ci,
  `GAConversionLanguage` mediumtext CHARACTER SET utf8mb3 COLLATE utf8mb3_general_ci,
  `GAConversionFormat` mediumtext CHARACTER SET utf8mb3 COLLATE utf8mb3_general_ci,
  `GAConversionColor` mediumtext CHARACTER SET utf8mb3 COLLATE utf8mb3_general_ci,
  `GAConversionLabel` mediumtext CHARACTER SET utf8mb3 COLLATE utf8mb3_general_ci,
  `GAConversionValue` int NOT NULL DEFAULT '0',
  `GARemarketingOnly` tinyint unsigned NOT NULL DEFAULT '0',
  `FBPixelId` mediumtext CHARACTER SET utf8mb3 COLLATE utf8mb3_general_ci,
  `TwitterPixelId` mediumtext CHARACTER SET utf8mb3 COLLATE utf8mb3_general_ci,
  `HeroCSSClass` mediumtext CHARACTER SET utf8mb3 COLLATE utf8mb3_general_ci,
  `HeaderText` mediumtext CHARACTER SET utf8mb3 COLLATE utf8mb3_general_ci,
  `HeaderMessage` mediumtext CHARACTER SET utf8mb3 COLLATE utf8mb3_general_ci,
  `FooterLinksLeft` mediumtext CHARACTER SET utf8mb3 COLLATE utf8mb3_general_ci,
  `FooterLinksRight` mediumtext CHARACTER SET utf8mb3 COLLATE utf8mb3_general_ci,
  `SummitImageID` int DEFAULT NULL,
  `SummitID` int DEFAULT NULL,
  PRIMARY KEY (`ID`),
  KEY `SummitID` (`SummitID`),
  KEY `SummitImageID` (`SummitImageID`)
) ENGINE=InnoDB DEFAULT CHARSET=latin1;
/*!40101 SET character_set_client = @saved_cs_client */;

--
-- Dumping data for table `SummitPage_Live`
--

LOCK TABLES `SummitPage_Live` WRITE;
/*!40000 ALTER TABLE `SummitPage_Live` DISABLE KEYS */;
/*!40000 ALTER TABLE `SummitPage_Live` ENABLE KEYS */;
UNLOCK TABLES;

--
-- Table structure for table `SummitPage_versions`
--

DROP TABLE IF EXISTS `SummitPage_versions`;
/*!40101 SET @saved_cs_client     = @@character_set_client */;
/*!50503 SET character_set_client = utf8mb4 */;
CREATE TABLE `SummitPage_versions` (
  `ID` int NOT NULL AUTO_INCREMENT,
  `RecordID` int NOT NULL DEFAULT '0',
  `Version` int NOT NULL DEFAULT '0',
  `GAConversionId` mediumtext CHARACTER SET utf8mb3 COLLATE utf8mb3_general_ci,
  `GAConversionLanguage` mediumtext CHARACTER SET utf8mb3 COLLATE utf8mb3_general_ci,
  `GAConversionFormat` mediumtext CHARACTER SET utf8mb3 COLLATE utf8mb3_general_ci,
  `GAConversionColor` mediumtext CHARACTER SET utf8mb3 COLLATE utf8mb3_general_ci,
  `GAConversionLabel` mediumtext CHARACTER SET utf8mb3 COLLATE utf8mb3_general_ci,
  `GAConversionValue` int NOT NULL DEFAULT '0',
  `GARemarketingOnly` tinyint unsigned NOT NULL DEFAULT '0',
  `FBPixelId` mediumtext CHARACTER SET utf8mb3 COLLATE utf8mb3_general_ci,
  `TwitterPixelId` mediumtext CHARACTER SET utf8mb3 COLLATE utf8mb3_general_ci,
  `HeroCSSClass` mediumtext CHARACTER SET utf8mb3 COLLATE utf8mb3_general_ci,
  `HeaderText` mediumtext CHARACTER SET utf8mb3 COLLATE utf8mb3_general_ci,
  `HeaderMessage` mediumtext CHARACTER SET utf8mb3 COLLATE utf8mb3_general_ci,
  `FooterLinksLeft` mediumtext CHARACTER SET utf8mb3 COLLATE utf8mb3_general_ci,
  `FooterLinksRight` mediumtext CHARACTER SET utf8mb3 COLLATE utf8mb3_general_ci,
  `SummitImageID` int DEFAULT NULL,
  `SummitID` int DEFAULT NULL,
  PRIMARY KEY (`ID`),
  UNIQUE KEY `RecordID_Version` (`RecordID`,`Version`),
  KEY `RecordID` (`RecordID`),
  KEY `SummitID` (`SummitID`),
  KEY `SummitImageID` (`SummitImageID`),
  KEY `Version` (`Version`)
) ENGINE=InnoDB DEFAULT CHARSET=latin1;
/*!40101 SET character_set_client = @saved_cs_client */;

--
-- Dumping data for table `SummitPage_versions`
--

LOCK TABLES `SummitPage_versions` WRITE;
/*!40000 ALTER TABLE `SummitPage_versions` DISABLE KEYS */;
/*!40000 ALTER TABLE `SummitPage_versions` ENABLE KEYS */;
UNLOCK TABLES;

--
-- Table structure for table `SummitPieDataItem`
--

DROP TABLE IF EXISTS `SummitPieDataItem`;
/*!40101 SET @saved_cs_client     = @@character_set_client */;
/*!50503 SET character_set_client = utf8mb4 */;
CREATE TABLE `SummitPieDataItem` (
  `ID` int NOT NULL AUTO_INCREMENT,
  `ClassName` enum('SummitPieDataItem','SummitPieDataItemRegion','SummitPieDataItemRole') CHARACTER SET utf8mb3 COLLATE utf8mb3_general_ci DEFAULT 'SummitPieDataItem',
  `LastEdited` datetime DEFAULT NULL,
  `Created` datetime DEFAULT NULL,
  `Color` mediumtext CHARACTER SET utf8mb3 COLLATE utf8mb3_general_ci,
  `Value` mediumtext CHARACTER SET utf8mb3 COLLATE utf8mb3_general_ci,
  `Label` mediumtext CHARACTER SET utf8mb3 COLLATE utf8mb3_general_ci,
  `Order` int NOT NULL DEFAULT '0',
  `OwnerID` int DEFAULT NULL,
  PRIMARY KEY (`ID`),
  KEY `ClassName` (`ClassName`),
  KEY `OwnerID` (`OwnerID`)
) ENGINE=InnoDB DEFAULT CHARSET=latin1;
/*!40101 SET character_set_client = @saved_cs_client */;

--
-- Dumping data for table `SummitPieDataItem`
--

LOCK TABLES `SummitPieDataItem` WRITE;
/*!40000 ALTER TABLE `SummitPieDataItem` DISABLE KEYS */;
/*!40000 ALTER TABLE `SummitPieDataItem` ENABLE KEYS */;
UNLOCK TABLES;

--
-- Table structure for table `SummitPresentationComment`
--

DROP TABLE IF EXISTS `SummitPresentationComment`;
/*!40101 SET @saved_cs_client     = @@character_set_client */;
/*!50503 SET character_set_client = utf8mb4 */;
CREATE TABLE `SummitPresentationComment` (
  `ID` int NOT NULL AUTO_INCREMENT,
  `ClassName` enum('SummitPresentationComment') CHARACTER SET utf8mb3 COLLATE utf8mb3_general_ci DEFAULT 'SummitPresentationComment',
  `LastEdited` datetime DEFAULT NULL,
  `Created` datetime DEFAULT NULL,
  `Body` mediumtext CHARACTER SET utf8mb3 COLLATE utf8mb3_general_ci,
  `IsActivity` tinyint unsigned NOT NULL DEFAULT '0',
  `IsPublic` tinyint unsigned NOT NULL DEFAULT '0',
  `PresentationID` int DEFAULT NULL,
  `CommenterID` int DEFAULT NULL,
  PRIMARY KEY (`ID`),
  KEY `ClassName` (`ClassName`),
  KEY `CommenterID` (`CommenterID`),
  KEY `PresentationID` (`PresentationID`),
  CONSTRAINT `FK_SummitPresentationComment_CommenterID` FOREIGN KEY (`CommenterID`) REFERENCES `Member` (`ID`) ON DELETE SET NULL,
  CONSTRAINT `FK_SummitPresentationComment_Presentation` FOREIGN KEY (`PresentationID`) REFERENCES `Presentation` (`ID`) ON DELETE CASCADE
) ENGINE=InnoDB DEFAULT CHARSET=latin1;
/*!40101 SET character_set_client = @saved_cs_client */;

--
-- Dumping data for table `SummitPresentationComment`
--

LOCK TABLES `SummitPresentationComment` WRITE;
/*!40000 ALTER TABLE `SummitPresentationComment` DISABLE KEYS */;
/*!40000 ALTER TABLE `SummitPresentationComment` ENABLE KEYS */;
UNLOCK TABLES;

--
-- Table structure for table `SummitProposedSchedule`
--

DROP TABLE IF EXISTS `SummitProposedSchedule`;
/*!40101 SET @saved_cs_client     = @@character_set_client */;
/*!50503 SET character_set_client = utf8mb4 */;
CREATE TABLE `SummitProposedSchedule` (
  `ID` int unsigned NOT NULL AUTO_INCREMENT,
  `ClassName` varchar(255) COLLATE utf8mb3_unicode_ci NOT NULL DEFAULT 'SummitProposedSchedule',
  `Created` datetime NOT NULL,
  `LastEdited` datetime NOT NULL,
  `Name` varchar(255) COLLATE utf8mb3_unicode_ci DEFAULT 'NULL',
  `Source` varchar(255) COLLATE utf8mb3_unicode_ci NOT NULL DEFAULT 'track-chairs',
  `SummitID` int DEFAULT NULL,
  `CreatedByID` int DEFAULT NULL,
  PRIMARY KEY (`ID`),
  UNIQUE KEY `SummitID_Source` (`SummitID`,`Source`),
  KEY `ClassName` (`ClassName`),
  KEY `CreatedByID` (`CreatedByID`),
  KEY `SummitID` (`SummitID`),
  CONSTRAINT `FK_SummitProposedSchedule_CreatedBy` FOREIGN KEY (`CreatedByID`) REFERENCES `Member` (`ID`) ON DELETE CASCADE,
  CONSTRAINT `FK_SummitProposedSchedule_Summit` FOREIGN KEY (`SummitID`) REFERENCES `Summit` (`ID`) ON DELETE CASCADE
) ENGINE=InnoDB DEFAULT CHARSET=utf8mb3 COLLATE=utf8mb3_unicode_ci;
/*!40101 SET character_set_client = @saved_cs_client */;

--
-- Dumping data for table `SummitProposedSchedule`
--

LOCK TABLES `SummitProposedSchedule` WRITE;
/*!40000 ALTER TABLE `SummitProposedSchedule` DISABLE KEYS */;
/*!40000 ALTER TABLE `SummitProposedSchedule` ENABLE KEYS */;
UNLOCK TABLES;

--
-- Table structure for table `SummitProposedScheduleAllowedDay`
--

DROP TABLE IF EXISTS `SummitProposedScheduleAllowedDay`;
/*!40101 SET @saved_cs_client     = @@character_set_client */;
/*!50503 SET character_set_client = utf8mb4 */;
CREATE TABLE `SummitProposedScheduleAllowedDay` (
  `ID` int unsigned NOT NULL AUTO_INCREMENT,
  `ClassName` varchar(255) COLLATE utf8mb3_unicode_ci NOT NULL DEFAULT 'SummitProposedScheduleAllowedDay',
  `Created` datetime NOT NULL,
  `LastEdited` datetime NOT NULL,
  `Day` datetime NOT NULL,
  `OpeningHour` smallint DEFAULT NULL,
  `ClosingHour` smallint DEFAULT NULL,
  `AllowedLocationID` int unsigned DEFAULT NULL,
  PRIMARY KEY (`ID`),
  UNIQUE KEY `IDX_UNIQUE_ProposedScheduleAllowedDay_Day_Location` (`Day`,`AllowedLocationID`),
  KEY `AllowedLocationID` (`AllowedLocationID`),
  KEY `ClassName` (`ClassName`),
  CONSTRAINT `FK_SummitProposedScheduleAllowedDay_AllowedLocation` FOREIGN KEY (`AllowedLocationID`) REFERENCES `SummitProposedScheduleAllowedLocation` (`ID`) ON DELETE CASCADE
) ENGINE=InnoDB DEFAULT CHARSET=utf8mb3 COLLATE=utf8mb3_unicode_ci;
/*!40101 SET character_set_client = @saved_cs_client */;

--
-- Dumping data for table `SummitProposedScheduleAllowedDay`
--

LOCK TABLES `SummitProposedScheduleAllowedDay` WRITE;
/*!40000 ALTER TABLE `SummitProposedScheduleAllowedDay` DISABLE KEYS */;
/*!40000 ALTER TABLE `SummitProposedScheduleAllowedDay` ENABLE KEYS */;
UNLOCK TABLES;

--
-- Table structure for table `SummitProposedScheduleAllowedLocation`
--

DROP TABLE IF EXISTS `SummitProposedScheduleAllowedLocation`;
/*!40101 SET @saved_cs_client     = @@character_set_client */;
/*!50503 SET character_set_client = utf8mb4 */;
CREATE TABLE `SummitProposedScheduleAllowedLocation` (
  `ID` int unsigned NOT NULL AUTO_INCREMENT,
  `ClassName` varchar(255) COLLATE utf8mb3_unicode_ci NOT NULL DEFAULT 'SummitProposedScheduleAllowedLocation',
  `Created` datetime NOT NULL,
  `LastEdited` datetime NOT NULL,
  `PresentationCategoryID` int DEFAULT NULL,
  `LocationID` int DEFAULT NULL,
  PRIMARY KEY (`ID`),
  UNIQUE KEY `IDX_UNIQUE_ProposedScheduleAllowedLocation_Track_Location` (`PresentationCategoryID`,`LocationID`),
  KEY `ClassName` (`ClassName`),
  KEY `LocationID` (`LocationID`),
  KEY `PresentationCategoryID` (`PresentationCategoryID`),
  CONSTRAINT `FK_SummitProposedScheduleAllowedLocation_Location` FOREIGN KEY (`LocationID`) REFERENCES `SummitAbstractLocation` (`ID`) ON DELETE CASCADE,
  CONSTRAINT `FK_SummitProposedScheduleAllowedLocation_Track` FOREIGN KEY (`PresentationCategoryID`) REFERENCES `PresentationCategory` (`ID`) ON DELETE CASCADE
) ENGINE=InnoDB DEFAULT CHARSET=utf8mb3 COLLATE=utf8mb3_unicode_ci;
/*!40101 SET character_set_client = @saved_cs_client */;

--
-- Dumping data for table `SummitProposedScheduleAllowedLocation`
--

LOCK TABLES `SummitProposedScheduleAllowedLocation` WRITE;
/*!40000 ALTER TABLE `SummitProposedScheduleAllowedLocation` DISABLE KEYS */;
/*!40000 ALTER TABLE `SummitProposedScheduleAllowedLocation` ENABLE KEYS */;
UNLOCK TABLES;

--
-- Table structure for table `SummitProposedScheduleLock`
--

DROP TABLE IF EXISTS `SummitProposedScheduleLock`;
/*!40101 SET @saved_cs_client     = @@character_set_client */;
/*!50503 SET character_set_client = utf8mb4 */;
CREATE TABLE `SummitProposedScheduleLock` (
  `ID` int unsigned NOT NULL AUTO_INCREMENT,
  `Created` datetime NOT NULL,
  `LastEdited` datetime NOT NULL,
  `Reason` varchar(1024) COLLATE utf8mb3_unicode_ci DEFAULT '',
  `SummitProposedScheduleID` int unsigned NOT NULL,
  `TrackID` int NOT NULL,
  `CreatedByID` int NOT NULL,
  PRIMARY KEY (`ID`),
  UNIQUE KEY `UNIQ_C80364593AC1D46A9555ED04` (`SummitProposedScheduleID`,`TrackID`),
  KEY `CreatedByID` (`CreatedByID`),
  KEY `SummitProposedScheduleID` (`SummitProposedScheduleID`),
  KEY `TrackID` (`TrackID`),
  CONSTRAINT `FK_SummitProposedScheduleLock_SummitProposedSchedule` FOREIGN KEY (`SummitProposedScheduleID`) REFERENCES `SummitProposedSchedule` (`ID`) ON DELETE CASCADE,
  CONSTRAINT `FK_SummitProposedScheduleLock_Track` FOREIGN KEY (`TrackID`) REFERENCES `PresentationCategory` (`ID`) ON DELETE CASCADE,
  CONSTRAINT `FK_SummitProposedScheduleLock_TrackChair` FOREIGN KEY (`CreatedByID`) REFERENCES `SummitTrackChair` (`ID`) ON DELETE CASCADE
) ENGINE=InnoDB DEFAULT CHARSET=utf8mb3 COLLATE=utf8mb3_unicode_ci;
/*!40101 SET character_set_client = @saved_cs_client */;

--
-- Dumping data for table `SummitProposedScheduleLock`
--

LOCK TABLES `SummitProposedScheduleLock` WRITE;
/*!40000 ALTER TABLE `SummitProposedScheduleLock` DISABLE KEYS */;
/*!40000 ALTER TABLE `SummitProposedScheduleLock` ENABLE KEYS */;
UNLOCK TABLES;

--
-- Table structure for table `SummitProposedScheduleSummitEvent`
--

DROP TABLE IF EXISTS `SummitProposedScheduleSummitEvent`;
/*!40101 SET @saved_cs_client     = @@character_set_client */;
/*!50503 SET character_set_client = utf8mb4 */;
CREATE TABLE `SummitProposedScheduleSummitEvent` (
  `ID` int unsigned NOT NULL AUTO_INCREMENT,
  `ClassName` varchar(255) COLLATE utf8mb3_unicode_ci NOT NULL DEFAULT 'SummitProposedScheduleSummitEvent',
  `Created` datetime NOT NULL,
  `LastEdited` datetime NOT NULL,
  `StartDate` datetime NOT NULL,
  `EndDate` datetime NOT NULL,
  `Duration` int NOT NULL DEFAULT '0',
  `ScheduleID` int unsigned NOT NULL,
  `SummitEventID` int NOT NULL,
  `LocationID` int DEFAULT NULL,
  `CreatedByID` int DEFAULT NULL,
  `UpdatedByID` int DEFAULT NULL,
  PRIMARY KEY (`ID`),
  UNIQUE KEY `IDX_SummitProposedScheduleSummitEvent_Event_Unique` (`ScheduleID`,`SummitEventID`),
  KEY `ClassName` (`ClassName`),
  KEY `CreatedByID` (`CreatedByID`),
  KEY `LocationID` (`LocationID`),
  KEY `ScheduleID` (`ScheduleID`),
  KEY `SummitEventID` (`SummitEventID`),
  KEY `UpdatedByID` (`UpdatedByID`),
  CONSTRAINT `FK_SummitProposedScheduleSummitEvent_CreatedBy` FOREIGN KEY (`CreatedByID`) REFERENCES `Member` (`ID`) ON DELETE CASCADE,
  CONSTRAINT `FK_SummitProposedScheduleSummitEvent_Event` FOREIGN KEY (`SummitEventID`) REFERENCES `SummitEvent` (`ID`) ON DELETE CASCADE,
  CONSTRAINT `FK_SummitProposedScheduleSummitEvent_Location` FOREIGN KEY (`LocationID`) REFERENCES `SummitAbstractLocation` (`ID`) ON DELETE CASCADE,
  CONSTRAINT `FK_SummitProposedScheduleSummitEvent_Schedule` FOREIGN KEY (`ScheduleID`) REFERENCES `SummitProposedSchedule` (`ID`) ON DELETE CASCADE,
  CONSTRAINT `FK_SummitProposedScheduleSummitEvent_UpdatedBy` FOREIGN KEY (`UpdatedByID`) REFERENCES `Member` (`ID`) ON DELETE CASCADE
) ENGINE=InnoDB DEFAULT CHARSET=utf8mb3 COLLATE=utf8mb3_unicode_ci;
/*!40101 SET character_set_client = @saved_cs_client */;

--
-- Dumping data for table `SummitProposedScheduleSummitEvent`
--

LOCK TABLES `SummitProposedScheduleSummitEvent` WRITE;
/*!40000 ALTER TABLE `SummitProposedScheduleSummitEvent` DISABLE KEYS */;
/*!40000 ALTER TABLE `SummitProposedScheduleSummitEvent` ENABLE KEYS */;
UNLOCK TABLES;

--
-- Table structure for table `SummitPushNotification`
--

DROP TABLE IF EXISTS `SummitPushNotification`;
/*!40101 SET @saved_cs_client     = @@character_set_client */;
/*!50503 SET character_set_client = utf8mb4 */;
CREATE TABLE `SummitPushNotification` (
  `ID` int NOT NULL AUTO_INCREMENT,
  `Channel` enum('EVERYONE','SPEAKERS','ATTENDEES','MEMBERS','SUMMIT','EVENT','GROUP') CHARACTER SET utf8mb3 COLLATE utf8mb3_general_ci DEFAULT 'EVERYONE',
  `SummitID` int DEFAULT NULL,
  `EventID` int DEFAULT NULL,
  `GroupID` int DEFAULT NULL,
  PRIMARY KEY (`ID`),
  KEY `EventID` (`EventID`),
  KEY `GroupID` (`GroupID`),
  KEY `SummitID` (`SummitID`)
) ENGINE=InnoDB DEFAULT CHARSET=latin1;
/*!40101 SET character_set_client = @saved_cs_client */;

--
-- Dumping data for table `SummitPushNotification`
--

LOCK TABLES `SummitPushNotification` WRITE;
/*!40000 ALTER TABLE `SummitPushNotification` DISABLE KEYS */;
/*!40000 ALTER TABLE `SummitPushNotification` ENABLE KEYS */;
UNLOCK TABLES;

--
-- Table structure for table `SummitPushNotification_Recipients`
--

DROP TABLE IF EXISTS `SummitPushNotification_Recipients`;
/*!40101 SET @saved_cs_client     = @@character_set_client */;
/*!50503 SET character_set_client = utf8mb4 */;
CREATE TABLE `SummitPushNotification_Recipients` (
  `ID` int NOT NULL AUTO_INCREMENT,
  `SummitPushNotificationID` int NOT NULL DEFAULT '0',
  `MemberID` int NOT NULL DEFAULT '0',
  PRIMARY KEY (`ID`),
  KEY `MemberID` (`MemberID`),
  KEY `SummitPushNotificationID` (`SummitPushNotificationID`)
) ENGINE=InnoDB DEFAULT CHARSET=latin1;
/*!40101 SET character_set_client = @saved_cs_client */;

--
-- Dumping data for table `SummitPushNotification_Recipients`
--

LOCK TABLES `SummitPushNotification_Recipients` WRITE;
/*!40000 ALTER TABLE `SummitPushNotification_Recipients` DISABLE KEYS */;
/*!40000 ALTER TABLE `SummitPushNotification_Recipients` ENABLE KEYS */;
UNLOCK TABLES;

--
-- Table structure for table `SummitQuestion`
--

DROP TABLE IF EXISTS `SummitQuestion`;
/*!40101 SET @saved_cs_client     = @@character_set_client */;
/*!50503 SET character_set_client = utf8mb4 */;
CREATE TABLE `SummitQuestion` (
  `ID` int NOT NULL AUTO_INCREMENT,
  `ClassName` enum('SummitQuestion') CHARACTER SET utf8mb3 COLLATE utf8mb3_general_ci DEFAULT 'SummitQuestion',
  `LastEdited` datetime DEFAULT NULL,
  `Created` datetime DEFAULT NULL,
  `Order` int NOT NULL DEFAULT '0',
  `Question` mediumtext CHARACTER SET utf8mb3 COLLATE utf8mb3_general_ci,
  `Answer` mediumtext CHARACTER SET utf8mb3 COLLATE utf8mb3_general_ci,
  `ExtendedAnswer` mediumtext CHARACTER SET utf8mb3 COLLATE utf8mb3_general_ci,
  `SummitQuestionsPageID` int DEFAULT NULL,
  `CategoryID` int DEFAULT NULL,
  PRIMARY KEY (`ID`),
  KEY `CategoryID` (`CategoryID`),
  KEY `ClassName` (`ClassName`),
  KEY `SummitQuestionsPageID` (`SummitQuestionsPageID`)
) ENGINE=InnoDB DEFAULT CHARSET=latin1;
/*!40101 SET character_set_client = @saved_cs_client */;

--
-- Dumping data for table `SummitQuestion`
--

LOCK TABLES `SummitQuestion` WRITE;
/*!40000 ALTER TABLE `SummitQuestion` DISABLE KEYS */;
/*!40000 ALTER TABLE `SummitQuestion` ENABLE KEYS */;
UNLOCK TABLES;

--
-- Table structure for table `SummitQuestionCategory`
--

DROP TABLE IF EXISTS `SummitQuestionCategory`;
/*!40101 SET @saved_cs_client     = @@character_set_client */;
/*!50503 SET character_set_client = utf8mb4 */;
CREATE TABLE `SummitQuestionCategory` (
  `ID` int NOT NULL AUTO_INCREMENT,
  `ClassName` enum('SummitQuestionCategory') CHARACTER SET utf8mb3 COLLATE utf8mb3_general_ci DEFAULT 'SummitQuestionCategory',
  `LastEdited` datetime DEFAULT NULL,
  `Created` datetime DEFAULT NULL,
  `Order` int NOT NULL DEFAULT '0',
  `Name` mediumtext CHARACTER SET utf8mb3 COLLATE utf8mb3_general_ci,
  `SummitQuestionsPageID` int DEFAULT NULL,
  PRIMARY KEY (`ID`),
  KEY `ClassName` (`ClassName`),
  KEY `SummitQuestionsPageID` (`SummitQuestionsPageID`)
) ENGINE=InnoDB DEFAULT CHARSET=latin1;
/*!40101 SET character_set_client = @saved_cs_client */;

--
-- Dumping data for table `SummitQuestionCategory`
--

LOCK TABLES `SummitQuestionCategory` WRITE;
/*!40000 ALTER TABLE `SummitQuestionCategory` DISABLE KEYS */;
/*!40000 ALTER TABLE `SummitQuestionCategory` ENABLE KEYS */;
UNLOCK TABLES;

--
-- Table structure for table `SummitRefundPolicyType`
--

DROP TABLE IF EXISTS `SummitRefundPolicyType`;
/*!40101 SET @saved_cs_client     = @@character_set_client */;
/*!50503 SET character_set_client = utf8mb4 */;
CREATE TABLE `SummitRefundPolicyType` (
  `ID` int NOT NULL AUTO_INCREMENT,
  `ClassName` enum('SummitRefundPolicyType') CHARACTER SET utf8mb3 COLLATE utf8mb3_general_ci DEFAULT 'SummitRefundPolicyType',
  `LastEdited` datetime DEFAULT NULL,
  `Created` datetime DEFAULT NULL,
  `Name` varchar(255) CHARACTER SET utf8mb3 COLLATE utf8mb3_general_ci DEFAULT NULL,
  `UntilXDaysBeforeEventStarts` int NOT NULL DEFAULT '0',
  `RefundRate` decimal(9,2) NOT NULL DEFAULT '0.00',
  `SummitID` int DEFAULT NULL,
  PRIMARY KEY (`ID`),
  KEY `ClassName` (`ClassName`),
  KEY `SummitID` (`SummitID`)
) ENGINE=InnoDB DEFAULT CHARSET=latin1;
/*!40101 SET character_set_client = @saved_cs_client */;

--
-- Dumping data for table `SummitRefundPolicyType`
--

LOCK TABLES `SummitRefundPolicyType` WRITE;
/*!40000 ALTER TABLE `SummitRefundPolicyType` DISABLE KEYS */;
/*!40000 ALTER TABLE `SummitRefundPolicyType` ENABLE KEYS */;
UNLOCK TABLES;

--
-- Table structure for table `SummitRefundRequest`
--

DROP TABLE IF EXISTS `SummitRefundRequest`;
/*!40101 SET @saved_cs_client     = @@character_set_client */;
/*!50503 SET character_set_client = utf8mb4 */;
CREATE TABLE `SummitRefundRequest` (
  `ID` int NOT NULL AUTO_INCREMENT,
  `Created` datetime NOT NULL,
  `LastEdited` datetime NOT NULL,
  `ClassName` enum('SummitRefundRequest','SummitAttendeeTicketRefundRequest') CHARACTER SET utf8mb3 COLLATE utf8mb3_general_ci DEFAULT 'SummitRefundRequest',
  `RefundedAmount` decimal(32,10) NOT NULL DEFAULT '0.0000000000',
  `Notes` longtext COLLATE utf8mb3_unicode_ci,
  `ActionDate` datetime DEFAULT NULL,
  `Status` enum('Requested','Approved','Rejected') CHARACTER SET utf8mb3 COLLATE utf8mb3_general_ci DEFAULT 'Requested',
  `PaymentGatewayResult` longtext COLLATE utf8mb3_unicode_ci,
  `RequestedByID` int DEFAULT NULL,
  `ActionByID` int DEFAULT NULL,
  PRIMARY KEY (`ID`),
  KEY `ActionByID` (`ActionByID`),
  KEY `RequestedByID` (`RequestedByID`),
  CONSTRAINT `FK_44392ED424BFE9DA` FOREIGN KEY (`ActionByID`) REFERENCES `Member` (`ID`) ON DELETE CASCADE,
  CONSTRAINT `FK_44392ED4DB2F4727` FOREIGN KEY (`RequestedByID`) REFERENCES `Member` (`ID`) ON DELETE CASCADE
) ENGINE=InnoDB DEFAULT CHARSET=utf8mb3 COLLATE=utf8mb3_unicode_ci;
/*!40101 SET character_set_client = @saved_cs_client */;

--
-- Dumping data for table `SummitRefundRequest`
--

LOCK TABLES `SummitRefundRequest` WRITE;
/*!40000 ALTER TABLE `SummitRefundRequest` DISABLE KEYS */;
/*!40000 ALTER TABLE `SummitRefundRequest` ENABLE KEYS */;
UNLOCK TABLES;

--
-- Table structure for table `SummitRegistrationDiscountCode`
--

DROP TABLE IF EXISTS `SummitRegistrationDiscountCode`;
/*!40101 SET @saved_cs_client     = @@character_set_client */;
/*!50503 SET character_set_client = utf8mb4 */;
CREATE TABLE `SummitRegistrationDiscountCode` (
  `ID` int NOT NULL AUTO_INCREMENT,
  `DiscountRate` decimal(9,2) NOT NULL DEFAULT '0.00',
  `DiscountAmount` decimal(19,4) NOT NULL DEFAULT '0.0000',
  PRIMARY KEY (`ID`),
  CONSTRAINT `FK_SummitRegistrationDiscountCode_PromoCode` FOREIGN KEY (`ID`) REFERENCES `SummitRegistrationPromoCode` (`ID`) ON DELETE CASCADE
) ENGINE=InnoDB AUTO_INCREMENT=323 DEFAULT CHARSET=latin1;
/*!40101 SET character_set_client = @saved_cs_client */;

--
-- Dumping data for table `SummitRegistrationDiscountCode`
--

LOCK TABLES `SummitRegistrationDiscountCode` WRITE;
/*!40000 ALTER TABLE `SummitRegistrationDiscountCode` DISABLE KEYS */;
INSERT INTO `SummitRegistrationDiscountCode` VALUES (301,0.00,12.0000),(302,0.00,15.0000),(303,50.00,0.0000),(304,50.00,0.0000),(305,50.00,0.0000),(306,50.00,0.0000),(307,50.00,0.0000),(308,50.00,0.0000),(309,50.00,0.0000),(310,50.00,0.0000),(311,50.00,0.0000),(312,50.00,0.0000),(313,50.00,0.0000),(314,50.00,0.0000),(315,50.00,0.0000),(316,50.00,0.0000),(317,50.00,0.0000),(318,50.00,0.0000),(319,50.00,0.0000),(320,50.00,0.0000),(321,50.00,0.0000),(322,50.00,0.0000);
/*!40000 ALTER TABLE `SummitRegistrationDiscountCode` ENABLE KEYS */;
UNLOCK TABLES;

--
-- Table structure for table `SummitRegistrationDiscountCode_AllowedTicketTypes`
--

DROP TABLE IF EXISTS `SummitRegistrationDiscountCode_AllowedTicketTypes`;
/*!40101 SET @saved_cs_client     = @@character_set_client */;
/*!50503 SET character_set_client = utf8mb4 */;
CREATE TABLE `SummitRegistrationDiscountCode_AllowedTicketTypes` (
  `ID` int NOT NULL AUTO_INCREMENT,
  `SummitRegistrationDiscountCodeID` int NOT NULL DEFAULT '0',
  `SummitTicketTypeID` int NOT NULL DEFAULT '0',
  `DiscountRate` decimal(9,2) NOT NULL DEFAULT '0.00',
  `DiscountAmount` decimal(19,4) NOT NULL DEFAULT '0.0000',
  PRIMARY KEY (`ID`),
  KEY `SummitRegistrationDiscountCodeID` (`SummitRegistrationDiscountCodeID`),
  KEY `SummitTicketTypeID` (`SummitTicketTypeID`)
) ENGINE=InnoDB DEFAULT CHARSET=latin1;
/*!40101 SET character_set_client = @saved_cs_client */;

--
-- Dumping data for table `SummitRegistrationDiscountCode_AllowedTicketTypes`
--

LOCK TABLES `SummitRegistrationDiscountCode_AllowedTicketTypes` WRITE;
/*!40000 ALTER TABLE `SummitRegistrationDiscountCode_AllowedTicketTypes` DISABLE KEYS */;
/*!40000 ALTER TABLE `SummitRegistrationDiscountCode_AllowedTicketTypes` ENABLE KEYS */;
UNLOCK TABLES;

--
-- Table structure for table `SummitRegistrationFeedMetadata`
--

DROP TABLE IF EXISTS `SummitRegistrationFeedMetadata`;
/*!40101 SET @saved_cs_client     = @@character_set_client */;
/*!50503 SET character_set_client = utf8mb4 */;
CREATE TABLE `SummitRegistrationFeedMetadata` (
  `ID` int NOT NULL AUTO_INCREMENT,
  `ClassName` varchar(255) COLLATE utf8mb3_unicode_ci NOT NULL DEFAULT 'SummitRegistrationFeedMetadata',
  `Created` datetime NOT NULL,
  `LastEdited` datetime NOT NULL,
  `Key` varchar(255) COLLATE utf8mb3_unicode_ci NOT NULL,
  `Value` varchar(255) COLLATE utf8mb3_unicode_ci NOT NULL,
  `SummitID` int DEFAULT NULL,
  PRIMARY KEY (`ID`),
  UNIQUE KEY `SummitRegistrationFeedMetadata_IDX_KEY_SUMMIT_ID` (`Key`,`SummitID`),
  KEY `ClassName` (`ClassName`),
  KEY `SummitID` (`SummitID`),
  CONSTRAINT `FK_CCCE226090CF7278` FOREIGN KEY (`SummitID`) REFERENCES `Summit` (`ID`) ON DELETE CASCADE
) ENGINE=InnoDB DEFAULT CHARSET=utf8mb3 COLLATE=utf8mb3_unicode_ci;
/*!40101 SET character_set_client = @saved_cs_client */;

--
-- Dumping data for table `SummitRegistrationFeedMetadata`
--

LOCK TABLES `SummitRegistrationFeedMetadata` WRITE;
/*!40000 ALTER TABLE `SummitRegistrationFeedMetadata` DISABLE KEYS */;
/*!40000 ALTER TABLE `SummitRegistrationFeedMetadata` ENABLE KEYS */;
UNLOCK TABLES;

--
-- Table structure for table `SummitRegistrationInvitation`
--

DROP TABLE IF EXISTS `SummitRegistrationInvitation`;
/*!40101 SET @saved_cs_client     = @@character_set_client */;
/*!50503 SET character_set_client = utf8mb4 */;
CREATE TABLE `SummitRegistrationInvitation` (
  `ID` int NOT NULL AUTO_INCREMENT,
  `Created` datetime NOT NULL,
  `LastEdited` datetime NOT NULL,
  `ClassName` enum('SummitRegistrationInvitation') COLLATE utf8mb3_unicode_ci DEFAULT 'SummitRegistrationInvitation',
  `Hash` varchar(255) COLLATE utf8mb3_unicode_ci DEFAULT NULL,
  `ActionDate` datetime DEFAULT NULL,
  `Email` varchar(255) COLLATE utf8mb3_unicode_ci NOT NULL,
  `FirstName` varchar(100) COLLATE utf8mb3_unicode_ci NOT NULL,
  `LastName` varchar(100) COLLATE utf8mb3_unicode_ci NOT NULL,
  `SetPasswordLink` varchar(255) COLLATE utf8mb3_unicode_ci DEFAULT NULL,
  `MemberID` int DEFAULT NULL,
  `SummitID` int DEFAULT NULL,
  `SummitOrderID` int DEFAULT NULL,
  `AcceptanceCriteria` enum('ANY_TICKET_TYPE','ALL_TICKET_TYPES') COLLATE utf8mb3_unicode_ci DEFAULT 'ALL_TICKET_TYPES',
  `Status` enum('Pending','Accepted','Rejected') COLLATE utf8mb3_unicode_ci DEFAULT 'Pending',
  PRIMARY KEY (`ID`),
  UNIQUE KEY `Hash` (`Hash`),
  UNIQUE KEY `UNIQ_ACF9E7B82653537090CF7278` (`Email`,`SummitID`),
  KEY `MemberID` (`MemberID`),
  KEY `SummitID` (`SummitID`),
  KEY `SummitOrderID` (`SummitOrderID`),
  CONSTRAINT `FK_ACF9E7B8522B9974` FOREIGN KEY (`MemberID`) REFERENCES `Member` (`ID`) ON DELETE CASCADE,
  CONSTRAINT `FK_ACF9E7B890CF7278` FOREIGN KEY (`SummitID`) REFERENCES `Summit` (`ID`) ON DELETE CASCADE,
  CONSTRAINT `FK_ACF9E7B8F3C2A5AE` FOREIGN KEY (`SummitOrderID`) REFERENCES `SummitOrder` (`ID`) ON DELETE CASCADE
) ENGINE=InnoDB DEFAULT CHARSET=utf8mb3 COLLATE=utf8mb3_unicode_ci;
/*!40101 SET character_set_client = @saved_cs_client */;

--
-- Dumping data for table `SummitRegistrationInvitation`
--

LOCK TABLES `SummitRegistrationInvitation` WRITE;
/*!40000 ALTER TABLE `SummitRegistrationInvitation` DISABLE KEYS */;
/*!40000 ALTER TABLE `SummitRegistrationInvitation` ENABLE KEYS */;
UNLOCK TABLES;

--
-- Table structure for table `SummitRegistrationInvitation_SummitOrders`
--

DROP TABLE IF EXISTS `SummitRegistrationInvitation_SummitOrders`;
/*!40101 SET @saved_cs_client     = @@character_set_client */;
/*!50503 SET character_set_client = utf8mb4 */;
CREATE TABLE `SummitRegistrationInvitation_SummitOrders` (
  `ID` int NOT NULL AUTO_INCREMENT,
  `SummitOrderID` int DEFAULT NULL,
  `SummitRegistrationInvitationID` int DEFAULT NULL,
  PRIMARY KEY (`ID`),
  UNIQUE KEY `UNIQ_681E6FEFF3C2A5AE3A19CA8` (`SummitOrderID`,`SummitRegistrationInvitationID`),
  KEY `SummitOrderID` (`SummitOrderID`),
  KEY `SummitRegistrationInvitationID` (`SummitRegistrationInvitationID`),
  CONSTRAINT `FK_681E6FEF3A19CA8` FOREIGN KEY (`SummitRegistrationInvitationID`) REFERENCES `SummitRegistrationInvitation` (`ID`) ON DELETE CASCADE,
  CONSTRAINT `FK_681E6FEFF3C2A5AE` FOREIGN KEY (`SummitOrderID`) REFERENCES `SummitOrder` (`ID`) ON DELETE CASCADE
) ENGINE=InnoDB DEFAULT CHARSET=utf8mb3 COLLATE=utf8mb3_unicode_ci;
/*!40101 SET character_set_client = @saved_cs_client */;

--
-- Dumping data for table `SummitRegistrationInvitation_SummitOrders`
--

LOCK TABLES `SummitRegistrationInvitation_SummitOrders` WRITE;
/*!40000 ALTER TABLE `SummitRegistrationInvitation_SummitOrders` DISABLE KEYS */;
/*!40000 ALTER TABLE `SummitRegistrationInvitation_SummitOrders` ENABLE KEYS */;
UNLOCK TABLES;

--
-- Table structure for table `SummitRegistrationInvitation_SummitTicketTypes`
--

DROP TABLE IF EXISTS `SummitRegistrationInvitation_SummitTicketTypes`;
/*!40101 SET @saved_cs_client     = @@character_set_client */;
/*!50503 SET character_set_client = utf8mb4 */;
CREATE TABLE `SummitRegistrationInvitation_SummitTicketTypes` (
  `ID` int NOT NULL AUTO_INCREMENT,
  `SummitTicketTypeID` int DEFAULT NULL,
  `SummitRegistrationInvitationID` int DEFAULT NULL,
  PRIMARY KEY (`ID`),
  UNIQUE KEY `UNIQ_76A2AA29398EA10C3A19CA8` (`SummitTicketTypeID`,`SummitRegistrationInvitationID`),
  KEY `SummitRegistrationInvitationID` (`SummitRegistrationInvitationID`),
  KEY `SummitTicketTypeID` (`SummitTicketTypeID`)
) ENGINE=InnoDB DEFAULT CHARSET=utf8mb3 COLLATE=utf8mb3_unicode_ci;
/*!40101 SET character_set_client = @saved_cs_client */;

--
-- Dumping data for table `SummitRegistrationInvitation_SummitTicketTypes`
--

LOCK TABLES `SummitRegistrationInvitation_SummitTicketTypes` WRITE;
/*!40000 ALTER TABLE `SummitRegistrationInvitation_SummitTicketTypes` DISABLE KEYS */;
/*!40000 ALTER TABLE `SummitRegistrationInvitation_SummitTicketTypes` ENABLE KEYS */;
UNLOCK TABLES;

--
-- Table structure for table `SummitRegistrationInvitation_Tags`
--

DROP TABLE IF EXISTS `SummitRegistrationInvitation_Tags`;
/*!40101 SET @saved_cs_client     = @@character_set_client */;
/*!50503 SET character_set_client = utf8mb4 */;
CREATE TABLE `SummitRegistrationInvitation_Tags` (
  `ID` bigint NOT NULL AUTO_INCREMENT,
  `Created` datetime NOT NULL,
  `LastEdited` datetime NOT NULL,
  `SummitRegistrationInvitationID` int DEFAULT NULL,
  `TagID` int DEFAULT NULL,
  PRIMARY KEY (`ID`),
  UNIQUE KEY `UNIQ_4113CAED3A19CA895B9A210` (`SummitRegistrationInvitationID`,`TagID`),
  KEY `SummitRegistrationInvitationID` (`SummitRegistrationInvitationID`),
  KEY `TagID` (`TagID`),
  CONSTRAINT `FK_SummitRegistrationInvitation_Tags_Invitation` FOREIGN KEY (`SummitRegistrationInvitationID`) REFERENCES `SummitRegistrationInvitation` (`ID`) ON DELETE CASCADE,
  CONSTRAINT `FK_SummitRegistrationInvitation_Tags_Tag` FOREIGN KEY (`TagID`) REFERENCES `Tag` (`ID`) ON DELETE CASCADE
) ENGINE=InnoDB DEFAULT CHARSET=utf8mb3 COLLATE=utf8mb3_unicode_ci;
/*!40101 SET character_set_client = @saved_cs_client */;

--
-- Dumping data for table `SummitRegistrationInvitation_Tags`
--

LOCK TABLES `SummitRegistrationInvitation_Tags` WRITE;
/*!40000 ALTER TABLE `SummitRegistrationInvitation_Tags` DISABLE KEYS */;
/*!40000 ALTER TABLE `SummitRegistrationInvitation_Tags` ENABLE KEYS */;
UNLOCK TABLES;

--
-- Table structure for table `SummitRegistrationPromoCode`
--

DROP TABLE IF EXISTS `SummitRegistrationPromoCode`;
/*!40101 SET @saved_cs_client     = @@character_set_client */;
/*!50503 SET character_set_client = utf8mb4 */;
CREATE TABLE `SummitRegistrationPromoCode` (
  `ID` int NOT NULL AUTO_INCREMENT,
  `ClassName` enum('SummitRegistrationPromoCode','MemberSummitRegistrationPromoCode','SponsorSummitRegistrationPromoCode','SpeakerSummitRegistrationPromoCode','SummitRegistrationDiscountCode','MemberSummitRegistrationDiscountCode','SponsorSummitRegistrationDiscountCode','SpeakerSummitRegistrationDiscountCode','SpeakersSummitRegistrationPromoCode','SpeakersRegistrationDiscountCode','PrePaidSummitRegistrationPromoCode','PrePaidSummitRegistrationDiscountCode') DEFAULT 'SummitRegistrationPromoCode',
  `LastEdited` datetime DEFAULT NULL,
  `Created` datetime DEFAULT NULL,
  `Code` varchar(255) CHARACTER SET utf8mb3 COLLATE utf8mb3_general_ci DEFAULT NULL,
  `EmailSent` tinyint unsigned NOT NULL DEFAULT '0',
  `Redeemed` tinyint unsigned NOT NULL DEFAULT '0',
  `Source` enum('CSV','ADMIN') CHARACTER SET utf8mb3 COLLATE utf8mb3_general_ci DEFAULT 'CSV',
  `EmailSentDate` datetime DEFAULT NULL,
  `SummitID` int DEFAULT NULL,
  `CreatorID` int DEFAULT NULL,
  `ExternalId` varchar(255) CHARACTER SET utf8mb3 COLLATE utf8mb3_general_ci DEFAULT NULL,
  `QuantityAvailable` int NOT NULL DEFAULT '0',
  `QuantityUsed` int NOT NULL DEFAULT '0',
  `ValidSinceDate` datetime DEFAULT NULL,
  `ValidUntilDate` datetime DEFAULT NULL,
  `BadgeTypeID` int DEFAULT NULL,
  `Description` longtext,
  `Notes` longtext,
  `SentDate` datetime DEFAULT NULL,
  PRIMARY KEY (`ID`),
  UNIQUE KEY `SummitID_Code` (`SummitID`,`Code`),
  KEY `BadgeTypeID` (`BadgeTypeID`),
  KEY `ClassName` (`ClassName`),
  KEY `CreatorID` (`CreatorID`),
  KEY `SummitID` (`SummitID`)
) ENGINE=InnoDB AUTO_INCREMENT=323 DEFAULT CHARSET=latin1;
/*!40101 SET character_set_client = @saved_cs_client */;

--
-- Dumping data for table `SummitRegistrationPromoCode`
--

LOCK TABLES `SummitRegistrationPromoCode` WRITE;
/*!40000 ALTER TABLE `SummitRegistrationPromoCode` DISABLE KEYS */;
INSERT INTO `SummitRegistrationPromoCode` VALUES (300,'PrePaidSummitRegistrationPromoCode','2024-06-21 11:34:09','2024-06-21 11:34:09','TEST_PPPC_1480251482',0,0,NULL,NULL,27,NULL,NULL,0,0,NULL,NULL,NULL,'TEST PREPAID PROMO CODE',NULL,NULL),(301,'PrePaidSummitRegistrationDiscountCode','2024-06-21 11:34:09','2024-06-21 11:34:09','TEST_PPDC_1069512334',0,0,NULL,NULL,27,NULL,NULL,10,0,NULL,NULL,NULL,'TEST PREPAID DISCOUNT CODE',NULL,NULL),(302,'SummitRegistrationDiscountCode','2024-06-21 11:34:09','2024-06-21 11:34:09','TEST_DC_488323101',0,0,NULL,NULL,27,NULL,NULL,10,0,NULL,NULL,NULL,'TEST DISCOUNT CODE',NULL,NULL),(303,'SponsorSummitRegistrationDiscountCode','2024-06-21 11:34:09','2024-06-21 11:34:09','TEST_SPONSOR_PROMO_CODE_0',0,0,NULL,NULL,27,NULL,NULL,0,0,NULL,NULL,NULL,'TEST SPONSOR PROMO CODE 0',NULL,NULL),(304,'SponsorSummitRegistrationDiscountCode','2024-06-21 11:34:09','2024-06-21 11:34:09','TEST_SPONSOR_PROMO_CODE_1',0,0,NULL,NULL,27,NULL,NULL,0,0,NULL,NULL,NULL,'TEST SPONSOR PROMO CODE 1',NULL,NULL),(305,'SponsorSummitRegistrationDiscountCode','2024-06-21 11:34:09','2024-06-21 11:34:09','TEST_SPONSOR_PROMO_CODE_2',0,0,NULL,NULL,27,NULL,NULL,0,0,NULL,NULL,NULL,'TEST SPONSOR PROMO CODE 2',NULL,NULL),(306,'SponsorSummitRegistrationDiscountCode','2024-06-21 11:34:09','2024-06-21 11:34:09','TEST_SPONSOR_PROMO_CODE_3',0,0,NULL,NULL,27,NULL,NULL,0,0,NULL,NULL,NULL,'TEST SPONSOR PROMO CODE 3',NULL,NULL),(307,'SponsorSummitRegistrationDiscountCode','2024-06-21 11:34:09','2024-06-21 11:34:09','TEST_SPONSOR_PROMO_CODE_4',0,0,NULL,NULL,27,NULL,NULL,0,0,NULL,NULL,NULL,'TEST SPONSOR PROMO CODE 4',NULL,NULL),(308,'SponsorSummitRegistrationDiscountCode','2024-06-21 11:34:09','2024-06-21 11:34:09','TEST_SPONSOR_PROMO_CODE_5',0,0,NULL,NULL,27,NULL,NULL,0,0,NULL,NULL,NULL,'TEST SPONSOR PROMO CODE 5',NULL,NULL),(309,'SponsorSummitRegistrationDiscountCode','2024-06-21 11:34:09','2024-06-21 11:34:09','TEST_SPONSOR_PROMO_CODE_6',0,0,NULL,NULL,27,NULL,NULL,0,0,NULL,NULL,NULL,'TEST SPONSOR PROMO CODE 6',NULL,NULL),(310,'SponsorSummitRegistrationDiscountCode','2024-06-21 11:34:09','2024-06-21 11:34:09','TEST_SPONSOR_PROMO_CODE_7',0,0,NULL,NULL,27,NULL,NULL,0,0,NULL,NULL,NULL,'TEST SPONSOR PROMO CODE 7',NULL,NULL),(311,'SponsorSummitRegistrationDiscountCode','2024-06-21 11:34:09','2024-06-21 11:34:09','TEST_SPONSOR_PROMO_CODE_8',0,0,NULL,NULL,27,NULL,NULL,0,0,NULL,NULL,NULL,'TEST SPONSOR PROMO CODE 8',NULL,NULL),(312,'SponsorSummitRegistrationDiscountCode','2024-06-21 11:34:09','2024-06-21 11:34:09','TEST_SPONSOR_PROMO_CODE_9',0,0,NULL,NULL,27,NULL,NULL,0,0,NULL,NULL,NULL,'TEST SPONSOR PROMO CODE 9',NULL,NULL),(313,'SponsorSummitRegistrationDiscountCode','2024-06-21 11:34:09','2024-06-21 11:34:09','TEST_SPONSOR_PROMO_CODE_10',0,0,NULL,NULL,27,NULL,NULL,0,0,NULL,NULL,NULL,'TEST SPONSOR PROMO CODE 10',NULL,NULL),(314,'SponsorSummitRegistrationDiscountCode','2024-06-21 11:34:09','2024-06-21 11:34:09','TEST_SPONSOR_PROMO_CODE_11',0,0,NULL,NULL,27,NULL,NULL,0,0,NULL,NULL,NULL,'TEST SPONSOR PROMO CODE 11',NULL,NULL),(315,'SponsorSummitRegistrationDiscountCode','2024-06-21 11:34:09','2024-06-21 11:34:09','TEST_SPONSOR_PROMO_CODE_12',0,0,NULL,NULL,27,NULL,NULL,0,0,NULL,NULL,NULL,'TEST SPONSOR PROMO CODE 12',NULL,NULL),(316,'SponsorSummitRegistrationDiscountCode','2024-06-21 11:34:09','2024-06-21 11:34:09','TEST_SPONSOR_PROMO_CODE_13',0,0,NULL,NULL,27,NULL,NULL,0,0,NULL,NULL,NULL,'TEST SPONSOR PROMO CODE 13',NULL,NULL),(317,'SponsorSummitRegistrationDiscountCode','2024-06-21 11:34:09','2024-06-21 11:34:09','TEST_SPONSOR_PROMO_CODE_14',0,0,NULL,NULL,27,NULL,NULL,0,0,NULL,NULL,NULL,'TEST SPONSOR PROMO CODE 14',NULL,NULL),(318,'SponsorSummitRegistrationDiscountCode','2024-06-21 11:34:09','2024-06-21 11:34:09','TEST_SPONSOR_PROMO_CODE_15',0,0,NULL,NULL,27,NULL,NULL,0,0,NULL,NULL,NULL,'TEST SPONSOR PROMO CODE 15',NULL,NULL),(319,'SponsorSummitRegistrationDiscountCode','2024-06-21 11:34:09','2024-06-21 11:34:09','TEST_SPONSOR_PROMO_CODE_16',0,0,NULL,NULL,27,NULL,NULL,0,0,NULL,NULL,NULL,'TEST SPONSOR PROMO CODE 16',NULL,NULL),(320,'SponsorSummitRegistrationDiscountCode','2024-06-21 11:34:09','2024-06-21 11:34:09','TEST_SPONSOR_PROMO_CODE_17',0,0,NULL,NULL,27,NULL,NULL,0,0,NULL,NULL,NULL,'TEST SPONSOR PROMO CODE 17',NULL,NULL),(321,'SponsorSummitRegistrationDiscountCode','2024-06-21 11:34:09','2024-06-21 11:34:09','TEST_SPONSOR_PROMO_CODE_18',0,0,NULL,NULL,27,NULL,NULL,0,0,NULL,NULL,NULL,'TEST SPONSOR PROMO CODE 18',NULL,NULL),(322,'SponsorSummitRegistrationDiscountCode','2024-06-21 11:34:09','2024-06-21 11:34:09','TEST_SPONSOR_PROMO_CODE_19',0,0,NULL,NULL,27,NULL,NULL,0,0,NULL,NULL,NULL,'TEST SPONSOR PROMO CODE 19',NULL,NULL);
/*!40000 ALTER TABLE `SummitRegistrationPromoCode` ENABLE KEYS */;
UNLOCK TABLES;

--
-- Table structure for table `SummitRegistrationPromoCode_AllowedTicketTypes`
--

DROP TABLE IF EXISTS `SummitRegistrationPromoCode_AllowedTicketTypes`;
/*!40101 SET @saved_cs_client     = @@character_set_client */;
/*!50503 SET character_set_client = utf8mb4 */;
CREATE TABLE `SummitRegistrationPromoCode_AllowedTicketTypes` (
  `ID` int NOT NULL AUTO_INCREMENT,
  `SummitRegistrationPromoCodeID` int NOT NULL DEFAULT '0',
  `SummitTicketTypeID` int NOT NULL DEFAULT '0',
  PRIMARY KEY (`ID`),
  KEY `SummitRegistrationPromoCodeID` (`SummitRegistrationPromoCodeID`),
  KEY `SummitTicketTypeID` (`SummitTicketTypeID`)
) ENGINE=InnoDB DEFAULT CHARSET=latin1;
/*!40101 SET character_set_client = @saved_cs_client */;

--
-- Dumping data for table `SummitRegistrationPromoCode_AllowedTicketTypes`
--

LOCK TABLES `SummitRegistrationPromoCode_AllowedTicketTypes` WRITE;
/*!40000 ALTER TABLE `SummitRegistrationPromoCode_AllowedTicketTypes` DISABLE KEYS */;
/*!40000 ALTER TABLE `SummitRegistrationPromoCode_AllowedTicketTypes` ENABLE KEYS */;
UNLOCK TABLES;

--
-- Table structure for table `SummitRegistrationPromoCode_BadgeFeatures`
--

DROP TABLE IF EXISTS `SummitRegistrationPromoCode_BadgeFeatures`;
/*!40101 SET @saved_cs_client     = @@character_set_client */;
/*!50503 SET character_set_client = utf8mb4 */;
CREATE TABLE `SummitRegistrationPromoCode_BadgeFeatures` (
  `ID` int NOT NULL AUTO_INCREMENT,
  `SummitRegistrationPromoCodeID` int NOT NULL DEFAULT '0',
  `SummitBadgeFeatureTypeID` int NOT NULL DEFAULT '0',
  PRIMARY KEY (`ID`),
  KEY `SummitBadgeFeatureTypeID` (`SummitBadgeFeatureTypeID`),
  KEY `SummitRegistrationPromoCodeID` (`SummitRegistrationPromoCodeID`)
) ENGINE=InnoDB DEFAULT CHARSET=latin1;
/*!40101 SET character_set_client = @saved_cs_client */;

--
-- Dumping data for table `SummitRegistrationPromoCode_BadgeFeatures`
--

LOCK TABLES `SummitRegistrationPromoCode_BadgeFeatures` WRITE;
/*!40000 ALTER TABLE `SummitRegistrationPromoCode_BadgeFeatures` DISABLE KEYS */;
/*!40000 ALTER TABLE `SummitRegistrationPromoCode_BadgeFeatures` ENABLE KEYS */;
UNLOCK TABLES;

--
-- Table structure for table `SummitRegistrationPromoCode_Tags`
--

DROP TABLE IF EXISTS `SummitRegistrationPromoCode_Tags`;
/*!40101 SET @saved_cs_client     = @@character_set_client */;
/*!50503 SET character_set_client = utf8mb4 */;
CREATE TABLE `SummitRegistrationPromoCode_Tags` (
  `ID` bigint NOT NULL AUTO_INCREMENT,
  `SummitRegistrationPromoCodeID` int DEFAULT NULL,
  `TagID` int DEFAULT NULL,
  PRIMARY KEY (`ID`),
  UNIQUE KEY `UNIQ_685F784A1710EC5195B9A210` (`SummitRegistrationPromoCodeID`,`TagID`),
  KEY `SummitRegistrationPromoCodeID` (`SummitRegistrationPromoCodeID`),
  KEY `TagID` (`TagID`),
  CONSTRAINT `FK_SummitRegistrationPromoCode_Tags_PromoCode` FOREIGN KEY (`SummitRegistrationPromoCodeID`) REFERENCES `SummitRegistrationPromoCode` (`ID`) ON DELETE CASCADE,
  CONSTRAINT `FK_SummitRegistrationPromoCode_Tags_Tag` FOREIGN KEY (`TagID`) REFERENCES `Tag` (`ID`) ON DELETE CASCADE
) ENGINE=InnoDB AUTO_INCREMENT=253 DEFAULT CHARSET=utf8mb3 COLLATE=utf8mb3_unicode_ci;
/*!40101 SET character_set_client = @saved_cs_client */;

--
-- Dumping data for table `SummitRegistrationPromoCode_Tags`
--

LOCK TABLES `SummitRegistrationPromoCode_Tags` WRITE;
/*!40000 ALTER TABLE `SummitRegistrationPromoCode_Tags` DISABLE KEYS */;
INSERT INTO `SummitRegistrationPromoCode_Tags` VALUES (232,302,316),(233,303,317),(234,304,318),(235,305,319),(236,306,320),(237,307,321),(238,308,322),(239,309,323),(240,310,324),(241,311,325),(242,312,326),(243,313,327),(244,314,328),(245,315,329),(246,316,330),(247,317,331),(248,318,332),(249,319,333),(250,320,334),(251,321,335),(252,322,336);
/*!40000 ALTER TABLE `SummitRegistrationPromoCode_Tags` ENABLE KEYS */;
UNLOCK TABLES;

--
-- Table structure for table `SummitReport`
--

DROP TABLE IF EXISTS `SummitReport`;
/*!40101 SET @saved_cs_client     = @@character_set_client */;
/*!50503 SET character_set_client = utf8mb4 */;
CREATE TABLE `SummitReport` (
  `ID` int NOT NULL AUTO_INCREMENT,
  `ClassName` enum('SummitReport') CHARACTER SET utf8mb3 COLLATE utf8mb3_general_ci DEFAULT 'SummitReport',
  `LastEdited` datetime DEFAULT NULL,
  `Created` datetime DEFAULT NULL,
  `Name` mediumtext CHARACTER SET utf8mb3 COLLATE utf8mb3_general_ci,
  `Description` mediumtext CHARACTER SET utf8mb3 COLLATE utf8mb3_general_ci,
  PRIMARY KEY (`ID`),
  KEY `ClassName` (`ClassName`)
) ENGINE=InnoDB DEFAULT CHARSET=latin1;
/*!40101 SET character_set_client = @saved_cs_client */;

--
-- Dumping data for table `SummitReport`
--

LOCK TABLES `SummitReport` WRITE;
/*!40000 ALTER TABLE `SummitReport` DISABLE KEYS */;
/*!40000 ALTER TABLE `SummitReport` ENABLE KEYS */;
UNLOCK TABLES;

--
-- Table structure for table `SummitReportConfig`
--

DROP TABLE IF EXISTS `SummitReportConfig`;
/*!40101 SET @saved_cs_client     = @@character_set_client */;
/*!50503 SET character_set_client = utf8mb4 */;
CREATE TABLE `SummitReportConfig` (
  `ID` int NOT NULL AUTO_INCREMENT,
  `ClassName` enum('SummitReportConfig') CHARACTER SET utf8mb3 COLLATE utf8mb3_general_ci DEFAULT 'SummitReportConfig',
  `LastEdited` datetime DEFAULT NULL,
  `Created` datetime DEFAULT NULL,
  `Name` mediumtext CHARACTER SET utf8mb3 COLLATE utf8mb3_general_ci,
  `Value` mediumtext CHARACTER SET utf8mb3 COLLATE utf8mb3_general_ci,
  `ReportID` int DEFAULT NULL,
  PRIMARY KEY (`ID`),
  KEY `ClassName` (`ClassName`),
  KEY `ReportID` (`ReportID`)
) ENGINE=InnoDB DEFAULT CHARSET=latin1;
/*!40101 SET character_set_client = @saved_cs_client */;

--
-- Dumping data for table `SummitReportConfig`
--

LOCK TABLES `SummitReportConfig` WRITE;
/*!40000 ALTER TABLE `SummitReportConfig` DISABLE KEYS */;
/*!40000 ALTER TABLE `SummitReportConfig` ENABLE KEYS */;
UNLOCK TABLES;

--
-- Table structure for table `SummitRoomReservation`
--

DROP TABLE IF EXISTS `SummitRoomReservation`;
/*!40101 SET @saved_cs_client     = @@character_set_client */;
/*!50503 SET character_set_client = utf8mb4 */;
CREATE TABLE `SummitRoomReservation` (
  `ID` int NOT NULL AUTO_INCREMENT,
  `ClassName` enum('SummitRoomReservation') CHARACTER SET utf8mb3 COLLATE utf8mb3_general_ci DEFAULT 'SummitRoomReservation',
  `LastEdited` datetime DEFAULT NULL,
  `Created` datetime DEFAULT NULL,
  `StartDateTime` datetime DEFAULT NULL,
  `EndDateTime` datetime DEFAULT NULL,
  `Status` enum('Reserved','Error','Paid','RequestedRefund','Refunded','Canceled') CHARACTER SET utf8mb3 COLLATE utf8mb3_general_ci DEFAULT 'Reserved',
  `PaymentGatewayCartId` varchar(512) CHARACTER SET utf8mb3 COLLATE utf8mb3_general_ci DEFAULT NULL,
  `PaymentGatewayClientToken` mediumtext CHARACTER SET utf8mb3 COLLATE utf8mb3_general_ci,
  `Currency` varchar(3) CHARACTER SET utf8mb3 COLLATE utf8mb3_general_ci DEFAULT NULL,
  `Amount` int NOT NULL DEFAULT '0',
  `RefundedAmount` int NOT NULL DEFAULT '0',
  `ApprovedPaymentDate` datetime DEFAULT NULL,
  `LastError` mediumtext CHARACTER SET utf8mb3 COLLATE utf8mb3_general_ci,
  `OwnerID` int DEFAULT NULL,
  `RoomID` int DEFAULT NULL,
  `PaymentMethod` enum('Online','Offline') DEFAULT 'Online',
  PRIMARY KEY (`ID`),
  KEY `ClassName` (`ClassName`),
  KEY `OwnerID` (`OwnerID`),
  KEY `RoomID` (`RoomID`),
  KEY `SummitRoomReservation_IDX_Created_Status` (`Created`,`Status`)
) ENGINE=InnoDB DEFAULT CHARSET=latin1;
/*!40101 SET character_set_client = @saved_cs_client */;

--
-- Dumping data for table `SummitRoomReservation`
--

LOCK TABLES `SummitRoomReservation` WRITE;
/*!40000 ALTER TABLE `SummitRoomReservation` DISABLE KEYS */;
/*!40000 ALTER TABLE `SummitRoomReservation` ENABLE KEYS */;
UNLOCK TABLES;

--
-- Table structure for table `SummitScheduleConfig`
--

DROP TABLE IF EXISTS `SummitScheduleConfig`;
/*!40101 SET @saved_cs_client     = @@character_set_client */;
/*!50503 SET character_set_client = utf8mb4 */;
CREATE TABLE `SummitScheduleConfig` (
  `ID` int NOT NULL AUTO_INCREMENT,
  `Created` datetime NOT NULL,
  `LastEdited` datetime NOT NULL,
  `ClassName` enum('SummitScheduleConfig') CHARACTER SET utf8mb3 COLLATE utf8mb3_general_ci DEFAULT 'SummitScheduleConfig',
  `Key` varchar(255) COLLATE utf8mb3_unicode_ci NOT NULL DEFAULT 'Default',
  `ColorSource` enum('EVENT_TYPES','TRACK','TRACK_GROUP') CHARACTER SET utf8mb3 COLLATE utf8mb3_general_ci DEFAULT 'EVENT_TYPES',
  `IsEnabled` tinyint(1) NOT NULL DEFAULT '1',
  `IsMySchedule` tinyint(1) NOT NULL DEFAULT '0',
  `OnlyEventsWithAttendeeAccess` tinyint(1) NOT NULL DEFAULT '0',
  `SummitID` int DEFAULT NULL,
  `IsDefault` tinyint(1) NOT NULL DEFAULT '0',
  `HidePastEventsWithShowAlwaysOnSchedule` tinyint(1) NOT NULL DEFAULT '0',
  `TimeFormat` enum('12h','24h') COLLATE utf8mb3_unicode_ci DEFAULT '12h',
  PRIMARY KEY (`ID`),
  UNIQUE KEY `Summit_Key` (`SummitID`,`Key`),
  KEY `SummitID` (`SummitID`),
  CONSTRAINT `FK_97BF395C90CF7278` FOREIGN KEY (`SummitID`) REFERENCES `Summit` (`ID`) ON DELETE CASCADE
) ENGINE=InnoDB DEFAULT CHARSET=utf8mb3 COLLATE=utf8mb3_unicode_ci;
/*!40101 SET character_set_client = @saved_cs_client */;

--
-- Dumping data for table `SummitScheduleConfig`
--

LOCK TABLES `SummitScheduleConfig` WRITE;
/*!40000 ALTER TABLE `SummitScheduleConfig` DISABLE KEYS */;
/*!40000 ALTER TABLE `SummitScheduleConfig` ENABLE KEYS */;
UNLOCK TABLES;

--
-- Table structure for table `SummitScheduleFilterElementConfig`
--

DROP TABLE IF EXISTS `SummitScheduleFilterElementConfig`;
/*!40101 SET @saved_cs_client     = @@character_set_client */;
/*!50503 SET character_set_client = utf8mb4 */;
CREATE TABLE `SummitScheduleFilterElementConfig` (
  `ID` int NOT NULL AUTO_INCREMENT,
  `Created` datetime NOT NULL,
  `LastEdited` datetime NOT NULL,
  `ClassName` enum('SummitScheduleFilterElementConfig') CHARACTER SET utf8mb3 COLLATE utf8mb3_general_ci DEFAULT 'SummitScheduleFilterElementConfig',
  `Type` enum('DATE','TRACK','TRACK_GROUPS','COMPANY','LEVEL','SPEAKERS','VENUES','EVENT_TYPES','TITLE','CUSTOM_ORDER','ABSTRACT','TAGS') CHARACTER SET utf8mb3 COLLATE utf8mb3_general_ci DEFAULT 'DATE',
  `Label` varchar(255) COLLATE utf8mb3_unicode_ci NOT NULL,
  `IsEnabled` tinyint(1) NOT NULL DEFAULT '1',
  `PrefilterValues` longtext COLLATE utf8mb3_unicode_ci,
  `SummitScheduleConfigID` int DEFAULT NULL,
  `CustomOrder` int NOT NULL DEFAULT '0',
  PRIMARY KEY (`ID`),
  UNIQUE KEY `SummitScheduleConfig_Type` (`SummitScheduleConfigID`,`Type`),
  KEY `SummitScheduleConfigID` (`SummitScheduleConfigID`),
  CONSTRAINT `FK_F95F239058D86ED5` FOREIGN KEY (`SummitScheduleConfigID`) REFERENCES `SummitScheduleConfig` (`ID`) ON DELETE CASCADE
) ENGINE=InnoDB DEFAULT CHARSET=utf8mb3 COLLATE=utf8mb3_unicode_ci;
/*!40101 SET character_set_client = @saved_cs_client */;

--
-- Dumping data for table `SummitScheduleFilterElementConfig`
--

LOCK TABLES `SummitScheduleFilterElementConfig` WRITE;
/*!40000 ALTER TABLE `SummitScheduleFilterElementConfig` DISABLE KEYS */;
/*!40000 ALTER TABLE `SummitScheduleFilterElementConfig` ENABLE KEYS */;
UNLOCK TABLES;

--
-- Table structure for table `SummitScheduleGlobalSearchTerm`
--

DROP TABLE IF EXISTS `SummitScheduleGlobalSearchTerm`;
/*!40101 SET @saved_cs_client     = @@character_set_client */;
/*!50503 SET character_set_client = utf8mb4 */;
CREATE TABLE `SummitScheduleGlobalSearchTerm` (
  `ID` int NOT NULL AUTO_INCREMENT,
  `ClassName` enum('SummitScheduleGlobalSearchTerm') CHARACTER SET utf8mb3 COLLATE utf8mb3_general_ci DEFAULT 'SummitScheduleGlobalSearchTerm',
  `LastEdited` datetime DEFAULT NULL,
  `Created` datetime DEFAULT NULL,
  `Term` mediumtext CHARACTER SET utf8mb3 COLLATE utf8mb3_general_ci,
  `Hits` int NOT NULL DEFAULT '0',
  `SummitID` int DEFAULT NULL,
  PRIMARY KEY (`ID`),
  KEY `ClassName` (`ClassName`),
  KEY `SummitID` (`SummitID`)
) ENGINE=InnoDB DEFAULT CHARSET=latin1;
/*!40101 SET character_set_client = @saved_cs_client */;

--
-- Dumping data for table `SummitScheduleGlobalSearchTerm`
--

LOCK TABLES `SummitScheduleGlobalSearchTerm` WRITE;
/*!40000 ALTER TABLE `SummitScheduleGlobalSearchTerm` DISABLE KEYS */;
/*!40000 ALTER TABLE `SummitScheduleGlobalSearchTerm` ENABLE KEYS */;
UNLOCK TABLES;

--
-- Table structure for table `SummitSchedulePreFilterElementConfig`
--

DROP TABLE IF EXISTS `SummitSchedulePreFilterElementConfig`;
/*!40101 SET @saved_cs_client     = @@character_set_client */;
/*!50503 SET character_set_client = utf8mb4 */;
CREATE TABLE `SummitSchedulePreFilterElementConfig` (
  `ID` int NOT NULL AUTO_INCREMENT,
  `Created` datetime NOT NULL,
  `LastEdited` datetime NOT NULL,
  `ClassName` enum('SummitSchedulePreFilterElementConfig') CHARACTER SET utf8mb3 COLLATE utf8mb3_general_ci DEFAULT 'SummitSchedulePreFilterElementConfig',
  `Type` enum('DATE','TRACK','TRACK_GROUPS','COMPANY','LEVEL','SPEAKERS','VENUES','EVENT_TYPES','TITLE','CUSTOM_ORDER','ABSTRACT','TAGS') CHARACTER SET utf8mb3 COLLATE utf8mb3_general_ci DEFAULT 'DATE',
  `Values` longtext COLLATE utf8mb3_unicode_ci,
  `SummitScheduleConfigID` int DEFAULT NULL,
  PRIMARY KEY (`ID`),
  UNIQUE KEY `SummitScheduleConfig_Type` (`SummitScheduleConfigID`,`Type`),
  KEY `SummitScheduleConfigID` (`SummitScheduleConfigID`),
  CONSTRAINT `FK_AC25329C58D86ED5` FOREIGN KEY (`SummitScheduleConfigID`) REFERENCES `SummitScheduleConfig` (`ID`) ON DELETE CASCADE
) ENGINE=InnoDB DEFAULT CHARSET=utf8mb3 COLLATE=utf8mb3_unicode_ci;
/*!40101 SET character_set_client = @saved_cs_client */;

--
-- Dumping data for table `SummitSchedulePreFilterElementConfig`
--

LOCK TABLES `SummitSchedulePreFilterElementConfig` WRITE;
/*!40000 ALTER TABLE `SummitSchedulePreFilterElementConfig` DISABLE KEYS */;
/*!40000 ALTER TABLE `SummitSchedulePreFilterElementConfig` ENABLE KEYS */;
UNLOCK TABLES;

--
-- Table structure for table `SummitSelectedPresentation`
--

DROP TABLE IF EXISTS `SummitSelectedPresentation`;
/*!40101 SET @saved_cs_client     = @@character_set_client */;
/*!50503 SET character_set_client = utf8mb4 */;
CREATE TABLE `SummitSelectedPresentation` (
  `ID` int NOT NULL AUTO_INCREMENT,
  `ClassName` enum('SummitSelectedPresentation') CHARACTER SET utf8mb3 COLLATE utf8mb3_general_ci DEFAULT 'SummitSelectedPresentation',
  `LastEdited` datetime DEFAULT NULL,
  `Created` datetime DEFAULT NULL,
  `Order` int NOT NULL DEFAULT '1',
  `Collection` enum('maybe','selected','pass') CHARACTER SET utf8mb3 COLLATE utf8mb3_general_ci DEFAULT 'maybe',
  `SummitSelectedPresentationListID` int DEFAULT NULL,
  `PresentationID` int DEFAULT NULL,
  `MemberID` int DEFAULT NULL,
  PRIMARY KEY (`ID`),
  KEY `ClassName` (`ClassName`),
  KEY `MemberID` (`MemberID`),
  KEY `PresentationID` (`PresentationID`),
  KEY `SummitSelectedPresentationListID` (`SummitSelectedPresentationListID`),
  KEY `SummitSelectedPresentation_Presentation_List_Unique` (`PresentationID`,`SummitSelectedPresentationListID`),
  CONSTRAINT `FK_SummitSelectedPresentation_Member` FOREIGN KEY (`MemberID`) REFERENCES `Member` (`ID`) ON DELETE CASCADE,
  CONSTRAINT `FK_SummitSelectedPresentation_Presentation` FOREIGN KEY (`PresentationID`) REFERENCES `Presentation` (`ID`) ON DELETE CASCADE,
  CONSTRAINT `FK_SummitSelectedPresentation_SummitSelectedPresentationList` FOREIGN KEY (`SummitSelectedPresentationListID`) REFERENCES `SummitSelectedPresentationList` (`ID`) ON DELETE CASCADE
) ENGINE=InnoDB DEFAULT CHARSET=latin1;
/*!40101 SET character_set_client = @saved_cs_client */;

--
-- Dumping data for table `SummitSelectedPresentation`
--

LOCK TABLES `SummitSelectedPresentation` WRITE;
/*!40000 ALTER TABLE `SummitSelectedPresentation` DISABLE KEYS */;
INSERT INTO `SummitSelectedPresentation` VALUES (1,'SummitSelectedPresentation',NOW(),NOW(),1,'selected',2,1079,1),(2,'SummitSelectedPresentation',NOW(),NOW(),2,'selected',2,1080,1),(3,'SummitSelectedPresentation',NOW(),NOW(),4,'selected',1,1077,1),(4,'SummitSelectedPresentation',NOW(),NOW(),5,'selected',1,1078,1),(5,'SummitSelectedPresentation',NOW(),NOW(),1,'maybe',2,1076,1),(6,'SummitSelectedPresentation',NOW(),NOW(),5,'selected',3,1075,1);
/*!40000 ALTER TABLE `SummitSelectedPresentation` ENABLE KEYS */;
UNLOCK TABLES;

--
-- Table structure for table `SummitSelectedPresentationList`
--

DROP TABLE IF EXISTS `SummitSelectedPresentationList`;
/*!40101 SET @saved_cs_client     = @@character_set_client */;
/*!50503 SET character_set_client = utf8mb4 */;
CREATE TABLE `SummitSelectedPresentationList` (
  `ID` int NOT NULL AUTO_INCREMENT,
  `ClassName` enum('SummitSelectedPresentationList') CHARACTER SET utf8mb3 COLLATE utf8mb3_general_ci DEFAULT 'SummitSelectedPresentationList',
  `LastEdited` datetime DEFAULT NULL,
  `Created` datetime DEFAULT NULL,
  `Name` mediumtext CHARACTER SET utf8mb3 COLLATE utf8mb3_general_ci,
  `ListType` enum('Individual','Group') CHARACTER SET utf8mb3 COLLATE utf8mb3_general_ci DEFAULT 'Individual',
  `ListClass` enum('Session','Lightning') CHARACTER SET utf8mb3 COLLATE utf8mb3_general_ci DEFAULT 'Session',
  `Hash` varchar(50) CHARACTER SET utf8mb3 COLLATE utf8mb3_general_ci DEFAULT NULL,
  `CategoryID` int DEFAULT NULL,
  `MemberID` int DEFAULT NULL,
  `SelectionPlanID` int DEFAULT NULL,
  PRIMARY KEY (`ID`),
  KEY `CategoryID` (`CategoryID`),
  KEY `ClassName` (`ClassName`),
  KEY `MemberID` (`MemberID`),
  KEY `SelectionPlanID` (`SelectionPlanID`),
  CONSTRAINT `FK_SummitSelectedPresentationList_Member` FOREIGN KEY (`MemberID`) REFERENCES `Member` (`ID`) ON DELETE CASCADE,
  CONSTRAINT `FK_SummitSelectedPresentationList_SelectionPlan` FOREIGN KEY (`SelectionPlanID`) REFERENCES `SelectionPlan` (`ID`) ON DELETE CASCADE,
  CONSTRAINT `FK_SummitSelectedPresentationList_Track` FOREIGN KEY (`CategoryID`) REFERENCES `PresentationCategory` (`ID`) ON DELETE CASCADE
) ENGINE=InnoDB DEFAULT CHARSET=latin1;
/*!40101 SET character_set_client = @saved_cs_client */;

--
-- Dumping data for table `SummitSelectedPresentationList`
--

LOCK TABLES `SummitSelectedPresentationList` WRITE;
/*!40000 ALTER TABLE `SummitSelectedPresentationList` DISABLE KEYS */;
INSERT INTO `SummitSelectedPresentationList` VALUES (1,'SummitSelectedPresentationList',NOW(),NOW(),NULL,'Group','Session',NULL,27,1,27),(2,'SummitSelectedPresentationList',NOW(),NOW(),NULL,'Group','Session',NULL,27,1,27),(3,'SummitSelectedPresentationList',NOW(),NOW(),NULL,'Group','Lightning',NULL,27,1,27);
/*!40000 ALTER TABLE `SummitSelectedPresentationList` ENABLE KEYS */;
UNLOCK TABLES;

--
-- Table structure for table `SummitSelectionPlanExtraQuestionType`
--

DROP TABLE IF EXISTS `SummitSelectionPlanExtraQuestionType`;
/*!40101 SET @saved_cs_client     = @@character_set_client */;
/*!50503 SET character_set_client = utf8mb4 */;
CREATE TABLE `SummitSelectionPlanExtraQuestionType` (
  `ID` int NOT NULL AUTO_INCREMENT,
  `SelectionPlanID` int DEFAULT NULL,
  `SummitID` int DEFAULT NULL,
  PRIMARY KEY (`ID`),
  KEY `SelectionPlanID` (`SelectionPlanID`),
  KEY `SummitID` (`SummitID`),
  CONSTRAINT `FK_7AA38C2FB172E6EC` FOREIGN KEY (`SelectionPlanID`) REFERENCES `SelectionPlan` (`ID`) ON DELETE CASCADE,
  CONSTRAINT `FK_SummitSelectionPlanExtraQuestionType_Summit` FOREIGN KEY (`SummitID`) REFERENCES `Summit` (`ID`) ON DELETE CASCADE,
  CONSTRAINT `JT_SummitSelectionPlanExtraQuestionType_ExtraQuestionType` FOREIGN KEY (`ID`) REFERENCES `ExtraQuestionType` (`ID`) ON DELETE CASCADE
) ENGINE=InnoDB AUTO_INCREMENT=15 DEFAULT CHARSET=utf8mb3 COLLATE=utf8mb3_unicode_ci;
/*!40101 SET character_set_client = @saved_cs_client */;

--
-- Dumping data for table `SummitSelectionPlanExtraQuestionType`
--

LOCK TABLES `SummitSelectionPlanExtraQuestionType` WRITE;
/*!40000 ALTER TABLE `SummitSelectionPlanExtraQuestionType` DISABLE KEYS */;
INSERT INTO `SummitSelectionPlanExtraQuestionType` VALUES (14,NULL,27);
/*!40000 ALTER TABLE `SummitSelectionPlanExtraQuestionType` ENABLE KEYS */;
UNLOCK TABLES;

--
-- Table structure for table `SummitSelectionPlanExtraQuestionType_SelectionPlan`
--

DROP TABLE IF EXISTS `SummitSelectionPlanExtraQuestionType_SelectionPlan`;
/*!40101 SET @saved_cs_client     = @@character_set_client */;
/*!50503 SET character_set_client = utf8mb4 */;
CREATE TABLE `SummitSelectionPlanExtraQuestionType_SelectionPlan` (
  `ID` bigint NOT NULL AUTO_INCREMENT,
  `CustomOrder` smallint NOT NULL DEFAULT '1',
  `SummitSelectionPlanExtraQuestionTypeID` int DEFAULT NULL,
  `SelectionPlanID` int DEFAULT NULL,
  `IsEditable` tinyint(1) NOT NULL DEFAULT '1',
  PRIMARY KEY (`ID`),
  UNIQUE KEY `UNIQ_AB06C55CE7C1EEFFB172E6EC` (`SummitSelectionPlanExtraQuestionTypeID`,`SelectionPlanID`),
  KEY `SelectionPlanID` (`SelectionPlanID`),
  KEY `SummitSelectionPlanExtraQuestionTypeID` (`SummitSelectionPlanExtraQuestionTypeID`),
  CONSTRAINT `FK_AssignedSelectionPlan_Question_Type` FOREIGN KEY (`SummitSelectionPlanExtraQuestionTypeID`) REFERENCES `SummitSelectionPlanExtraQuestionType` (`ID`) ON DELETE CASCADE,
  CONSTRAINT `FK_AssignedSelectionPlan_SelectionPlan` FOREIGN KEY (`SelectionPlanID`) REFERENCES `SelectionPlan` (`ID`) ON DELETE CASCADE
) ENGINE=InnoDB AUTO_INCREMENT=15 DEFAULT CHARSET=utf8mb3 COLLATE=utf8mb3_unicode_ci;
/*!40101 SET character_set_client = @saved_cs_client */;

--
-- Dumping data for table `SummitSelectionPlanExtraQuestionType_SelectionPlan`
--

LOCK TABLES `SummitSelectionPlanExtraQuestionType_SelectionPlan` WRITE;
/*!40000 ALTER TABLE `SummitSelectionPlanExtraQuestionType_SelectionPlan` DISABLE KEYS */;
INSERT INTO `SummitSelectionPlanExtraQuestionType_SelectionPlan` VALUES (14,1,14,27,1);
/*!40000 ALTER TABLE `SummitSelectionPlanExtraQuestionType_SelectionPlan` ENABLE KEYS */;
UNLOCK TABLES;

--
-- Table structure for table `SummitSign`
--

DROP TABLE IF EXISTS `SummitSign`;
/*!40101 SET @saved_cs_client     = @@character_set_client */;
/*!50503 SET character_set_client = utf8mb4 */;
CREATE TABLE `SummitSign` (
  `ID` bigint unsigned NOT NULL AUTO_INCREMENT,
  `Created` datetime NOT NULL DEFAULT CURRENT_TIMESTAMP,
  `LastEdited` datetime NOT NULL DEFAULT CURRENT_TIMESTAMP,
  `Template` longtext COLLATE utf8mb3_unicode_ci,
  `SummitID` int DEFAULT NULL,
  `LocationID` int DEFAULT NULL,
  PRIMARY KEY (`ID`),
  UNIQUE KEY `IDX_UNIQUE_SummitSign_Summit_Location` (`SummitID`,`LocationID`),
  KEY `LocationID` (`LocationID`),
  KEY `SummitID` (`SummitID`),
  CONSTRAINT `FK_SummitSign_Location` FOREIGN KEY (`LocationID`) REFERENCES `SummitAbstractLocation` (`ID`) ON DELETE CASCADE,
  CONSTRAINT `FK_SummitSign_Summit` FOREIGN KEY (`SummitID`) REFERENCES `Summit` (`ID`) ON DELETE CASCADE
) ENGINE=InnoDB DEFAULT CHARSET=utf8mb3 COLLATE=utf8mb3_unicode_ci;
/*!40101 SET character_set_client = @saved_cs_client */;

--
-- Dumping data for table `SummitSign`
--

LOCK TABLES `SummitSign` WRITE;
/*!40000 ALTER TABLE `SummitSign` DISABLE KEYS */;
/*!40000 ALTER TABLE `SummitSign` ENABLE KEYS */;
UNLOCK TABLES;

--
-- Table structure for table `SummitSponsorExtraQuestionType`
--

DROP TABLE IF EXISTS `SummitSponsorExtraQuestionType`;
/*!40101 SET @saved_cs_client     = @@character_set_client */;
/*!50503 SET character_set_client = utf8mb4 */;
CREATE TABLE `SummitSponsorExtraQuestionType` (
  `ID` int NOT NULL AUTO_INCREMENT,
  `SponsorID` int NOT NULL,
  PRIMARY KEY (`ID`),
  KEY `SponsorID` (`SponsorID`),
  CONSTRAINT `FK_SummitSponsorExtraQuestionType_ExtraQuestionType` FOREIGN KEY (`ID`) REFERENCES `ExtraQuestionType` (`ID`) ON DELETE CASCADE,
  CONSTRAINT `FK_SummitSponsorExtraQuestionType_Sponsor` FOREIGN KEY (`SponsorID`) REFERENCES `Sponsor` (`ID`) ON DELETE CASCADE
) ENGINE=InnoDB DEFAULT CHARSET=utf8mb3 COLLATE=utf8mb3_unicode_ci;
/*!40101 SET character_set_client = @saved_cs_client */;

--
-- Dumping data for table `SummitSponsorExtraQuestionType`
--

LOCK TABLES `SummitSponsorExtraQuestionType` WRITE;
/*!40000 ALTER TABLE `SummitSponsorExtraQuestionType` DISABLE KEYS */;
/*!40000 ALTER TABLE `SummitSponsorExtraQuestionType` ENABLE KEYS */;
UNLOCK TABLES;

--
-- Table structure for table `SummitSponsorMetric`
--

DROP TABLE IF EXISTS `SummitSponsorMetric`;
/*!40101 SET @saved_cs_client     = @@character_set_client */;
/*!50503 SET character_set_client = utf8mb4 */;
CREATE TABLE `SummitSponsorMetric` (
  `ID` int NOT NULL AUTO_INCREMENT,
  `ClassName` varchar(255) COLLATE utf8mb3_unicode_ci NOT NULL DEFAULT 'SummitSponsorMetric',
  `SponsorID` int DEFAULT NULL,
  PRIMARY KEY (`ID`),
  KEY `SponsorID` (`SponsorID`),
  CONSTRAINT `FK_8AFBB25E94CE1A1A` FOREIGN KEY (`SponsorID`) REFERENCES `Sponsor` (`ID`) ON DELETE CASCADE,
  CONSTRAINT `FK_SummitSponsorMetricc_SummitMetric` FOREIGN KEY (`ID`) REFERENCES `SummitMetric` (`ID`) ON DELETE CASCADE
) ENGINE=InnoDB DEFAULT CHARSET=utf8mb3 COLLATE=utf8mb3_unicode_ci;
/*!40101 SET character_set_client = @saved_cs_client */;

--
-- Dumping data for table `SummitSponsorMetric`
--

LOCK TABLES `SummitSponsorMetric` WRITE;
/*!40000 ALTER TABLE `SummitSponsorMetric` DISABLE KEYS */;
/*!40000 ALTER TABLE `SummitSponsorMetric` ENABLE KEYS */;
UNLOCK TABLES;

--
-- Table structure for table `SummitSponsorPage`
--

DROP TABLE IF EXISTS `SummitSponsorPage`;
/*!40101 SET @saved_cs_client     = @@character_set_client */;
/*!50503 SET character_set_client = utf8mb4 */;
CREATE TABLE `SummitSponsorPage` (
  `ID` int NOT NULL AUTO_INCREMENT,
  `SponsorIntro` mediumtext CHARACTER SET utf8mb3 COLLATE utf8mb3_general_ci,
  `SponsorAlert` mediumtext CHARACTER SET utf8mb3 COLLATE utf8mb3_general_ci,
  `SponsorContract` mediumtext CHARACTER SET utf8mb3 COLLATE utf8mb3_general_ci,
  `SponsorProspectus` mediumtext CHARACTER SET utf8mb3 COLLATE utf8mb3_general_ci,
  `CallForSponsorShipStartDate` datetime DEFAULT NULL,
  `CallForSponsorShipEndDate` datetime DEFAULT NULL,
  `AudienceIntro` mediumtext CHARACTER SET utf8mb3 COLLATE utf8mb3_general_ci,
  `ShowAudience` tinyint unsigned NOT NULL DEFAULT '0',
  `AudienceMetricsTitle` mediumtext CHARACTER SET utf8mb3 COLLATE utf8mb3_general_ci,
  `AudienceTotalSummitAttendees` mediumtext CHARACTER SET utf8mb3 COLLATE utf8mb3_general_ci,
  `AudienceCompaniesRepresented` mediumtext CHARACTER SET utf8mb3 COLLATE utf8mb3_general_ci,
  `AudienceCountriesRepresented` mediumtext CHARACTER SET utf8mb3 COLLATE utf8mb3_general_ci,
  `HowToSponsorContent` mediumtext CHARACTER SET utf8mb3 COLLATE utf8mb3_general_ci,
  `VenueMapContent` mediumtext CHARACTER SET utf8mb3 COLLATE utf8mb3_general_ci,
  `SponsorshipPackagesTitle` mediumtext CHARACTER SET utf8mb3 COLLATE utf8mb3_general_ci,
  `ConditionalSponsorshipPackagesTitle` mediumtext CHARACTER SET utf8mb3 COLLATE utf8mb3_general_ci,
  `SponsorshipAddOnsTitle` mediumtext CHARACTER SET utf8mb3 COLLATE utf8mb3_general_ci,
  `CrowdImageID` int DEFAULT NULL,
  `ExhibitImageID` int DEFAULT NULL,
  PRIMARY KEY (`ID`),
  KEY `CrowdImageID` (`CrowdImageID`),
  KEY `ExhibitImageID` (`ExhibitImageID`)
) ENGINE=InnoDB DEFAULT CHARSET=latin1;
/*!40101 SET character_set_client = @saved_cs_client */;

--
-- Dumping data for table `SummitSponsorPage`
--

LOCK TABLES `SummitSponsorPage` WRITE;
/*!40000 ALTER TABLE `SummitSponsorPage` DISABLE KEYS */;
/*!40000 ALTER TABLE `SummitSponsorPage` ENABLE KEYS */;
UNLOCK TABLES;

--
-- Table structure for table `SummitSponsorPage_Live`
--

DROP TABLE IF EXISTS `SummitSponsorPage_Live`;
/*!40101 SET @saved_cs_client     = @@character_set_client */;
/*!50503 SET character_set_client = utf8mb4 */;
CREATE TABLE `SummitSponsorPage_Live` (
  `ID` int NOT NULL AUTO_INCREMENT,
  `SponsorIntro` mediumtext CHARACTER SET utf8mb3 COLLATE utf8mb3_general_ci,
  `SponsorAlert` mediumtext CHARACTER SET utf8mb3 COLLATE utf8mb3_general_ci,
  `SponsorContract` mediumtext CHARACTER SET utf8mb3 COLLATE utf8mb3_general_ci,
  `SponsorProspectus` mediumtext CHARACTER SET utf8mb3 COLLATE utf8mb3_general_ci,
  `CallForSponsorShipStartDate` datetime DEFAULT NULL,
  `CallForSponsorShipEndDate` datetime DEFAULT NULL,
  `AudienceIntro` mediumtext CHARACTER SET utf8mb3 COLLATE utf8mb3_general_ci,
  `ShowAudience` tinyint unsigned NOT NULL DEFAULT '0',
  `AudienceMetricsTitle` mediumtext CHARACTER SET utf8mb3 COLLATE utf8mb3_general_ci,
  `AudienceTotalSummitAttendees` mediumtext CHARACTER SET utf8mb3 COLLATE utf8mb3_general_ci,
  `AudienceCompaniesRepresented` mediumtext CHARACTER SET utf8mb3 COLLATE utf8mb3_general_ci,
  `AudienceCountriesRepresented` mediumtext CHARACTER SET utf8mb3 COLLATE utf8mb3_general_ci,
  `HowToSponsorContent` mediumtext CHARACTER SET utf8mb3 COLLATE utf8mb3_general_ci,
  `VenueMapContent` mediumtext CHARACTER SET utf8mb3 COLLATE utf8mb3_general_ci,
  `SponsorshipPackagesTitle` mediumtext CHARACTER SET utf8mb3 COLLATE utf8mb3_general_ci,
  `ConditionalSponsorshipPackagesTitle` mediumtext CHARACTER SET utf8mb3 COLLATE utf8mb3_general_ci,
  `SponsorshipAddOnsTitle` mediumtext CHARACTER SET utf8mb3 COLLATE utf8mb3_general_ci,
  `CrowdImageID` int DEFAULT NULL,
  `ExhibitImageID` int DEFAULT NULL,
  PRIMARY KEY (`ID`),
  KEY `CrowdImageID` (`CrowdImageID`),
  KEY `ExhibitImageID` (`ExhibitImageID`)
) ENGINE=InnoDB DEFAULT CHARSET=latin1;
/*!40101 SET character_set_client = @saved_cs_client */;

--
-- Dumping data for table `SummitSponsorPage_Live`
--

LOCK TABLES `SummitSponsorPage_Live` WRITE;
/*!40000 ALTER TABLE `SummitSponsorPage_Live` DISABLE KEYS */;
/*!40000 ALTER TABLE `SummitSponsorPage_Live` ENABLE KEYS */;
UNLOCK TABLES;

--
-- Table structure for table `SummitSponsorPage_versions`
--

DROP TABLE IF EXISTS `SummitSponsorPage_versions`;
/*!40101 SET @saved_cs_client     = @@character_set_client */;
/*!50503 SET character_set_client = utf8mb4 */;
CREATE TABLE `SummitSponsorPage_versions` (
  `ID` int NOT NULL AUTO_INCREMENT,
  `RecordID` int NOT NULL DEFAULT '0',
  `Version` int NOT NULL DEFAULT '0',
  `SponsorIntro` mediumtext CHARACTER SET utf8mb3 COLLATE utf8mb3_general_ci,
  `SponsorAlert` mediumtext CHARACTER SET utf8mb3 COLLATE utf8mb3_general_ci,
  `SponsorContract` mediumtext CHARACTER SET utf8mb3 COLLATE utf8mb3_general_ci,
  `SponsorProspectus` mediumtext CHARACTER SET utf8mb3 COLLATE utf8mb3_general_ci,
  `CallForSponsorShipStartDate` datetime DEFAULT NULL,
  `CallForSponsorShipEndDate` datetime DEFAULT NULL,
  `AudienceIntro` mediumtext CHARACTER SET utf8mb3 COLLATE utf8mb3_general_ci,
  `ShowAudience` tinyint unsigned NOT NULL DEFAULT '0',
  `AudienceMetricsTitle` mediumtext CHARACTER SET utf8mb3 COLLATE utf8mb3_general_ci,
  `AudienceTotalSummitAttendees` mediumtext CHARACTER SET utf8mb3 COLLATE utf8mb3_general_ci,
  `AudienceCompaniesRepresented` mediumtext CHARACTER SET utf8mb3 COLLATE utf8mb3_general_ci,
  `AudienceCountriesRepresented` mediumtext CHARACTER SET utf8mb3 COLLATE utf8mb3_general_ci,
  `HowToSponsorContent` mediumtext CHARACTER SET utf8mb3 COLLATE utf8mb3_general_ci,
  `VenueMapContent` mediumtext CHARACTER SET utf8mb3 COLLATE utf8mb3_general_ci,
  `SponsorshipPackagesTitle` mediumtext CHARACTER SET utf8mb3 COLLATE utf8mb3_general_ci,
  `ConditionalSponsorshipPackagesTitle` mediumtext CHARACTER SET utf8mb3 COLLATE utf8mb3_general_ci,
  `SponsorshipAddOnsTitle` mediumtext CHARACTER SET utf8mb3 COLLATE utf8mb3_general_ci,
  `CrowdImageID` int DEFAULT NULL,
  `ExhibitImageID` int DEFAULT NULL,
  PRIMARY KEY (`ID`),
  UNIQUE KEY `RecordID_Version` (`RecordID`,`Version`),
  KEY `CrowdImageID` (`CrowdImageID`),
  KEY `ExhibitImageID` (`ExhibitImageID`),
  KEY `RecordID` (`RecordID`),
  KEY `Version` (`Version`)
) ENGINE=InnoDB DEFAULT CHARSET=latin1;
/*!40101 SET character_set_client = @saved_cs_client */;

--
-- Dumping data for table `SummitSponsorPage_versions`
--

LOCK TABLES `SummitSponsorPage_versions` WRITE;
/*!40000 ALTER TABLE `SummitSponsorPage_versions` DISABLE KEYS */;
/*!40000 ALTER TABLE `SummitSponsorPage_versions` ENABLE KEYS */;
UNLOCK TABLES;

--
-- Table structure for table `SummitSubmissionInvitation`
--

DROP TABLE IF EXISTS `SummitSubmissionInvitation`;
/*!40101 SET @saved_cs_client     = @@character_set_client */;
/*!50503 SET character_set_client = utf8mb4 */;
CREATE TABLE `SummitSubmissionInvitation` (
  `ID` int unsigned NOT NULL AUTO_INCREMENT,
  `ClassName` varchar(255) COLLATE utf8mb3_unicode_ci NOT NULL DEFAULT 'SummitSubmissionInvitation',
  `Created` datetime NOT NULL,
  `LastEdited` datetime NOT NULL,
  `Email` varchar(255) COLLATE utf8mb3_unicode_ci NOT NULL,
  `FirstName` varchar(255) COLLATE utf8mb3_unicode_ci DEFAULT 'NULL',
  `LastName` varchar(255) COLLATE utf8mb3_unicode_ci DEFAULT 'NULL',
  `SentDate` datetime DEFAULT NULL,
  `OTP` varchar(50) COLLATE utf8mb3_unicode_ci DEFAULT 'NULL',
  `SummitID` int DEFAULT NULL,
  `SpeakerID` int DEFAULT NULL,
  PRIMARY KEY (`ID`),
  KEY `ClassName` (`ClassName`),
  KEY `SpeakerID` (`SpeakerID`),
  KEY `SummitID` (`SummitID`),
  CONSTRAINT `FK_SummitSubmissionInvitation_Speaker` FOREIGN KEY (`SpeakerID`) REFERENCES `PresentationSpeaker` (`ID`) ON DELETE CASCADE,
  CONSTRAINT `FK_SummitSubmissionInvitation_Summit` FOREIGN KEY (`SummitID`) REFERENCES `Summit` (`ID`) ON DELETE CASCADE
) ENGINE=InnoDB DEFAULT CHARSET=utf8mb3 COLLATE=utf8mb3_unicode_ci;
/*!40101 SET character_set_client = @saved_cs_client */;

--
-- Dumping data for table `SummitSubmissionInvitation`
--

LOCK TABLES `SummitSubmissionInvitation` WRITE;
/*!40000 ALTER TABLE `SummitSubmissionInvitation` DISABLE KEYS */;
/*!40000 ALTER TABLE `SummitSubmissionInvitation` ENABLE KEYS */;
UNLOCK TABLES;

--
-- Table structure for table `SummitSubmissionInvitation_Tags`
--

DROP TABLE IF EXISTS `SummitSubmissionInvitation_Tags`;
/*!40101 SET @saved_cs_client     = @@character_set_client */;
/*!50503 SET character_set_client = utf8mb4 */;
CREATE TABLE `SummitSubmissionInvitation_Tags` (
  `ID` bigint unsigned NOT NULL AUTO_INCREMENT,
  `Created` datetime NOT NULL,
  `LastEdited` datetime NOT NULL,
  `SummitSubmissionInvitationID` int unsigned DEFAULT NULL,
  `TagID` int DEFAULT NULL,
  PRIMARY KEY (`ID`),
  UNIQUE KEY `UNIQ_82057484CA66B12C95B9A210` (`SummitSubmissionInvitationID`,`TagID`),
  KEY `SummitSubmissionInvitationID` (`SummitSubmissionInvitationID`),
  KEY `TagID` (`TagID`),
  CONSTRAINT `FK_SummitSubmissionInvitation_Tags_Invitation` FOREIGN KEY (`SummitSubmissionInvitationID`) REFERENCES `SummitSubmissionInvitation` (`ID`) ON DELETE CASCADE,
  CONSTRAINT `FK_SummitSubmissionInvitation_Tags_Tag` FOREIGN KEY (`TagID`) REFERENCES `Tag` (`ID`) ON DELETE CASCADE
) ENGINE=InnoDB DEFAULT CHARSET=utf8mb3 COLLATE=utf8mb3_unicode_ci;
/*!40101 SET character_set_client = @saved_cs_client */;

--
-- Dumping data for table `SummitSubmissionInvitation_Tags`
--

LOCK TABLES `SummitSubmissionInvitation_Tags` WRITE;
/*!40000 ALTER TABLE `SummitSubmissionInvitation_Tags` DISABLE KEYS */;
/*!40000 ALTER TABLE `SummitSubmissionInvitation_Tags` ENABLE KEYS */;
UNLOCK TABLES;

--
-- Table structure for table `SummitTaxRefund`
--

DROP TABLE IF EXISTS `SummitTaxRefund`;
/*!40101 SET @saved_cs_client     = @@character_set_client */;
/*!50503 SET character_set_client = utf8mb4 */;
CREATE TABLE `SummitTaxRefund` (
  `ID` int NOT NULL AUTO_INCREMENT,
  `ClassName` varchar(255) COLLATE utf8mb3_unicode_ci NOT NULL DEFAULT 'SummitTaxRefund',
  `Created` datetime NOT NULL,
  `LastEdited` datetime NOT NULL,
  `RefundedAmount` decimal(32,10) NOT NULL DEFAULT '0.0000000000',
  `SummitRefundRequestID` int DEFAULT NULL,
  `SummitTaxTypeID` int DEFAULT NULL,
  PRIMARY KEY (`ID`),
  UNIQUE KEY `IDX_RefundRequest_TaxType` (`SummitRefundRequestID`,`SummitTaxTypeID`),
  KEY `ClassName` (`ClassName`),
  KEY `SummitRefundRequestID` (`SummitRefundRequestID`),
  KEY `SummitTaxTypeID` (`SummitTaxTypeID`),
  CONSTRAINT `FK_CD894C328512AD7` FOREIGN KEY (`SummitRefundRequestID`) REFERENCES `SummitRefundRequest` (`ID`) ON DELETE CASCADE,
  CONSTRAINT `FK_CD894C3F76E34C3` FOREIGN KEY (`SummitTaxTypeID`) REFERENCES `SummitTaxType` (`ID`) ON DELETE CASCADE
) ENGINE=InnoDB DEFAULT CHARSET=utf8mb3 COLLATE=utf8mb3_unicode_ci;
/*!40101 SET character_set_client = @saved_cs_client */;

--
-- Dumping data for table `SummitTaxRefund`
--

LOCK TABLES `SummitTaxRefund` WRITE;
/*!40000 ALTER TABLE `SummitTaxRefund` DISABLE KEYS */;
/*!40000 ALTER TABLE `SummitTaxRefund` ENABLE KEYS */;
UNLOCK TABLES;

--
-- Table structure for table `SummitTaxType`
--

DROP TABLE IF EXISTS `SummitTaxType`;
/*!40101 SET @saved_cs_client     = @@character_set_client */;
/*!50503 SET character_set_client = utf8mb4 */;
CREATE TABLE `SummitTaxType` (
  `ID` int NOT NULL AUTO_INCREMENT,
  `ClassName` enum('SummitTaxType') CHARACTER SET utf8mb3 COLLATE utf8mb3_general_ci DEFAULT 'SummitTaxType',
  `LastEdited` datetime DEFAULT NULL,
  `Created` datetime DEFAULT NULL,
  `Name` varchar(255) CHARACTER SET utf8mb3 COLLATE utf8mb3_general_ci DEFAULT NULL,
  `TaxID` varchar(255) CHARACTER SET utf8mb3 COLLATE utf8mb3_general_ci DEFAULT NULL,
  `Rate` decimal(9,2) NOT NULL DEFAULT '0.00',
  `SummitID` int DEFAULT NULL,
  PRIMARY KEY (`ID`),
  KEY `ClassName` (`ClassName`),
  KEY `SummitID` (`SummitID`),
  CONSTRAINT `FK_SummitTaxType_Summit` FOREIGN KEY (`SummitID`) REFERENCES `Summit` (`ID`) ON DELETE CASCADE
) ENGINE=InnoDB AUTO_INCREMENT=25 DEFAULT CHARSET=latin1;
/*!40101 SET character_set_client = @saved_cs_client */;

--
-- Dumping data for table `SummitTaxType`
--

LOCK TABLES `SummitTaxType` WRITE;
/*!40000 ALTER TABLE `SummitTaxType` DISABLE KEYS */;
INSERT INTO `SummitTaxType` VALUES (23,'SummitTaxType','2024-06-21 11:34:10','2024-06-21 11:34:10','TAX 1','',10.50,27),(24,'SummitTaxType','2024-06-21 11:34:10','2024-06-21 11:34:10','TAX 2','',1.50,27);
/*!40000 ALTER TABLE `SummitTaxType` ENABLE KEYS */;
UNLOCK TABLES;

--
-- Table structure for table `SummitTicketType`
--

DROP TABLE IF EXISTS `SummitTicketType`;
/*!40101 SET @saved_cs_client     = @@character_set_client */;
/*!50503 SET character_set_client = utf8mb4 */;
CREATE TABLE `SummitTicketType` (
  `ID` int NOT NULL AUTO_INCREMENT,
  `ClassName` enum('SummitTicketType') CHARACTER SET utf8mb3 COLLATE utf8mb3_general_ci DEFAULT 'SummitTicketType',
  `LastEdited` datetime DEFAULT NULL,
  `Created` datetime DEFAULT NULL,
  `ExternalId` varchar(255) CHARACTER SET utf8mb3 COLLATE utf8mb3_general_ci DEFAULT NULL,
  `Name` mediumtext CHARACTER SET utf8mb3 COLLATE utf8mb3_general_ci,
  `Description` mediumtext CHARACTER SET utf8mb3 COLLATE utf8mb3_general_ci,
  `SummitID` int DEFAULT NULL,
  `Cost` decimal(19,4) NOT NULL DEFAULT '0.0000',
  `Currency` varchar(3) CHARACTER SET utf8mb3 COLLATE utf8mb3_general_ci DEFAULT NULL,
  `QuantityToSell` int NOT NULL DEFAULT '0',
  `QuantitySold` int NOT NULL DEFAULT '0',
  `MaxQuantityToSellPerOrder` int NOT NULL DEFAULT '0',
  `SaleStartDate` datetime DEFAULT NULL,
  `SaleEndDate` datetime DEFAULT NULL,
  `BadgeTypeID` int DEFAULT NULL,
  `Audience` enum('All','WithInvitation','WithoutInvitation') NOT NULL DEFAULT 'All',
  PRIMARY KEY (`ID`),
  KEY `BadgeTypeID` (`BadgeTypeID`),
  KEY `ClassName` (`ClassName`),
  KEY `SummitID` (`SummitID`),
  KEY `Summit_ExternalId` (`SummitID`,`ExternalId`),
  CONSTRAINT `FK_SummitTicketType_Summitt` FOREIGN KEY (`SummitID`) REFERENCES `Summit` (`ID`) ON DELETE CASCADE
) ENGINE=InnoDB AUTO_INCREMENT=167 DEFAULT CHARSET=latin1;
/*!40101 SET character_set_client = @saved_cs_client */;

--
-- Dumping data for table `SummitTicketType`
--

LOCK TABLES `SummitTicketType` WRITE;
/*!40000 ALTER TABLE `SummitTicketType` DISABLE KEYS */;
INSERT INTO `SummitTicketType` VALUES (155,'SummitTicketType','2024-06-21 11:34:09','2024-06-21 11:34:09',NULL,'TICKET TYPE 1',NULL,27,100.0000,'USD',100,0,0,NULL,NULL,36,'All'),(156,'SummitTicketType','2024-06-21 11:34:09','2024-06-21 11:34:09',NULL,'TICKET TYPE 1',NULL,27,100.0000,'USD',100,0,0,NULL,NULL,36,'WithoutInvitation'),(157,'SummitTicketType','2024-06-21 11:34:09','2024-06-21 11:34:09',NULL,'TICKET TYPE 1',NULL,27,100.0000,'USD',100,0,0,NULL,NULL,36,'WithInvitation'),(158,'SummitTicketType','2024-06-21 11:34:09','2024-06-21 11:34:09',NULL,'Invited Attendee',NULL,27,100.0000,'USD',100,0,0,NULL,NULL,36,'All'),(159,'SummitTicketType','2024-06-21 11:34:09','2024-06-21 11:34:09',NULL,'Chaperone',NULL,27,100.0000,'USD',100,0,0,NULL,NULL,36,'All'),(160,'SummitTicketType','2024-06-21 11:34:09','2024-06-21 11:34:09',NULL,'Press',NULL,27,100.0000,'USD',100,0,0,NULL,NULL,36,'All'),(161,'SummitTicketType','2024-06-21 11:34:09','2024-06-21 11:34:09',NULL,'Speaker',NULL,27,100.0000,'USD',100,0,0,NULL,NULL,36,'All'),(162,'SummitTicketType','2024-06-21 11:34:09','2024-06-21 11:34:09',NULL,'Roblox Core Staff',NULL,27,100.0000,'USD',100,0,0,NULL,NULL,36,'All'),(163,'SummitTicketType','2024-06-21 11:34:09','2024-06-21 11:34:09',NULL,'Roblox Volunteer Staff',NULL,27,100.0000,'USD',100,0,0,NULL,NULL,36,'All'),(164,'SummitTicketType','2024-06-21 11:34:09','2024-06-21 11:34:09',NULL,'General Attendee',NULL,27,100.0000,'USD',100,0,0,NULL,NULL,36,'All'),(165,'SummitTicketType','2024-06-21 11:34:09','2024-06-21 11:34:09',NULL,'Roblox Staff',NULL,27,100.0000,'USD',100,0,0,NULL,NULL,36,'All'),(166,'SummitTicketType','2024-06-21 11:34:11','2024-06-21 11:34:10',NULL,'TICKET TYPE 1',NULL,27,100.0000,'USD',100,10,0,NULL,NULL,37,'All');
/*!40000 ALTER TABLE `SummitTicketType` ENABLE KEYS */;
UNLOCK TABLES;

--
-- Table structure for table `SummitTicketType_Taxes`
--

DROP TABLE IF EXISTS `SummitTicketType_Taxes`;
/*!40101 SET @saved_cs_client     = @@character_set_client */;
/*!50503 SET character_set_client = utf8mb4 */;
CREATE TABLE `SummitTicketType_Taxes` (
  `ID` int NOT NULL AUTO_INCREMENT,
  `SummitTicketTypeID` int NOT NULL DEFAULT '0',
  `SummitTaxTypeID` int NOT NULL DEFAULT '0',
  PRIMARY KEY (`ID`),
  KEY `SummitTaxTypeID` (`SummitTaxTypeID`),
  KEY `SummitTicketTypeID` (`SummitTicketTypeID`)
) ENGINE=InnoDB AUTO_INCREMENT=25 DEFAULT CHARSET=latin1;
/*!40101 SET character_set_client = @saved_cs_client */;

--
-- Dumping data for table `SummitTicketType_Taxes`
--

LOCK TABLES `SummitTicketType_Taxes` WRITE;
/*!40000 ALTER TABLE `SummitTicketType_Taxes` DISABLE KEYS */;
INSERT INTO `SummitTicketType_Taxes` VALUES (1,34,1),(2,34,2),(3,46,3),(4,46,4),(5,58,5),(6,58,6),(7,70,7),(8,70,8),(9,82,9),(10,82,10),(11,94,11),(12,94,12),(13,106,13),(14,106,14),(15,118,15),(16,118,16),(17,130,17),(18,130,18),(19,142,19),(20,142,20),(21,154,21),(22,154,22),(23,166,23),(24,166,24);
/*!40000 ALTER TABLE `SummitTicketType_Taxes` ENABLE KEYS */;
UNLOCK TABLES;

--
-- Table structure for table `SummitTrackChair`
--

DROP TABLE IF EXISTS `SummitTrackChair`;
/*!40101 SET @saved_cs_client     = @@character_set_client */;
/*!50503 SET character_set_client = utf8mb4 */;
CREATE TABLE `SummitTrackChair` (
  `ID` int NOT NULL AUTO_INCREMENT,
  `ClassName` enum('SummitTrackChair') CHARACTER SET utf8mb3 COLLATE utf8mb3_general_ci DEFAULT 'SummitTrackChair',
  `LastEdited` datetime DEFAULT NULL,
  `Created` datetime DEFAULT NULL,
  `MemberID` int DEFAULT NULL,
  `SummitID` int DEFAULT NULL,
  PRIMARY KEY (`ID`),
  UNIQUE KEY `SummitTrackChair_Member_Summit` (`MemberID`,`SummitID`),
  KEY `ClassName` (`ClassName`),
  KEY `MemberID` (`MemberID`),
  KEY `SummitID` (`SummitID`)
) ENGINE=InnoDB DEFAULT CHARSET=latin1;
/*!40101 SET character_set_client = @saved_cs_client */;

--
-- Dumping data for table `SummitTrackChair`
--

LOCK TABLES `SummitTrackChair` WRITE;
/*!40000 ALTER TABLE `SummitTrackChair` DISABLE KEYS */;
/*!40000 ALTER TABLE `SummitTrackChair` ENABLE KEYS */;
UNLOCK TABLES;

--
-- Table structure for table `SummitTrackChair_Categories`
--

DROP TABLE IF EXISTS `SummitTrackChair_Categories`;
/*!40101 SET @saved_cs_client     = @@character_set_client */;
/*!50503 SET character_set_client = utf8mb4 */;
CREATE TABLE `SummitTrackChair_Categories` (
  `ID` int NOT NULL AUTO_INCREMENT,
  `SummitTrackChairID` int NOT NULL DEFAULT '0',
  `PresentationCategoryID` int NOT NULL DEFAULT '0',
  PRIMARY KEY (`ID`),
  UNIQUE KEY `SummitTrackChair_Categories_TrackChairID_CategoryID` (`SummitTrackChairID`,`PresentationCategoryID`),
  KEY `PresentationCategoryID` (`PresentationCategoryID`),
  KEY `SummitTrackChairID` (`SummitTrackChairID`)
) ENGINE=InnoDB DEFAULT CHARSET=latin1;
/*!40101 SET character_set_client = @saved_cs_client */;

--
-- Dumping data for table `SummitTrackChair_Categories`
--

LOCK TABLES `SummitTrackChair_Categories` WRITE;
/*!40000 ALTER TABLE `SummitTrackChair_Categories` DISABLE KEYS */;
/*!40000 ALTER TABLE `SummitTrackChair_Categories` ENABLE KEYS */;
UNLOCK TABLES;

--
-- Table structure for table `SummitType`
--

DROP TABLE IF EXISTS `SummitType`;
/*!40101 SET @saved_cs_client     = @@character_set_client */;
/*!50503 SET character_set_client = utf8mb4 */;
CREATE TABLE `SummitType` (
  `ID` int NOT NULL AUTO_INCREMENT,
  `ClassName` enum('SummitType') CHARACTER SET utf8mb3 COLLATE utf8mb3_general_ci DEFAULT 'SummitType',
  `LastEdited` datetime DEFAULT NULL,
  `Created` datetime DEFAULT NULL,
  `FriendlyName` mediumtext CHARACTER SET utf8mb3 COLLATE utf8mb3_general_ci,
  `Description` mediumtext CHARACTER SET utf8mb3 COLLATE utf8mb3_general_ci,
  `Audience` mediumtext CHARACTER SET utf8mb3 COLLATE utf8mb3_general_ci,
  `Color` mediumtext CHARACTER SET utf8mb3 COLLATE utf8mb3_general_ci,
  `Type` varchar(100) CHARACTER SET utf8mb3 COLLATE utf8mb3_general_ci DEFAULT NULL,
  PRIMARY KEY (`ID`),
  KEY `ClassName` (`ClassName`)
) ENGINE=InnoDB DEFAULT CHARSET=latin1;
/*!40101 SET character_set_client = @saved_cs_client */;

--
-- Dumping data for table `SummitType`
--

LOCK TABLES `SummitType` WRITE;
/*!40000 ALTER TABLE `SummitType` DISABLE KEYS */;
/*!40000 ALTER TABLE `SummitType` ENABLE KEYS */;
UNLOCK TABLES;

--
-- Table structure for table `SummitUpdate`
--

DROP TABLE IF EXISTS `SummitUpdate`;
/*!40101 SET @saved_cs_client     = @@character_set_client */;
/*!50503 SET character_set_client = utf8mb4 */;
CREATE TABLE `SummitUpdate` (
  `ID` int NOT NULL AUTO_INCREMENT,
  `ClassName` enum('SummitUpdate') CHARACTER SET utf8mb3 COLLATE utf8mb3_general_ci DEFAULT 'SummitUpdate',
  `LastEdited` datetime DEFAULT NULL,
  `Created` datetime DEFAULT NULL,
  `Title` mediumtext CHARACTER SET utf8mb3 COLLATE utf8mb3_general_ci,
  `Category` enum('News','Speakers','Sponsors','Attendees') CHARACTER SET utf8mb3 COLLATE utf8mb3_general_ci DEFAULT 'News',
  `Description` mediumtext CHARACTER SET utf8mb3 COLLATE utf8mb3_general_ci,
  `Order` int NOT NULL DEFAULT '0',
  `SummitUpdatesPageID` int DEFAULT NULL,
  `ImageID` int DEFAULT NULL,
  PRIMARY KEY (`ID`),
  KEY `ClassName` (`ClassName`),
  KEY `ImageID` (`ImageID`),
  KEY `SummitUpdatesPageID` (`SummitUpdatesPageID`)
) ENGINE=InnoDB DEFAULT CHARSET=latin1;
/*!40101 SET character_set_client = @saved_cs_client */;

--
-- Dumping data for table `SummitUpdate`
--

LOCK TABLES `SummitUpdate` WRITE;
/*!40000 ALTER TABLE `SummitUpdate` DISABLE KEYS */;
/*!40000 ALTER TABLE `SummitUpdate` ENABLE KEYS */;
UNLOCK TABLES;

--
-- Table structure for table `SummitVenue`
--

DROP TABLE IF EXISTS `SummitVenue`;
/*!40101 SET @saved_cs_client     = @@character_set_client */;
/*!50503 SET character_set_client = utf8mb4 */;
CREATE TABLE `SummitVenue` (
  `ID` int NOT NULL AUTO_INCREMENT,
  `IsMain` tinyint unsigned NOT NULL DEFAULT '0',
  PRIMARY KEY (`ID`),
  CONSTRAINT `FK_6496127911D3633A` FOREIGN KEY (`ID`) REFERENCES `SummitAbstractLocation` (`ID`) ON DELETE CASCADE
) ENGINE=InnoDB AUTO_INCREMENT=275 DEFAULT CHARSET=latin1;
/*!40101 SET character_set_client = @saved_cs_client */;

--
-- Dumping data for table `SummitVenue`
--

LOCK TABLES `SummitVenue` WRITE;
/*!40000 ALTER TABLE `SummitVenue` DISABLE KEYS */;
INSERT INTO `SummitVenue` VALUES (43,1),(64,1),(85,1),(106,1),(127,1),(148,1),(169,1),(190,1),(211,1),(232,1),(253,1),(274,1);
/*!40000 ALTER TABLE `SummitVenue` ENABLE KEYS */;
UNLOCK TABLES;

--
-- Table structure for table `SummitVenueFloor`
--

DROP TABLE IF EXISTS `SummitVenueFloor`;
/*!40101 SET @saved_cs_client     = @@character_set_client */;
/*!50503 SET character_set_client = utf8mb4 */;
CREATE TABLE `SummitVenueFloor` (
  `ID` int NOT NULL AUTO_INCREMENT,
  `ClassName` enum('SummitVenueFloor') CHARACTER SET utf8mb3 COLLATE utf8mb3_general_ci DEFAULT 'SummitVenueFloor',
  `LastEdited` datetime DEFAULT NULL,
  `Created` datetime DEFAULT NULL,
  `Name` varchar(50) CHARACTER SET utf8mb3 COLLATE utf8mb3_general_ci DEFAULT NULL,
  `Description` mediumtext CHARACTER SET utf8mb3 COLLATE utf8mb3_general_ci,
  `Number` int NOT NULL DEFAULT '0',
  `VenueID` int DEFAULT NULL,
  `ImageID` int DEFAULT NULL,
  PRIMARY KEY (`ID`),
  KEY `ClassName` (`ClassName`),
  KEY `ImageID` (`ImageID`),
  KEY `VenueID` (`VenueID`),
  CONSTRAINT `FK_Floor_Venue` FOREIGN KEY (`VenueID`) REFERENCES `SummitVenue` (`ID`) ON DELETE CASCADE
) ENGINE=InnoDB AUTO_INCREMENT=15 DEFAULT CHARSET=latin1;
/*!40101 SET character_set_client = @saved_cs_client */;

--
-- Dumping data for table `SummitVenueFloor`
--

LOCK TABLES `SummitVenueFloor` WRITE;
/*!40000 ALTER TABLE `SummitVenueFloor` DISABLE KEYS */;
INSERT INTO `SummitVenueFloor` VALUES (3,'SummitVenueFloor','2024-06-21 04:33:45','2024-06-21 04:33:45','F1','Floor number 1',1,43,NULL),(4,'SummitVenueFloor','2024-06-21 04:38:05','2024-06-21 04:38:05','F1','Floor number 1',1,64,NULL),(5,'SummitVenueFloor','2024-06-21 04:38:33','2024-06-21 04:38:33','F1','Floor number 1',1,85,NULL),(6,'SummitVenueFloor','2024-06-21 04:39:40','2024-06-21 04:39:40','F1','Floor number 1',1,106,NULL),(7,'SummitVenueFloor','2024-06-21 04:40:06','2024-06-21 04:40:06','F1','Floor number 1',1,127,NULL),(8,'SummitVenueFloor','2024-06-21 11:13:56','2024-06-21 11:13:56','F1','Floor number 1',1,148,NULL),(9,'SummitVenueFloor','2024-06-21 11:15:03','2024-06-21 11:15:03','F1','Floor number 1',1,169,NULL),(10,'SummitVenueFloor','2024-06-21 11:15:17','2024-06-21 11:15:17','F1','Floor number 1',1,190,NULL),(11,'SummitVenueFloor','2024-06-21 11:17:03','2024-06-21 11:17:03','F1','Floor number 1',1,211,NULL),(12,'SummitVenueFloor','2024-06-21 11:18:32','2024-06-21 11:18:32','F1','Floor number 1',1,232,NULL),(13,'SummitVenueFloor','2024-06-21 11:33:07','2024-06-21 11:33:07','F1','Floor number 1',1,253,NULL),(14,'SummitVenueFloor','2024-06-21 11:34:09','2024-06-21 11:34:09','F1','Floor number 1',1,274,NULL);
/*!40000 ALTER TABLE `SummitVenueFloor` ENABLE KEYS */;
UNLOCK TABLES;

--
-- Table structure for table `SummitVenueRoom`
--

DROP TABLE IF EXISTS `SummitVenueRoom`;
/*!40101 SET @saved_cs_client     = @@character_set_client */;
/*!50503 SET character_set_client = utf8mb4 */;
CREATE TABLE `SummitVenueRoom` (
  `ID` int NOT NULL AUTO_INCREMENT,
  `Capacity` int NOT NULL DEFAULT '0',
  `OverrideBlackouts` tinyint unsigned NOT NULL DEFAULT '0',
  `VenueID` int DEFAULT NULL,
  `FloorID` int DEFAULT NULL,
  `ImageID` int DEFAULT NULL,
  PRIMARY KEY (`ID`),
  KEY `FloorID` (`FloorID`),
  KEY `ImageID` (`ImageID`),
  KEY `VenueID` (`VenueID`),
  CONSTRAINT `FK_SummitVenueRoomSummitAbstractLocation` FOREIGN KEY (`ID`) REFERENCES `SummitAbstractLocation` (`ID`) ON DELETE CASCADE
) ENGINE=InnoDB AUTO_INCREMENT=295 DEFAULT CHARSET=latin1;
/*!40101 SET character_set_client = @saved_cs_client */;

--
-- Dumping data for table `SummitVenueRoom`
--

LOCK TABLES `SummitVenueRoom` WRITE;
/*!40000 ALTER TABLE `SummitVenueRoom` DISABLE KEYS */;
INSERT INTO `SummitVenueRoom` VALUES (44,10,0,43,3,NULL),(45,10,0,43,3,NULL),(46,10,0,43,3,NULL),(47,10,0,43,3,NULL),(48,10,0,43,3,NULL),(49,10,0,43,3,NULL),(50,10,0,43,3,NULL),(51,10,0,43,3,NULL),(52,10,0,43,3,NULL),(53,10,0,43,3,NULL),(54,10,0,43,3,NULL),(55,10,0,43,3,NULL),(56,10,0,43,3,NULL),(57,10,0,43,3,NULL),(58,10,0,43,3,NULL),(59,10,0,43,3,NULL),(60,10,0,43,3,NULL),(61,10,0,43,3,NULL),(62,10,0,43,3,NULL),(63,10,0,43,3,NULL),(65,10,0,64,4,NULL),(66,10,0,64,4,NULL),(67,10,0,64,4,NULL),(68,10,0,64,4,NULL),(69,10,0,64,4,NULL),(70,10,0,64,4,NULL),(71,10,0,64,4,NULL),(72,10,0,64,4,NULL),(73,10,0,64,4,NULL),(74,10,0,64,4,NULL),(75,10,0,64,4,NULL),(76,10,0,64,4,NULL),(77,10,0,64,4,NULL),(78,10,0,64,4,NULL),(79,10,0,64,4,NULL),(80,10,0,64,4,NULL),(81,10,0,64,4,NULL),(82,10,0,64,4,NULL),(83,10,0,64,4,NULL),(84,10,0,64,4,NULL),(86,10,0,85,5,NULL),(87,10,0,85,5,NULL),(88,10,0,85,5,NULL),(89,10,0,85,5,NULL),(90,10,0,85,5,NULL),(91,10,0,85,5,NULL),(92,10,0,85,5,NULL),(93,10,0,85,5,NULL),(94,10,0,85,5,NULL),(95,10,0,85,5,NULL),(96,10,0,85,5,NULL),(97,10,0,85,5,NULL),(98,10,0,85,5,NULL),(99,10,0,85,5,NULL),(100,10,0,85,5,NULL),(101,10,0,85,5,NULL),(102,10,0,85,5,NULL),(103,10,0,85,5,NULL),(104,10,0,85,5,NULL),(105,10,0,85,5,NULL),(107,10,0,106,6,NULL),(108,10,0,106,6,NULL),(109,10,0,106,6,NULL),(110,10,0,106,6,NULL),(111,10,0,106,6,NULL),(112,10,0,106,6,NULL),(113,10,0,106,6,NULL),(114,10,0,106,6,NULL),(115,10,0,106,6,NULL),(116,10,0,106,6,NULL),(117,10,0,106,6,NULL),(118,10,0,106,6,NULL),(119,10,0,106,6,NULL),(120,10,0,106,6,NULL),(121,10,0,106,6,NULL),(122,10,0,106,6,NULL),(123,10,0,106,6,NULL),(124,10,0,106,6,NULL),(125,10,0,106,6,NULL),(126,10,0,106,6,NULL),(128,10,0,127,7,NULL),(129,10,0,127,7,NULL),(130,10,0,127,7,NULL),(131,10,0,127,7,NULL),(132,10,0,127,7,NULL),(133,10,0,127,7,NULL),(134,10,0,127,7,NULL),(135,10,0,127,7,NULL),(136,10,0,127,7,NULL),(137,10,0,127,7,NULL),(138,10,0,127,7,NULL),(139,10,0,127,7,NULL),(140,10,0,127,7,NULL),(141,10,0,127,7,NULL),(142,10,0,127,7,NULL),(143,10,0,127,7,NULL),(144,10,0,127,7,NULL),(145,10,0,127,7,NULL),(146,10,0,127,7,NULL),(147,10,0,127,7,NULL),(149,10,0,148,8,NULL),(150,10,0,148,8,NULL),(151,10,0,148,8,NULL),(152,10,0,148,8,NULL),(153,10,0,148,8,NULL),(154,10,0,148,8,NULL),(155,10,0,148,8,NULL),(156,10,0,148,8,NULL),(157,10,0,148,8,NULL),(158,10,0,148,8,NULL),(159,10,0,148,8,NULL),(160,10,0,148,8,NULL),(161,10,0,148,8,NULL),(162,10,0,148,8,NULL),(163,10,0,148,8,NULL),(164,10,0,148,8,NULL),(165,10,0,148,8,NULL),(166,10,0,148,8,NULL),(167,10,0,148,8,NULL),(168,10,0,148,8,NULL),(170,10,0,169,9,NULL),(171,10,0,169,9,NULL),(172,10,0,169,9,NULL),(173,10,0,169,9,NULL),(174,10,0,169,9,NULL),(175,10,0,169,9,NULL),(176,10,0,169,9,NULL),(177,10,0,169,9,NULL),(178,10,0,169,9,NULL),(179,10,0,169,9,NULL),(180,10,0,169,9,NULL),(181,10,0,169,9,NULL),(182,10,0,169,9,NULL),(183,10,0,169,9,NULL),(184,10,0,169,9,NULL),(185,10,0,169,9,NULL),(186,10,0,169,9,NULL),(187,10,0,169,9,NULL),(188,10,0,169,9,NULL),(189,10,0,169,9,NULL),(191,10,0,190,10,NULL),(192,10,0,190,10,NULL),(193,10,0,190,10,NULL),(194,10,0,190,10,NULL),(195,10,0,190,10,NULL),(196,10,0,190,10,NULL),(197,10,0,190,10,NULL),(198,10,0,190,10,NULL),(199,10,0,190,10,NULL),(200,10,0,190,10,NULL),(201,10,0,190,10,NULL),(202,10,0,190,10,NULL),(203,10,0,190,10,NULL),(204,10,0,190,10,NULL),(205,10,0,190,10,NULL),(206,10,0,190,10,NULL),(207,10,0,190,10,NULL),(208,10,0,190,10,NULL),(209,10,0,190,10,NULL),(210,10,0,190,10,NULL),(212,10,0,211,11,NULL),(213,10,0,211,11,NULL),(214,10,0,211,11,NULL),(215,10,0,211,11,NULL),(216,10,0,211,11,NULL),(217,10,0,211,11,NULL),(218,10,0,211,11,NULL),(219,10,0,211,11,NULL),(220,10,0,211,11,NULL),(221,10,0,211,11,NULL),(222,10,0,211,11,NULL),(223,10,0,211,11,NULL),(224,10,0,211,11,NULL),(225,10,0,211,11,NULL),(226,10,0,211,11,NULL),(227,10,0,211,11,NULL),(228,10,0,211,11,NULL),(229,10,0,211,11,NULL),(230,10,0,211,11,NULL),(231,10,0,211,11,NULL),(233,10,0,232,12,NULL),(234,10,0,232,12,NULL),(235,10,0,232,12,NULL),(236,10,0,232,12,NULL),(237,10,0,232,12,NULL),(238,10,0,232,12,NULL),(239,10,0,232,12,NULL),(240,10,0,232,12,NULL),(241,10,0,232,12,NULL),(242,10,0,232,12,NULL),(243,10,0,232,12,NULL),(244,10,0,232,12,NULL),(245,10,0,232,12,NULL),(246,10,0,232,12,NULL),(247,10,0,232,12,NULL),(248,10,0,232,12,NULL),(249,10,0,232,12,NULL),(250,10,0,232,12,NULL),(251,10,0,232,12,NULL),(252,10,0,232,12,NULL),(254,10,0,253,13,NULL),(255,10,0,253,13,NULL),(256,10,0,253,13,NULL),(257,10,0,253,13,NULL),(258,10,0,253,13,NULL),(259,10,0,253,13,NULL),(260,10,0,253,13,NULL),(261,10,0,253,13,NULL),(262,10,0,253,13,NULL),(263,10,0,253,13,NULL),(264,10,0,253,13,NULL),(265,10,0,253,13,NULL),(266,10,0,253,13,NULL),(267,10,0,253,13,NULL),(268,10,0,253,13,NULL),(269,10,0,253,13,NULL),(270,10,0,253,13,NULL),(271,10,0,253,13,NULL),(272,10,0,253,13,NULL),(273,10,0,253,13,NULL),(275,10,0,274,14,NULL),(276,10,0,274,14,NULL),(277,10,0,274,14,NULL),(278,10,0,274,14,NULL),(279,10,0,274,14,NULL),(280,10,0,274,14,NULL),(281,10,0,274,14,NULL),(282,10,0,274,14,NULL),(283,10,0,274,14,NULL),(284,10,0,274,14,NULL),(285,10,0,274,14,NULL),(286,10,0,274,14,NULL),(287,10,0,274,14,NULL),(288,10,0,274,14,NULL),(289,10,0,274,14,NULL),(290,10,0,274,14,NULL),(291,10,0,274,14,NULL),(292,10,0,274,14,NULL),(293,10,0,274,14,NULL),(294,10,0,274,14,NULL);
/*!40000 ALTER TABLE `SummitVenueRoom` ENABLE KEYS */;
UNLOCK TABLES;

--
-- Table structure for table `SummitWIFIConnection`
--

DROP TABLE IF EXISTS `SummitWIFIConnection`;
/*!40101 SET @saved_cs_client     = @@character_set_client */;
/*!50503 SET character_set_client = utf8mb4 */;
CREATE TABLE `SummitWIFIConnection` (
  `ID` int NOT NULL AUTO_INCREMENT,
  `ClassName` enum('SummitWIFIConnection') CHARACTER SET utf8mb3 COLLATE utf8mb3_general_ci DEFAULT 'SummitWIFIConnection',
  `LastEdited` datetime DEFAULT NULL,
  `Created` datetime DEFAULT NULL,
  `SSID` mediumtext CHARACTER SET utf8mb3 COLLATE utf8mb3_general_ci,
  `Password` mediumtext CHARACTER SET utf8mb3 COLLATE utf8mb3_general_ci,
  `Description` mediumtext CHARACTER SET utf8mb3 COLLATE utf8mb3_general_ci,
  `SummitID` int DEFAULT NULL,
  PRIMARY KEY (`ID`),
  KEY `ClassName` (`ClassName`),
  KEY `SummitID` (`SummitID`)
) ENGINE=InnoDB DEFAULT CHARSET=latin1;
/*!40101 SET character_set_client = @saved_cs_client */;

--
-- Dumping data for table `SummitWIFIConnection`
--

LOCK TABLES `SummitWIFIConnection` WRITE;
/*!40000 ALTER TABLE `SummitWIFIConnection` DISABLE KEYS */;
/*!40000 ALTER TABLE `SummitWIFIConnection` ENABLE KEYS */;
UNLOCK TABLES;

--
-- Table structure for table `Summit_ExcludedCategoriesForAcceptedPresentations`
--

DROP TABLE IF EXISTS `Summit_ExcludedCategoriesForAcceptedPresentations`;
/*!40101 SET @saved_cs_client     = @@character_set_client */;
/*!50503 SET character_set_client = utf8mb4 */;
CREATE TABLE `Summit_ExcludedCategoriesForAcceptedPresentations` (
  `ID` int NOT NULL AUTO_INCREMENT,
  `SummitID` int NOT NULL DEFAULT '0',
  `PresentationCategoryID` int NOT NULL DEFAULT '0',
  PRIMARY KEY (`ID`),
  KEY `PresentationCategoryID` (`PresentationCategoryID`),
  KEY `SummitID` (`SummitID`)
) ENGINE=InnoDB DEFAULT CHARSET=latin1;
/*!40101 SET character_set_client = @saved_cs_client */;

--
-- Dumping data for table `Summit_ExcludedCategoriesForAcceptedPresentations`
--

LOCK TABLES `Summit_ExcludedCategoriesForAcceptedPresentations` WRITE;
/*!40000 ALTER TABLE `Summit_ExcludedCategoriesForAcceptedPresentations` DISABLE KEYS */;
/*!40000 ALTER TABLE `Summit_ExcludedCategoriesForAcceptedPresentations` ENABLE KEYS */;
UNLOCK TABLES;

--
-- Table structure for table `Summit_ExcludedCategoriesForAlternatePresentations`
--

DROP TABLE IF EXISTS `Summit_ExcludedCategoriesForAlternatePresentations`;
/*!40101 SET @saved_cs_client     = @@character_set_client */;
/*!50503 SET character_set_client = utf8mb4 */;
CREATE TABLE `Summit_ExcludedCategoriesForAlternatePresentations` (
  `ID` int NOT NULL AUTO_INCREMENT,
  `SummitID` int NOT NULL DEFAULT '0',
  `PresentationCategoryID` int NOT NULL DEFAULT '0',
  PRIMARY KEY (`ID`),
  KEY `PresentationCategoryID` (`PresentationCategoryID`),
  KEY `SummitID` (`SummitID`)
) ENGINE=InnoDB DEFAULT CHARSET=latin1;
/*!40101 SET character_set_client = @saved_cs_client */;

--
-- Dumping data for table `Summit_ExcludedCategoriesForAlternatePresentations`
--

LOCK TABLES `Summit_ExcludedCategoriesForAlternatePresentations` WRITE;
/*!40000 ALTER TABLE `Summit_ExcludedCategoriesForAlternatePresentations` DISABLE KEYS */;
/*!40000 ALTER TABLE `Summit_ExcludedCategoriesForAlternatePresentations` ENABLE KEYS */;
UNLOCK TABLES;

--
-- Table structure for table `Summit_ExcludedCategoriesForRejectedPresentations`
--

DROP TABLE IF EXISTS `Summit_ExcludedCategoriesForRejectedPresentations`;
/*!40101 SET @saved_cs_client     = @@character_set_client */;
/*!50503 SET character_set_client = utf8mb4 */;
CREATE TABLE `Summit_ExcludedCategoriesForRejectedPresentations` (
  `ID` int NOT NULL AUTO_INCREMENT,
  `SummitID` int NOT NULL DEFAULT '0',
  `PresentationCategoryID` int NOT NULL DEFAULT '0',
  PRIMARY KEY (`ID`),
  KEY `PresentationCategoryID` (`PresentationCategoryID`),
  KEY `SummitID` (`SummitID`)
) ENGINE=InnoDB DEFAULT CHARSET=latin1;
/*!40101 SET character_set_client = @saved_cs_client */;

--
-- Dumping data for table `Summit_ExcludedCategoriesForRejectedPresentations`
--

LOCK TABLES `Summit_ExcludedCategoriesForRejectedPresentations` WRITE;
/*!40000 ALTER TABLE `Summit_ExcludedCategoriesForRejectedPresentations` DISABLE KEYS */;
/*!40000 ALTER TABLE `Summit_ExcludedCategoriesForRejectedPresentations` ENABLE KEYS */;
UNLOCK TABLES;

--
-- Table structure for table `Summit_ExcludedTracksForUploadPresentationSlideDeck`
--

DROP TABLE IF EXISTS `Summit_ExcludedTracksForUploadPresentationSlideDeck`;
/*!40101 SET @saved_cs_client     = @@character_set_client */;
/*!50503 SET character_set_client = utf8mb4 */;
CREATE TABLE `Summit_ExcludedTracksForUploadPresentationSlideDeck` (
  `ID` int NOT NULL AUTO_INCREMENT,
  `SummitID` int NOT NULL DEFAULT '0',
  `PresentationCategoryID` int NOT NULL DEFAULT '0',
  PRIMARY KEY (`ID`),
  KEY `PresentationCategoryID` (`PresentationCategoryID`),
  KEY `SummitID` (`SummitID`)
) ENGINE=InnoDB DEFAULT CHARSET=latin1;
/*!40101 SET character_set_client = @saved_cs_client */;

--
-- Dumping data for table `Summit_ExcludedTracksForUploadPresentationSlideDeck`
--

LOCK TABLES `Summit_ExcludedTracksForUploadPresentationSlideDeck` WRITE;
/*!40000 ALTER TABLE `Summit_ExcludedTracksForUploadPresentationSlideDeck` DISABLE KEYS */;
/*!40000 ALTER TABLE `Summit_ExcludedTracksForUploadPresentationSlideDeck` ENABLE KEYS */;
UNLOCK TABLES;

--
-- Table structure for table `Summit_FeaturedSpeakers`
--

DROP TABLE IF EXISTS `Summit_FeaturedSpeakers`;
/*!40101 SET @saved_cs_client     = @@character_set_client */;
/*!50503 SET character_set_client = utf8mb4 */;
CREATE TABLE `Summit_FeaturedSpeakers` (
  `ID` int NOT NULL AUTO_INCREMENT,
  `SummitID` int DEFAULT NULL,
  `PresentationSpeakerID` int DEFAULT NULL,
  `Order` int NOT NULL DEFAULT '1',
  PRIMARY KEY (`ID`),
  UNIQUE KEY `UNIQ_FFDEADE990CF727855E7310E` (`SummitID`,`PresentationSpeakerID`),
  KEY `PresentationSpeakerID` (`PresentationSpeakerID`),
  KEY `SummitID` (`SummitID`)
) ENGINE=InnoDB DEFAULT CHARSET=utf8mb3 COLLATE=utf8mb3_unicode_ci;
/*!40101 SET character_set_client = @saved_cs_client */;

--
-- Dumping data for table `Summit_FeaturedSpeakers`
--

LOCK TABLES `Summit_FeaturedSpeakers` WRITE;
/*!40000 ALTER TABLE `Summit_FeaturedSpeakers` DISABLE KEYS */;
/*!40000 ALTER TABLE `Summit_FeaturedSpeakers` ENABLE KEYS */;
UNLOCK TABLES;

--
-- Table structure for table `Summit_PublishedPresentationTypes`
--

DROP TABLE IF EXISTS `Summit_PublishedPresentationTypes`;
/*!40101 SET @saved_cs_client     = @@character_set_client */;
/*!50503 SET character_set_client = utf8mb4 */;
CREATE TABLE `Summit_PublishedPresentationTypes` (
  `ID` int NOT NULL AUTO_INCREMENT,
  `SummitID` int NOT NULL DEFAULT '0',
  `PresentationTypeID` int NOT NULL DEFAULT '0',
  PRIMARY KEY (`ID`),
  KEY `PresentationTypeID` (`PresentationTypeID`),
  KEY `SummitID` (`SummitID`)
) ENGINE=InnoDB DEFAULT CHARSET=latin1;
/*!40101 SET character_set_client = @saved_cs_client */;

--
-- Dumping data for table `Summit_PublishedPresentationTypes`
--

LOCK TABLES `Summit_PublishedPresentationTypes` WRITE;
/*!40000 ALTER TABLE `Summit_PublishedPresentationTypes` DISABLE KEYS */;
/*!40000 ALTER TABLE `Summit_PublishedPresentationTypes` ENABLE KEYS */;
UNLOCK TABLES;

--
-- Table structure for table `Summit_RegistrationCompanies`
--

DROP TABLE IF EXISTS `Summit_RegistrationCompanies`;
/*!40101 SET @saved_cs_client     = @@character_set_client */;
/*!50503 SET character_set_client = utf8mb4 */;
CREATE TABLE `Summit_RegistrationCompanies` (
  `ID` int NOT NULL AUTO_INCREMENT,
  `SummitID` int DEFAULT NULL,
  `CompanyID` int DEFAULT NULL,
  PRIMARY KEY (`ID`),
  UNIQUE KEY `SummitID_CompanyID` (`SummitID`,`CompanyID`),
  KEY `CompanyID` (`CompanyID`),
  KEY `SummitID` (`SummitID`),
  CONSTRAINT `FK_RegistrationCompanies_Company` FOREIGN KEY (`CompanyID`) REFERENCES `Company` (`ID`) ON DELETE CASCADE,
  CONSTRAINT `FK_RegistrationCompanies_Summit` FOREIGN KEY (`SummitID`) REFERENCES `Summit` (`ID`) ON DELETE CASCADE
) ENGINE=InnoDB DEFAULT CHARSET=utf8mb3 COLLATE=utf8mb3_unicode_ci;
/*!40101 SET character_set_client = @saved_cs_client */;

--
-- Dumping data for table `Summit_RegistrationCompanies`
--

LOCK TABLES `Summit_RegistrationCompanies` WRITE;
/*!40000 ALTER TABLE `Summit_RegistrationCompanies` DISABLE KEYS */;
/*!40000 ALTER TABLE `Summit_RegistrationCompanies` ENABLE KEYS */;
UNLOCK TABLES;

--
-- Table structure for table `Summit_RegularPresentationTypes`
--

DROP TABLE IF EXISTS `Summit_RegularPresentationTypes`;
/*!40101 SET @saved_cs_client     = @@character_set_client */;
/*!50503 SET character_set_client = utf8mb4 */;
CREATE TABLE `Summit_RegularPresentationTypes` (
  `ID` int NOT NULL AUTO_INCREMENT,
  `SummitID` int NOT NULL DEFAULT '0',
  `PresentationTypeID` int NOT NULL DEFAULT '0',
  PRIMARY KEY (`ID`),
  KEY `PresentationTypeID` (`PresentationTypeID`),
  KEY `SummitID` (`SummitID`)
) ENGINE=InnoDB DEFAULT CHARSET=latin1;
/*!40101 SET character_set_client = @saved_cs_client */;

--
-- Dumping data for table `Summit_RegularPresentationTypes`
--

LOCK TABLES `Summit_RegularPresentationTypes` WRITE;
/*!40000 ALTER TABLE `Summit_RegularPresentationTypes` DISABLE KEYS */;
/*!40000 ALTER TABLE `Summit_RegularPresentationTypes` ENABLE KEYS */;
UNLOCK TABLES;

--
-- Table structure for table `Summit_SponsorshipType`
--

DROP TABLE IF EXISTS `Summit_SponsorshipType`;
/*!40101 SET @saved_cs_client     = @@character_set_client */;
/*!50503 SET character_set_client = utf8mb4 */;
CREATE TABLE `Summit_SponsorshipType` (
  `ID` int NOT NULL AUTO_INCREMENT,
  `WidgetTitle` varchar(255) COLLATE utf8mb3_unicode_ci DEFAULT NULL,
  `LobbyTemplate` enum('big-images','small-images','horizontal-images','carousel') CHARACTER SET utf8mb3 COLLATE utf8mb3_general_ci DEFAULT NULL,
  `ExpoHallTemplate` enum('big-images','medium-images','small-images') CHARACTER SET utf8mb3 COLLATE utf8mb3_general_ci DEFAULT NULL,
  `SponsorPageTemplate` enum('big-header','small-header') CHARACTER SET utf8mb3 COLLATE utf8mb3_general_ci DEFAULT NULL,
  `EventPageTemplate` enum('big-images','horizontal-images','small-images') CHARACTER SET utf8mb3 COLLATE utf8mb3_general_ci DEFAULT NULL,
  `SponsorPageShouldUseDisqusWidget` tinyint(1) NOT NULL DEFAULT '1',
  `SponsorPageShouldUseLiveEventWidget` tinyint(1) NOT NULL DEFAULT '1',
  `SponsorPageShouldUseScheduleWidget` tinyint(1) NOT NULL DEFAULT '1',
  `SponsorPageShouldUseBannerWidget` tinyint(1) NOT NULL DEFAULT '1',
  `BadgeImageAltText` varchar(255) COLLATE utf8mb3_unicode_ci DEFAULT NULL,
  `CustomOrder` smallint unsigned NOT NULL DEFAULT '1',
  `BadgeImageID` int DEFAULT NULL,
  `SponsorshipTypeID` int DEFAULT NULL,
  `SummitID` int DEFAULT NULL,
  `ShouldDisplayOnExpoHallPage` tinyint(1) NOT NULL DEFAULT '1',
  `ShouldDisplayOnLobbyPage` tinyint(1) NOT NULL DEFAULT '1',
  PRIMARY KEY (`ID`),
  UNIQUE KEY `UNIQ_9926E2A26ABFD72E90CF7278` (`SponsorshipTypeID`,`SummitID`),
  KEY `BadgeImageID` (`BadgeImageID`),
  KEY `SponsorshipTypeID` (`SponsorshipTypeID`),
  KEY `SummitID` (`SummitID`),
  CONSTRAINT `FK_SponsorshipType_Badge_Image` FOREIGN KEY (`BadgeImageID`) REFERENCES `File` (`ID`) ON DELETE CASCADE,
  CONSTRAINT `FK_SponsorshipType_Sponsorship` FOREIGN KEY (`SponsorshipTypeID`) REFERENCES `SponsorshipType` (`ID`) ON DELETE CASCADE,
  CONSTRAINT `FK_SponsorshipType_Summit` FOREIGN KEY (`SummitID`) REFERENCES `Summit` (`ID`) ON DELETE CASCADE
) ENGINE=InnoDB AUTO_INCREMENT=15 DEFAULT CHARSET=utf8mb3 COLLATE=utf8mb3_unicode_ci;
/*!40101 SET character_set_client = @saved_cs_client */;

--
-- Dumping data for table `Summit_SponsorshipType`
--

LOCK TABLES `Summit_SponsorshipType` WRITE;
/*!40000 ALTER TABLE `Summit_SponsorshipType` DISABLE KEYS */;
INSERT INTO `Summit_SponsorshipType` VALUES (14,NULL,NULL,NULL,NULL,NULL,1,1,1,1,NULL,1,NULL,27,27,1,1);
/*!40000 ALTER TABLE `Summit_SponsorshipType` ENABLE KEYS */;
UNLOCK TABLES;

--
-- Table structure for table `SupportChannelType`
--

DROP TABLE IF EXISTS `SupportChannelType`;
/*!40101 SET @saved_cs_client     = @@character_set_client */;
/*!50503 SET character_set_client = utf8mb4 */;
CREATE TABLE `SupportChannelType` (
  `ID` int NOT NULL AUTO_INCREMENT,
  `ClassName` enum('SupportChannelType') CHARACTER SET utf8mb3 COLLATE utf8mb3_general_ci DEFAULT 'SupportChannelType',
  `LastEdited` datetime DEFAULT NULL,
  `Created` datetime DEFAULT NULL,
  `Type` varchar(50) CHARACTER SET utf8mb3 COLLATE utf8mb3_general_ci DEFAULT NULL,
  `IconID` int DEFAULT NULL,
  PRIMARY KEY (`ID`),
  UNIQUE KEY `Type` (`Type`),
  KEY `ClassName` (`ClassName`),
  KEY `IconID` (`IconID`)
) ENGINE=InnoDB DEFAULT CHARSET=latin1;
/*!40101 SET character_set_client = @saved_cs_client */;

--
-- Dumping data for table `SupportChannelType`
--

LOCK TABLES `SupportChannelType` WRITE;
/*!40000 ALTER TABLE `SupportChannelType` DISABLE KEYS */;
/*!40000 ALTER TABLE `SupportChannelType` ENABLE KEYS */;
UNLOCK TABLES;

--
-- Table structure for table `SupportingCompany`
--

DROP TABLE IF EXISTS `SupportingCompany`;
/*!40101 SET @saved_cs_client     = @@character_set_client */;
/*!50503 SET character_set_client = utf8mb4 */;
CREATE TABLE `SupportingCompany` (
  `ID` int NOT NULL AUTO_INCREMENT,
  `CustomOrder` int NOT NULL DEFAULT '1',
  `CompanyID` int DEFAULT NULL,
  `ProjectSponsorshipTypeID` int DEFAULT NULL,
  PRIMARY KEY (`ID`),
  KEY `CompanyID` (`CompanyID`),
  KEY `ProjectSponsorshipTypeID` (`ProjectSponsorshipTypeID`),
  CONSTRAINT `FK_487453A4802D9F89` FOREIGN KEY (`ProjectSponsorshipTypeID`) REFERENCES `ProjectSponsorshipType` (`ID`) ON DELETE CASCADE,
  CONSTRAINT `FK_487453A49D1F4548` FOREIGN KEY (`CompanyID`) REFERENCES `Company` (`ID`) ON DELETE CASCADE
) ENGINE=InnoDB DEFAULT CHARSET=utf8mb3 COLLATE=utf8mb3_unicode_ci;
/*!40101 SET character_set_client = @saved_cs_client */;

--
-- Dumping data for table `SupportingCompany`
--

LOCK TABLES `SupportingCompany` WRITE;
/*!40000 ALTER TABLE `SupportingCompany` DISABLE KEYS */;
/*!40000 ALTER TABLE `SupportingCompany` ENABLE KEYS */;
UNLOCK TABLES;

--
-- Table structure for table `Survey`
--

DROP TABLE IF EXISTS `Survey`;
/*!40101 SET @saved_cs_client     = @@character_set_client */;
/*!50503 SET character_set_client = utf8mb4 */;
CREATE TABLE `Survey` (
  `ID` int NOT NULL AUTO_INCREMENT,
  `ClassName` enum('Survey','EntitySurvey') CHARACTER SET utf8mb3 COLLATE utf8mb3_general_ci DEFAULT 'Survey',
  `LastEdited` datetime DEFAULT NULL,
  `Created` datetime DEFAULT NULL,
  `BeenEmailed` tinyint unsigned NOT NULL DEFAULT '0',
  `IsTest` tinyint unsigned NOT NULL DEFAULT '0',
  `State` enum('INCOMPLETE','SAVED','COMPLETE') CHARACTER SET utf8mb3 COLLATE utf8mb3_general_ci DEFAULT 'INCOMPLETE',
  `Lang` varchar(10) CHARACTER SET utf8mb3 COLLATE utf8mb3_general_ci DEFAULT NULL,
  `IsMigrated` tinyint unsigned NOT NULL DEFAULT '0',
  `TemplateID` int DEFAULT NULL,
  `CreatedByID` int DEFAULT NULL,
  `CurrentStepID` int DEFAULT NULL,
  `MaxAllowedStepID` int DEFAULT NULL,
  PRIMARY KEY (`ID`),
  KEY `ClassName` (`ClassName`),
  KEY `CreatedByID` (`CreatedByID`),
  KEY `CurrentStepID` (`CurrentStepID`),
  KEY `MaxAllowedStepID` (`MaxAllowedStepID`),
  KEY `TemplateID` (`TemplateID`)
) ENGINE=InnoDB DEFAULT CHARSET=latin1;
/*!40101 SET character_set_client = @saved_cs_client */;

--
-- Dumping data for table `Survey`
--

LOCK TABLES `Survey` WRITE;
/*!40000 ALTER TABLE `Survey` DISABLE KEYS */;
/*!40000 ALTER TABLE `Survey` ENABLE KEYS */;
UNLOCK TABLES;

--
-- Table structure for table `SurveyAnswer`
--

DROP TABLE IF EXISTS `SurveyAnswer`;
/*!40101 SET @saved_cs_client     = @@character_set_client */;
/*!50503 SET character_set_client = utf8mb4 */;
CREATE TABLE `SurveyAnswer` (
  `ID` int NOT NULL AUTO_INCREMENT,
  `ClassName` enum('SurveyAnswer') CHARACTER SET utf8mb3 COLLATE utf8mb3_general_ci DEFAULT 'SurveyAnswer',
  `LastEdited` datetime DEFAULT NULL,
  `Created` datetime DEFAULT NULL,
  `Value` mediumtext CHARACTER SET utf8mb3 COLLATE utf8mb3_general_ci,
  `QuestionID` int DEFAULT NULL,
  `StepID` int DEFAULT NULL,
  `UpdatedByID` int DEFAULT NULL,
  PRIMARY KEY (`ID`),
  KEY `ClassName` (`ClassName`),
  KEY `QuestionID` (`QuestionID`),
  KEY `StepID` (`StepID`),
  KEY `UpdatedByID` (`UpdatedByID`)
) ENGINE=InnoDB DEFAULT CHARSET=latin1;
/*!40101 SET character_set_client = @saved_cs_client */;

--
-- Dumping data for table `SurveyAnswer`
--

LOCK TABLES `SurveyAnswer` WRITE;
/*!40000 ALTER TABLE `SurveyAnswer` DISABLE KEYS */;
/*!40000 ALTER TABLE `SurveyAnswer` ENABLE KEYS */;
UNLOCK TABLES;

--
-- Table structure for table `SurveyAnswerLog`
--

DROP TABLE IF EXISTS `SurveyAnswerLog`;
/*!40101 SET @saved_cs_client     = @@character_set_client */;
/*!50503 SET character_set_client = utf8mb4 */;
CREATE TABLE `SurveyAnswerLog` (
  `ID` int NOT NULL AUTO_INCREMENT,
  `ClassName` enum('SurveyAnswerLog') CHARACTER SET utf8mb3 COLLATE utf8mb3_general_ci DEFAULT 'SurveyAnswerLog',
  `LastEdited` datetime DEFAULT NULL,
  `Created` datetime DEFAULT NULL,
  `FormerValue` mediumtext CHARACTER SET utf8mb3 COLLATE utf8mb3_general_ci,
  `NewValue` mediumtext CHARACTER SET utf8mb3 COLLATE utf8mb3_general_ci,
  `Operation` enum('INSERT','UPDATE','DELETE') CHARACTER SET utf8mb3 COLLATE utf8mb3_general_ci DEFAULT 'INSERT',
  `QuestionID` int DEFAULT NULL,
  `StepID` int DEFAULT NULL,
  `SurveyID` int DEFAULT NULL,
  `MemberID` int DEFAULT NULL,
  PRIMARY KEY (`ID`),
  KEY `ClassName` (`ClassName`),
  KEY `MemberID` (`MemberID`),
  KEY `QuestionID` (`QuestionID`),
  KEY `StepID` (`StepID`),
  KEY `SurveyID` (`SurveyID`)
) ENGINE=InnoDB DEFAULT CHARSET=latin1;
/*!40101 SET character_set_client = @saved_cs_client */;

--
-- Dumping data for table `SurveyAnswerLog`
--

LOCK TABLES `SurveyAnswerLog` WRITE;
/*!40000 ALTER TABLE `SurveyAnswerLog` DISABLE KEYS */;
/*!40000 ALTER TABLE `SurveyAnswerLog` ENABLE KEYS */;
UNLOCK TABLES;

--
-- Table structure for table `SurveyAnswerTag`
--

DROP TABLE IF EXISTS `SurveyAnswerTag`;
/*!40101 SET @saved_cs_client     = @@character_set_client */;
/*!50503 SET character_set_client = utf8mb4 */;
CREATE TABLE `SurveyAnswerTag` (
  `ID` int NOT NULL AUTO_INCREMENT,
  `ClassName` enum('SurveyAnswerTag') CHARACTER SET utf8mb3 COLLATE utf8mb3_general_ci DEFAULT 'SurveyAnswerTag',
  `LastEdited` datetime DEFAULT NULL,
  `Created` datetime DEFAULT NULL,
  `Value` mediumtext CHARACTER SET utf8mb3 COLLATE utf8mb3_general_ci,
  `Type` enum('AUTOMATIC','CUSTOM','REGEX') CHARACTER SET utf8mb3 COLLATE utf8mb3_general_ci DEFAULT 'AUTOMATIC',
  `CreatedByID` int DEFAULT NULL,
  PRIMARY KEY (`ID`),
  KEY `ClassName` (`ClassName`),
  KEY `CreatedByID` (`CreatedByID`)
) ENGINE=InnoDB DEFAULT CHARSET=latin1;
/*!40101 SET character_set_client = @saved_cs_client */;

--
-- Dumping data for table `SurveyAnswerTag`
--

LOCK TABLES `SurveyAnswerTag` WRITE;
/*!40000 ALTER TABLE `SurveyAnswerTag` DISABLE KEYS */;
/*!40000 ALTER TABLE `SurveyAnswerTag` ENABLE KEYS */;
UNLOCK TABLES;

--
-- Table structure for table `SurveyAnswer_Tags`
--

DROP TABLE IF EXISTS `SurveyAnswer_Tags`;
/*!40101 SET @saved_cs_client     = @@character_set_client */;
/*!50503 SET character_set_client = utf8mb4 */;
CREATE TABLE `SurveyAnswer_Tags` (
  `ID` int NOT NULL AUTO_INCREMENT,
  `SurveyAnswerID` int NOT NULL DEFAULT '0',
  `SurveyAnswerTagID` int NOT NULL DEFAULT '0',
  PRIMARY KEY (`ID`),
  KEY `SurveyAnswerID` (`SurveyAnswerID`),
  KEY `SurveyAnswerTagID` (`SurveyAnswerTagID`)
) ENGINE=InnoDB DEFAULT CHARSET=latin1;
/*!40101 SET character_set_client = @saved_cs_client */;

--
-- Dumping data for table `SurveyAnswer_Tags`
--

LOCK TABLES `SurveyAnswer_Tags` WRITE;
/*!40000 ALTER TABLE `SurveyAnswer_Tags` DISABLE KEYS */;
/*!40000 ALTER TABLE `SurveyAnswer_Tags` ENABLE KEYS */;
UNLOCK TABLES;

--
-- Table structure for table `SurveyCustomValidationRule`
--

DROP TABLE IF EXISTS `SurveyCustomValidationRule`;
/*!40101 SET @saved_cs_client     = @@character_set_client */;
/*!50503 SET character_set_client = utf8mb4 */;
CREATE TABLE `SurveyCustomValidationRule` (
  `ID` int NOT NULL AUTO_INCREMENT,
  `CustomJSMethod` mediumtext CHARACTER SET utf8mb3 COLLATE utf8mb3_general_ci,
  PRIMARY KEY (`ID`)
) ENGINE=InnoDB DEFAULT CHARSET=latin1;
/*!40101 SET character_set_client = @saved_cs_client */;

--
-- Dumping data for table `SurveyCustomValidationRule`
--

LOCK TABLES `SurveyCustomValidationRule` WRITE;
/*!40000 ALTER TABLE `SurveyCustomValidationRule` DISABLE KEYS */;
/*!40000 ALTER TABLE `SurveyCustomValidationRule` ENABLE KEYS */;
UNLOCK TABLES;

--
-- Table structure for table `SurveyDoubleEntryTableQuestionTemplate`
--

DROP TABLE IF EXISTS `SurveyDoubleEntryTableQuestionTemplate`;
/*!40101 SET @saved_cs_client     = @@character_set_client */;
/*!50503 SET character_set_client = utf8mb4 */;
CREATE TABLE `SurveyDoubleEntryTableQuestionTemplate` (
  `ID` int NOT NULL AUTO_INCREMENT,
  `RowsLabel` mediumtext CHARACTER SET utf8mb3 COLLATE utf8mb3_general_ci,
  `AdditionalRowsLabel` mediumtext CHARACTER SET utf8mb3 COLLATE utf8mb3_general_ci,
  `AdditionalRowsDescription` mediumtext CHARACTER SET utf8mb3 COLLATE utf8mb3_general_ci,
  PRIMARY KEY (`ID`)
) ENGINE=InnoDB DEFAULT CHARSET=latin1;
/*!40101 SET character_set_client = @saved_cs_client */;

--
-- Dumping data for table `SurveyDoubleEntryTableQuestionTemplate`
--

LOCK TABLES `SurveyDoubleEntryTableQuestionTemplate` WRITE;
/*!40000 ALTER TABLE `SurveyDoubleEntryTableQuestionTemplate` DISABLE KEYS */;
/*!40000 ALTER TABLE `SurveyDoubleEntryTableQuestionTemplate` ENABLE KEYS */;
UNLOCK TABLES;

--
-- Table structure for table `SurveyDropDownQuestionTemplate`
--

DROP TABLE IF EXISTS `SurveyDropDownQuestionTemplate`;
/*!40101 SET @saved_cs_client     = @@character_set_client */;
/*!50503 SET character_set_client = utf8mb4 */;
CREATE TABLE `SurveyDropDownQuestionTemplate` (
  `ID` int NOT NULL AUTO_INCREMENT,
  `IsMultiSelect` tinyint unsigned NOT NULL DEFAULT '0',
  `IsCountrySelector` tinyint unsigned NOT NULL DEFAULT '0',
  `UseCountrySelectorExtraOption` tinyint unsigned NOT NULL DEFAULT '0',
  `UseChosenPlugin` tinyint unsigned NOT NULL DEFAULT '0',
  PRIMARY KEY (`ID`)
) ENGINE=InnoDB DEFAULT CHARSET=latin1;
/*!40101 SET character_set_client = @saved_cs_client */;

--
-- Dumping data for table `SurveyDropDownQuestionTemplate`
--

LOCK TABLES `SurveyDropDownQuestionTemplate` WRITE;
/*!40000 ALTER TABLE `SurveyDropDownQuestionTemplate` DISABLE KEYS */;
/*!40000 ALTER TABLE `SurveyDropDownQuestionTemplate` ENABLE KEYS */;
UNLOCK TABLES;

--
-- Table structure for table `SurveyDynamicEntityStep`
--

DROP TABLE IF EXISTS `SurveyDynamicEntityStep`;
/*!40101 SET @saved_cs_client     = @@character_set_client */;
/*!50503 SET character_set_client = utf8mb4 */;
CREATE TABLE `SurveyDynamicEntityStep` (
  `ID` int NOT NULL AUTO_INCREMENT,
  `TemplateID` int DEFAULT NULL,
  PRIMARY KEY (`ID`),
  KEY `TemplateID` (`TemplateID`)
) ENGINE=InnoDB DEFAULT CHARSET=latin1;
/*!40101 SET character_set_client = @saved_cs_client */;

--
-- Dumping data for table `SurveyDynamicEntityStep`
--

LOCK TABLES `SurveyDynamicEntityStep` WRITE;
/*!40000 ALTER TABLE `SurveyDynamicEntityStep` DISABLE KEYS */;
/*!40000 ALTER TABLE `SurveyDynamicEntityStep` ENABLE KEYS */;
UNLOCK TABLES;

--
-- Table structure for table `SurveyDynamicEntityStepTemplate`
--

DROP TABLE IF EXISTS `SurveyDynamicEntityStepTemplate`;
/*!40101 SET @saved_cs_client     = @@character_set_client */;
/*!50503 SET character_set_client = utf8mb4 */;
CREATE TABLE `SurveyDynamicEntityStepTemplate` (
  `ID` int NOT NULL AUTO_INCREMENT,
  `AddEntityText` varchar(255) CHARACTER SET utf8mb3 COLLATE utf8mb3_general_ci DEFAULT NULL,
  `DeleteEntityText` varchar(255) CHARACTER SET utf8mb3 COLLATE utf8mb3_general_ci DEFAULT NULL,
  `EditEntityText` varchar(255) CHARACTER SET utf8mb3 COLLATE utf8mb3_general_ci DEFAULT NULL,
  `EntityIconID` int DEFAULT NULL,
  `EntityID` int DEFAULT NULL,
  PRIMARY KEY (`ID`),
  KEY `EntityID` (`EntityID`),
  KEY `EntityIconID` (`EntityIconID`)
) ENGINE=InnoDB DEFAULT CHARSET=latin1;
/*!40101 SET character_set_client = @saved_cs_client */;

--
-- Dumping data for table `SurveyDynamicEntityStepTemplate`
--

LOCK TABLES `SurveyDynamicEntityStepTemplate` WRITE;
/*!40000 ALTER TABLE `SurveyDynamicEntityStepTemplate` DISABLE KEYS */;
/*!40000 ALTER TABLE `SurveyDynamicEntityStepTemplate` ENABLE KEYS */;
UNLOCK TABLES;

--
-- Table structure for table `SurveyLiteralContentQuestionTemplate`
--

DROP TABLE IF EXISTS `SurveyLiteralContentQuestionTemplate`;
/*!40101 SET @saved_cs_client     = @@character_set_client */;
/*!50503 SET character_set_client = utf8mb4 */;
CREATE TABLE `SurveyLiteralContentQuestionTemplate` (
  `ID` int NOT NULL AUTO_INCREMENT,
  `Content` mediumtext CHARACTER SET utf8mb3 COLLATE utf8mb3_general_ci,
  PRIMARY KEY (`ID`)
) ENGINE=InnoDB DEFAULT CHARSET=latin1;
/*!40101 SET character_set_client = @saved_cs_client */;

--
-- Dumping data for table `SurveyLiteralContentQuestionTemplate`
--

LOCK TABLES `SurveyLiteralContentQuestionTemplate` WRITE;
/*!40000 ALTER TABLE `SurveyLiteralContentQuestionTemplate` DISABLE KEYS */;
/*!40000 ALTER TABLE `SurveyLiteralContentQuestionTemplate` ENABLE KEYS */;
UNLOCK TABLES;

--
-- Table structure for table `SurveyMaxLengthValidationRule`
--

DROP TABLE IF EXISTS `SurveyMaxLengthValidationRule`;
/*!40101 SET @saved_cs_client     = @@character_set_client */;
/*!50503 SET character_set_client = utf8mb4 */;
CREATE TABLE `SurveyMaxLengthValidationRule` (
  `ID` int NOT NULL AUTO_INCREMENT,
  `MaxLength` int NOT NULL DEFAULT '0',
  PRIMARY KEY (`ID`)
) ENGINE=InnoDB DEFAULT CHARSET=latin1;
/*!40101 SET character_set_client = @saved_cs_client */;

--
-- Dumping data for table `SurveyMaxLengthValidationRule`
--

LOCK TABLES `SurveyMaxLengthValidationRule` WRITE;
/*!40000 ALTER TABLE `SurveyMaxLengthValidationRule` DISABLE KEYS */;
/*!40000 ALTER TABLE `SurveyMaxLengthValidationRule` ENABLE KEYS */;
UNLOCK TABLES;

--
-- Table structure for table `SurveyMinLengthValidationRule`
--

DROP TABLE IF EXISTS `SurveyMinLengthValidationRule`;
/*!40101 SET @saved_cs_client     = @@character_set_client */;
/*!50503 SET character_set_client = utf8mb4 */;
CREATE TABLE `SurveyMinLengthValidationRule` (
  `ID` int NOT NULL AUTO_INCREMENT,
  `MinLength` int NOT NULL DEFAULT '0',
  PRIMARY KEY (`ID`)
) ENGINE=InnoDB DEFAULT CHARSET=latin1;
/*!40101 SET character_set_client = @saved_cs_client */;

--
-- Dumping data for table `SurveyMinLengthValidationRule`
--

LOCK TABLES `SurveyMinLengthValidationRule` WRITE;
/*!40000 ALTER TABLE `SurveyMinLengthValidationRule` DISABLE KEYS */;
/*!40000 ALTER TABLE `SurveyMinLengthValidationRule` ENABLE KEYS */;
UNLOCK TABLES;

--
-- Table structure for table `SurveyMultiValueQuestionTemplate`
--

DROP TABLE IF EXISTS `SurveyMultiValueQuestionTemplate`;
/*!40101 SET @saved_cs_client     = @@character_set_client */;
/*!50503 SET character_set_client = utf8mb4 */;
CREATE TABLE `SurveyMultiValueQuestionTemplate` (
  `ID` int NOT NULL AUTO_INCREMENT,
  `EmptyString` varchar(255) CHARACTER SET utf8mb3 COLLATE utf8mb3_general_ci DEFAULT NULL,
  `DefaultGroupLabel` mediumtext CHARACTER SET utf8mb3 COLLATE utf8mb3_general_ci,
  `DefaultValueID` int DEFAULT NULL,
  PRIMARY KEY (`ID`),
  KEY `DefaultValueID` (`DefaultValueID`)
) ENGINE=InnoDB DEFAULT CHARSET=latin1;
/*!40101 SET character_set_client = @saved_cs_client */;

--
-- Dumping data for table `SurveyMultiValueQuestionTemplate`
--

LOCK TABLES `SurveyMultiValueQuestionTemplate` WRITE;
/*!40000 ALTER TABLE `SurveyMultiValueQuestionTemplate` DISABLE KEYS */;
/*!40000 ALTER TABLE `SurveyMultiValueQuestionTemplate` ENABLE KEYS */;
UNLOCK TABLES;

--
-- Table structure for table `SurveyPage`
--

DROP TABLE IF EXISTS `SurveyPage`;
/*!40101 SET @saved_cs_client     = @@character_set_client */;
/*!50503 SET character_set_client = utf8mb4 */;
CREATE TABLE `SurveyPage` (
  `ID` int NOT NULL AUTO_INCREMENT,
  `ThankYouText` mediumtext CHARACTER SET utf8mb3 COLLATE utf8mb3_general_ci,
  `SurveyTemplateID` int DEFAULT NULL,
  PRIMARY KEY (`ID`),
  KEY `SurveyTemplateID` (`SurveyTemplateID`)
) ENGINE=InnoDB DEFAULT CHARSET=latin1;
/*!40101 SET character_set_client = @saved_cs_client */;

--
-- Dumping data for table `SurveyPage`
--

LOCK TABLES `SurveyPage` WRITE;
/*!40000 ALTER TABLE `SurveyPage` DISABLE KEYS */;
/*!40000 ALTER TABLE `SurveyPage` ENABLE KEYS */;
UNLOCK TABLES;

--
-- Table structure for table `SurveyPage_Live`
--

DROP TABLE IF EXISTS `SurveyPage_Live`;
/*!40101 SET @saved_cs_client     = @@character_set_client */;
/*!50503 SET character_set_client = utf8mb4 */;
CREATE TABLE `SurveyPage_Live` (
  `ID` int NOT NULL AUTO_INCREMENT,
  `ThankYouText` mediumtext CHARACTER SET utf8mb3 COLLATE utf8mb3_general_ci,
  `SurveyTemplateID` int DEFAULT NULL,
  PRIMARY KEY (`ID`),
  KEY `SurveyTemplateID` (`SurveyTemplateID`)
) ENGINE=InnoDB DEFAULT CHARSET=latin1;
/*!40101 SET character_set_client = @saved_cs_client */;

--
-- Dumping data for table `SurveyPage_Live`
--

LOCK TABLES `SurveyPage_Live` WRITE;
/*!40000 ALTER TABLE `SurveyPage_Live` DISABLE KEYS */;
/*!40000 ALTER TABLE `SurveyPage_Live` ENABLE KEYS */;
UNLOCK TABLES;

--
-- Table structure for table `SurveyPage_versions`
--

DROP TABLE IF EXISTS `SurveyPage_versions`;
/*!40101 SET @saved_cs_client     = @@character_set_client */;
/*!50503 SET character_set_client = utf8mb4 */;
CREATE TABLE `SurveyPage_versions` (
  `ID` int NOT NULL AUTO_INCREMENT,
  `RecordID` int NOT NULL DEFAULT '0',
  `Version` int NOT NULL DEFAULT '0',
  `ThankYouText` mediumtext CHARACTER SET utf8mb3 COLLATE utf8mb3_general_ci,
  `SurveyTemplateID` int DEFAULT NULL,
  PRIMARY KEY (`ID`),
  UNIQUE KEY `RecordID_Version` (`RecordID`,`Version`),
  KEY `RecordID` (`RecordID`),
  KEY `SurveyTemplateID` (`SurveyTemplateID`),
  KEY `Version` (`Version`)
) ENGINE=InnoDB DEFAULT CHARSET=latin1;
/*!40101 SET character_set_client = @saved_cs_client */;

--
-- Dumping data for table `SurveyPage_versions`
--

LOCK TABLES `SurveyPage_versions` WRITE;
/*!40000 ALTER TABLE `SurveyPage_versions` DISABLE KEYS */;
/*!40000 ALTER TABLE `SurveyPage_versions` ENABLE KEYS */;
UNLOCK TABLES;

--
-- Table structure for table `SurveyQuestionRowValueTemplate`
--

DROP TABLE IF EXISTS `SurveyQuestionRowValueTemplate`;
/*!40101 SET @saved_cs_client     = @@character_set_client */;
/*!50503 SET character_set_client = utf8mb4 */;
CREATE TABLE `SurveyQuestionRowValueTemplate` (
  `ID` int NOT NULL AUTO_INCREMENT,
  `IsAdditional` tinyint unsigned NOT NULL DEFAULT '0',
  PRIMARY KEY (`ID`)
) ENGINE=InnoDB DEFAULT CHARSET=latin1;
/*!40101 SET character_set_client = @saved_cs_client */;

--
-- Dumping data for table `SurveyQuestionRowValueTemplate`
--

LOCK TABLES `SurveyQuestionRowValueTemplate` WRITE;
/*!40000 ALTER TABLE `SurveyQuestionRowValueTemplate` DISABLE KEYS */;
/*!40000 ALTER TABLE `SurveyQuestionRowValueTemplate` ENABLE KEYS */;
UNLOCK TABLES;

--
-- Table structure for table `SurveyQuestionTemplate`
--

DROP TABLE IF EXISTS `SurveyQuestionTemplate`;
/*!40101 SET @saved_cs_client     = @@character_set_client */;
/*!50503 SET character_set_client = utf8mb4 */;
CREATE TABLE `SurveyQuestionTemplate` (
  `ID` int NOT NULL AUTO_INCREMENT,
  `ClassName` enum('SurveyQuestionTemplate','SurveyLiteralContentQuestionTemplate','SurveyMultiValueQuestionTemplate','SurveyCheckBoxListQuestionTemplate','SurveyDoubleEntryTableQuestionTemplate','SurveyRadioButtonMatrixTemplateQuestion','SurveyDropDownQuestionTemplate','SurveyRadioButtonListQuestionTemplate','SurveyRankingQuestionTemplate','SurveySingleValueTemplateQuestion','SurveyCheckBoxQuestionTemplate','SurveyOrganizationQuestionTemplate','SurveyTextAreaQuestionTemplate','SurveyTextBoxQuestionTemplate','SurveyEmailQuestionTemplate','SurveyMemberCountryQuestionTemplate','SurveyMemberEmailQuestionTemplate','SurveyMemberFirstNameQuestionTemplate','SurveyMemberLastNameQuestionTemplate','SurveyNumericQuestionTemplate','SurveyPercentageQuestionTemplate') CHARACTER SET utf8mb3 COLLATE utf8mb3_general_ci DEFAULT 'SurveyQuestionTemplate',
  `LastEdited` datetime DEFAULT NULL,
  `Created` datetime DEFAULT NULL,
  `Name` varchar(255) CHARACTER SET utf8mb3 COLLATE utf8mb3_general_ci DEFAULT NULL,
  `Label` mediumtext CHARACTER SET utf8mb3 COLLATE utf8mb3_general_ci,
  `Order` int NOT NULL DEFAULT '0',
  `Mandatory` tinyint unsigned NOT NULL DEFAULT '0',
  `ReadOnly` tinyint unsigned NOT NULL DEFAULT '0',
  `ShowOnSangriaStatistics` tinyint unsigned NOT NULL DEFAULT '0',
  `ShowOnPublicStatistics` tinyint unsigned NOT NULL DEFAULT '0',
  `Hidden` tinyint unsigned NOT NULL DEFAULT '0',
  `StepID` int DEFAULT NULL,
  PRIMARY KEY (`ID`),
  UNIQUE KEY `StepID_Name` (`StepID`,`Name`),
  KEY `ClassName` (`ClassName`),
  KEY `StepID` (`StepID`)
) ENGINE=InnoDB DEFAULT CHARSET=latin1;
/*!40101 SET character_set_client = @saved_cs_client */;

--
-- Dumping data for table `SurveyQuestionTemplate`
--

LOCK TABLES `SurveyQuestionTemplate` WRITE;
/*!40000 ALTER TABLE `SurveyQuestionTemplate` DISABLE KEYS */;
/*!40000 ALTER TABLE `SurveyQuestionTemplate` ENABLE KEYS */;
UNLOCK TABLES;

--
-- Table structure for table `SurveyQuestionTemplate_DependsOn`
--

DROP TABLE IF EXISTS `SurveyQuestionTemplate_DependsOn`;
/*!40101 SET @saved_cs_client     = @@character_set_client */;
/*!50503 SET character_set_client = utf8mb4 */;
CREATE TABLE `SurveyQuestionTemplate_DependsOn` (
  `ID` int NOT NULL AUTO_INCREMENT,
  `SurveyQuestionTemplateID` int NOT NULL DEFAULT '0',
  `ChildID` int NOT NULL DEFAULT '0',
  `ValueID` int NOT NULL DEFAULT '0',
  `Operator` enum('Equal','Not-Equal') CHARACTER SET utf8mb3 COLLATE utf8mb3_general_ci DEFAULT 'Equal',
  `Visibility` enum('Visible','Not-Visible') CHARACTER SET utf8mb3 COLLATE utf8mb3_general_ci DEFAULT 'Visible',
  `BooleanOperatorOnValues` enum('And','Or') CHARACTER SET utf8mb3 COLLATE utf8mb3_general_ci DEFAULT 'And',
  `DefaultValue` varchar(254) CHARACTER SET utf8mb3 COLLATE utf8mb3_general_ci DEFAULT NULL,
  PRIMARY KEY (`ID`),
  KEY `ChildID` (`ChildID`),
  KEY `SurveyQuestionTemplateID` (`SurveyQuestionTemplateID`)
) ENGINE=InnoDB DEFAULT CHARSET=latin1;
/*!40101 SET character_set_client = @saved_cs_client */;

--
-- Dumping data for table `SurveyQuestionTemplate_DependsOn`
--

LOCK TABLES `SurveyQuestionTemplate_DependsOn` WRITE;
/*!40000 ALTER TABLE `SurveyQuestionTemplate_DependsOn` DISABLE KEYS */;
/*!40000 ALTER TABLE `SurveyQuestionTemplate_DependsOn` ENABLE KEYS */;
UNLOCK TABLES;

--
-- Table structure for table `SurveyQuestionValueTemplate`
--

DROP TABLE IF EXISTS `SurveyQuestionValueTemplate`;
/*!40101 SET @saved_cs_client     = @@character_set_client */;
/*!50503 SET character_set_client = utf8mb4 */;
CREATE TABLE `SurveyQuestionValueTemplate` (
  `ID` int NOT NULL AUTO_INCREMENT,
  `ClassName` enum('SurveyQuestionValueTemplate','SurveyQuestionColumnValueTemplate','SurveyQuestionRowValueTemplate') CHARACTER SET utf8mb3 COLLATE utf8mb3_general_ci DEFAULT 'SurveyQuestionValueTemplate',
  `LastEdited` datetime DEFAULT NULL,
  `Created` datetime DEFAULT NULL,
  `Value` varchar(255) CHARACTER SET utf8mb3 COLLATE utf8mb3_general_ci DEFAULT NULL,
  `Order` int NOT NULL DEFAULT '0',
  `Label` mediumtext CHARACTER SET utf8mb3 COLLATE utf8mb3_general_ci,
  `OwnerID` int DEFAULT NULL,
  `GroupID` int DEFAULT NULL,
  PRIMARY KEY (`ID`),
  KEY `ClassName` (`ClassName`),
  KEY `GroupID` (`GroupID`),
  KEY `OwnerID` (`OwnerID`)
) ENGINE=InnoDB DEFAULT CHARSET=latin1;
/*!40101 SET character_set_client = @saved_cs_client */;

--
-- Dumping data for table `SurveyQuestionValueTemplate`
--

LOCK TABLES `SurveyQuestionValueTemplate` WRITE;
/*!40000 ALTER TABLE `SurveyQuestionValueTemplate` DISABLE KEYS */;
/*!40000 ALTER TABLE `SurveyQuestionValueTemplate` ENABLE KEYS */;
UNLOCK TABLES;

--
-- Table structure for table `SurveyQuestionValueTemplateGroup`
--

DROP TABLE IF EXISTS `SurveyQuestionValueTemplateGroup`;
/*!40101 SET @saved_cs_client     = @@character_set_client */;
/*!50503 SET character_set_client = utf8mb4 */;
CREATE TABLE `SurveyQuestionValueTemplateGroup` (
  `ID` int NOT NULL AUTO_INCREMENT,
  `ClassName` enum('SurveyQuestionValueTemplateGroup') CHARACTER SET utf8mb3 COLLATE utf8mb3_general_ci DEFAULT 'SurveyQuestionValueTemplateGroup',
  `LastEdited` datetime DEFAULT NULL,
  `Created` datetime DEFAULT NULL,
  `Label` mediumtext CHARACTER SET utf8mb3 COLLATE utf8mb3_general_ci,
  `Order` int NOT NULL DEFAULT '0',
  `OwnerID` int DEFAULT NULL,
  PRIMARY KEY (`ID`),
  KEY `ClassName` (`ClassName`),
  KEY `OwnerID` (`OwnerID`)
) ENGINE=InnoDB DEFAULT CHARSET=latin1;
/*!40101 SET character_set_client = @saved_cs_client */;

--
-- Dumping data for table `SurveyQuestionValueTemplateGroup`
--

LOCK TABLES `SurveyQuestionValueTemplateGroup` WRITE;
/*!40000 ALTER TABLE `SurveyQuestionValueTemplateGroup` DISABLE KEYS */;
/*!40000 ALTER TABLE `SurveyQuestionValueTemplateGroup` ENABLE KEYS */;
UNLOCK TABLES;

--
-- Table structure for table `SurveyRadioButtonListQuestionTemplate`
--

DROP TABLE IF EXISTS `SurveyRadioButtonListQuestionTemplate`;
/*!40101 SET @saved_cs_client     = @@character_set_client */;
/*!50503 SET character_set_client = utf8mb4 */;
CREATE TABLE `SurveyRadioButtonListQuestionTemplate` (
  `ID` int NOT NULL AUTO_INCREMENT,
  `Orientation` enum('Horizontal','Vertical') CHARACTER SET utf8mb3 COLLATE utf8mb3_general_ci DEFAULT 'Vertical',
  PRIMARY KEY (`ID`)
) ENGINE=InnoDB DEFAULT CHARSET=latin1;
/*!40101 SET character_set_client = @saved_cs_client */;

--
-- Dumping data for table `SurveyRadioButtonListQuestionTemplate`
--

LOCK TABLES `SurveyRadioButtonListQuestionTemplate` WRITE;
/*!40000 ALTER TABLE `SurveyRadioButtonListQuestionTemplate` DISABLE KEYS */;
/*!40000 ALTER TABLE `SurveyRadioButtonListQuestionTemplate` ENABLE KEYS */;
UNLOCK TABLES;

--
-- Table structure for table `SurveyRangeValidationRule`
--

DROP TABLE IF EXISTS `SurveyRangeValidationRule`;
/*!40101 SET @saved_cs_client     = @@character_set_client */;
/*!50503 SET character_set_client = utf8mb4 */;
CREATE TABLE `SurveyRangeValidationRule` (
  `ID` int NOT NULL AUTO_INCREMENT,
  `MinRange` int NOT NULL DEFAULT '0',
  `MaxRange` int NOT NULL DEFAULT '0',
  PRIMARY KEY (`ID`)
) ENGINE=InnoDB DEFAULT CHARSET=latin1;
/*!40101 SET character_set_client = @saved_cs_client */;

--
-- Dumping data for table `SurveyRangeValidationRule`
--

LOCK TABLES `SurveyRangeValidationRule` WRITE;
/*!40000 ALTER TABLE `SurveyRangeValidationRule` DISABLE KEYS */;
/*!40000 ALTER TABLE `SurveyRangeValidationRule` ENABLE KEYS */;
UNLOCK TABLES;

--
-- Table structure for table `SurveyRankingQuestionTemplate`
--

DROP TABLE IF EXISTS `SurveyRankingQuestionTemplate`;
/*!40101 SET @saved_cs_client     = @@character_set_client */;
/*!50503 SET character_set_client = utf8mb4 */;
CREATE TABLE `SurveyRankingQuestionTemplate` (
  `ID` int NOT NULL AUTO_INCREMENT,
  `MaxItemsToRank` int NOT NULL DEFAULT '0',
  `Intro` mediumtext CHARACTER SET utf8mb3 COLLATE utf8mb3_general_ci,
  PRIMARY KEY (`ID`)
) ENGINE=InnoDB DEFAULT CHARSET=latin1;
/*!40101 SET character_set_client = @saved_cs_client */;

--
-- Dumping data for table `SurveyRankingQuestionTemplate`
--

LOCK TABLES `SurveyRankingQuestionTemplate` WRITE;
/*!40000 ALTER TABLE `SurveyRankingQuestionTemplate` DISABLE KEYS */;
/*!40000 ALTER TABLE `SurveyRankingQuestionTemplate` ENABLE KEYS */;
UNLOCK TABLES;

--
-- Table structure for table `SurveyReport`
--

DROP TABLE IF EXISTS `SurveyReport`;
/*!40101 SET @saved_cs_client     = @@character_set_client */;
/*!50503 SET character_set_client = utf8mb4 */;
CREATE TABLE `SurveyReport` (
  `ID` int NOT NULL AUTO_INCREMENT,
  `ClassName` enum('SurveyReport') CHARACTER SET utf8mb3 COLLATE utf8mb3_general_ci DEFAULT 'SurveyReport',
  `LastEdited` datetime DEFAULT NULL,
  `Created` datetime DEFAULT NULL,
  `Name` varchar(254) CHARACTER SET utf8mb3 COLLATE utf8mb3_general_ci DEFAULT NULL,
  `Display` tinyint unsigned NOT NULL DEFAULT '1',
  `TemplateID` int DEFAULT NULL,
  PRIMARY KEY (`ID`),
  KEY `ClassName` (`ClassName`),
  KEY `TemplateID` (`TemplateID`)
) ENGINE=InnoDB DEFAULT CHARSET=latin1;
/*!40101 SET character_set_client = @saved_cs_client */;

--
-- Dumping data for table `SurveyReport`
--

LOCK TABLES `SurveyReport` WRITE;
/*!40000 ALTER TABLE `SurveyReport` DISABLE KEYS */;
/*!40000 ALTER TABLE `SurveyReport` ENABLE KEYS */;
UNLOCK TABLES;

--
-- Table structure for table `SurveyReportFilter`
--

DROP TABLE IF EXISTS `SurveyReportFilter`;
/*!40101 SET @saved_cs_client     = @@character_set_client */;
/*!50503 SET character_set_client = utf8mb4 */;
CREATE TABLE `SurveyReportFilter` (
  `ID` int NOT NULL AUTO_INCREMENT,
  `ClassName` enum('SurveyReportFilter') CHARACTER SET utf8mb3 COLLATE utf8mb3_general_ci DEFAULT 'SurveyReportFilter',
  `LastEdited` datetime DEFAULT NULL,
  `Created` datetime DEFAULT NULL,
  `Name` varchar(255) CHARACTER SET utf8mb3 COLLATE utf8mb3_general_ci DEFAULT NULL,
  `Label` varchar(255) CHARACTER SET utf8mb3 COLLATE utf8mb3_general_ci DEFAULT NULL,
  `Order` int NOT NULL DEFAULT '0',
  `QuestionID` int DEFAULT NULL,
  `ReportID` int DEFAULT NULL,
  PRIMARY KEY (`ID`),
  KEY `ClassName` (`ClassName`),
  KEY `QuestionID` (`QuestionID`),
  KEY `ReportID` (`ReportID`)
) ENGINE=InnoDB DEFAULT CHARSET=latin1;
/*!40101 SET character_set_client = @saved_cs_client */;

--
-- Dumping data for table `SurveyReportFilter`
--

LOCK TABLES `SurveyReportFilter` WRITE;
/*!40000 ALTER TABLE `SurveyReportFilter` DISABLE KEYS */;
/*!40000 ALTER TABLE `SurveyReportFilter` ENABLE KEYS */;
UNLOCK TABLES;

--
-- Table structure for table `SurveyReportGraph`
--

DROP TABLE IF EXISTS `SurveyReportGraph`;
/*!40101 SET @saved_cs_client     = @@character_set_client */;
/*!50503 SET character_set_client = utf8mb4 */;
CREATE TABLE `SurveyReportGraph` (
  `ID` int NOT NULL AUTO_INCREMENT,
  `ClassName` enum('SurveyReportGraph') CHARACTER SET utf8mb3 COLLATE utf8mb3_general_ci DEFAULT 'SurveyReportGraph',
  `LastEdited` datetime DEFAULT NULL,
  `Created` datetime DEFAULT NULL,
  `Name` varchar(255) CHARACTER SET utf8mb3 COLLATE utf8mb3_general_ci DEFAULT NULL,
  `Label` mediumtext CHARACTER SET utf8mb3 COLLATE utf8mb3_general_ci,
  `Type` enum('pie','bars','multibars') CHARACTER SET utf8mb3 COLLATE utf8mb3_general_ci DEFAULT 'pie',
  `Order` int NOT NULL DEFAULT '0',
  `QuestionID` int DEFAULT NULL,
  `SectionID` int DEFAULT NULL,
  PRIMARY KEY (`ID`),
  KEY `ClassName` (`ClassName`),
  KEY `QuestionID` (`QuestionID`),
  KEY `SectionID` (`SectionID`)
) ENGINE=InnoDB DEFAULT CHARSET=latin1;
/*!40101 SET character_set_client = @saved_cs_client */;

--
-- Dumping data for table `SurveyReportGraph`
--

LOCK TABLES `SurveyReportGraph` WRITE;
/*!40000 ALTER TABLE `SurveyReportGraph` DISABLE KEYS */;
/*!40000 ALTER TABLE `SurveyReportGraph` ENABLE KEYS */;
UNLOCK TABLES;

--
-- Table structure for table `SurveyReportSection`
--

DROP TABLE IF EXISTS `SurveyReportSection`;
/*!40101 SET @saved_cs_client     = @@character_set_client */;
/*!50503 SET character_set_client = utf8mb4 */;
CREATE TABLE `SurveyReportSection` (
  `ID` int NOT NULL AUTO_INCREMENT,
  `ClassName` enum('SurveyReportSection') CHARACTER SET utf8mb3 COLLATE utf8mb3_general_ci DEFAULT 'SurveyReportSection',
  `LastEdited` datetime DEFAULT NULL,
  `Created` datetime DEFAULT NULL,
  `Name` varchar(255) CHARACTER SET utf8mb3 COLLATE utf8mb3_general_ci DEFAULT NULL,
  `Order` int NOT NULL DEFAULT '0',
  `Description` mediumtext CHARACTER SET utf8mb3 COLLATE utf8mb3_general_ci,
  `ReportID` int DEFAULT NULL,
  PRIMARY KEY (`ID`),
  KEY `ClassName` (`ClassName`),
  KEY `ReportID` (`ReportID`)
) ENGINE=InnoDB DEFAULT CHARSET=latin1;
/*!40101 SET character_set_client = @saved_cs_client */;

--
-- Dumping data for table `SurveyReportSection`
--

LOCK TABLES `SurveyReportSection` WRITE;
/*!40000 ALTER TABLE `SurveyReportSection` DISABLE KEYS */;
/*!40000 ALTER TABLE `SurveyReportSection` ENABLE KEYS */;
UNLOCK TABLES;

--
-- Table structure for table `SurveySingleValueTemplateQuestion`
--

DROP TABLE IF EXISTS `SurveySingleValueTemplateQuestion`;
/*!40101 SET @saved_cs_client     = @@character_set_client */;
/*!50503 SET character_set_client = utf8mb4 */;
CREATE TABLE `SurveySingleValueTemplateQuestion` (
  `ID` int NOT NULL AUTO_INCREMENT,
  `InitialValue` mediumtext CHARACTER SET utf8mb3 COLLATE utf8mb3_general_ci,
  PRIMARY KEY (`ID`)
) ENGINE=InnoDB DEFAULT CHARSET=latin1;
/*!40101 SET character_set_client = @saved_cs_client */;

--
-- Dumping data for table `SurveySingleValueTemplateQuestion`
--

LOCK TABLES `SurveySingleValueTemplateQuestion` WRITE;
/*!40000 ALTER TABLE `SurveySingleValueTemplateQuestion` DISABLE KEYS */;
/*!40000 ALTER TABLE `SurveySingleValueTemplateQuestion` ENABLE KEYS */;
UNLOCK TABLES;

--
-- Table structure for table `SurveySingleValueTemplateQuestion_ValidationRules`
--

DROP TABLE IF EXISTS `SurveySingleValueTemplateQuestion_ValidationRules`;
/*!40101 SET @saved_cs_client     = @@character_set_client */;
/*!50503 SET character_set_client = utf8mb4 */;
CREATE TABLE `SurveySingleValueTemplateQuestion_ValidationRules` (
  `ID` int NOT NULL AUTO_INCREMENT,
  `SurveySingleValueTemplateQuestionID` int NOT NULL DEFAULT '0',
  `SurveySingleValueValidationRuleID` int NOT NULL DEFAULT '0',
  PRIMARY KEY (`ID`),
  KEY `SurveySingleValueTemplateQuestionID` (`SurveySingleValueTemplateQuestionID`),
  KEY `SurveySingleValueValidationRuleID` (`SurveySingleValueValidationRuleID`)
) ENGINE=InnoDB DEFAULT CHARSET=latin1;
/*!40101 SET character_set_client = @saved_cs_client */;

--
-- Dumping data for table `SurveySingleValueTemplateQuestion_ValidationRules`
--

LOCK TABLES `SurveySingleValueTemplateQuestion_ValidationRules` WRITE;
/*!40000 ALTER TABLE `SurveySingleValueTemplateQuestion_ValidationRules` DISABLE KEYS */;
/*!40000 ALTER TABLE `SurveySingleValueTemplateQuestion_ValidationRules` ENABLE KEYS */;
UNLOCK TABLES;

--
-- Table structure for table `SurveySingleValueValidationRule`
--

DROP TABLE IF EXISTS `SurveySingleValueValidationRule`;
/*!40101 SET @saved_cs_client     = @@character_set_client */;
/*!50503 SET character_set_client = utf8mb4 */;
CREATE TABLE `SurveySingleValueValidationRule` (
  `ID` int NOT NULL AUTO_INCREMENT,
  `ClassName` enum('SurveySingleValueValidationRule','SurveyCustomValidationRule','SurveyMaxLengthValidationRule','SurveyMinLengthValidationRule','SurveyNumberValidationRule','SurveyRangeValidationRule') CHARACTER SET utf8mb3 COLLATE utf8mb3_general_ci DEFAULT 'SurveySingleValueValidationRule',
  `LastEdited` datetime DEFAULT NULL,
  `Created` datetime DEFAULT NULL,
  `Name` varchar(255) CHARACTER SET utf8mb3 COLLATE utf8mb3_general_ci DEFAULT NULL,
  `Message` mediumtext CHARACTER SET utf8mb3 COLLATE utf8mb3_general_ci,
  PRIMARY KEY (`ID`),
  UNIQUE KEY `Name` (`Name`),
  KEY `ClassName` (`ClassName`)
) ENGINE=InnoDB DEFAULT CHARSET=latin1;
/*!40101 SET character_set_client = @saved_cs_client */;

--
-- Dumping data for table `SurveySingleValueValidationRule`
--

LOCK TABLES `SurveySingleValueValidationRule` WRITE;
/*!40000 ALTER TABLE `SurveySingleValueValidationRule` DISABLE KEYS */;
/*!40000 ALTER TABLE `SurveySingleValueValidationRule` ENABLE KEYS */;
UNLOCK TABLES;

--
-- Table structure for table `SurveyStep`
--

DROP TABLE IF EXISTS `SurveyStep`;
/*!40101 SET @saved_cs_client     = @@character_set_client */;
/*!50503 SET character_set_client = utf8mb4 */;
CREATE TABLE `SurveyStep` (
  `ID` int NOT NULL AUTO_INCREMENT,
  `ClassName` enum('SurveyStep','SurveyDynamicEntityStep','SurveyRegularStep') CHARACTER SET utf8mb3 COLLATE utf8mb3_general_ci DEFAULT 'SurveyStep',
  `LastEdited` datetime DEFAULT NULL,
  `Created` datetime DEFAULT NULL,
  `State` enum('INCOMPLETE','COMPLETE') CHARACTER SET utf8mb3 COLLATE utf8mb3_general_ci DEFAULT 'INCOMPLETE',
  `TemplateID` int DEFAULT NULL,
  `SurveyID` int DEFAULT NULL,
  PRIMARY KEY (`ID`),
  KEY `ClassName` (`ClassName`),
  KEY `SurveyID` (`SurveyID`),
  KEY `TemplateID` (`TemplateID`)
) ENGINE=InnoDB DEFAULT CHARSET=latin1;
/*!40101 SET character_set_client = @saved_cs_client */;

--
-- Dumping data for table `SurveyStep`
--

LOCK TABLES `SurveyStep` WRITE;
/*!40000 ALTER TABLE `SurveyStep` DISABLE KEYS */;
/*!40000 ALTER TABLE `SurveyStep` ENABLE KEYS */;
UNLOCK TABLES;

--
-- Table structure for table `SurveyStepTemplate`
--

DROP TABLE IF EXISTS `SurveyStepTemplate`;
/*!40101 SET @saved_cs_client     = @@character_set_client */;
/*!50503 SET character_set_client = utf8mb4 */;
CREATE TABLE `SurveyStepTemplate` (
  `ID` int NOT NULL AUTO_INCREMENT,
  `ClassName` enum('SurveyStepTemplate','SurveyDynamicEntityStepTemplate','SurveyRegularStepTemplate','SurveyThankYouStepTemplate','SurveyReviewStepTemplate') CHARACTER SET utf8mb3 COLLATE utf8mb3_general_ci DEFAULT 'SurveyStepTemplate',
  `LastEdited` datetime DEFAULT NULL,
  `Created` datetime DEFAULT NULL,
  `Name` varchar(255) CHARACTER SET utf8mb3 COLLATE utf8mb3_general_ci DEFAULT NULL,
  `Content` mediumtext CHARACTER SET utf8mb3 COLLATE utf8mb3_general_ci,
  `FriendlyName` mediumtext CHARACTER SET utf8mb3 COLLATE utf8mb3_general_ci,
  `Order` int NOT NULL DEFAULT '0',
  `SkipStep` tinyint unsigned NOT NULL DEFAULT '0',
  `SurveyTemplateID` int DEFAULT NULL,
  PRIMARY KEY (`ID`),
  UNIQUE KEY `SurveyTemplateID_Name` (`SurveyTemplateID`,`Name`),
  KEY `ClassName` (`ClassName`),
  KEY `SurveyTemplateID` (`SurveyTemplateID`)
) ENGINE=InnoDB DEFAULT CHARSET=latin1;
/*!40101 SET character_set_client = @saved_cs_client */;

--
-- Dumping data for table `SurveyStepTemplate`
--

LOCK TABLES `SurveyStepTemplate` WRITE;
/*!40000 ALTER TABLE `SurveyStepTemplate` DISABLE KEYS */;
/*!40000 ALTER TABLE `SurveyStepTemplate` ENABLE KEYS */;
UNLOCK TABLES;

--
-- Table structure for table `SurveyStepTemplate_DependsOn`
--

DROP TABLE IF EXISTS `SurveyStepTemplate_DependsOn`;
/*!40101 SET @saved_cs_client     = @@character_set_client */;
/*!50503 SET character_set_client = utf8mb4 */;
CREATE TABLE `SurveyStepTemplate_DependsOn` (
  `ID` int NOT NULL AUTO_INCREMENT,
  `SurveyStepTemplateID` int NOT NULL DEFAULT '0',
  `SurveyQuestionTemplateID` int NOT NULL DEFAULT '0',
  `ValueID` int NOT NULL DEFAULT '0',
  `Operator` enum('Equal','Not-Equal') CHARACTER SET utf8mb3 COLLATE utf8mb3_general_ci DEFAULT 'Equal',
  `Visibility` enum('Visible','Not-Visible') CHARACTER SET utf8mb3 COLLATE utf8mb3_general_ci DEFAULT 'Visible',
  `BooleanOperatorOnValues` enum('And','Or') CHARACTER SET utf8mb3 COLLATE utf8mb3_general_ci DEFAULT 'And',
  PRIMARY KEY (`ID`),
  KEY `SurveyQuestionTemplateID` (`SurveyQuestionTemplateID`),
  KEY `SurveyStepTemplateID` (`SurveyStepTemplateID`)
) ENGINE=InnoDB DEFAULT CHARSET=latin1;
/*!40101 SET character_set_client = @saved_cs_client */;

--
-- Dumping data for table `SurveyStepTemplate_DependsOn`
--

LOCK TABLES `SurveyStepTemplate_DependsOn` WRITE;
/*!40000 ALTER TABLE `SurveyStepTemplate_DependsOn` DISABLE KEYS */;
/*!40000 ALTER TABLE `SurveyStepTemplate_DependsOn` ENABLE KEYS */;
UNLOCK TABLES;

--
-- Table structure for table `SurveyTemplate`
--

DROP TABLE IF EXISTS `SurveyTemplate`;
/*!40101 SET @saved_cs_client     = @@character_set_client */;
/*!50503 SET character_set_client = utf8mb4 */;
CREATE TABLE `SurveyTemplate` (
  `ID` int NOT NULL AUTO_INCREMENT,
  `ClassName` enum('SurveyTemplate','EntitySurveyTemplate') CHARACTER SET utf8mb3 COLLATE utf8mb3_general_ci DEFAULT 'SurveyTemplate',
  `LastEdited` datetime DEFAULT NULL,
  `Created` datetime DEFAULT NULL,
  `Title` varchar(255) CHARACTER SET utf8mb3 COLLATE utf8mb3_general_ci DEFAULT NULL,
  `StartDate` datetime DEFAULT NULL,
  `EndDate` datetime DEFAULT NULL,
  `Enabled` tinyint unsigned NOT NULL DEFAULT '0',
  `CreatedByID` int DEFAULT NULL,
  PRIMARY KEY (`ID`),
  KEY `ClassName` (`ClassName`),
  KEY `CreatedByID` (`CreatedByID`)
) ENGINE=InnoDB DEFAULT CHARSET=latin1;
/*!40101 SET character_set_client = @saved_cs_client */;

--
-- Dumping data for table `SurveyTemplate`
--

LOCK TABLES `SurveyTemplate` WRITE;
/*!40000 ALTER TABLE `SurveyTemplate` DISABLE KEYS */;
/*!40000 ALTER TABLE `SurveyTemplate` ENABLE KEYS */;
UNLOCK TABLES;

--
-- Table structure for table `SurveyThankYouStepTemplate`
--

DROP TABLE IF EXISTS `SurveyThankYouStepTemplate`;
/*!40101 SET @saved_cs_client     = @@character_set_client */;
/*!50503 SET character_set_client = utf8mb4 */;
CREATE TABLE `SurveyThankYouStepTemplate` (
  `ID` int NOT NULL AUTO_INCREMENT,
  `EmailTemplateID` int DEFAULT NULL,
  PRIMARY KEY (`ID`),
  KEY `EmailTemplateID` (`EmailTemplateID`)
) ENGINE=InnoDB DEFAULT CHARSET=latin1;
/*!40101 SET character_set_client = @saved_cs_client */;

--
-- Dumping data for table `SurveyThankYouStepTemplate`
--

LOCK TABLES `SurveyThankYouStepTemplate` WRITE;
/*!40000 ALTER TABLE `SurveyThankYouStepTemplate` DISABLE KEYS */;
/*!40000 ALTER TABLE `SurveyThankYouStepTemplate` ENABLE KEYS */;
UNLOCK TABLES;

--
-- Table structure for table `Tag`
--

DROP TABLE IF EXISTS `Tag`;
/*!40101 SET @saved_cs_client     = @@character_set_client */;
/*!50503 SET character_set_client = utf8mb4 */;
CREATE TABLE `Tag` (
  `ID` int NOT NULL AUTO_INCREMENT,
  `ClassName` enum('Tag') CHARACTER SET utf8mb3 COLLATE utf8mb3_general_ci DEFAULT 'Tag',
  `LastEdited` datetime DEFAULT NULL,
  `Created` datetime DEFAULT NULL,
  `Tag` varchar(50) CHARACTER SET utf8mb3 COLLATE utf8mb3_general_ci DEFAULT NULL,
  PRIMARY KEY (`ID`),
  KEY `ClassName` (`ClassName`)
) ENGINE=InnoDB AUTO_INCREMENT=337 DEFAULT CHARSET=latin1;
/*!40101 SET character_set_client = @saved_cs_client */;

--
-- Dumping data for table `Tag`
--

LOCK TABLES `Tag` WRITE;
/*!40000 ALTER TABLE `Tag` DISABLE KEYS */;
INSERT INTO `Tag` VALUES (49,'Tag','2024-06-21 04:33:45','2024-06-21 04:33:45','101'),(50,'Tag','2024-06-21 04:33:45','2024-06-21 04:33:45','Case Study'),(51,'Tag','2024-06-21 04:33:45','2024-06-21 04:33:45','Demo'),(52,'Tag','2024-06-21 04:33:45','2024-06-21 04:33:45','TEST TAG'),(53,'Tag','2024-06-21 04:33:45','2024-06-21 04:33:45','TEST TAG'),(54,'Tag','2024-06-21 04:33:45','2024-06-21 04:33:45','TEST TAG'),(55,'Tag','2024-06-21 04:33:45','2024-06-21 04:33:45','TEST TAG'),(56,'Tag','2024-06-21 04:33:45','2024-06-21 04:33:45','TEST TAG'),(57,'Tag','2024-06-21 04:33:45','2024-06-21 04:33:45','TEST TAG'),(58,'Tag','2024-06-21 04:33:45','2024-06-21 04:33:45','TEST TAG'),(59,'Tag','2024-06-21 04:33:45','2024-06-21 04:33:45','TEST TAG'),(60,'Tag','2024-06-21 04:33:45','2024-06-21 04:33:45','TEST TAG'),(61,'Tag','2024-06-21 04:33:45','2024-06-21 04:33:45','TEST TAG'),(62,'Tag','2024-06-21 04:33:45','2024-06-21 04:33:45','TEST TAG'),(63,'Tag','2024-06-21 04:33:45','2024-06-21 04:33:45','TEST TAG'),(64,'Tag','2024-06-21 04:33:45','2024-06-21 04:33:45','TEST TAG'),(65,'Tag','2024-06-21 04:33:45','2024-06-21 04:33:45','TEST TAG'),(66,'Tag','2024-06-21 04:33:45','2024-06-21 04:33:45','TEST TAG'),(67,'Tag','2024-06-21 04:33:45','2024-06-21 04:33:45','TEST TAG'),(68,'Tag','2024-06-21 04:33:45','2024-06-21 04:33:45','TEST TAG'),(69,'Tag','2024-06-21 04:33:45','2024-06-21 04:33:45','TEST TAG'),(70,'Tag','2024-06-21 04:33:45','2024-06-21 04:33:45','TEST TAG'),(71,'Tag','2024-06-21 04:33:45','2024-06-21 04:33:45','TEST TAG'),(72,'Tag','2024-06-21 04:33:45','2024-06-21 04:33:45','TEST TAG'),(73,'Tag','2024-06-21 04:38:05','2024-06-21 04:38:05','101'),(74,'Tag','2024-06-21 04:38:05','2024-06-21 04:38:05','Case Study'),(75,'Tag','2024-06-21 04:38:05','2024-06-21 04:38:05','Demo'),(76,'Tag','2024-06-21 04:38:05','2024-06-21 04:38:05','TEST TAG'),(77,'Tag','2024-06-21 04:38:05','2024-06-21 04:38:05','TEST TAG'),(78,'Tag','2024-06-21 04:38:05','2024-06-21 04:38:05','TEST TAG'),(79,'Tag','2024-06-21 04:38:05','2024-06-21 04:38:05','TEST TAG'),(80,'Tag','2024-06-21 04:38:05','2024-06-21 04:38:05','TEST TAG'),(81,'Tag','2024-06-21 04:38:05','2024-06-21 04:38:05','TEST TAG'),(82,'Tag','2024-06-21 04:38:05','2024-06-21 04:38:05','TEST TAG'),(83,'Tag','2024-06-21 04:38:05','2024-06-21 04:38:05','TEST TAG'),(84,'Tag','2024-06-21 04:38:05','2024-06-21 04:38:05','TEST TAG'),(85,'Tag','2024-06-21 04:38:05','2024-06-21 04:38:05','TEST TAG'),(86,'Tag','2024-06-21 04:38:05','2024-06-21 04:38:05','TEST TAG'),(87,'Tag','2024-06-21 04:38:05','2024-06-21 04:38:05','TEST TAG'),(88,'Tag','2024-06-21 04:38:05','2024-06-21 04:38:05','TEST TAG'),(89,'Tag','2024-06-21 04:38:05','2024-06-21 04:38:05','TEST TAG'),(90,'Tag','2024-06-21 04:38:05','2024-06-21 04:38:05','TEST TAG'),(91,'Tag','2024-06-21 04:38:05','2024-06-21 04:38:05','TEST TAG'),(92,'Tag','2024-06-21 04:38:05','2024-06-21 04:38:05','TEST TAG'),(93,'Tag','2024-06-21 04:38:05','2024-06-21 04:38:05','TEST TAG'),(94,'Tag','2024-06-21 04:38:05','2024-06-21 04:38:05','TEST TAG'),(95,'Tag','2024-06-21 04:38:05','2024-06-21 04:38:05','TEST TAG'),(96,'Tag','2024-06-21 04:38:05','2024-06-21 04:38:05','TEST TAG'),(97,'Tag','2024-06-21 04:38:33','2024-06-21 04:38:33','101'),(98,'Tag','2024-06-21 04:38:33','2024-06-21 04:38:33','Case Study'),(99,'Tag','2024-06-21 04:38:33','2024-06-21 04:38:33','Demo'),(100,'Tag','2024-06-21 04:38:33','2024-06-21 04:38:33','TEST TAG'),(101,'Tag','2024-06-21 04:38:33','2024-06-21 04:38:33','TEST TAG'),(102,'Tag','2024-06-21 04:38:33','2024-06-21 04:38:33','TEST TAG'),(103,'Tag','2024-06-21 04:38:33','2024-06-21 04:38:33','TEST TAG'),(104,'Tag','2024-06-21 04:38:33','2024-06-21 04:38:33','TEST TAG'),(105,'Tag','2024-06-21 04:38:33','2024-06-21 04:38:33','TEST TAG'),(106,'Tag','2024-06-21 04:38:33','2024-06-21 04:38:33','TEST TAG'),(107,'Tag','2024-06-21 04:38:33','2024-06-21 04:38:33','TEST TAG'),(108,'Tag','2024-06-21 04:38:33','2024-06-21 04:38:33','TEST TAG'),(109,'Tag','2024-06-21 04:38:33','2024-06-21 04:38:33','TEST TAG'),(110,'Tag','2024-06-21 04:38:33','2024-06-21 04:38:33','TEST TAG'),(111,'Tag','2024-06-21 04:38:33','2024-06-21 04:38:33','TEST TAG'),(112,'Tag','2024-06-21 04:38:33','2024-06-21 04:38:33','TEST TAG'),(113,'Tag','2024-06-21 04:38:33','2024-06-21 04:38:33','TEST TAG'),(114,'Tag','2024-06-21 04:38:33','2024-06-21 04:38:33','TEST TAG'),(115,'Tag','2024-06-21 04:38:33','2024-06-21 04:38:33','TEST TAG'),(116,'Tag','2024-06-21 04:38:33','2024-06-21 04:38:33','TEST TAG'),(117,'Tag','2024-06-21 04:38:33','2024-06-21 04:38:33','TEST TAG'),(118,'Tag','2024-06-21 04:38:33','2024-06-21 04:38:33','TEST TAG'),(119,'Tag','2024-06-21 04:38:33','2024-06-21 04:38:33','TEST TAG'),(120,'Tag','2024-06-21 04:38:33','2024-06-21 04:38:33','TEST TAG'),(121,'Tag','2024-06-21 04:39:40','2024-06-21 04:39:40','101'),(122,'Tag','2024-06-21 04:39:40','2024-06-21 04:39:40','Case Study'),(123,'Tag','2024-06-21 04:39:40','2024-06-21 04:39:40','Demo'),(124,'Tag','2024-06-21 04:39:40','2024-06-21 04:39:40','TEST TAG'),(125,'Tag','2024-06-21 04:39:40','2024-06-21 04:39:40','TEST TAG'),(126,'Tag','2024-06-21 04:39:40','2024-06-21 04:39:40','TEST TAG'),(127,'Tag','2024-06-21 04:39:40','2024-06-21 04:39:40','TEST TAG'),(128,'Tag','2024-06-21 04:39:40','2024-06-21 04:39:40','TEST TAG'),(129,'Tag','2024-06-21 04:39:40','2024-06-21 04:39:40','TEST TAG'),(130,'Tag','2024-06-21 04:39:40','2024-06-21 04:39:40','TEST TAG'),(131,'Tag','2024-06-21 04:39:40','2024-06-21 04:39:40','TEST TAG'),(132,'Tag','2024-06-21 04:39:40','2024-06-21 04:39:40','TEST TAG'),(133,'Tag','2024-06-21 04:39:40','2024-06-21 04:39:40','TEST TAG'),(134,'Tag','2024-06-21 04:39:40','2024-06-21 04:39:40','TEST TAG'),(135,'Tag','2024-06-21 04:39:40','2024-06-21 04:39:40','TEST TAG'),(136,'Tag','2024-06-21 04:39:40','2024-06-21 04:39:40','TEST TAG'),(137,'Tag','2024-06-21 04:39:40','2024-06-21 04:39:40','TEST TAG'),(138,'Tag','2024-06-21 04:39:40','2024-06-21 04:39:40','TEST TAG'),(139,'Tag','2024-06-21 04:39:40','2024-06-21 04:39:40','TEST TAG'),(140,'Tag','2024-06-21 04:39:40','2024-06-21 04:39:40','TEST TAG'),(141,'Tag','2024-06-21 04:39:40','2024-06-21 04:39:40','TEST TAG'),(142,'Tag','2024-06-21 04:39:40','2024-06-21 04:39:40','TEST TAG'),(143,'Tag','2024-06-21 04:39:40','2024-06-21 04:39:40','TEST TAG'),(144,'Tag','2024-06-21 04:39:40','2024-06-21 04:39:40','TEST TAG'),(145,'Tag','2024-06-21 04:40:06','2024-06-21 04:40:06','101'),(146,'Tag','2024-06-21 04:40:06','2024-06-21 04:40:06','Case Study'),(147,'Tag','2024-06-21 04:40:06','2024-06-21 04:40:06','Demo'),(148,'Tag','2024-06-21 04:40:06','2024-06-21 04:40:06','TEST TAG'),(149,'Tag','2024-06-21 04:40:06','2024-06-21 04:40:06','TEST TAG'),(150,'Tag','2024-06-21 04:40:06','2024-06-21 04:40:06','TEST TAG'),(151,'Tag','2024-06-21 04:40:06','2024-06-21 04:40:06','TEST TAG'),(152,'Tag','2024-06-21 04:40:06','2024-06-21 04:40:06','TEST TAG'),(153,'Tag','2024-06-21 04:40:06','2024-06-21 04:40:06','TEST TAG'),(154,'Tag','2024-06-21 04:40:06','2024-06-21 04:40:06','TEST TAG'),(155,'Tag','2024-06-21 04:40:06','2024-06-21 04:40:06','TEST TAG'),(156,'Tag','2024-06-21 04:40:06','2024-06-21 04:40:06','TEST TAG'),(157,'Tag','2024-06-21 04:40:06','2024-06-21 04:40:06','TEST TAG'),(158,'Tag','2024-06-21 04:40:06','2024-06-21 04:40:06','TEST TAG'),(159,'Tag','2024-06-21 04:40:06','2024-06-21 04:40:06','TEST TAG'),(160,'Tag','2024-06-21 04:40:06','2024-06-21 04:40:06','TEST TAG'),(161,'Tag','2024-06-21 04:40:06','2024-06-21 04:40:06','TEST TAG'),(162,'Tag','2024-06-21 04:40:06','2024-06-21 04:40:06','TEST TAG'),(163,'Tag','2024-06-21 04:40:06','2024-06-21 04:40:06','TEST TAG'),(164,'Tag','2024-06-21 04:40:06','2024-06-21 04:40:06','TEST TAG'),(165,'Tag','2024-06-21 04:40:06','2024-06-21 04:40:06','TEST TAG'),(166,'Tag','2024-06-21 04:40:06','2024-06-21 04:40:06','TEST TAG'),(167,'Tag','2024-06-21 04:40:06','2024-06-21 04:40:06','TEST TAG'),(168,'Tag','2024-06-21 04:40:06','2024-06-21 04:40:06','TEST TAG'),(169,'Tag','2024-06-21 11:13:56','2024-06-21 11:13:56','101'),(170,'Tag','2024-06-21 11:13:56','2024-06-21 11:13:56','Case Study'),(171,'Tag','2024-06-21 11:13:56','2024-06-21 11:13:56','Demo'),(172,'Tag','2024-06-21 11:13:56','2024-06-21 11:13:56','TEST TAG'),(173,'Tag','2024-06-21 11:13:56','2024-06-21 11:13:56','TEST TAG'),(174,'Tag','2024-06-21 11:13:56','2024-06-21 11:13:56','TEST TAG'),(175,'Tag','2024-06-21 11:13:56','2024-06-21 11:13:56','TEST TAG'),(176,'Tag','2024-06-21 11:13:56','2024-06-21 11:13:56','TEST TAG'),(177,'Tag','2024-06-21 11:13:56','2024-06-21 11:13:56','TEST TAG'),(178,'Tag','2024-06-21 11:13:56','2024-06-21 11:13:56','TEST TAG'),(179,'Tag','2024-06-21 11:13:56','2024-06-21 11:13:56','TEST TAG'),(180,'Tag','2024-06-21 11:13:56','2024-06-21 11:13:56','TEST TAG'),(181,'Tag','2024-06-21 11:13:56','2024-06-21 11:13:56','TEST TAG'),(182,'Tag','2024-06-21 11:13:56','2024-06-21 11:13:56','TEST TAG'),(183,'Tag','2024-06-21 11:13:56','2024-06-21 11:13:56','TEST TAG'),(184,'Tag','2024-06-21 11:13:56','2024-06-21 11:13:56','TEST TAG'),(185,'Tag','2024-06-21 11:13:56','2024-06-21 11:13:56','TEST TAG'),(186,'Tag','2024-06-21 11:13:56','2024-06-21 11:13:56','TEST TAG'),(187,'Tag','2024-06-21 11:13:56','2024-06-21 11:13:56','TEST TAG'),(188,'Tag','2024-06-21 11:13:56','2024-06-21 11:13:56','TEST TAG'),(189,'Tag','2024-06-21 11:13:56','2024-06-21 11:13:56','TEST TAG'),(190,'Tag','2024-06-21 11:13:56','2024-06-21 11:13:56','TEST TAG'),(191,'Tag','2024-06-21 11:13:56','2024-06-21 11:13:56','TEST TAG'),(192,'Tag','2024-06-21 11:13:56','2024-06-21 11:13:56','TEST TAG'),(193,'Tag','2024-06-21 11:15:03','2024-06-21 11:15:03','101'),(194,'Tag','2024-06-21 11:15:03','2024-06-21 11:15:03','Case Study'),(195,'Tag','2024-06-21 11:15:03','2024-06-21 11:15:03','Demo'),(196,'Tag','2024-06-21 11:15:03','2024-06-21 11:15:03','TEST TAG'),(197,'Tag','2024-06-21 11:15:03','2024-06-21 11:15:03','TEST TAG'),(198,'Tag','2024-06-21 11:15:03','2024-06-21 11:15:03','TEST TAG'),(199,'Tag','2024-06-21 11:15:03','2024-06-21 11:15:03','TEST TAG'),(200,'Tag','2024-06-21 11:15:03','2024-06-21 11:15:03','TEST TAG'),(201,'Tag','2024-06-21 11:15:03','2024-06-21 11:15:03','TEST TAG'),(202,'Tag','2024-06-21 11:15:03','2024-06-21 11:15:03','TEST TAG'),(203,'Tag','2024-06-21 11:15:03','2024-06-21 11:15:03','TEST TAG'),(204,'Tag','2024-06-21 11:15:03','2024-06-21 11:15:03','TEST TAG'),(205,'Tag','2024-06-21 11:15:03','2024-06-21 11:15:03','TEST TAG'),(206,'Tag','2024-06-21 11:15:03','2024-06-21 11:15:03','TEST TAG'),(207,'Tag','2024-06-21 11:15:03','2024-06-21 11:15:03','TEST TAG'),(208,'Tag','2024-06-21 11:15:03','2024-06-21 11:15:03','TEST TAG'),(209,'Tag','2024-06-21 11:15:03','2024-06-21 11:15:03','TEST TAG'),(210,'Tag','2024-06-21 11:15:03','2024-06-21 11:15:03','TEST TAG'),(211,'Tag','2024-06-21 11:15:03','2024-06-21 11:15:03','TEST TAG'),(212,'Tag','2024-06-21 11:15:03','2024-06-21 11:15:03','TEST TAG'),(213,'Tag','2024-06-21 11:15:03','2024-06-21 11:15:03','TEST TAG'),(214,'Tag','2024-06-21 11:15:03','2024-06-21 11:15:03','TEST TAG'),(215,'Tag','2024-06-21 11:15:03','2024-06-21 11:15:03','TEST TAG'),(216,'Tag','2024-06-21 11:15:03','2024-06-21 11:15:03','TEST TAG'),(217,'Tag','2024-06-21 11:15:17','2024-06-21 11:15:17','101'),(218,'Tag','2024-06-21 11:15:17','2024-06-21 11:15:17','Case Study'),(219,'Tag','2024-06-21 11:15:17','2024-06-21 11:15:17','Demo'),(220,'Tag','2024-06-21 11:15:17','2024-06-21 11:15:17','TEST TAG'),(221,'Tag','2024-06-21 11:15:17','2024-06-21 11:15:17','TEST TAG'),(222,'Tag','2024-06-21 11:15:17','2024-06-21 11:15:17','TEST TAG'),(223,'Tag','2024-06-21 11:15:17','2024-06-21 11:15:17','TEST TAG'),(224,'Tag','2024-06-21 11:15:17','2024-06-21 11:15:17','TEST TAG'),(225,'Tag','2024-06-21 11:15:17','2024-06-21 11:15:17','TEST TAG'),(226,'Tag','2024-06-21 11:15:17','2024-06-21 11:15:17','TEST TAG'),(227,'Tag','2024-06-21 11:15:17','2024-06-21 11:15:17','TEST TAG'),(228,'Tag','2024-06-21 11:15:17','2024-06-21 11:15:17','TEST TAG'),(229,'Tag','2024-06-21 11:15:17','2024-06-21 11:15:17','TEST TAG'),(230,'Tag','2024-06-21 11:15:17','2024-06-21 11:15:17','TEST TAG'),(231,'Tag','2024-06-21 11:15:17','2024-06-21 11:15:17','TEST TAG'),(232,'Tag','2024-06-21 11:15:17','2024-06-21 11:15:17','TEST TAG'),(233,'Tag','2024-06-21 11:15:17','2024-06-21 11:15:17','TEST TAG'),(234,'Tag','2024-06-21 11:15:17','2024-06-21 11:15:17','TEST TAG'),(235,'Tag','2024-06-21 11:15:17','2024-06-21 11:15:17','TEST TAG'),(236,'Tag','2024-06-21 11:15:17','2024-06-21 11:15:17','TEST TAG'),(237,'Tag','2024-06-21 11:15:17','2024-06-21 11:15:17','TEST TAG'),(238,'Tag','2024-06-21 11:15:17','2024-06-21 11:15:17','TEST TAG'),(239,'Tag','2024-06-21 11:15:17','2024-06-21 11:15:17','TEST TAG'),(240,'Tag','2024-06-21 11:15:17','2024-06-21 11:15:17','TEST TAG'),(241,'Tag','2024-06-21 11:17:03','2024-06-21 11:17:03','101'),(242,'Tag','2024-06-21 11:17:03','2024-06-21 11:17:03','Case Study'),(243,'Tag','2024-06-21 11:17:03','2024-06-21 11:17:03','Demo'),(244,'Tag','2024-06-21 11:17:03','2024-06-21 11:17:03','TEST TAG'),(245,'Tag','2024-06-21 11:17:03','2024-06-21 11:17:03','TEST TAG'),(246,'Tag','2024-06-21 11:17:03','2024-06-21 11:17:03','TEST TAG'),(247,'Tag','2024-06-21 11:17:03','2024-06-21 11:17:03','TEST TAG'),(248,'Tag','2024-06-21 11:17:03','2024-06-21 11:17:03','TEST TAG'),(249,'Tag','2024-06-21 11:17:03','2024-06-21 11:17:03','TEST TAG'),(250,'Tag','2024-06-21 11:17:03','2024-06-21 11:17:03','TEST TAG'),(251,'Tag','2024-06-21 11:17:03','2024-06-21 11:17:03','TEST TAG'),(252,'Tag','2024-06-21 11:17:03','2024-06-21 11:17:03','TEST TAG'),(253,'Tag','2024-06-21 11:17:03','2024-06-21 11:17:03','TEST TAG'),(254,'Tag','2024-06-21 11:17:03','2024-06-21 11:17:03','TEST TAG'),(255,'Tag','2024-06-21 11:17:03','2024-06-21 11:17:03','TEST TAG'),(256,'Tag','2024-06-21 11:17:03','2024-06-21 11:17:03','TEST TAG'),(257,'Tag','2024-06-21 11:17:03','2024-06-21 11:17:03','TEST TAG'),(258,'Tag','2024-06-21 11:17:03','2024-06-21 11:17:03','TEST TAG'),(259,'Tag','2024-06-21 11:17:03','2024-06-21 11:17:03','TEST TAG'),(260,'Tag','2024-06-21 11:17:03','2024-06-21 11:17:03','TEST TAG'),(261,'Tag','2024-06-21 11:17:03','2024-06-21 11:17:03','TEST TAG'),(262,'Tag','2024-06-21 11:17:03','2024-06-21 11:17:03','TEST TAG'),(263,'Tag','2024-06-21 11:17:03','2024-06-21 11:17:03','TEST TAG'),(264,'Tag','2024-06-21 11:17:03','2024-06-21 11:17:03','TEST TAG'),(265,'Tag','2024-06-21 11:18:32','2024-06-21 11:18:32','101'),(266,'Tag','2024-06-21 11:18:32','2024-06-21 11:18:32','Case Study'),(267,'Tag','2024-06-21 11:18:32','2024-06-21 11:18:32','Demo'),(268,'Tag','2024-06-21 11:18:32','2024-06-21 11:18:32','TEST TAG'),(269,'Tag','2024-06-21 11:18:32','2024-06-21 11:18:32','TEST TAG'),(270,'Tag','2024-06-21 11:18:32','2024-06-21 11:18:32','TEST TAG'),(271,'Tag','2024-06-21 11:18:32','2024-06-21 11:18:32','TEST TAG'),(272,'Tag','2024-06-21 11:18:32','2024-06-21 11:18:32','TEST TAG'),(273,'Tag','2024-06-21 11:18:32','2024-06-21 11:18:32','TEST TAG'),(274,'Tag','2024-06-21 11:18:32','2024-06-21 11:18:32','TEST TAG'),(275,'Tag','2024-06-21 11:18:32','2024-06-21 11:18:32','TEST TAG'),(276,'Tag','2024-06-21 11:18:32','2024-06-21 11:18:32','TEST TAG'),(277,'Tag','2024-06-21 11:18:32','2024-06-21 11:18:32','TEST TAG'),(278,'Tag','2024-06-21 11:18:32','2024-06-21 11:18:32','TEST TAG'),(279,'Tag','2024-06-21 11:18:32','2024-06-21 11:18:32','TEST TAG'),(280,'Tag','2024-06-21 11:18:32','2024-06-21 11:18:32','TEST TAG'),(281,'Tag','2024-06-21 11:18:32','2024-06-21 11:18:32','TEST TAG'),(282,'Tag','2024-06-21 11:18:32','2024-06-21 11:18:32','TEST TAG'),(283,'Tag','2024-06-21 11:18:32','2024-06-21 11:18:32','TEST TAG'),(284,'Tag','2024-06-21 11:18:32','2024-06-21 11:18:32','TEST TAG'),(285,'Tag','2024-06-21 11:18:32','2024-06-21 11:18:32','TEST TAG'),(286,'Tag','2024-06-21 11:18:32','2024-06-21 11:18:32','TEST TAG'),(287,'Tag','2024-06-21 11:18:32','2024-06-21 11:18:32','TEST TAG'),(288,'Tag','2024-06-21 11:18:32','2024-06-21 11:18:32','TEST TAG'),(289,'Tag','2024-06-21 11:33:07','2024-06-21 11:33:07','101'),(290,'Tag','2024-06-21 11:33:07','2024-06-21 11:33:07','Case Study'),(291,'Tag','2024-06-21 11:33:07','2024-06-21 11:33:07','Demo'),(292,'Tag','2024-06-21 11:33:07','2024-06-21 11:33:07','TEST TAG'),(293,'Tag','2024-06-21 11:33:07','2024-06-21 11:33:07','TEST TAG'),(294,'Tag','2024-06-21 11:33:07','2024-06-21 11:33:07','TEST TAG'),(295,'Tag','2024-06-21 11:33:07','2024-06-21 11:33:07','TEST TAG'),(296,'Tag','2024-06-21 11:33:07','2024-06-21 11:33:07','TEST TAG'),(297,'Tag','2024-06-21 11:33:07','2024-06-21 11:33:07','TEST TAG'),(298,'Tag','2024-06-21 11:33:07','2024-06-21 11:33:07','TEST TAG'),(299,'Tag','2024-06-21 11:33:07','2024-06-21 11:33:07','TEST TAG'),(300,'Tag','2024-06-21 11:33:07','2024-06-21 11:33:07','TEST TAG'),(301,'Tag','2024-06-21 11:33:07','2024-06-21 11:33:07','TEST TAG'),(302,'Tag','2024-06-21 11:33:07','2024-06-21 11:33:07','TEST TAG'),(303,'Tag','2024-06-21 11:33:07','2024-06-21 11:33:07','TEST TAG'),(304,'Tag','2024-06-21 11:33:07','2024-06-21 11:33:07','TEST TAG'),(305,'Tag','2024-06-21 11:33:07','2024-06-21 11:33:07','TEST TAG'),(306,'Tag','2024-06-21 11:33:07','2024-06-21 11:33:07','TEST TAG'),(307,'Tag','2024-06-21 11:33:07','2024-06-21 11:33:07','TEST TAG'),(308,'Tag','2024-06-21 11:33:07','2024-06-21 11:33:07','TEST TAG'),(309,'Tag','2024-06-21 11:33:07','2024-06-21 11:33:07','TEST TAG'),(310,'Tag','2024-06-21 11:33:07','2024-06-21 11:33:07','TEST TAG'),(311,'Tag','2024-06-21 11:33:07','2024-06-21 11:33:07','TEST TAG'),(312,'Tag','2024-06-21 11:33:07','2024-06-21 11:33:07','TEST TAG'),(313,'Tag','2024-06-21 11:34:09','2024-06-21 11:34:09','101'),(314,'Tag','2024-06-21 11:34:09','2024-06-21 11:34:09','Case Study'),(315,'Tag','2024-06-21 11:34:09','2024-06-21 11:34:09','Demo'),(316,'Tag','2024-06-21 11:34:09','2024-06-21 11:34:09','TEST TAG'),(317,'Tag','2024-06-21 11:34:09','2024-06-21 11:34:09','TEST TAG'),(318,'Tag','2024-06-21 11:34:09','2024-06-21 11:34:09','TEST TAG'),(319,'Tag','2024-06-21 11:34:09','2024-06-21 11:34:09','TEST TAG'),(320,'Tag','2024-06-21 11:34:09','2024-06-21 11:34:09','TEST TAG'),(321,'Tag','2024-06-21 11:34:09','2024-06-21 11:34:09','TEST TAG'),(322,'Tag','2024-06-21 11:34:09','2024-06-21 11:34:09','TEST TAG'),(323,'Tag','2024-06-21 11:34:09','2024-06-21 11:34:09','TEST TAG'),(324,'Tag','2024-06-21 11:34:09','2024-06-21 11:34:09','TEST TAG'),(325,'Tag','2024-06-21 11:34:09','2024-06-21 11:34:09','TEST TAG'),(326,'Tag','2024-06-21 11:34:09','2024-06-21 11:34:09','TEST TAG'),(327,'Tag','2024-06-21 11:34:09','2024-06-21 11:34:09','TEST TAG'),(328,'Tag','2024-06-21 11:34:09','2024-06-21 11:34:09','TEST TAG'),(329,'Tag','2024-06-21 11:34:09','2024-06-21 11:34:09','TEST TAG'),(330,'Tag','2024-06-21 11:34:09','2024-06-21 11:34:09','TEST TAG'),(331,'Tag','2024-06-21 11:34:09','2024-06-21 11:34:09','TEST TAG'),(332,'Tag','2024-06-21 11:34:09','2024-06-21 11:34:09','TEST TAG'),(333,'Tag','2024-06-21 11:34:09','2024-06-21 11:34:09','TEST TAG'),(334,'Tag','2024-06-21 11:34:09','2024-06-21 11:34:09','TEST TAG'),(335,'Tag','2024-06-21 11:34:09','2024-06-21 11:34:09','TEST TAG'),(336,'Tag','2024-06-21 11:34:09','2024-06-21 11:34:09','TEST TAG');
/*!40000 ALTER TABLE `Tag` ENABLE KEYS */;
UNLOCK TABLES;

--
-- Table structure for table `Team`
--

DROP TABLE IF EXISTS `Team`;
/*!40101 SET @saved_cs_client     = @@character_set_client */;
/*!50503 SET character_set_client = utf8mb4 */;
CREATE TABLE `Team` (
  `ID` int NOT NULL AUTO_INCREMENT,
  `ClassName` enum('Team') CHARACTER SET utf8mb3 COLLATE utf8mb3_general_ci DEFAULT 'Team',
  `LastEdited` datetime DEFAULT NULL,
  `Created` datetime DEFAULT NULL,
  `Name` mediumtext CHARACTER SET utf8mb3 COLLATE utf8mb3_general_ci,
  `CompanyID` int DEFAULT NULL,
  PRIMARY KEY (`ID`),
  KEY `ClassName` (`ClassName`),
  KEY `CompanyID` (`CompanyID`)
) ENGINE=InnoDB DEFAULT CHARSET=latin1;
/*!40101 SET character_set_client = @saved_cs_client */;

--
-- Dumping data for table `Team`
--

LOCK TABLES `Team` WRITE;
/*!40000 ALTER TABLE `Team` DISABLE KEYS */;
/*!40000 ALTER TABLE `Team` ENABLE KEYS */;
UNLOCK TABLES;

--
-- Table structure for table `TeamInvitation`
--

DROP TABLE IF EXISTS `TeamInvitation`;
/*!40101 SET @saved_cs_client     = @@character_set_client */;
/*!50503 SET character_set_client = utf8mb4 */;
CREATE TABLE `TeamInvitation` (
  `ID` int NOT NULL AUTO_INCREMENT,
  `ClassName` enum('TeamInvitation') CHARACTER SET utf8mb3 COLLATE utf8mb3_general_ci DEFAULT 'TeamInvitation',
  `LastEdited` datetime DEFAULT NULL,
  `Created` datetime DEFAULT NULL,
  `Email` mediumtext CHARACTER SET utf8mb3 COLLATE utf8mb3_general_ci,
  `FirstName` mediumtext CHARACTER SET utf8mb3 COLLATE utf8mb3_general_ci,
  `LastName` mediumtext CHARACTER SET utf8mb3 COLLATE utf8mb3_general_ci,
  `ConfirmationHash` mediumtext CHARACTER SET utf8mb3 COLLATE utf8mb3_general_ci,
  `IsConfirmed` tinyint unsigned NOT NULL DEFAULT '0',
  `ConfirmationDate` datetime DEFAULT NULL,
  `TeamID` int DEFAULT NULL,
  `MemberID` int DEFAULT NULL,
  PRIMARY KEY (`ID`),
  KEY `ClassName` (`ClassName`),
  KEY `MemberID` (`MemberID`),
  KEY `TeamID` (`TeamID`)
) ENGINE=InnoDB DEFAULT CHARSET=latin1;
/*!40101 SET character_set_client = @saved_cs_client */;

--
-- Dumping data for table `TeamInvitation`
--

LOCK TABLES `TeamInvitation` WRITE;
/*!40000 ALTER TABLE `TeamInvitation` DISABLE KEYS */;
/*!40000 ALTER TABLE `TeamInvitation` ENABLE KEYS */;
UNLOCK TABLES;

--
-- Table structure for table `Team_Members`
--

DROP TABLE IF EXISTS `Team_Members`;
/*!40101 SET @saved_cs_client     = @@character_set_client */;
/*!50503 SET character_set_client = utf8mb4 */;
CREATE TABLE `Team_Members` (
  `ID` int NOT NULL AUTO_INCREMENT,
  `TeamID` int NOT NULL DEFAULT '0',
  `MemberID` int NOT NULL DEFAULT '0',
  `DateAdded` datetime DEFAULT NULL,
  PRIMARY KEY (`ID`),
  KEY `MemberID` (`MemberID`),
  KEY `TeamID` (`TeamID`)
) ENGINE=InnoDB DEFAULT CHARSET=latin1;
/*!40101 SET character_set_client = @saved_cs_client */;

--
-- Dumping data for table `Team_Members`
--

LOCK TABLES `Team_Members` WRITE;
/*!40000 ALTER TABLE `Team_Members` DISABLE KEYS */;
/*!40000 ALTER TABLE `Team_Members` ENABLE KEYS */;
UNLOCK TABLES;

--
-- Table structure for table `Topic`
--

DROP TABLE IF EXISTS `Topic`;
/*!40101 SET @saved_cs_client     = @@character_set_client */;
/*!50503 SET character_set_client = utf8mb4 */;
CREATE TABLE `Topic` (
  `ID` int NOT NULL AUTO_INCREMENT,
  `ClassName` enum('Topic') CHARACTER SET utf8mb3 COLLATE utf8mb3_general_ci DEFAULT 'Topic',
  `LastEdited` datetime DEFAULT NULL,
  `Created` datetime DEFAULT NULL,
  `Name` varchar(255) CHARACTER SET utf8mb3 COLLATE utf8mb3_general_ci DEFAULT NULL,
  PRIMARY KEY (`ID`),
  KEY `ClassName` (`ClassName`)
) ENGINE=InnoDB DEFAULT CHARSET=latin1;
/*!40101 SET character_set_client = @saved_cs_client */;

--
-- Dumping data for table `Topic`
--

LOCK TABLES `Topic` WRITE;
/*!40000 ALTER TABLE `Topic` DISABLE KEYS */;
/*!40000 ALTER TABLE `Topic` ENABLE KEYS */;
UNLOCK TABLES;

--
-- Table structure for table `TrackAnswer`
--

DROP TABLE IF EXISTS `TrackAnswer`;
/*!40101 SET @saved_cs_client     = @@character_set_client */;
/*!50503 SET character_set_client = utf8mb4 */;
CREATE TABLE `TrackAnswer` (
  `ID` int NOT NULL AUTO_INCREMENT,
  `ClassName` enum('TrackAnswer') CHARACTER SET utf8mb3 COLLATE utf8mb3_general_ci DEFAULT 'TrackAnswer',
  `LastEdited` datetime DEFAULT NULL,
  `Created` datetime DEFAULT NULL,
  `Value` mediumtext CHARACTER SET utf8mb3 COLLATE utf8mb3_general_ci,
  `QuestionID` int DEFAULT NULL,
  `PresentationID` int DEFAULT NULL,
  PRIMARY KEY (`ID`),
  KEY `ClassName` (`ClassName`),
  KEY `PresentationID` (`PresentationID`),
  KEY `QuestionID` (`QuestionID`)
) ENGINE=InnoDB DEFAULT CHARSET=latin1;
/*!40101 SET character_set_client = @saved_cs_client */;

--
-- Dumping data for table `TrackAnswer`
--

LOCK TABLES `TrackAnswer` WRITE;
/*!40000 ALTER TABLE `TrackAnswer` DISABLE KEYS */;
/*!40000 ALTER TABLE `TrackAnswer` ENABLE KEYS */;
UNLOCK TABLES;

--
-- Table structure for table `TrackCheckBoxListQuestionTemplate`
--

DROP TABLE IF EXISTS `TrackCheckBoxListQuestionTemplate`;
/*!40101 SET @saved_cs_client     = @@character_set_client */;
/*!50503 SET character_set_client = utf8mb4 */;
CREATE TABLE `TrackCheckBoxListQuestionTemplate` (
  `ID` int NOT NULL AUTO_INCREMENT,
  PRIMARY KEY (`ID`)
) ENGINE=InnoDB DEFAULT CHARSET=latin1;
/*!40101 SET character_set_client = @saved_cs_client */;

--
-- Dumping data for table `TrackCheckBoxListQuestionTemplate`
--

LOCK TABLES `TrackCheckBoxListQuestionTemplate` WRITE;
/*!40000 ALTER TABLE `TrackCheckBoxListQuestionTemplate` DISABLE KEYS */;
/*!40000 ALTER TABLE `TrackCheckBoxListQuestionTemplate` ENABLE KEYS */;
UNLOCK TABLES;

--
-- Table structure for table `TrackCheckBoxQuestionTemplate`
--

DROP TABLE IF EXISTS `TrackCheckBoxQuestionTemplate`;
/*!40101 SET @saved_cs_client     = @@character_set_client */;
/*!50503 SET character_set_client = utf8mb4 */;
CREATE TABLE `TrackCheckBoxQuestionTemplate` (
  `ID` int NOT NULL AUTO_INCREMENT,
  PRIMARY KEY (`ID`)
) ENGINE=InnoDB DEFAULT CHARSET=latin1;
/*!40101 SET character_set_client = @saved_cs_client */;

--
-- Dumping data for table `TrackCheckBoxQuestionTemplate`
--

LOCK TABLES `TrackCheckBoxQuestionTemplate` WRITE;
/*!40000 ALTER TABLE `TrackCheckBoxQuestionTemplate` DISABLE KEYS */;
/*!40000 ALTER TABLE `TrackCheckBoxQuestionTemplate` ENABLE KEYS */;
UNLOCK TABLES;

--
-- Table structure for table `TrackDropDownQuestionTemplate`
--

DROP TABLE IF EXISTS `TrackDropDownQuestionTemplate`;
/*!40101 SET @saved_cs_client     = @@character_set_client */;
/*!50503 SET character_set_client = utf8mb4 */;
CREATE TABLE `TrackDropDownQuestionTemplate` (
  `ID` int NOT NULL AUTO_INCREMENT,
  `IsMultiSelect` tinyint unsigned NOT NULL DEFAULT '0',
  `IsCountrySelector` tinyint unsigned NOT NULL DEFAULT '0',
  `UseChosenPlugin` tinyint unsigned NOT NULL DEFAULT '0',
  PRIMARY KEY (`ID`)
) ENGINE=InnoDB DEFAULT CHARSET=latin1;
/*!40101 SET character_set_client = @saved_cs_client */;

--
-- Dumping data for table `TrackDropDownQuestionTemplate`
--

LOCK TABLES `TrackDropDownQuestionTemplate` WRITE;
/*!40000 ALTER TABLE `TrackDropDownQuestionTemplate` DISABLE KEYS */;
/*!40000 ALTER TABLE `TrackDropDownQuestionTemplate` ENABLE KEYS */;
UNLOCK TABLES;

--
-- Table structure for table `TrackLiteralContentQuestionTemplate`
--

DROP TABLE IF EXISTS `TrackLiteralContentQuestionTemplate`;
/*!40101 SET @saved_cs_client     = @@character_set_client */;
/*!50503 SET character_set_client = utf8mb4 */;
CREATE TABLE `TrackLiteralContentQuestionTemplate` (
  `ID` int NOT NULL AUTO_INCREMENT,
  `Content` mediumtext CHARACTER SET utf8mb3 COLLATE utf8mb3_general_ci,
  PRIMARY KEY (`ID`)
) ENGINE=InnoDB DEFAULT CHARSET=latin1;
/*!40101 SET character_set_client = @saved_cs_client */;

--
-- Dumping data for table `TrackLiteralContentQuestionTemplate`
--

LOCK TABLES `TrackLiteralContentQuestionTemplate` WRITE;
/*!40000 ALTER TABLE `TrackLiteralContentQuestionTemplate` DISABLE KEYS */;
/*!40000 ALTER TABLE `TrackLiteralContentQuestionTemplate` ENABLE KEYS */;
UNLOCK TABLES;

--
-- Table structure for table `TrackMultiValueQuestionTemplate`
--

DROP TABLE IF EXISTS `TrackMultiValueQuestionTemplate`;
/*!40101 SET @saved_cs_client     = @@character_set_client */;
/*!50503 SET character_set_client = utf8mb4 */;
CREATE TABLE `TrackMultiValueQuestionTemplate` (
  `ID` int NOT NULL AUTO_INCREMENT,
  `EmptyString` varchar(255) CHARACTER SET utf8mb3 COLLATE utf8mb3_general_ci DEFAULT NULL,
  `DefaultValueID` int DEFAULT NULL,
  PRIMARY KEY (`ID`),
  KEY `DefaultValueID` (`DefaultValueID`)
) ENGINE=InnoDB DEFAULT CHARSET=latin1;
/*!40101 SET character_set_client = @saved_cs_client */;

--
-- Dumping data for table `TrackMultiValueQuestionTemplate`
--

LOCK TABLES `TrackMultiValueQuestionTemplate` WRITE;
/*!40000 ALTER TABLE `TrackMultiValueQuestionTemplate` DISABLE KEYS */;
/*!40000 ALTER TABLE `TrackMultiValueQuestionTemplate` ENABLE KEYS */;
UNLOCK TABLES;

--
-- Table structure for table `TrackQuestionTemplate`
--

DROP TABLE IF EXISTS `TrackQuestionTemplate`;
/*!40101 SET @saved_cs_client     = @@character_set_client */;
/*!50503 SET character_set_client = utf8mb4 */;
CREATE TABLE `TrackQuestionTemplate` (
  `ID` int NOT NULL AUTO_INCREMENT,
  `ClassName` enum('TrackQuestionTemplate','TrackLiteralContentQuestionTemplate','TrackMultiValueQuestionTemplate','TrackCheckBoxListQuestionTemplate','TrackDropDownQuestionTemplate','TrackRadioButtonListQuestionTemplate','TrackSingleValueTemplateQuestion','TrackCheckBoxQuestionTemplate','TrackTextBoxQuestionTemplate') CHARACTER SET utf8mb3 COLLATE utf8mb3_general_ci DEFAULT 'TrackQuestionTemplate',
  `LastEdited` datetime DEFAULT NULL,
  `Created` datetime DEFAULT NULL,
  `Name` varchar(255) CHARACTER SET utf8mb3 COLLATE utf8mb3_general_ci DEFAULT NULL,
  `Label` mediumtext CHARACTER SET utf8mb3 COLLATE utf8mb3_general_ci,
  `Mandatory` tinyint unsigned NOT NULL DEFAULT '0',
  `ReadOnly` tinyint unsigned NOT NULL DEFAULT '0',
  `AfterQuestion` enum('Title','CategoryContainer','LevelProblemAddressed','AttendeesExpectedLearnt','Last') CHARACTER SET utf8mb3 COLLATE utf8mb3_general_ci DEFAULT 'Last',
  PRIMARY KEY (`ID`),
  KEY `ClassName` (`ClassName`)
) ENGINE=InnoDB DEFAULT CHARSET=latin1;
/*!40101 SET character_set_client = @saved_cs_client */;

--
-- Dumping data for table `TrackQuestionTemplate`
--

LOCK TABLES `TrackQuestionTemplate` WRITE;
/*!40000 ALTER TABLE `TrackQuestionTemplate` DISABLE KEYS */;
/*!40000 ALTER TABLE `TrackQuestionTemplate` ENABLE KEYS */;
UNLOCK TABLES;

--
-- Table structure for table `TrackQuestionValueTemplate`
--

DROP TABLE IF EXISTS `TrackQuestionValueTemplate`;
/*!40101 SET @saved_cs_client     = @@character_set_client */;
/*!50503 SET character_set_client = utf8mb4 */;
CREATE TABLE `TrackQuestionValueTemplate` (
  `ID` int NOT NULL AUTO_INCREMENT,
  `ClassName` enum('TrackQuestionValueTemplate') CHARACTER SET utf8mb3 COLLATE utf8mb3_general_ci DEFAULT 'TrackQuestionValueTemplate',
  `LastEdited` datetime DEFAULT NULL,
  `Created` datetime DEFAULT NULL,
  `Value` varchar(255) CHARACTER SET utf8mb3 COLLATE utf8mb3_general_ci DEFAULT NULL,
  `Order` int NOT NULL DEFAULT '1',
  `Label` mediumtext CHARACTER SET utf8mb3 COLLATE utf8mb3_general_ci,
  `OwnerID` int DEFAULT NULL,
  PRIMARY KEY (`ID`),
  KEY `ClassName` (`ClassName`),
  KEY `OwnerID` (`OwnerID`)
) ENGINE=InnoDB DEFAULT CHARSET=latin1;
/*!40101 SET character_set_client = @saved_cs_client */;

--
-- Dumping data for table `TrackQuestionValueTemplate`
--

LOCK TABLES `TrackQuestionValueTemplate` WRITE;
/*!40000 ALTER TABLE `TrackQuestionValueTemplate` DISABLE KEYS */;
/*!40000 ALTER TABLE `TrackQuestionValueTemplate` ENABLE KEYS */;
UNLOCK TABLES;

--
-- Table structure for table `TrackRadioButtonListQuestionTemplate`
--

DROP TABLE IF EXISTS `TrackRadioButtonListQuestionTemplate`;
/*!40101 SET @saved_cs_client     = @@character_set_client */;
/*!50503 SET character_set_client = utf8mb4 */;
CREATE TABLE `TrackRadioButtonListQuestionTemplate` (
  `ID` int NOT NULL AUTO_INCREMENT,
  PRIMARY KEY (`ID`)
) ENGINE=InnoDB DEFAULT CHARSET=latin1;
/*!40101 SET character_set_client = @saved_cs_client */;

--
-- Dumping data for table `TrackRadioButtonListQuestionTemplate`
--

LOCK TABLES `TrackRadioButtonListQuestionTemplate` WRITE;
/*!40000 ALTER TABLE `TrackRadioButtonListQuestionTemplate` DISABLE KEYS */;
/*!40000 ALTER TABLE `TrackRadioButtonListQuestionTemplate` ENABLE KEYS */;
UNLOCK TABLES;

--
-- Table structure for table `TrackSingleValueTemplateQuestion`
--

DROP TABLE IF EXISTS `TrackSingleValueTemplateQuestion`;
/*!40101 SET @saved_cs_client     = @@character_set_client */;
/*!50503 SET character_set_client = utf8mb4 */;
CREATE TABLE `TrackSingleValueTemplateQuestion` (
  `ID` int NOT NULL AUTO_INCREMENT,
  `InitialValue` mediumtext CHARACTER SET utf8mb3 COLLATE utf8mb3_general_ci,
  PRIMARY KEY (`ID`)
) ENGINE=InnoDB DEFAULT CHARSET=latin1;
/*!40101 SET character_set_client = @saved_cs_client */;

--
-- Dumping data for table `TrackSingleValueTemplateQuestion`
--

LOCK TABLES `TrackSingleValueTemplateQuestion` WRITE;
/*!40000 ALTER TABLE `TrackSingleValueTemplateQuestion` DISABLE KEYS */;
/*!40000 ALTER TABLE `TrackSingleValueTemplateQuestion` ENABLE KEYS */;
UNLOCK TABLES;

--
-- Table structure for table `TrackTagGroup`
--

DROP TABLE IF EXISTS `TrackTagGroup`;
/*!40101 SET @saved_cs_client     = @@character_set_client */;
/*!50503 SET character_set_client = utf8mb4 */;
CREATE TABLE `TrackTagGroup` (
  `ID` int NOT NULL AUTO_INCREMENT,
  `ClassName` enum('TrackTagGroup') CHARACTER SET utf8mb3 COLLATE utf8mb3_general_ci DEFAULT 'TrackTagGroup',
  `LastEdited` datetime DEFAULT NULL,
  `Created` datetime DEFAULT NULL,
  `Name` varchar(50) CHARACTER SET utf8mb3 COLLATE utf8mb3_general_ci DEFAULT NULL,
  `Label` varchar(50) CHARACTER SET utf8mb3 COLLATE utf8mb3_general_ci DEFAULT NULL,
  `Order` int NOT NULL DEFAULT '1',
  `Mandatory` tinyint unsigned NOT NULL DEFAULT '0',
  `SummitID` int DEFAULT NULL,
  PRIMARY KEY (`ID`),
  KEY `ClassName` (`ClassName`),
  KEY `SummitID` (`SummitID`)
) ENGINE=InnoDB AUTO_INCREMENT=15 DEFAULT CHARSET=latin1;
/*!40101 SET character_set_client = @saved_cs_client */;

--
-- Dumping data for table `TrackTagGroup`
--

LOCK TABLES `TrackTagGroup` WRITE;
/*!40000 ALTER TABLE `TrackTagGroup` DISABLE KEYS */;
INSERT INTO `TrackTagGroup` VALUES (3,'TrackTagGroup','2024-06-21 04:33:45','2024-06-21 04:33:45','DEFAULT TRACK TAG GROUP','DEFAULT TRACK TAG GROUP',1,0,3),(4,'TrackTagGroup','2024-06-21 04:38:05','2024-06-21 04:38:05','DEFAULT TRACK TAG GROUP','DEFAULT TRACK TAG GROUP',1,0,6),(5,'TrackTagGroup','2024-06-21 04:38:33','2024-06-21 04:38:33','DEFAULT TRACK TAG GROUP','DEFAULT TRACK TAG GROUP',1,0,9),(6,'TrackTagGroup','2024-06-21 04:39:40','2024-06-21 04:39:40','DEFAULT TRACK TAG GROUP','DEFAULT TRACK TAG GROUP',1,0,11),(7,'TrackTagGroup','2024-06-21 04:40:06','2024-06-21 04:40:06','DEFAULT TRACK TAG GROUP','DEFAULT TRACK TAG GROUP',1,0,13),(8,'TrackTagGroup','2024-06-21 11:13:56','2024-06-21 11:13:56','DEFAULT TRACK TAG GROUP','DEFAULT TRACK TAG GROUP',1,0,15),(9,'TrackTagGroup','2024-06-21 11:15:03','2024-06-21 11:15:03','DEFAULT TRACK TAG GROUP','DEFAULT TRACK TAG GROUP',1,0,17),(10,'TrackTagGroup','2024-06-21 11:15:17','2024-06-21 11:15:17','DEFAULT TRACK TAG GROUP','DEFAULT TRACK TAG GROUP',1,0,19),(11,'TrackTagGroup','2024-06-21 11:17:03','2024-06-21 11:17:03','DEFAULT TRACK TAG GROUP','DEFAULT TRACK TAG GROUP',1,0,21),(12,'TrackTagGroup','2024-06-21 11:18:32','2024-06-21 11:18:32','DEFAULT TRACK TAG GROUP','DEFAULT TRACK TAG GROUP',1,0,23),(13,'TrackTagGroup','2024-06-21 11:33:07','2024-06-21 11:33:07','DEFAULT TRACK TAG GROUP','DEFAULT TRACK TAG GROUP',1,0,25),(14,'TrackTagGroup','2024-06-21 11:34:09','2024-06-21 11:34:09','DEFAULT TRACK TAG GROUP','DEFAULT TRACK TAG GROUP',1,0,27);
/*!40000 ALTER TABLE `TrackTagGroup` ENABLE KEYS */;
UNLOCK TABLES;

--
-- Table structure for table `TrackTagGroup_AllowedTags`
--

DROP TABLE IF EXISTS `TrackTagGroup_AllowedTags`;
/*!40101 SET @saved_cs_client     = @@character_set_client */;
/*!50503 SET character_set_client = utf8mb4 */;
CREATE TABLE `TrackTagGroup_AllowedTags` (
  `ID` int NOT NULL AUTO_INCREMENT,
  `TrackTagGroupID` int NOT NULL DEFAULT '0',
  `TagID` int NOT NULL DEFAULT '0',
  `IsDefault` tinyint unsigned NOT NULL DEFAULT '0',
  PRIMARY KEY (`ID`),
  KEY `TagID` (`TagID`),
  KEY `TrackTagGroupID` (`TrackTagGroupID`),
  CONSTRAINT `FK_TrackTagGroup_AllowedTags_Tag` FOREIGN KEY (`TagID`) REFERENCES `Tag` (`ID`) ON DELETE CASCADE,
  CONSTRAINT `FK_TrackTagGroup_AllowedTags_TrackTagGroupID` FOREIGN KEY (`TrackTagGroupID`) REFERENCES `TrackTagGroup` (`ID`) ON DELETE CASCADE
) ENGINE=InnoDB AUTO_INCREMENT=43 DEFAULT CHARSET=latin1;
/*!40101 SET character_set_client = @saved_cs_client */;

--
-- Dumping data for table `TrackTagGroup_AllowedTags`
--

LOCK TABLES `TrackTagGroup_AllowedTags` WRITE;
/*!40000 ALTER TABLE `TrackTagGroup_AllowedTags` DISABLE KEYS */;
INSERT INTO `TrackTagGroup_AllowedTags` VALUES (7,3,49,0),(8,3,50,0),(9,3,51,0),(10,4,73,0),(11,4,74,0),(12,4,75,0),(13,5,97,0),(14,5,98,0),(15,5,99,0),(16,6,121,0),(17,6,122,0),(18,6,123,0),(19,7,145,0),(20,7,146,0),(21,7,147,0),(22,8,169,0),(23,8,170,0),(24,8,171,0),(25,9,193,0),(26,9,194,0),(27,9,195,0),(28,10,217,0),(29,10,218,0),(30,10,219,0),(31,11,241,0),(32,11,242,0),(33,11,243,0),(34,12,265,0),(35,12,266,0),(36,12,267,0),(37,13,289,0),(38,13,290,0),(39,13,291,0),(40,14,313,0),(41,14,314,0),(42,14,315,0);
/*!40000 ALTER TABLE `TrackTagGroup_AllowedTags` ENABLE KEYS */;
UNLOCK TABLES;

--
-- Table structure for table `TrackTextBoxQuestionTemplate`
--

DROP TABLE IF EXISTS `TrackTextBoxQuestionTemplate`;
/*!40101 SET @saved_cs_client     = @@character_set_client */;
/*!50503 SET character_set_client = utf8mb4 */;
CREATE TABLE `TrackTextBoxQuestionTemplate` (
  `ID` int NOT NULL AUTO_INCREMENT,
  PRIMARY KEY (`ID`)
) ENGINE=InnoDB DEFAULT CHARSET=latin1;
/*!40101 SET character_set_client = @saved_cs_client */;

--
-- Dumping data for table `TrackTextBoxQuestionTemplate`
--

LOCK TABLES `TrackTextBoxQuestionTemplate` WRITE;
/*!40000 ALTER TABLE `TrackTextBoxQuestionTemplate` DISABLE KEYS */;
/*!40000 ALTER TABLE `TrackTextBoxQuestionTemplate` ENABLE KEYS */;
UNLOCK TABLES;

--
-- Table structure for table `TrainingActivity`
--

DROP TABLE IF EXISTS `TrainingActivity`;
/*!40101 SET @saved_cs_client     = @@character_set_client */;
/*!50503 SET character_set_client = utf8mb4 */;
CREATE TABLE `TrainingActivity` (
  `ID` int NOT NULL AUTO_INCREMENT,
  `ClassName` enum('TrainingActivity') CHARACTER SET utf8mb3 COLLATE utf8mb3_general_ci DEFAULT 'TrainingActivity',
  `LastEdited` datetime DEFAULT NULL,
  `Created` datetime DEFAULT NULL,
  `Title` mediumtext CHARACTER SET utf8mb3 COLLATE utf8mb3_general_ci,
  `Link` mediumtext CHARACTER SET utf8mb3 COLLATE utf8mb3_general_ci,
  `Description` mediumtext CHARACTER SET utf8mb3 COLLATE utf8mb3_general_ci,
  `StartDate` date DEFAULT NULL,
  `EndDate` date DEFAULT NULL,
  PRIMARY KEY (`ID`),
  KEY `ClassName` (`ClassName`)
) ENGINE=InnoDB DEFAULT CHARSET=latin1;
/*!40101 SET character_set_client = @saved_cs_client */;

--
-- Dumping data for table `TrainingActivity`
--

LOCK TABLES `TrainingActivity` WRITE;
/*!40000 ALTER TABLE `TrainingActivity` DISABLE KEYS */;
/*!40000 ALTER TABLE `TrainingActivity` ENABLE KEYS */;
UNLOCK TABLES;

--
-- Table structure for table `TrainingCourse`
--

DROP TABLE IF EXISTS `TrainingCourse`;
/*!40101 SET @saved_cs_client     = @@character_set_client */;
/*!50503 SET character_set_client = utf8mb4 */;
CREATE TABLE `TrainingCourse` (
  `ID` int NOT NULL AUTO_INCREMENT,
  `ClassName` enum('TrainingCourse') CHARACTER SET utf8mb3 COLLATE utf8mb3_general_ci DEFAULT 'TrainingCourse',
  `LastEdited` datetime DEFAULT NULL,
  `Created` datetime DEFAULT NULL,
  `Name` mediumtext CHARACTER SET utf8mb3 COLLATE utf8mb3_general_ci,
  `Paid` tinyint unsigned NOT NULL DEFAULT '0',
  `Description` mediumtext CHARACTER SET utf8mb3 COLLATE utf8mb3_general_ci,
  `Link` mediumtext CHARACTER SET utf8mb3 COLLATE utf8mb3_general_ci,
  `Online` tinyint unsigned NOT NULL DEFAULT '0',
  `TrainingServiceID` int DEFAULT NULL,
  `TypeID` int DEFAULT NULL,
  `LevelID` int DEFAULT NULL,
  PRIMARY KEY (`ID`),
  KEY `ClassName` (`ClassName`),
  KEY `LevelID` (`LevelID`),
  KEY `TrainingServiceID` (`TrainingServiceID`),
  KEY `TypeID` (`TypeID`)
) ENGINE=InnoDB DEFAULT CHARSET=latin1;
/*!40101 SET character_set_client = @saved_cs_client */;

--
-- Dumping data for table `TrainingCourse`
--

LOCK TABLES `TrainingCourse` WRITE;
/*!40000 ALTER TABLE `TrainingCourse` DISABLE KEYS */;
/*!40000 ALTER TABLE `TrainingCourse` ENABLE KEYS */;
UNLOCK TABLES;

--
-- Table structure for table `TrainingCourseLevel`
--

DROP TABLE IF EXISTS `TrainingCourseLevel`;
/*!40101 SET @saved_cs_client     = @@character_set_client */;
/*!50503 SET character_set_client = utf8mb4 */;
CREATE TABLE `TrainingCourseLevel` (
  `ID` int NOT NULL AUTO_INCREMENT,
  `ClassName` enum('TrainingCourseLevel') CHARACTER SET utf8mb3 COLLATE utf8mb3_general_ci DEFAULT 'TrainingCourseLevel',
  `LastEdited` datetime DEFAULT NULL,
  `Created` datetime DEFAULT NULL,
  `Level` mediumtext CHARACTER SET utf8mb3 COLLATE utf8mb3_general_ci,
  PRIMARY KEY (`ID`),
  KEY `ClassName` (`ClassName`)
) ENGINE=InnoDB DEFAULT CHARSET=latin1;
/*!40101 SET character_set_client = @saved_cs_client */;

--
-- Dumping data for table `TrainingCourseLevel`
--

LOCK TABLES `TrainingCourseLevel` WRITE;
/*!40000 ALTER TABLE `TrainingCourseLevel` DISABLE KEYS */;
/*!40000 ALTER TABLE `TrainingCourseLevel` ENABLE KEYS */;
UNLOCK TABLES;

--
-- Table structure for table `TrainingCoursePrerequisite`
--

DROP TABLE IF EXISTS `TrainingCoursePrerequisite`;
/*!40101 SET @saved_cs_client     = @@character_set_client */;
/*!50503 SET character_set_client = utf8mb4 */;
CREATE TABLE `TrainingCoursePrerequisite` (
  `ID` int NOT NULL AUTO_INCREMENT,
  `ClassName` enum('TrainingCoursePrerequisite') CHARACTER SET utf8mb3 COLLATE utf8mb3_general_ci DEFAULT 'TrainingCoursePrerequisite',
  `LastEdited` datetime DEFAULT NULL,
  `Created` datetime DEFAULT NULL,
  `Name` mediumtext CHARACTER SET utf8mb3 COLLATE utf8mb3_general_ci,
  PRIMARY KEY (`ID`),
  KEY `ClassName` (`ClassName`)
) ENGINE=InnoDB DEFAULT CHARSET=latin1;
/*!40101 SET character_set_client = @saved_cs_client */;

--
-- Dumping data for table `TrainingCoursePrerequisite`
--

LOCK TABLES `TrainingCoursePrerequisite` WRITE;
/*!40000 ALTER TABLE `TrainingCoursePrerequisite` DISABLE KEYS */;
/*!40000 ALTER TABLE `TrainingCoursePrerequisite` ENABLE KEYS */;
UNLOCK TABLES;

--
-- Table structure for table `TrainingCourseSchedule`
--

DROP TABLE IF EXISTS `TrainingCourseSchedule`;
/*!40101 SET @saved_cs_client     = @@character_set_client */;
/*!50503 SET character_set_client = utf8mb4 */;
CREATE TABLE `TrainingCourseSchedule` (
  `ID` int NOT NULL AUTO_INCREMENT,
  `ClassName` enum('TrainingCourseSchedule') CHARACTER SET utf8mb3 COLLATE utf8mb3_general_ci DEFAULT 'TrainingCourseSchedule',
  `LastEdited` datetime DEFAULT NULL,
  `Created` datetime DEFAULT NULL,
  `City` mediumtext CHARACTER SET utf8mb3 COLLATE utf8mb3_general_ci,
  `State` mediumtext CHARACTER SET utf8mb3 COLLATE utf8mb3_general_ci,
  `Country` mediumtext CHARACTER SET utf8mb3 COLLATE utf8mb3_general_ci,
  `CourseID` int DEFAULT NULL,
  PRIMARY KEY (`ID`),
  KEY `ClassName` (`ClassName`),
  KEY `CourseID` (`CourseID`)
) ENGINE=InnoDB DEFAULT CHARSET=latin1;
/*!40101 SET character_set_client = @saved_cs_client */;

--
-- Dumping data for table `TrainingCourseSchedule`
--

LOCK TABLES `TrainingCourseSchedule` WRITE;
/*!40000 ALTER TABLE `TrainingCourseSchedule` DISABLE KEYS */;
/*!40000 ALTER TABLE `TrainingCourseSchedule` ENABLE KEYS */;
UNLOCK TABLES;

--
-- Table structure for table `TrainingCourseScheduleTime`
--

DROP TABLE IF EXISTS `TrainingCourseScheduleTime`;
/*!40101 SET @saved_cs_client     = @@character_set_client */;
/*!50503 SET character_set_client = utf8mb4 */;
CREATE TABLE `TrainingCourseScheduleTime` (
  `ID` int NOT NULL AUTO_INCREMENT,
  `ClassName` enum('TrainingCourseScheduleTime') CHARACTER SET utf8mb3 COLLATE utf8mb3_general_ci DEFAULT 'TrainingCourseScheduleTime',
  `LastEdited` datetime DEFAULT NULL,
  `Created` datetime DEFAULT NULL,
  `StartDate` date DEFAULT NULL,
  `EndDate` date DEFAULT NULL,
  `Link` mediumtext CHARACTER SET utf8mb3 COLLATE utf8mb3_general_ci,
  `LocationID` int DEFAULT NULL,
  PRIMARY KEY (`ID`),
  KEY `ClassName` (`ClassName`),
  KEY `LocationID` (`LocationID`)
) ENGINE=InnoDB DEFAULT CHARSET=latin1;
/*!40101 SET character_set_client = @saved_cs_client */;

--
-- Dumping data for table `TrainingCourseScheduleTime`
--

LOCK TABLES `TrainingCourseScheduleTime` WRITE;
/*!40000 ALTER TABLE `TrainingCourseScheduleTime` DISABLE KEYS */;
/*!40000 ALTER TABLE `TrainingCourseScheduleTime` ENABLE KEYS */;
UNLOCK TABLES;

--
-- Table structure for table `TrainingCourseType`
--

DROP TABLE IF EXISTS `TrainingCourseType`;
/*!40101 SET @saved_cs_client     = @@character_set_client */;
/*!50503 SET character_set_client = utf8mb4 */;
CREATE TABLE `TrainingCourseType` (
  `ID` int NOT NULL AUTO_INCREMENT,
  `ClassName` enum('TrainingCourseType') CHARACTER SET utf8mb3 COLLATE utf8mb3_general_ci DEFAULT 'TrainingCourseType',
  `LastEdited` datetime DEFAULT NULL,
  `Created` datetime DEFAULT NULL,
  `Type` mediumtext CHARACTER SET utf8mb3 COLLATE utf8mb3_general_ci,
  PRIMARY KEY (`ID`),
  KEY `ClassName` (`ClassName`)
) ENGINE=InnoDB DEFAULT CHARSET=latin1;
/*!40101 SET character_set_client = @saved_cs_client */;

--
-- Dumping data for table `TrainingCourseType`
--

LOCK TABLES `TrainingCourseType` WRITE;
/*!40000 ALTER TABLE `TrainingCourseType` DISABLE KEYS */;
/*!40000 ALTER TABLE `TrainingCourseType` ENABLE KEYS */;
UNLOCK TABLES;

--
-- Table structure for table `TrainingCourse_Prerequisites`
--

DROP TABLE IF EXISTS `TrainingCourse_Prerequisites`;
/*!40101 SET @saved_cs_client     = @@character_set_client */;
/*!50503 SET character_set_client = utf8mb4 */;
CREATE TABLE `TrainingCourse_Prerequisites` (
  `ID` int NOT NULL AUTO_INCREMENT,
  `TrainingCourseID` int NOT NULL DEFAULT '0',
  `TrainingCoursePrerequisiteID` int NOT NULL DEFAULT '0',
  PRIMARY KEY (`ID`),
  KEY `TrainingCourseID` (`TrainingCourseID`),
  KEY `TrainingCoursePrerequisiteID` (`TrainingCoursePrerequisiteID`)
) ENGINE=InnoDB DEFAULT CHARSET=latin1;
/*!40101 SET character_set_client = @saved_cs_client */;

--
-- Dumping data for table `TrainingCourse_Prerequisites`
--

LOCK TABLES `TrainingCourse_Prerequisites` WRITE;
/*!40000 ALTER TABLE `TrainingCourse_Prerequisites` DISABLE KEYS */;
/*!40000 ALTER TABLE `TrainingCourse_Prerequisites` ENABLE KEYS */;
UNLOCK TABLES;

--
-- Table structure for table `TrainingCourse_Projects`
--

DROP TABLE IF EXISTS `TrainingCourse_Projects`;
/*!40101 SET @saved_cs_client     = @@character_set_client */;
/*!50503 SET character_set_client = utf8mb4 */;
CREATE TABLE `TrainingCourse_Projects` (
  `ID` int NOT NULL AUTO_INCREMENT,
  `TrainingCourseID` int NOT NULL DEFAULT '0',
  `ProjectID` int NOT NULL DEFAULT '0',
  PRIMARY KEY (`ID`),
  KEY `ProjectID` (`ProjectID`),
  KEY `TrainingCourseID` (`TrainingCourseID`)
) ENGINE=InnoDB DEFAULT CHARSET=latin1;
/*!40101 SET character_set_client = @saved_cs_client */;

--
-- Dumping data for table `TrainingCourse_Projects`
--

LOCK TABLES `TrainingCourse_Projects` WRITE;
/*!40000 ALTER TABLE `TrainingCourse_Projects` DISABLE KEYS */;
/*!40000 ALTER TABLE `TrainingCourse_Projects` ENABLE KEYS */;
UNLOCK TABLES;

--
-- Table structure for table `TrainingService`
--

DROP TABLE IF EXISTS `TrainingService`;
/*!40101 SET @saved_cs_client     = @@character_set_client */;
/*!50503 SET character_set_client = utf8mb4 */;
CREATE TABLE `TrainingService` (
  `ID` int NOT NULL AUTO_INCREMENT,
  `Priority` varchar(5) CHARACTER SET utf8mb3 COLLATE utf8mb3_general_ci DEFAULT NULL,
  PRIMARY KEY (`ID`)
) ENGINE=InnoDB DEFAULT CHARSET=latin1;
/*!40101 SET character_set_client = @saved_cs_client */;

--
-- Dumping data for table `TrainingService`
--

LOCK TABLES `TrainingService` WRITE;
/*!40000 ALTER TABLE `TrainingService` DISABLE KEYS */;
/*!40000 ALTER TABLE `TrainingService` ENABLE KEYS */;
UNLOCK TABLES;

--
-- Table structure for table `UserStoriesIndustry`
--

DROP TABLE IF EXISTS `UserStoriesIndustry`;
/*!40101 SET @saved_cs_client     = @@character_set_client */;
/*!50503 SET character_set_client = utf8mb4 */;
CREATE TABLE `UserStoriesIndustry` (
  `ID` int NOT NULL AUTO_INCREMENT,
  `ClassName` enum('UserStoriesIndustry') CHARACTER SET utf8mb3 COLLATE utf8mb3_general_ci DEFAULT 'UserStoriesIndustry',
  `LastEdited` datetime DEFAULT NULL,
  `Created` datetime DEFAULT NULL,
  `IndustryName` mediumtext CHARACTER SET utf8mb3 COLLATE utf8mb3_general_ci,
  `Active` tinyint unsigned NOT NULL DEFAULT '0',
  PRIMARY KEY (`ID`),
  KEY `ClassName` (`ClassName`)
) ENGINE=InnoDB DEFAULT CHARSET=latin1;
/*!40101 SET character_set_client = @saved_cs_client */;

--
-- Dumping data for table `UserStoriesIndustry`
--

LOCK TABLES `UserStoriesIndustry` WRITE;
/*!40000 ALTER TABLE `UserStoriesIndustry` DISABLE KEYS */;
/*!40000 ALTER TABLE `UserStoriesIndustry` ENABLE KEYS */;
UNLOCK TABLES;

--
-- Table structure for table `UserStoriesPage`
--

DROP TABLE IF EXISTS `UserStoriesPage`;
/*!40101 SET @saved_cs_client     = @@character_set_client */;
/*!50503 SET character_set_client = utf8mb4 */;
CREATE TABLE `UserStoriesPage` (
  `ID` int NOT NULL AUTO_INCREMENT,
  `HeaderText` mediumtext CHARACTER SET utf8mb3 COLLATE utf8mb3_general_ci,
  `HeroText` mediumtext CHARACTER SET utf8mb3 COLLATE utf8mb3_general_ci,
  `YouTubeID` varchar(255) CHARACTER SET utf8mb3 COLLATE utf8mb3_general_ci DEFAULT NULL,
  `HeroImageID` int DEFAULT NULL,
  PRIMARY KEY (`ID`),
  KEY `HeroImageID` (`HeroImageID`)
) ENGINE=InnoDB DEFAULT CHARSET=latin1;
/*!40101 SET character_set_client = @saved_cs_client */;

--
-- Dumping data for table `UserStoriesPage`
--

LOCK TABLES `UserStoriesPage` WRITE;
/*!40000 ALTER TABLE `UserStoriesPage` DISABLE KEYS */;
/*!40000 ALTER TABLE `UserStoriesPage` ENABLE KEYS */;
UNLOCK TABLES;

--
-- Table structure for table `UserStoriesPage_Live`
--

DROP TABLE IF EXISTS `UserStoriesPage_Live`;
/*!40101 SET @saved_cs_client     = @@character_set_client */;
/*!50503 SET character_set_client = utf8mb4 */;
CREATE TABLE `UserStoriesPage_Live` (
  `ID` int NOT NULL AUTO_INCREMENT,
  `HeaderText` mediumtext CHARACTER SET utf8mb3 COLLATE utf8mb3_general_ci,
  `HeroText` mediumtext CHARACTER SET utf8mb3 COLLATE utf8mb3_general_ci,
  `YouTubeID` varchar(255) CHARACTER SET utf8mb3 COLLATE utf8mb3_general_ci DEFAULT NULL,
  `HeroImageID` int DEFAULT NULL,
  PRIMARY KEY (`ID`),
  KEY `HeroImageID` (`HeroImageID`)
) ENGINE=InnoDB DEFAULT CHARSET=latin1;
/*!40101 SET character_set_client = @saved_cs_client */;

--
-- Dumping data for table `UserStoriesPage_Live`
--

LOCK TABLES `UserStoriesPage_Live` WRITE;
/*!40000 ALTER TABLE `UserStoriesPage_Live` DISABLE KEYS */;
/*!40000 ALTER TABLE `UserStoriesPage_Live` ENABLE KEYS */;
UNLOCK TABLES;

--
-- Table structure for table `UserStoriesPage_versions`
--

DROP TABLE IF EXISTS `UserStoriesPage_versions`;
/*!40101 SET @saved_cs_client     = @@character_set_client */;
/*!50503 SET character_set_client = utf8mb4 */;
CREATE TABLE `UserStoriesPage_versions` (
  `ID` int NOT NULL AUTO_INCREMENT,
  `RecordID` int NOT NULL DEFAULT '0',
  `Version` int NOT NULL DEFAULT '0',
  `HeaderText` mediumtext CHARACTER SET utf8mb3 COLLATE utf8mb3_general_ci,
  `HeroText` mediumtext CHARACTER SET utf8mb3 COLLATE utf8mb3_general_ci,
  `YouTubeID` varchar(255) CHARACTER SET utf8mb3 COLLATE utf8mb3_general_ci DEFAULT NULL,
  `HeroImageID` int DEFAULT NULL,
  PRIMARY KEY (`ID`),
  UNIQUE KEY `RecordID_Version` (`RecordID`,`Version`),
  KEY `HeroImageID` (`HeroImageID`),
  KEY `RecordID` (`RecordID`),
  KEY `Version` (`Version`)
) ENGINE=InnoDB DEFAULT CHARSET=latin1;
/*!40101 SET character_set_client = @saved_cs_client */;

--
-- Dumping data for table `UserStoriesPage_versions`
--

LOCK TABLES `UserStoriesPage_versions` WRITE;
/*!40000 ALTER TABLE `UserStoriesPage_versions` DISABLE KEYS */;
/*!40000 ALTER TABLE `UserStoriesPage_versions` ENABLE KEYS */;
UNLOCK TABLES;

--
-- Table structure for table `UserStoryDO`
--

DROP TABLE IF EXISTS `UserStoryDO`;
/*!40101 SET @saved_cs_client     = @@character_set_client */;
/*!50503 SET character_set_client = utf8mb4 */;
CREATE TABLE `UserStoryDO` (
  `ID` int NOT NULL AUTO_INCREMENT,
  `ClassName` enum('UserStoryDO') CHARACTER SET utf8mb3 COLLATE utf8mb3_general_ci DEFAULT 'UserStoryDO',
  `LastEdited` datetime DEFAULT NULL,
  `Created` datetime DEFAULT NULL,
  `Name` mediumtext CHARACTER SET utf8mb3 COLLATE utf8mb3_general_ci,
  `Description` mediumtext CHARACTER SET utf8mb3 COLLATE utf8mb3_general_ci,
  `ShortDescription` mediumtext CHARACTER SET utf8mb3 COLLATE utf8mb3_general_ci,
  `Link` mediumtext CHARACTER SET utf8mb3 COLLATE utf8mb3_general_ci,
  `Active` tinyint unsigned NOT NULL DEFAULT '1',
  `IndustryID` int DEFAULT NULL,
  `OrganizationID` int DEFAULT NULL,
  `LocationID` int DEFAULT NULL,
  `ImageID` int DEFAULT NULL,
  `MillionCoreClub` tinyint(1) NOT NULL DEFAULT '0',
  PRIMARY KEY (`ID`),
  KEY `ClassName` (`ClassName`),
  KEY `ImageID` (`ImageID`),
  KEY `IndustryID` (`IndustryID`),
  KEY `LocationID` (`LocationID`),
  KEY `OrganizationID` (`OrganizationID`)
) ENGINE=InnoDB DEFAULT CHARSET=latin1;
/*!40101 SET character_set_client = @saved_cs_client */;

--
-- Dumping data for table `UserStoryDO`
--

LOCK TABLES `UserStoryDO` WRITE;
/*!40000 ALTER TABLE `UserStoryDO` DISABLE KEYS */;
/*!40000 ALTER TABLE `UserStoryDO` ENABLE KEYS */;
UNLOCK TABLES;

--
-- Table structure for table `UserStoryDO_Tags`
--

DROP TABLE IF EXISTS `UserStoryDO_Tags`;
/*!40101 SET @saved_cs_client     = @@character_set_client */;
/*!50503 SET character_set_client = utf8mb4 */;
CREATE TABLE `UserStoryDO_Tags` (
  `ID` int NOT NULL AUTO_INCREMENT,
  `UserStoryDOID` int NOT NULL DEFAULT '0',
  `TagID` int NOT NULL DEFAULT '0',
  PRIMARY KEY (`ID`),
  KEY `TagID` (`TagID`),
  KEY `UserStoryDOID` (`UserStoryDOID`)
) ENGINE=InnoDB DEFAULT CHARSET=latin1;
/*!40101 SET character_set_client = @saved_cs_client */;

--
-- Dumping data for table `UserStoryDO_Tags`
--

LOCK TABLES `UserStoryDO_Tags` WRITE;
/*!40000 ALTER TABLE `UserStoryDO_Tags` DISABLE KEYS */;
/*!40000 ALTER TABLE `UserStoryDO_Tags` ENABLE KEYS */;
UNLOCK TABLES;

--
-- Table structure for table `UserSurveyPage`
--

DROP TABLE IF EXISTS `UserSurveyPage`;
/*!40101 SET @saved_cs_client     = @@character_set_client */;
/*!50503 SET character_set_client = utf8mb4 */;
CREATE TABLE `UserSurveyPage` (
  `ID` int NOT NULL AUTO_INCREMENT,
  `LoginPageTitle` mediumtext CHARACTER SET utf8mb3 COLLATE utf8mb3_general_ci,
  `LoginPageContent` mediumtext CHARACTER SET utf8mb3 COLLATE utf8mb3_general_ci,
  `LoginPageSlide1Content` mediumtext CHARACTER SET utf8mb3 COLLATE utf8mb3_general_ci,
  `LoginPageSlide2Content` mediumtext CHARACTER SET utf8mb3 COLLATE utf8mb3_general_ci,
  `LoginPageSlide3Content` mediumtext CHARACTER SET utf8mb3 COLLATE utf8mb3_general_ci,
  PRIMARY KEY (`ID`)
) ENGINE=InnoDB DEFAULT CHARSET=latin1;
/*!40101 SET character_set_client = @saved_cs_client */;

--
-- Dumping data for table `UserSurveyPage`
--

LOCK TABLES `UserSurveyPage` WRITE;
/*!40000 ALTER TABLE `UserSurveyPage` DISABLE KEYS */;
/*!40000 ALTER TABLE `UserSurveyPage` ENABLE KEYS */;
UNLOCK TABLES;

--
-- Table structure for table `UserSurveyPage_Live`
--

DROP TABLE IF EXISTS `UserSurveyPage_Live`;
/*!40101 SET @saved_cs_client     = @@character_set_client */;
/*!50503 SET character_set_client = utf8mb4 */;
CREATE TABLE `UserSurveyPage_Live` (
  `ID` int NOT NULL AUTO_INCREMENT,
  `LoginPageTitle` mediumtext CHARACTER SET utf8mb3 COLLATE utf8mb3_general_ci,
  `LoginPageContent` mediumtext CHARACTER SET utf8mb3 COLLATE utf8mb3_general_ci,
  `LoginPageSlide1Content` mediumtext CHARACTER SET utf8mb3 COLLATE utf8mb3_general_ci,
  `LoginPageSlide2Content` mediumtext CHARACTER SET utf8mb3 COLLATE utf8mb3_general_ci,
  `LoginPageSlide3Content` mediumtext CHARACTER SET utf8mb3 COLLATE utf8mb3_general_ci,
  PRIMARY KEY (`ID`)
) ENGINE=InnoDB DEFAULT CHARSET=latin1;
/*!40101 SET character_set_client = @saved_cs_client */;

--
-- Dumping data for table `UserSurveyPage_Live`
--

LOCK TABLES `UserSurveyPage_Live` WRITE;
/*!40000 ALTER TABLE `UserSurveyPage_Live` DISABLE KEYS */;
/*!40000 ALTER TABLE `UserSurveyPage_Live` ENABLE KEYS */;
UNLOCK TABLES;

--
-- Table structure for table `UserSurveyPage_versions`
--

DROP TABLE IF EXISTS `UserSurveyPage_versions`;
/*!40101 SET @saved_cs_client     = @@character_set_client */;
/*!50503 SET character_set_client = utf8mb4 */;
CREATE TABLE `UserSurveyPage_versions` (
  `ID` int NOT NULL AUTO_INCREMENT,
  `RecordID` int NOT NULL DEFAULT '0',
  `Version` int NOT NULL DEFAULT '0',
  `LoginPageTitle` mediumtext CHARACTER SET utf8mb3 COLLATE utf8mb3_general_ci,
  `LoginPageContent` mediumtext CHARACTER SET utf8mb3 COLLATE utf8mb3_general_ci,
  `LoginPageSlide1Content` mediumtext CHARACTER SET utf8mb3 COLLATE utf8mb3_general_ci,
  `LoginPageSlide2Content` mediumtext CHARACTER SET utf8mb3 COLLATE utf8mb3_general_ci,
  `LoginPageSlide3Content` mediumtext CHARACTER SET utf8mb3 COLLATE utf8mb3_general_ci,
  PRIMARY KEY (`ID`),
  UNIQUE KEY `RecordID_Version` (`RecordID`,`Version`),
  KEY `RecordID` (`RecordID`),
  KEY `Version` (`Version`)
) ENGINE=InnoDB DEFAULT CHARSET=latin1;
/*!40101 SET character_set_client = @saved_cs_client */;

--
-- Dumping data for table `UserSurveyPage_versions`
--

LOCK TABLES `UserSurveyPage_versions` WRITE;
/*!40000 ALTER TABLE `UserSurveyPage_versions` DISABLE KEYS */;
/*!40000 ALTER TABLE `UserSurveyPage_versions` ENABLE KEYS */;
UNLOCK TABLES;

--
-- Table structure for table `VideoLink`
--

DROP TABLE IF EXISTS `VideoLink`;
/*!40101 SET @saved_cs_client     = @@character_set_client */;
/*!50503 SET character_set_client = utf8mb4 */;
CREATE TABLE `VideoLink` (
  `ID` int NOT NULL AUTO_INCREMENT,
  `ClassName` enum('VideoLink','MarketingVideo','OpenStackDaysVideo') CHARACTER SET utf8mb3 COLLATE utf8mb3_general_ci DEFAULT 'VideoLink',
  `LastEdited` datetime DEFAULT NULL,
  `Created` datetime DEFAULT NULL,
  `YoutubeID` mediumtext CHARACTER SET utf8mb3 COLLATE utf8mb3_general_ci,
  `Caption` mediumtext CHARACTER SET utf8mb3 COLLATE utf8mb3_general_ci,
  `SortOrder` int NOT NULL DEFAULT '0',
  `ThumbnailID` int DEFAULT NULL,
  PRIMARY KEY (`ID`),
  KEY `ClassName` (`ClassName`),
  KEY `SortOrder` (`SortOrder`),
  KEY `ThumbnailID` (`ThumbnailID`)
) ENGINE=InnoDB DEFAULT CHARSET=latin1;
/*!40101 SET character_set_client = @saved_cs_client */;

--
-- Dumping data for table `VideoLink`
--

LOCK TABLES `VideoLink` WRITE;
/*!40000 ALTER TABLE `VideoLink` DISABLE KEYS */;
/*!40000 ALTER TABLE `VideoLink` ENABLE KEYS */;
UNLOCK TABLES;

--
-- Table structure for table `VideoPresentation`
--

DROP TABLE IF EXISTS `VideoPresentation`;
/*!40101 SET @saved_cs_client     = @@character_set_client */;
/*!50503 SET character_set_client = utf8mb4 */;
CREATE TABLE `VideoPresentation` (
  `ID` int NOT NULL AUTO_INCREMENT,
  `ClassName` enum('VideoPresentation') CHARACTER SET utf8mb3 COLLATE utf8mb3_general_ci DEFAULT 'VideoPresentation',
  `LastEdited` datetime DEFAULT NULL,
  `Created` datetime DEFAULT NULL,
  `Name` mediumtext CHARACTER SET utf8mb3 COLLATE utf8mb3_general_ci,
  `DisplayOnSite` tinyint unsigned NOT NULL DEFAULT '0',
  `Featured` tinyint unsigned NOT NULL DEFAULT '0',
  `City` varchar(255) CHARACTER SET utf8mb3 COLLATE utf8mb3_general_ci DEFAULT NULL,
  `Country` varchar(255) CHARACTER SET utf8mb3 COLLATE utf8mb3_general_ci DEFAULT NULL,
  `Description` mediumtext CHARACTER SET utf8mb3 COLLATE utf8mb3_general_ci,
  `YouTubeID` varchar(255) CHARACTER SET utf8mb3 COLLATE utf8mb3_general_ci DEFAULT NULL,
  `URLSegment` mediumtext CHARACTER SET utf8mb3 COLLATE utf8mb3_general_ci,
  `StartTime` varchar(255) CHARACTER SET utf8mb3 COLLATE utf8mb3_general_ci DEFAULT NULL,
  `EndTime` varchar(255) CHARACTER SET utf8mb3 COLLATE utf8mb3_general_ci DEFAULT NULL,
  `Location` mediumtext CHARACTER SET utf8mb3 COLLATE utf8mb3_general_ci,
  `Type` mediumtext CHARACTER SET utf8mb3 COLLATE utf8mb3_general_ci,
  `Day` int NOT NULL DEFAULT '0',
  `Speakers` mediumtext CHARACTER SET utf8mb3 COLLATE utf8mb3_general_ci,
  `SlidesLink` varchar(255) CHARACTER SET utf8mb3 COLLATE utf8mb3_general_ci DEFAULT NULL,
  `event_key` varchar(255) CHARACTER SET utf8mb3 COLLATE utf8mb3_general_ci DEFAULT NULL,
  `IsKeynote` tinyint unsigned NOT NULL DEFAULT '0',
  `SchedID` varchar(50) CHARACTER SET utf8mb3 COLLATE utf8mb3_general_ci DEFAULT NULL,
  `HostedMediaURL` mediumtext CHARACTER SET utf8mb3 COLLATE utf8mb3_general_ci,
  `MediaType` enum('URL','File') CHARACTER SET utf8mb3 COLLATE utf8mb3_general_ci DEFAULT 'URL',
  `PresentationCategoryPageID` int DEFAULT NULL,
  `SummitID` int DEFAULT NULL,
  `MemberID` int DEFAULT NULL,
  `UploadedMediaID` int DEFAULT NULL,
  PRIMARY KEY (`ID`),
  KEY `ClassName` (`ClassName`),
  KEY `MemberID` (`MemberID`),
  KEY `PresentationCategoryPageID` (`PresentationCategoryPageID`),
  KEY `SummitID` (`SummitID`),
  KEY `UploadedMediaID` (`UploadedMediaID`)
) ENGINE=InnoDB DEFAULT CHARSET=latin1;
/*!40101 SET character_set_client = @saved_cs_client */;

--
-- Dumping data for table `VideoPresentation`
--

LOCK TABLES `VideoPresentation` WRITE;
/*!40000 ALTER TABLE `VideoPresentation` DISABLE KEYS */;
/*!40000 ALTER TABLE `VideoPresentation` ENABLE KEYS */;
UNLOCK TABLES;

--
-- Table structure for table `VirtualPage`
--

DROP TABLE IF EXISTS `VirtualPage`;
/*!40101 SET @saved_cs_client     = @@character_set_client */;
/*!50503 SET character_set_client = utf8mb4 */;
CREATE TABLE `VirtualPage` (
  `ID` int NOT NULL AUTO_INCREMENT,
  `VersionID` int NOT NULL DEFAULT '0',
  `CopyContentFromID` int DEFAULT NULL,
  PRIMARY KEY (`ID`),
  KEY `CopyContentFromID` (`CopyContentFromID`)
) ENGINE=InnoDB DEFAULT CHARSET=latin1;
/*!40101 SET character_set_client = @saved_cs_client */;

--
-- Dumping data for table `VirtualPage`
--

LOCK TABLES `VirtualPage` WRITE;
/*!40000 ALTER TABLE `VirtualPage` DISABLE KEYS */;
/*!40000 ALTER TABLE `VirtualPage` ENABLE KEYS */;
UNLOCK TABLES;

--
-- Table structure for table `VirtualPage_Live`
--

DROP TABLE IF EXISTS `VirtualPage_Live`;
/*!40101 SET @saved_cs_client     = @@character_set_client */;
/*!50503 SET character_set_client = utf8mb4 */;
CREATE TABLE `VirtualPage_Live` (
  `ID` int NOT NULL AUTO_INCREMENT,
  `VersionID` int NOT NULL DEFAULT '0',
  `CopyContentFromID` int DEFAULT NULL,
  PRIMARY KEY (`ID`),
  KEY `CopyContentFromID` (`CopyContentFromID`)
) ENGINE=InnoDB DEFAULT CHARSET=latin1;
/*!40101 SET character_set_client = @saved_cs_client */;

--
-- Dumping data for table `VirtualPage_Live`
--

LOCK TABLES `VirtualPage_Live` WRITE;
/*!40000 ALTER TABLE `VirtualPage_Live` DISABLE KEYS */;
/*!40000 ALTER TABLE `VirtualPage_Live` ENABLE KEYS */;
UNLOCK TABLES;

--
-- Table structure for table `VirtualPage_versions`
--

DROP TABLE IF EXISTS `VirtualPage_versions`;
/*!40101 SET @saved_cs_client     = @@character_set_client */;
/*!50503 SET character_set_client = utf8mb4 */;
CREATE TABLE `VirtualPage_versions` (
  `ID` int NOT NULL AUTO_INCREMENT,
  `RecordID` int NOT NULL DEFAULT '0',
  `Version` int NOT NULL DEFAULT '0',
  `VersionID` int NOT NULL DEFAULT '0',
  `CopyContentFromID` int DEFAULT NULL,
  PRIMARY KEY (`ID`),
  UNIQUE KEY `RecordID_Version` (`RecordID`,`Version`),
  KEY `CopyContentFromID` (`CopyContentFromID`),
  KEY `RecordID` (`RecordID`),
  KEY `Version` (`Version`)
) ENGINE=InnoDB DEFAULT CHARSET=latin1;
/*!40101 SET character_set_client = @saved_cs_client */;

--
-- Dumping data for table `VirtualPage_versions`
--

LOCK TABLES `VirtualPage_versions` WRITE;
/*!40000 ALTER TABLE `VirtualPage_versions` DISABLE KEYS */;
/*!40000 ALTER TABLE `VirtualPage_versions` ENABLE KEYS */;
UNLOCK TABLES;

--
-- Table structure for table `Voter`
--

DROP TABLE IF EXISTS `Voter`;
/*!40101 SET @saved_cs_client     = @@character_set_client */;
/*!50503 SET character_set_client = utf8mb4 */;
CREATE TABLE `Voter` (
  `ID` int NOT NULL AUTO_INCREMENT,
  `ClassName` enum('Voter') CHARACTER SET utf8mb3 COLLATE utf8mb3_general_ci DEFAULT 'Voter',
  `LastEdited` datetime DEFAULT NULL,
  `Created` datetime DEFAULT NULL,
  `MemberID` int DEFAULT NULL,
  PRIMARY KEY (`ID`),
  KEY `ClassName` (`ClassName`),
  KEY `MemberID` (`MemberID`)
) ENGINE=InnoDB DEFAULT CHARSET=latin1;
/*!40101 SET character_set_client = @saved_cs_client */;

--
-- Dumping data for table `Voter`
--

LOCK TABLES `Voter` WRITE;
/*!40000 ALTER TABLE `Voter` DISABLE KEYS */;
/*!40000 ALTER TABLE `Voter` ENABLE KEYS */;
UNLOCK TABLES;

--
-- Table structure for table `ZenDeskLink`
--

DROP TABLE IF EXISTS `ZenDeskLink`;
/*!40101 SET @saved_cs_client     = @@character_set_client */;
/*!50503 SET character_set_client = utf8mb4 */;
CREATE TABLE `ZenDeskLink` (
  `ID` int NOT NULL AUTO_INCREMENT,
  `ClassName` enum('ZenDeskLink') CHARACTER SET utf8mb3 COLLATE utf8mb3_general_ci DEFAULT 'ZenDeskLink',
  `LastEdited` datetime DEFAULT NULL,
  `Created` datetime DEFAULT NULL,
  `Link` varchar(255) CHARACTER SET utf8mb3 COLLATE utf8mb3_general_ci DEFAULT NULL,
  `OpenStackImplementationID` int DEFAULT NULL,
  PRIMARY KEY (`ID`),
  KEY `ClassName` (`ClassName`),
  KEY `OpenStackImplementationID` (`OpenStackImplementationID`)
) ENGINE=InnoDB DEFAULT CHARSET=latin1;
/*!40101 SET character_set_client = @saved_cs_client */;

--
-- Dumping data for table `ZenDeskLink`
--

LOCK TABLES `ZenDeskLink` WRITE;
/*!40000 ALTER TABLE `ZenDeskLink` DISABLE KEYS */;
/*!40000 ALTER TABLE `ZenDeskLink` ENABLE KEYS */;
UNLOCK TABLES;
/*!40103 SET TIME_ZONE=@OLD_TIME_ZONE */;

/*!40101 SET SQL_MODE=@OLD_SQL_MODE */;
/*!40014 SET FOREIGN_KEY_CHECKS=@OLD_FOREIGN_KEY_CHECKS */;
/*!40014 SET UNIQUE_CHECKS=@OLD_UNIQUE_CHECKS */;
/*!40101 SET CHARACTER_SET_CLIENT=@OLD_CHARACTER_SET_CLIENT */;
/*!40101 SET CHARACTER_SET_RESULTS=@OLD_CHARACTER_SET_RESULTS */;
/*!40101 SET COLLATION_CONNECTION=@OLD_COLLATION_CONNECTION */;
/*!40111 SET SQL_NOTES=@OLD_SQL_NOTES */;

-- Dump completed on 2024-06-25 17:18:27
